시군구,연도,분기,기간,전문과목,전문의수
강릉시,2009,1/4,2009.1/4,가정의학과,16
강릉시,2009,2/4,2009.2/4,가정의학과,16
강릉시,2009,3/4,2009.3/4,가정의학과,12
강릉시,2009,4/4,2009.4/4,가정의학과,13
강릉시,2010,1/4,2010.1/4,가정의학과,15
강릉시,2010,2/4,2010.2/4,가정의학과,14
강릉시,2010,3/4,2010.3/4,가정의학과,14
강릉시,2010,4/4,2010.4/4,가정의학과,13
강릉시,2011,1/4,2011.1/4,가정의학과,13
강릉시,2011,2/4,2011.2/4,가정의학과,13
강릉시,2011,3/4,2011.3/4,가정의학과,12
강릉시,2011,4/4,2011.4/4,가정의학과,12
강릉시,2012,1/4,2012.1/4,가정의학과,12
강릉시,2012,2/4,2012.2/4,가정의학과,14
강릉시,2012,3/4,2012.3/4,가정의학과,14
강릉시,2012,4/4,2012.4/4,가정의학과,14
강릉시,2013,1/4,2013.1/4,가정의학과,15
강릉시,2013,2/4,2013.2/4,가정의학과,15
강릉시,2013,3/4,2013.3/4,가정의학과,14
강릉시,2013,4/4,2013.4/4,가정의학과,15
강릉시,2014,1/4,2014.1/4,가정의학과,16
강릉시,2014,2/4,2014.2/4,가정의학과,14
강릉시,2014,3/4,2014.3/4,가정의학과,15
강릉시,2014,4/4,2014.4/4,가정의학과,13
강릉시,2015,1/4,2015.1/4,가정의학과,13
강릉시,2015,2/4,2015.2/4,가정의학과,14
강릉시,2015,3/4,2015.3/4,가정의학과,13
강릉시,2015,4/4,2015.4/4,가정의학과,14
강릉시,2016,1/4,2016.1/4,가정의학과,15
강릉시,2016,2/4,2016.2/4,가정의학과,15
강릉시,2016,3/4,2016.3/4,가정의학과,15
강릉시,2016,4/4,2016.4/4,가정의학과,14
강릉시,2017,1/4,2017.1/4,가정의학과,18
강릉시,2017,2/4,2017.2/4,가정의학과,19
강릉시,2017,3/4,2017.3/4,가정의학과,19
강릉시,2017,4/4,2017.4/4,가정의학과,18
강릉시,2018,1/4,2018.1/4,가정의학과,20
강릉시,2018,2/4,2018.2/4,가정의학과,19
강릉시,2018,3/4,2018.3/4,가정의학과,18
강릉시,2018,4/4,2018.4/4,가정의학과,17
강릉시,2019,1/4,2019.1/4,가정의학과,17
강릉시,2019,2/4,2019.2/4,가정의학과,18
강릉시,2019,3/4,2019.3/4,가정의학과,19
강릉시,2019,4/4,2019.4/4,가정의학과,18
강릉시,2020,1/4,2020.1/4,가정의학과,20
강릉시,2020,2/4,2020.2/4,가정의학과,21
강릉시,2020,3/4,2020.3/4,가정의학과,19
강릉시,2020,4/4,2020.4/4,가정의학과,22
강릉시,2021,1/4,2021.1/4,가정의학과,21
강릉시,2021,2/4,2021.2/4,가정의학과,20
강릉시,2021,3/4,2021.3/4,가정의학과,19
강릉시,2021,4/4,2021.4/4,가정의학과,19
강릉시,2022,1/4,2022.1/4,가정의학과,22
강릉시,2022,2/4,2022.2/4,가정의학과,23
강릉시,2022,3/4,2022.3/4,가정의학과,23
강릉시,2022,4/4,2022.4/4,가정의학과,26
강릉시,2023,1/4,2023.1/4,가정의학과,22
강릉시,2023,2/4,2023.2/4,가정의학과,23
강릉시,2023,3/4,2023.3/4,가정의학과,23
강릉시,2023,4/4,2023.4/4,가정의학과,25
강릉시,2024,1/4,2024.1/4,가정의학과,27
강릉시,2024,2/4,2024.2/4,가정의학과,27
강릉시,2024,3/4,2024.3/4,가정의학과,24
강릉시,2024,4/4,2024.4/4,가정의학과,24
강릉시,2025,1/4,2025.1/4,가정의학과,24
강릉시,2025,2/4,2025.2/4,가정의학과,26
강릉시,2025,3/4,2025.3/4,가정의학과,23
강릉시,2025,4/4,2025.4/4,가정의학과,23
강릉시,2009,1/4,2009.1/4,결핵과,1
강릉시,2009,2/4,2009.2/4,결핵과,1
강릉시,2009,3/4,2009.3/4,결핵과,1
강릉시,2009,4/4,2009.4/4,결핵과,1
강릉시,2010,1/4,2010.1/4,결핵과,1
강릉시,2010,2/4,2010.2/4,결핵과,1
강릉시,2010,3/4,2010.3/4,결핵과,1
강릉시,2010,4/4,2010.4/4,결핵과,1
강릉시,2011,1/4,2011.1/4,결핵과,1
강릉시,2011,2/4,2011.2/4,결핵과,1
강릉시,2011,3/4,2011.3/4,결핵과,1
강릉시,2011,4/4,2011.4/4,결핵과,1
강릉시,2012,1/4,2012.1/4,결핵과,1
강릉시,2012,2/4,2012.2/4,결핵과,1
강릉시,2012,3/4,2012.3/4,결핵과,1
강릉시,2012,4/4,2012.4/4,결핵과,1
강릉시,2013,1/4,2013.1/4,결핵과,1
강릉시,2013,2/4,2013.2/4,결핵과,1
강릉시,2013,3/4,2013.3/4,결핵과,1
강릉시,2013,4/4,2013.4/4,결핵과,1
강릉시,2014,1/4,2014.1/4,결핵과,1
강릉시,2014,2/4,2014.2/4,결핵과,1
강릉시,2014,3/4,2014.3/4,결핵과,1
강릉시,2014,4/4,2014.4/4,결핵과,1
강릉시,2015,1/4,2015.1/4,결핵과,1
강릉시,2015,2/4,2015.2/4,결핵과,1
강릉시,2015,3/4,2015.3/4,결핵과,1
강릉시,2015,4/4,2015.4/4,결핵과,1
강릉시,2016,1/4,2016.1/4,결핵과,1
강릉시,2016,2/4,2016.2/4,결핵과,1
강릉시,2016,3/4,2016.3/4,결핵과,1
강릉시,2016,4/4,2016.4/4,결핵과,1
강릉시,2017,1/4,2017.1/4,결핵과,1
강릉시,2017,2/4,2017.2/4,결핵과,1
강릉시,2017,3/4,2017.3/4,결핵과,1
강릉시,2017,4/4,2017.4/4,결핵과,1
강릉시,2018,1/4,2018.1/4,결핵과,1
강릉시,2018,2/4,2018.2/4,결핵과,1
강릉시,2018,3/4,2018.3/4,결핵과,1
강릉시,2018,4/4,2018.4/4,결핵과,1
강릉시,2019,1/4,2019.1/4,결핵과,1
강릉시,2019,2/4,2019.2/4,결핵과,1
강릉시,2019,3/4,2019.3/4,결핵과,1
강릉시,2019,4/4,2019.4/4,결핵과,1
강릉시,2020,1/4,2020.1/4,결핵과,1
강릉시,2020,2/4,2020.2/4,결핵과,1
강릉시,2020,3/4,2020.3/4,결핵과,1
강릉시,2020,4/4,2020.4/4,결핵과,1
강릉시,2021,1/4,2021.1/4,결핵과,1
강릉시,2021,2/4,2021.2/4,결핵과,1
강릉시,2021,3/4,2021.3/4,결핵과,1
강릉시,2021,4/4,2021.4/4,결핵과,1
강릉시,2022,1/4,2022.1/4,결핵과,1
강릉시,2022,2/4,2022.2/4,결핵과,1
강릉시,2022,3/4,2022.3/4,결핵과,1
강릉시,2022,4/4,2022.4/4,결핵과,1
강릉시,2023,1/4,2023.1/4,결핵과,1
강릉시,2023,2/4,2023.2/4,결핵과,1
강릉시,2023,3/4,2023.3/4,결핵과,1
강릉시,2023,4/4,2023.4/4,결핵과,1
강릉시,2024,1/4,2024.1/4,결핵과,1
강릉시,2024,2/4,2024.2/4,결핵과,1
강릉시,2024,3/4,2024.3/4,결핵과,1
강릉시,2024,4/4,2024.4/4,결핵과,1
강릉시,2025,1/4,2025.1/4,결핵과,1
강릉시,2025,2/4,2025.2/4,결핵과,1
강릉시,2025,3/4,2025.3/4,결핵과,1
강릉시,2025,4/4,2025.4/4,결핵과,1
강릉시,2009,1/4,2009.1/4,내과,57
강릉시,2009,2/4,2009.2/4,내과,58
강릉시,2009,3/4,2009.3/4,내과,58
강릉시,2009,4/4,2009.4/4,내과,57
강릉시,2010,1/4,2010.1/4,내과,61
강릉시,2010,2/4,2010.2/4,내과,64
강릉시,2010,3/4,2010.3/4,내과,62
강릉시,2010,4/4,2010.4/4,내과,61
강릉시,2011,1/4,2011.1/4,내과,62
강릉시,2011,2/4,2011.2/4,내과,60
강릉시,2011,3/4,2011.3/4,내과,61
강릉시,2011,4/4,2011.4/4,내과,63
강릉시,2012,1/4,2012.1/4,내과,70
강릉시,2012,2/4,2012.2/4,내과,70
강릉시,2012,3/4,2012.3/4,내과,69
강릉시,2012,4/4,2012.4/4,내과,69
강릉시,2013,1/4,2013.1/4,내과,73
강릉시,2013,2/4,2013.2/4,내과,75
강릉시,2013,3/4,2013.3/4,내과,72
강릉시,2013,4/4,2013.4/4,내과,69
강릉시,2014,1/4,2014.1/4,내과,72
강릉시,2014,2/4,2014.2/4,내과,73
강릉시,2014,3/4,2014.3/4,내과,74
강릉시,2014,4/4,2014.4/4,내과,73
강릉시,2015,1/4,2015.1/4,내과,76
강릉시,2015,2/4,2015.2/4,내과,76
강릉시,2015,3/4,2015.3/4,내과,74
강릉시,2015,4/4,2015.4/4,내과,72
강릉시,2016,1/4,2016.1/4,내과,80
강릉시,2016,2/4,2016.2/4,내과,79
강릉시,2016,3/4,2016.3/4,내과,80
강릉시,2016,4/4,2016.4/4,내과,78
강릉시,2017,1/4,2017.1/4,내과,84
강릉시,2017,2/4,2017.2/4,내과,85
강릉시,2017,3/4,2017.3/4,내과,81
강릉시,2017,4/4,2017.4/4,내과,84
강릉시,2018,1/4,2018.1/4,내과,87
강릉시,2018,2/4,2018.2/4,내과,84
강릉시,2018,3/4,2018.3/4,내과,87
강릉시,2018,4/4,2018.4/4,내과,87
강릉시,2019,1/4,2019.1/4,내과,88
강릉시,2019,2/4,2019.2/4,내과,88
강릉시,2019,3/4,2019.3/4,내과,91
강릉시,2019,4/4,2019.4/4,내과,90
강릉시,2020,1/4,2020.1/4,내과,95
강릉시,2020,2/4,2020.2/4,내과,93
강릉시,2020,3/4,2020.3/4,내과,94
강릉시,2020,4/4,2020.4/4,내과,92
강릉시,2021,1/4,2021.1/4,내과,91
강릉시,2021,2/4,2021.2/4,내과,90
강릉시,2021,3/4,2021.3/4,내과,91
강릉시,2021,4/4,2021.4/4,내과,93
강릉시,2022,1/4,2022.1/4,내과,92
강릉시,2022,2/4,2022.2/4,내과,91
강릉시,2022,3/4,2022.3/4,내과,93
강릉시,2022,4/4,2022.4/4,내과,92
강릉시,2023,1/4,2023.1/4,내과,90
강릉시,2023,2/4,2023.2/4,내과,91
강릉시,2023,3/4,2023.3/4,내과,86
강릉시,2023,4/4,2023.4/4,내과,85
강릉시,2024,1/4,2024.1/4,내과,88
강릉시,2024,2/4,2024.2/4,내과,89
강릉시,2024,3/4,2024.3/4,내과,90
강릉시,2024,4/4,2024.4/4,내과,90
강릉시,2025,1/4,2025.1/4,내과,87
강릉시,2025,2/4,2025.2/4,내과,89
강릉시,2025,3/4,2025.3/4,내과,86
강릉시,2025,4/4,2025.4/4,내과,85
강릉시,2009,1/4,2009.1/4,마취통증의학과,16
강릉시,2009,2/4,2009.2/4,마취통증의학과,16
강릉시,2009,3/4,2009.3/4,마취통증의학과,16
강릉시,2009,4/4,2009.4/4,마취통증의학과,16
강릉시,2010,1/4,2010.1/4,마취통증의학과,17
강릉시,2010,2/4,2010.2/4,마취통증의학과,17
강릉시,2010,3/4,2010.3/4,마취통증의학과,16
강릉시,2010,4/4,2010.4/4,마취통증의학과,17
강릉시,2011,1/4,2011.1/4,마취통증의학과,16
강릉시,2011,2/4,2011.2/4,마취통증의학과,14
강릉시,2011,3/4,2011.3/4,마취통증의학과,13
강릉시,2011,4/4,2011.4/4,마취통증의학과,13
강릉시,2012,1/4,2012.1/4,마취통증의학과,16
강릉시,2012,2/4,2012.2/4,마취통증의학과,16
강릉시,2012,3/4,2012.3/4,마취통증의학과,17
강릉시,2012,4/4,2012.4/4,마취통증의학과,18
강릉시,2013,1/4,2013.1/4,마취통증의학과,20
강릉시,2013,2/4,2013.2/4,마취통증의학과,20
강릉시,2013,3/4,2013.3/4,마취통증의학과,20
강릉시,2013,4/4,2013.4/4,마취통증의학과,21
강릉시,2014,1/4,2014.1/4,마취통증의학과,18
강릉시,2014,2/4,2014.2/4,마취통증의학과,20
강릉시,2014,3/4,2014.3/4,마취통증의학과,18
강릉시,2014,4/4,2014.4/4,마취통증의학과,18
강릉시,2015,1/4,2015.1/4,마취통증의학과,22
강릉시,2015,2/4,2015.2/4,마취통증의학과,21
강릉시,2015,3/4,2015.3/4,마취통증의학과,19
강릉시,2015,4/4,2015.4/4,마취통증의학과,19
강릉시,2016,1/4,2016.1/4,마취통증의학과,21
강릉시,2016,2/4,2016.2/4,마취통증의학과,22
강릉시,2016,3/4,2016.3/4,마취통증의학과,22
강릉시,2016,4/4,2016.4/4,마취통증의학과,22
강릉시,2017,1/4,2017.1/4,마취통증의학과,24
강릉시,2017,2/4,2017.2/4,마취통증의학과,25
강릉시,2017,3/4,2017.3/4,마취통증의학과,24
강릉시,2017,4/4,2017.4/4,마취통증의학과,24
강릉시,2018,1/4,2018.1/4,마취통증의학과,26
강릉시,2018,2/4,2018.2/4,마취통증의학과,27
강릉시,2018,3/4,2018.3/4,마취통증의학과,25
강릉시,2018,4/4,2018.4/4,마취통증의학과,25
강릉시,2019,1/4,2019.1/4,마취통증의학과,24
강릉시,2019,2/4,2019.2/4,마취통증의학과,25
강릉시,2019,3/4,2019.3/4,마취통증의학과,25
강릉시,2019,4/4,2019.4/4,마취통증의학과,25
강릉시,2020,1/4,2020.1/4,마취통증의학과,25
강릉시,2020,2/4,2020.2/4,마취통증의학과,25
강릉시,2020,3/4,2020.3/4,마취통증의학과,25
강릉시,2020,4/4,2020.4/4,마취통증의학과,24
강릉시,2021,1/4,2021.1/4,마취통증의학과,26
강릉시,2021,2/4,2021.2/4,마취통증의학과,24
강릉시,2021,3/4,2021.3/4,마취통증의학과,24
강릉시,2021,4/4,2021.4/4,마취통증의학과,24
강릉시,2022,1/4,2022.1/4,마취통증의학과,23
강릉시,2022,2/4,2022.2/4,마취통증의학과,23
강릉시,2022,3/4,2022.3/4,마취통증의학과,23
강릉시,2022,4/4,2022.4/4,마취통증의학과,21
강릉시,2023,1/4,2023.1/4,마취통증의학과,22
강릉시,2023,2/4,2023.2/4,마취통증의학과,24
강릉시,2023,3/4,2023.3/4,마취통증의학과,24
강릉시,2023,4/4,2023.4/4,마취통증의학과,24
강릉시,2024,1/4,2024.1/4,마취통증의학과,25
강릉시,2024,2/4,2024.2/4,마취통증의학과,24
강릉시,2024,3/4,2024.3/4,마취통증의학과,22
강릉시,2024,4/4,2024.4/4,마취통증의학과,23
강릉시,2025,1/4,2025.1/4,마취통증의학과,23
강릉시,2025,2/4,2025.2/4,마취통증의학과,24
강릉시,2025,3/4,2025.3/4,마취통증의학과,24
강릉시,2025,4/4,2025.4/4,마취통증의학과,24
강릉시,2009,1/4,2009.1/4,방사선종양학과,1
강릉시,2009,2/4,2009.2/4,방사선종양학과,2
강릉시,2009,3/4,2009.3/4,방사선종양학과,2
강릉시,2009,4/4,2009.4/4,방사선종양학과,2
강릉시,2010,1/4,2010.1/4,방사선종양학과,2
강릉시,2010,2/4,2010.2/4,방사선종양학과,2
강릉시,2010,3/4,2010.3/4,방사선종양학과,2
강릉시,2010,4/4,2010.4/4,방사선종양학과,2
강릉시,2011,1/4,2011.1/4,방사선종양학과,2
강릉시,2011,2/4,2011.2/4,방사선종양학과,2
강릉시,2011,3/4,2011.3/4,방사선종양학과,2
강릉시,2011,4/4,2011.4/4,방사선종양학과,2
강릉시,2012,1/4,2012.1/4,방사선종양학과,2
강릉시,2012,2/4,2012.2/4,방사선종양학과,2
강릉시,2012,3/4,2012.3/4,방사선종양학과,2
강릉시,2012,4/4,2012.4/4,방사선종양학과,2
강릉시,2013,1/4,2013.1/4,방사선종양학과,2
강릉시,2013,2/4,2013.2/4,방사선종양학과,2
강릉시,2013,3/4,2013.3/4,방사선종양학과,2
강릉시,2013,4/4,2013.4/4,방사선종양학과,2
강릉시,2014,1/4,2014.1/4,방사선종양학과,2
강릉시,2014,2/4,2014.2/4,방사선종양학과,2
강릉시,2014,3/4,2014.3/4,방사선종양학과,2
강릉시,2014,4/4,2014.4/4,방사선종양학과,2
강릉시,2015,1/4,2015.1/4,방사선종양학과,2
강릉시,2015,2/4,2015.2/4,방사선종양학과,2
강릉시,2015,3/4,2015.3/4,방사선종양학과,2
강릉시,2015,4/4,2015.4/4,방사선종양학과,2
강릉시,2016,1/4,2016.1/4,방사선종양학과,2
강릉시,2016,2/4,2016.2/4,방사선종양학과,2
강릉시,2016,3/4,2016.3/4,방사선종양학과,2
강릉시,2016,4/4,2016.4/4,방사선종양학과,2
강릉시,2017,1/4,2017.1/4,방사선종양학과,2
강릉시,2017,2/4,2017.2/4,방사선종양학과,3
강릉시,2017,3/4,2017.3/4,방사선종양학과,3
강릉시,2017,4/4,2017.4/4,방사선종양학과,3
강릉시,2018,1/4,2018.1/4,방사선종양학과,4
강릉시,2018,2/4,2018.2/4,방사선종양학과,4
강릉시,2018,3/4,2018.3/4,방사선종양학과,4
강릉시,2018,4/4,2018.4/4,방사선종양학과,4
강릉시,2019,1/4,2019.1/4,방사선종양학과,4
강릉시,2019,2/4,2019.2/4,방사선종양학과,3
강릉시,2019,3/4,2019.3/4,방사선종양학과,3
강릉시,2019,4/4,2019.4/4,방사선종양학과,3
강릉시,2020,1/4,2020.1/4,방사선종양학과,3
강릉시,2020,2/4,2020.2/4,방사선종양학과,3
강릉시,2020,3/4,2020.3/4,방사선종양학과,3
강릉시,2020,4/4,2020.4/4,방사선종양학과,3
강릉시,2021,1/4,2021.1/4,방사선종양학과,3
강릉시,2021,2/4,2021.2/4,방사선종양학과,3
강릉시,2021,3/4,2021.3/4,방사선종양학과,3
강릉시,2021,4/4,2021.4/4,방사선종양학과,3
강릉시,2022,1/4,2022.1/4,방사선종양학과,3
강릉시,2022,2/4,2022.2/4,방사선종양학과,3
강릉시,2022,3/4,2022.3/4,방사선종양학과,3
강릉시,2022,4/4,2022.4/4,방사선종양학과,3
강릉시,2023,1/4,2023.1/4,방사선종양학과,3
강릉시,2023,2/4,2023.2/4,방사선종양학과,3
강릉시,2023,3/4,2023.3/4,방사선종양학과,3
강릉시,2023,4/4,2023.4/4,방사선종양학과,3
강릉시,2024,1/4,2024.1/4,방사선종양학과,3
강릉시,2024,2/4,2024.2/4,방사선종양학과,4
강릉시,2024,3/4,2024.3/4,방사선종양학과,4
강릉시,2024,4/4,2024.4/4,방사선종양학과,4
강릉시,2025,1/4,2025.1/4,방사선종양학과,4
강릉시,2025,2/4,2025.2/4,방사선종양학과,4
강릉시,2025,3/4,2025.3/4,방사선종양학과,4
강릉시,2025,4/4,2025.4/4,방사선종양학과,3
강릉시,2009,1/4,2009.1/4,병리과,3
강릉시,2009,2/4,2009.2/4,병리과,3
강릉시,2009,3/4,2009.3/4,병리과,3
강릉시,2009,4/4,2009.4/4,병리과,2
강릉시,2010,1/4,2010.1/4,병리과,3
강릉시,2010,2/4,2010.2/4,병리과,3
강릉시,2010,3/4,2010.3/4,병리과,3
강릉시,2010,4/4,2010.4/4,병리과,3
강릉시,2011,1/4,2011.1/4,병리과,2
강릉시,2011,2/4,2011.2/4,병리과,2
강릉시,2011,3/4,2011.3/4,병리과,2
강릉시,2011,4/4,2011.4/4,병리과,3
강릉시,2012,1/4,2012.1/4,병리과,4
강릉시,2012,2/4,2012.2/4,병리과,4
강릉시,2012,3/4,2012.3/4,병리과,5
강릉시,2012,4/4,2012.4/4,병리과,5
강릉시,2013,1/4,2013.1/4,병리과,5
강릉시,2013,2/4,2013.2/4,병리과,5
강릉시,2013,3/4,2013.3/4,병리과,4
강릉시,2013,4/4,2013.4/4,병리과,4
강릉시,2014,1/4,2014.1/4,병리과,4
강릉시,2014,2/4,2014.2/4,병리과,4
강릉시,2014,3/4,2014.3/4,병리과,4
강릉시,2014,4/4,2014.4/4,병리과,4
강릉시,2015,1/4,2015.1/4,병리과,4
강릉시,2015,2/4,2015.2/4,병리과,4
강릉시,2015,3/4,2015.3/4,병리과,4
강릉시,2015,4/4,2015.4/4,병리과,4
강릉시,2016,1/4,2016.1/4,병리과,4
강릉시,2016,2/4,2016.2/4,병리과,5
강릉시,2016,3/4,2016.3/4,병리과,5
강릉시,2016,4/4,2016.4/4,병리과,5
강릉시,2017,1/4,2017.1/4,병리과,5
강릉시,2017,2/4,2017.2/4,병리과,4
강릉시,2017,3/4,2017.3/4,병리과,4
강릉시,2017,4/4,2017.4/4,병리과,4
강릉시,2018,1/4,2018.1/4,병리과,5
강릉시,2018,2/4,2018.2/4,병리과,5
강릉시,2018,3/4,2018.3/4,병리과,5
강릉시,2018,4/4,2018.4/4,병리과,5
강릉시,2019,1/4,2019.1/4,병리과,5
강릉시,2019,2/4,2019.2/4,병리과,5
강릉시,2019,3/4,2019.3/4,병리과,5
강릉시,2019,4/4,2019.4/4,병리과,5
강릉시,2020,1/4,2020.1/4,병리과,5
강릉시,2020,2/4,2020.2/4,병리과,5
강릉시,2020,3/4,2020.3/4,병리과,5
강릉시,2020,4/4,2020.4/4,병리과,5
강릉시,2021,1/4,2021.1/4,병리과,5
강릉시,2021,2/4,2021.2/4,병리과,5
강릉시,2021,3/4,2021.3/4,병리과,5
강릉시,2021,4/4,2021.4/4,병리과,5
강릉시,2022,1/4,2022.1/4,병리과,5
강릉시,2022,2/4,2022.2/4,병리과,5
강릉시,2022,3/4,2022.3/4,병리과,5
강릉시,2022,4/4,2022.4/4,병리과,5
강릉시,2023,1/4,2023.1/4,병리과,5
강릉시,2023,2/4,2023.2/4,병리과,5
강릉시,2023,3/4,2023.3/4,병리과,5
강릉시,2023,4/4,2023.4/4,병리과,5
강릉시,2024,1/4,2024.1/4,병리과,5
강릉시,2024,2/4,2024.2/4,병리과,5
강릉시,2024,3/4,2024.3/4,병리과,5
강릉시,2024,4/4,2024.4/4,병리과,5
강릉시,2025,1/4,2025.1/4,병리과,5
강릉시,2025,2/4,2025.2/4,병리과,5
강릉시,2025,3/4,2025.3/4,병리과,5
강릉시,2025,4/4,2025.4/4,병리과,5
강릉시,2009,1/4,2009.1/4,비뇨의학과,10
강릉시,2009,2/4,2009.2/4,비뇨의학과,12
강릉시,2009,3/4,2009.3/4,비뇨의학과,12
강릉시,2009,4/4,2009.4/4,비뇨의학과,12
강릉시,2010,1/4,2010.1/4,비뇨의학과,12
강릉시,2010,2/4,2010.2/4,비뇨의학과,10
강릉시,2010,3/4,2010.3/4,비뇨의학과,10
강릉시,2010,4/4,2010.4/4,비뇨의학과,10
강릉시,2011,1/4,2011.1/4,비뇨의학과,10
강릉시,2011,2/4,2011.2/4,비뇨의학과,10
강릉시,2011,3/4,2011.3/4,비뇨의학과,10
강릉시,2011,4/4,2011.4/4,비뇨의학과,10
강릉시,2012,1/4,2012.1/4,비뇨의학과,11
강릉시,2012,2/4,2012.2/4,비뇨의학과,11
강릉시,2012,3/4,2012.3/4,비뇨의학과,11
강릉시,2012,4/4,2012.4/4,비뇨의학과,12
강릉시,2013,1/4,2013.1/4,비뇨의학과,13
강릉시,2013,2/4,2013.2/4,비뇨의학과,13
강릉시,2013,3/4,2013.3/4,비뇨의학과,13
강릉시,2013,4/4,2013.4/4,비뇨의학과,13
강릉시,2014,1/4,2014.1/4,비뇨의학과,12
강릉시,2014,2/4,2014.2/4,비뇨의학과,12
강릉시,2014,3/4,2014.3/4,비뇨의학과,12
강릉시,2014,4/4,2014.4/4,비뇨의학과,13
강릉시,2015,1/4,2015.1/4,비뇨의학과,12
강릉시,2015,2/4,2015.2/4,비뇨의학과,12
강릉시,2015,3/4,2015.3/4,비뇨의학과,11
강릉시,2015,4/4,2015.4/4,비뇨의학과,12
강릉시,2016,1/4,2016.1/4,비뇨의학과,13
강릉시,2016,2/4,2016.2/4,비뇨의학과,13
강릉시,2016,3/4,2016.3/4,비뇨의학과,12
강릉시,2016,4/4,2016.4/4,비뇨의학과,12
강릉시,2017,1/4,2017.1/4,비뇨의학과,11
강릉시,2017,2/4,2017.2/4,비뇨의학과,11
강릉시,2017,3/4,2017.3/4,비뇨의학과,12
강릉시,2017,4/4,2017.4/4,비뇨의학과,12
강릉시,2018,1/4,2018.1/4,비뇨의학과,11
강릉시,2018,2/4,2018.2/4,비뇨의학과,12
강릉시,2018,3/4,2018.3/4,비뇨의학과,11
강릉시,2018,4/4,2018.4/4,비뇨의학과,10
강릉시,2019,1/4,2019.1/4,비뇨의학과,11
강릉시,2019,2/4,2019.2/4,비뇨의학과,11
강릉시,2019,3/4,2019.3/4,비뇨의학과,12
강릉시,2019,4/4,2019.4/4,비뇨의학과,10
강릉시,2020,1/4,2020.1/4,비뇨의학과,11
강릉시,2020,2/4,2020.2/4,비뇨의학과,12
강릉시,2020,3/4,2020.3/4,비뇨의학과,12
강릉시,2020,4/4,2020.4/4,비뇨의학과,12
강릉시,2021,1/4,2021.1/4,비뇨의학과,12
강릉시,2021,2/4,2021.2/4,비뇨의학과,13
강릉시,2021,3/4,2021.3/4,비뇨의학과,13
강릉시,2021,4/4,2021.4/4,비뇨의학과,12
강릉시,2022,1/4,2022.1/4,비뇨의학과,12
강릉시,2022,2/4,2022.2/4,비뇨의학과,13
강릉시,2022,3/4,2022.3/4,비뇨의학과,13
강릉시,2022,4/4,2022.4/4,비뇨의학과,13
강릉시,2023,1/4,2023.1/4,비뇨의학과,13
강릉시,2023,2/4,2023.2/4,비뇨의학과,13
강릉시,2023,3/4,2023.3/4,비뇨의학과,13
강릉시,2023,4/4,2023.4/4,비뇨의학과,13
강릉시,2024,1/4,2024.1/4,비뇨의학과,12
강릉시,2024,2/4,2024.2/4,비뇨의학과,12
강릉시,2024,3/4,2024.3/4,비뇨의학과,12
강릉시,2024,4/4,2024.4/4,비뇨의학과,13
강릉시,2025,1/4,2025.1/4,비뇨의학과,13
강릉시,2025,2/4,2025.2/4,비뇨의학과,11
강릉시,2025,3/4,2025.3/4,비뇨의학과,11
강릉시,2025,4/4,2025.4/4,비뇨의학과,10
강릉시,2009,1/4,2009.1/4,산부인과,17
강릉시,2009,2/4,2009.2/4,산부인과,17
강릉시,2009,3/4,2009.3/4,산부인과,16
강릉시,2009,4/4,2009.4/4,산부인과,15
강릉시,2010,1/4,2010.1/4,산부인과,16
강릉시,2010,2/4,2010.2/4,산부인과,17
강릉시,2010,3/4,2010.3/4,산부인과,17
강릉시,2010,4/4,2010.4/4,산부인과,17
강릉시,2011,1/4,2011.1/4,산부인과,17
강릉시,2011,2/4,2011.2/4,산부인과,15
강릉시,2011,3/4,2011.3/4,산부인과,15
강릉시,2011,4/4,2011.4/4,산부인과,15
강릉시,2012,1/4,2012.1/4,산부인과,15
강릉시,2012,2/4,2012.2/4,산부인과,17
강릉시,2012,3/4,2012.3/4,산부인과,21
강릉시,2012,4/4,2012.4/4,산부인과,21
강릉시,2013,1/4,2013.1/4,산부인과,21
강릉시,2013,2/4,2013.2/4,산부인과,21
강릉시,2013,3/4,2013.3/4,산부인과,22
강릉시,2013,4/4,2013.4/4,산부인과,20
강릉시,2014,1/4,2014.1/4,산부인과,21
강릉시,2014,2/4,2014.2/4,산부인과,21
강릉시,2014,3/4,2014.3/4,산부인과,21
강릉시,2014,4/4,2014.4/4,산부인과,22
강릉시,2015,1/4,2015.1/4,산부인과,24
강릉시,2015,2/4,2015.2/4,산부인과,25
강릉시,2015,3/4,2015.3/4,산부인과,25
강릉시,2015,4/4,2015.4/4,산부인과,25
강릉시,2016,1/4,2016.1/4,산부인과,25
강릉시,2016,2/4,2016.2/4,산부인과,24
강릉시,2016,3/4,2016.3/4,산부인과,25
강릉시,2016,4/4,2016.4/4,산부인과,25
강릉시,2017,1/4,2017.1/4,산부인과,23
강릉시,2017,2/4,2017.2/4,산부인과,24
강릉시,2017,3/4,2017.3/4,산부인과,24
강릉시,2017,4/4,2017.4/4,산부인과,24
강릉시,2018,1/4,2018.1/4,산부인과,24
강릉시,2018,2/4,2018.2/4,산부인과,27
강릉시,2018,3/4,2018.3/4,산부인과,27
강릉시,2018,4/4,2018.4/4,산부인과,26
강릉시,2019,1/4,2019.1/4,산부인과,27
강릉시,2019,2/4,2019.2/4,산부인과,28
강릉시,2019,3/4,2019.3/4,산부인과,25
강릉시,2019,4/4,2019.4/4,산부인과,26
강릉시,2020,1/4,2020.1/4,산부인과,27
강릉시,2020,2/4,2020.2/4,산부인과,27
강릉시,2020,3/4,2020.3/4,산부인과,28
강릉시,2020,4/4,2020.4/4,산부인과,28
강릉시,2021,1/4,2021.1/4,산부인과,29
강릉시,2021,2/4,2021.2/4,산부인과,29
강릉시,2021,3/4,2021.3/4,산부인과,29
강릉시,2021,4/4,2021.4/4,산부인과,29
강릉시,2022,1/4,2022.1/4,산부인과,29
강릉시,2022,2/4,2022.2/4,산부인과,30
강릉시,2022,3/4,2022.3/4,산부인과,30
강릉시,2022,4/4,2022.4/4,산부인과,33
강릉시,2023,1/4,2023.1/4,산부인과,33
강릉시,2023,2/4,2023.2/4,산부인과,32
강릉시,2023,3/4,2023.3/4,산부인과,32
강릉시,2023,4/4,2023.4/4,산부인과,32
강릉시,2024,1/4,2024.1/4,산부인과,32
강릉시,2024,2/4,2024.2/4,산부인과,32
강릉시,2024,3/4,2024.3/4,산부인과,32
강릉시,2024,4/4,2024.4/4,산부인과,32
강릉시,2025,1/4,2025.1/4,산부인과,34
강릉시,2025,2/4,2025.2/4,산부인과,31
강릉시,2025,3/4,2025.3/4,산부인과,30
강릉시,2025,4/4,2025.4/4,산부인과,30
강릉시,2009,1/4,2009.1/4,성형외과,8
강릉시,2009,2/4,2009.2/4,성형외과,8
강릉시,2009,3/4,2009.3/4,성형외과,8
강릉시,2009,4/4,2009.4/4,성형외과,8
강릉시,2010,1/4,2010.1/4,성형외과,8
강릉시,2010,2/4,2010.2/4,성형외과,7
강릉시,2010,3/4,2010.3/4,성형외과,7
강릉시,2010,4/4,2010.4/4,성형외과,7
강릉시,2011,1/4,2011.1/4,성형외과,7
강릉시,2011,2/4,2011.2/4,성형외과,8
강릉시,2011,3/4,2011.3/4,성형외과,8
강릉시,2011,4/4,2011.4/4,성형외과,8
강릉시,2012,1/4,2012.1/4,성형외과,8
강릉시,2012,2/4,2012.2/4,성형외과,8
강릉시,2012,3/4,2012.3/4,성형외과,8
강릉시,2012,4/4,2012.4/4,성형외과,8
강릉시,2013,1/4,2013.1/4,성형외과,8
강릉시,2013,2/4,2013.2/4,성형외과,9
강릉시,2013,3/4,2013.3/4,성형외과,9
강릉시,2013,4/4,2013.4/4,성형외과,9
강릉시,2014,1/4,2014.1/4,성형외과,8
강릉시,2014,2/4,2014.2/4,성형외과,9
강릉시,2014,3/4,2014.3/4,성형외과,9
강릉시,2014,4/4,2014.4/4,성형외과,9
강릉시,2015,1/4,2015.1/4,성형외과,9
강릉시,2015,2/4,2015.2/4,성형외과,8
강릉시,2015,3/4,2015.3/4,성형외과,7
강릉시,2015,4/4,2015.4/4,성형외과,8
강릉시,2016,1/4,2016.1/4,성형외과,8
강릉시,2016,2/4,2016.2/4,성형외과,8
강릉시,2016,3/4,2016.3/4,성형외과,8
강릉시,2016,4/4,2016.4/4,성형외과,8
강릉시,2017,1/4,2017.1/4,성형외과,8
강릉시,2017,2/4,2017.2/4,성형외과,7
강릉시,2017,3/4,2017.3/4,성형외과,7
강릉시,2017,4/4,2017.4/4,성형외과,7
강릉시,2018,1/4,2018.1/4,성형외과,6
강릉시,2018,2/4,2018.2/4,성형외과,7
강릉시,2018,3/4,2018.3/4,성형외과,8
강릉시,2018,4/4,2018.4/4,성형외과,7
강릉시,2019,1/4,2019.1/4,성형외과,7
강릉시,2019,2/4,2019.2/4,성형외과,7
강릉시,2019,3/4,2019.3/4,성형외과,7
강릉시,2019,4/4,2019.4/4,성형외과,7
강릉시,2020,1/4,2020.1/4,성형외과,8
강릉시,2020,2/4,2020.2/4,성형외과,9
강릉시,2020,3/4,2020.3/4,성형외과,9
강릉시,2020,4/4,2020.4/4,성형외과,9
강릉시,2021,1/4,2021.1/4,성형외과,8
강릉시,2021,2/4,2021.2/4,성형외과,8
강릉시,2021,3/4,2021.3/4,성형외과,8
강릉시,2021,4/4,2021.4/4,성형외과,8
강릉시,2022,1/4,2022.1/4,성형외과,8
강릉시,2022,2/4,2022.2/4,성형외과,8
강릉시,2022,3/4,2022.3/4,성형외과,7
강릉시,2022,4/4,2022.4/4,성형외과,7
강릉시,2023,1/4,2023.1/4,성형외과,7
강릉시,2023,2/4,2023.2/4,성형외과,7
강릉시,2023,3/4,2023.3/4,성형외과,7
강릉시,2023,4/4,2023.4/4,성형외과,7
강릉시,2024,1/4,2024.1/4,성형외과,7
강릉시,2024,2/4,2024.2/4,성형외과,8
강릉시,2024,3/4,2024.3/4,성형외과,8
강릉시,2024,4/4,2024.4/4,성형외과,8
강릉시,2025,1/4,2025.1/4,성형외과,8
강릉시,2025,2/4,2025.2/4,성형외과,10
강릉시,2025,3/4,2025.3/4,성형외과,9
강릉시,2025,4/4,2025.4/4,성형외과,10
강릉시,2009,1/4,2009.1/4,소아청소년과,19
강릉시,2009,2/4,2009.2/4,소아청소년과,20
강릉시,2009,3/4,2009.3/4,소아청소년과,20
강릉시,2009,4/4,2009.4/4,소아청소년과,20
강릉시,2010,1/4,2010.1/4,소아청소년과,22
강릉시,2010,2/4,2010.2/4,소아청소년과,22
강릉시,2010,3/4,2010.3/4,소아청소년과,22
강릉시,2010,4/4,2010.4/4,소아청소년과,23
강릉시,2011,1/4,2011.1/4,소아청소년과,23
강릉시,2011,2/4,2011.2/4,소아청소년과,23
강릉시,2011,3/4,2011.3/4,소아청소년과,23
강릉시,2011,4/4,2011.4/4,소아청소년과,23
강릉시,2012,1/4,2012.1/4,소아청소년과,22
강릉시,2012,2/4,2012.2/4,소아청소년과,22
강릉시,2012,3/4,2012.3/4,소아청소년과,22
강릉시,2012,4/4,2012.4/4,소아청소년과,23
강릉시,2013,1/4,2013.1/4,소아청소년과,23
강릉시,2013,2/4,2013.2/4,소아청소년과,23
강릉시,2013,3/4,2013.3/4,소아청소년과,23
강릉시,2013,4/4,2013.4/4,소아청소년과,23
강릉시,2014,1/4,2014.1/4,소아청소년과,23
강릉시,2014,2/4,2014.2/4,소아청소년과,22
강릉시,2014,3/4,2014.3/4,소아청소년과,24
강릉시,2014,4/4,2014.4/4,소아청소년과,24
강릉시,2015,1/4,2015.1/4,소아청소년과,23
강릉시,2015,2/4,2015.2/4,소아청소년과,23
강릉시,2015,3/4,2015.3/4,소아청소년과,23
강릉시,2015,4/4,2015.4/4,소아청소년과,22
강릉시,2016,1/4,2016.1/4,소아청소년과,23
강릉시,2016,2/4,2016.2/4,소아청소년과,22
강릉시,2016,3/4,2016.3/4,소아청소년과,22
강릉시,2016,4/4,2016.4/4,소아청소년과,22
강릉시,2017,1/4,2017.1/4,소아청소년과,21
강릉시,2017,2/4,2017.2/4,소아청소년과,22
강릉시,2017,3/4,2017.3/4,소아청소년과,22
강릉시,2017,4/4,2017.4/4,소아청소년과,22
강릉시,2018,1/4,2018.1/4,소아청소년과,22
강릉시,2018,2/4,2018.2/4,소아청소년과,22
강릉시,2018,3/4,2018.3/4,소아청소년과,23
강릉시,2018,4/4,2018.4/4,소아청소년과,23
강릉시,2019,1/4,2019.1/4,소아청소년과,24
강릉시,2019,2/4,2019.2/4,소아청소년과,24
강릉시,2019,3/4,2019.3/4,소아청소년과,24
강릉시,2019,4/4,2019.4/4,소아청소년과,24
강릉시,2020,1/4,2020.1/4,소아청소년과,24
강릉시,2020,2/4,2020.2/4,소아청소년과,24
강릉시,2020,3/4,2020.3/4,소아청소년과,25
강릉시,2020,4/4,2020.4/4,소아청소년과,25
강릉시,2021,1/4,2021.1/4,소아청소년과,27
강릉시,2021,2/4,2021.2/4,소아청소년과,26
강릉시,2021,3/4,2021.3/4,소아청소년과,26
강릉시,2021,4/4,2021.4/4,소아청소년과,26
강릉시,2022,1/4,2022.1/4,소아청소년과,27
강릉시,2022,2/4,2022.2/4,소아청소년과,27
강릉시,2022,3/4,2022.3/4,소아청소년과,27
강릉시,2022,4/4,2022.4/4,소아청소년과,26
강릉시,2023,1/4,2023.1/4,소아청소년과,26
강릉시,2023,2/4,2023.2/4,소아청소년과,25
강릉시,2023,3/4,2023.3/4,소아청소년과,25
강릉시,2023,4/4,2023.4/4,소아청소년과,25
강릉시,2024,1/4,2024.1/4,소아청소년과,26
강릉시,2024,2/4,2024.2/4,소아청소년과,26
강릉시,2024,3/4,2024.3/4,소아청소년과,26
강릉시,2024,4/4,2024.4/4,소아청소년과,26
강릉시,2025,1/4,2025.1/4,소아청소년과,26
강릉시,2025,2/4,2025.2/4,소아청소년과,27
강릉시,2025,3/4,2025.3/4,소아청소년과,27
강릉시,2025,4/4,2025.4/4,소아청소년과,27
강릉시,2009,1/4,2009.1/4,신경과,8
강릉시,2009,2/4,2009.2/4,신경과,8
강릉시,2009,3/4,2009.3/4,신경과,8
강릉시,2009,4/4,2009.4/4,신경과,8
강릉시,2010,1/4,2010.1/4,신경과,8
강릉시,2010,2/4,2010.2/4,신경과,9
강릉시,2010,3/4,2010.3/4,신경과,9
강릉시,2010,4/4,2010.4/4,신경과,9
강릉시,2011,1/4,2011.1/4,신경과,9
강릉시,2011,2/4,2011.2/4,신경과,9
강릉시,2011,3/4,2011.3/4,신경과,9
강릉시,2011,4/4,2011.4/4,신경과,9
강릉시,2012,1/4,2012.1/4,신경과,9
강릉시,2012,2/4,2012.2/4,신경과,9
강릉시,2012,3/4,2012.3/4,신경과,9
강릉시,2012,4/4,2012.4/4,신경과,9
강릉시,2013,1/4,2013.1/4,신경과,9
강릉시,2013,2/4,2013.2/4,신경과,8
강릉시,2013,3/4,2013.3/4,신경과,8
강릉시,2013,4/4,2013.4/4,신경과,8
강릉시,2014,1/4,2014.1/4,신경과,10
강릉시,2014,2/4,2014.2/4,신경과,10
강릉시,2014,3/4,2014.3/4,신경과,11
강릉시,2014,4/4,2014.4/4,신경과,11
강릉시,2015,1/4,2015.1/4,신경과,11
강릉시,2015,2/4,2015.2/4,신경과,11
강릉시,2015,3/4,2015.3/4,신경과,10
강릉시,2015,4/4,2015.4/4,신경과,11
강릉시,2016,1/4,2016.1/4,신경과,12
강릉시,2016,2/4,2016.2/4,신경과,11
강릉시,2016,3/4,2016.3/4,신경과,10
강릉시,2016,4/4,2016.4/4,신경과,10
강릉시,2017,1/4,2017.1/4,신경과,11
강릉시,2017,2/4,2017.2/4,신경과,11
강릉시,2017,3/4,2017.3/4,신경과,11
강릉시,2017,4/4,2017.4/4,신경과,11
강릉시,2018,1/4,2018.1/4,신경과,12
강릉시,2018,2/4,2018.2/4,신경과,12
강릉시,2018,3/4,2018.3/4,신경과,12
강릉시,2018,4/4,2018.4/4,신경과,12
강릉시,2019,1/4,2019.1/4,신경과,12
강릉시,2019,2/4,2019.2/4,신경과,12
강릉시,2019,3/4,2019.3/4,신경과,12
강릉시,2019,4/4,2019.4/4,신경과,12
강릉시,2020,1/4,2020.1/4,신경과,11
강릉시,2020,2/4,2020.2/4,신경과,12
강릉시,2020,3/4,2020.3/4,신경과,12
강릉시,2020,4/4,2020.4/4,신경과,12
강릉시,2021,1/4,2021.1/4,신경과,12
강릉시,2021,2/4,2021.2/4,신경과,12
강릉시,2021,3/4,2021.3/4,신경과,12
강릉시,2021,4/4,2021.4/4,신경과,12
강릉시,2022,1/4,2022.1/4,신경과,12
강릉시,2022,2/4,2022.2/4,신경과,11
강릉시,2022,3/4,2022.3/4,신경과,10
강릉시,2022,4/4,2022.4/4,신경과,12
강릉시,2023,1/4,2023.1/4,신경과,12
강릉시,2023,2/4,2023.2/4,신경과,12
강릉시,2023,3/4,2023.3/4,신경과,13
강릉시,2023,4/4,2023.4/4,신경과,13
강릉시,2024,1/4,2024.1/4,신경과,15
강릉시,2024,2/4,2024.2/4,신경과,15
강릉시,2024,3/4,2024.3/4,신경과,14
강릉시,2024,4/4,2024.4/4,신경과,14
강릉시,2025,1/4,2025.1/4,신경과,14
강릉시,2025,2/4,2025.2/4,신경과,14
강릉시,2025,3/4,2025.3/4,신경과,13
강릉시,2025,4/4,2025.4/4,신경과,13
강릉시,2009,1/4,2009.1/4,신경외과,14
강릉시,2009,2/4,2009.2/4,신경외과,13
강릉시,2009,3/4,2009.3/4,신경외과,12
강릉시,2009,4/4,2009.4/4,신경외과,12
강릉시,2010,1/4,2010.1/4,신경외과,13
강릉시,2010,2/4,2010.2/4,신경외과,14
강릉시,2010,3/4,2010.3/4,신경외과,13
강릉시,2010,4/4,2010.4/4,신경외과,14
강릉시,2011,1/4,2011.1/4,신경외과,14
강릉시,2011,2/4,2011.2/4,신경외과,14
강릉시,2011,3/4,2011.3/4,신경외과,13
강릉시,2011,4/4,2011.4/4,신경외과,13
강릉시,2012,1/4,2012.1/4,신경외과,15
강릉시,2012,2/4,2012.2/4,신경외과,14
강릉시,2012,3/4,2012.3/4,신경외과,14
강릉시,2012,4/4,2012.4/4,신경외과,13
강릉시,2013,1/4,2013.1/4,신경외과,12
강릉시,2013,2/4,2013.2/4,신경외과,11
강릉시,2013,3/4,2013.3/4,신경외과,11
강릉시,2013,4/4,2013.4/4,신경외과,12
강릉시,2014,1/4,2014.1/4,신경외과,12
강릉시,2014,2/4,2014.2/4,신경외과,13
강릉시,2014,3/4,2014.3/4,신경외과,13
강릉시,2014,4/4,2014.4/4,신경외과,14
강릉시,2015,1/4,2015.1/4,신경외과,16
강릉시,2015,2/4,2015.2/4,신경외과,16
강릉시,2015,3/4,2015.3/4,신경외과,15
강릉시,2015,4/4,2015.4/4,신경외과,15
강릉시,2016,1/4,2016.1/4,신경외과,15
강릉시,2016,2/4,2016.2/4,신경외과,16
강릉시,2016,3/4,2016.3/4,신경외과,15
강릉시,2016,4/4,2016.4/4,신경외과,15
강릉시,2017,1/4,2017.1/4,신경외과,15
강릉시,2017,2/4,2017.2/4,신경외과,14
강릉시,2017,3/4,2017.3/4,신경외과,15
강릉시,2017,4/4,2017.4/4,신경외과,15
강릉시,2018,1/4,2018.1/4,신경외과,14
강릉시,2018,2/4,2018.2/4,신경외과,16
강릉시,2018,3/4,2018.3/4,신경외과,17
강릉시,2018,4/4,2018.4/4,신경외과,18
강릉시,2019,1/4,2019.1/4,신경외과,16
강릉시,2019,2/4,2019.2/4,신경외과,16
강릉시,2019,3/4,2019.3/4,신경외과,14
강릉시,2019,4/4,2019.4/4,신경외과,14
강릉시,2020,1/4,2020.1/4,신경외과,14
강릉시,2020,2/4,2020.2/4,신경외과,14
강릉시,2020,3/4,2020.3/4,신경외과,15
강릉시,2020,4/4,2020.4/4,신경외과,16
강릉시,2021,1/4,2021.1/4,신경외과,17
강릉시,2021,2/4,2021.2/4,신경외과,15
강릉시,2021,3/4,2021.3/4,신경외과,16
강릉시,2021,4/4,2021.4/4,신경외과,16
강릉시,2022,1/4,2022.1/4,신경외과,15
강릉시,2022,2/4,2022.2/4,신경외과,16
강릉시,2022,3/4,2022.3/4,신경외과,15
강릉시,2022,4/4,2022.4/4,신경외과,13
강릉시,2023,1/4,2023.1/4,신경외과,12
강릉시,2023,2/4,2023.2/4,신경외과,12
강릉시,2023,3/4,2023.3/4,신경외과,13
강릉시,2023,4/4,2023.4/4,신경외과,12
강릉시,2024,1/4,2024.1/4,신경외과,13
강릉시,2024,2/4,2024.2/4,신경외과,13
강릉시,2024,3/4,2024.3/4,신경외과,11
강릉시,2024,4/4,2024.4/4,신경외과,12
강릉시,2025,1/4,2025.1/4,신경외과,11
강릉시,2025,2/4,2025.2/4,신경외과,11
강릉시,2025,3/4,2025.3/4,신경외과,11
강릉시,2025,4/4,2025.4/4,신경외과,11
강릉시,2009,1/4,2009.1/4,심장혈관흉부외과,4
강릉시,2009,2/4,2009.2/4,심장혈관흉부외과,5
강릉시,2009,3/4,2009.3/4,심장혈관흉부외과,5
강릉시,2009,4/4,2009.4/4,심장혈관흉부외과,5
강릉시,2010,1/4,2010.1/4,심장혈관흉부외과,5
강릉시,2010,2/4,2010.2/4,심장혈관흉부외과,6
강릉시,2010,3/4,2010.3/4,심장혈관흉부외과,6
강릉시,2010,4/4,2010.4/4,심장혈관흉부외과,6
강릉시,2011,1/4,2011.1/4,심장혈관흉부외과,7
강릉시,2011,2/4,2011.2/4,심장혈관흉부외과,6
강릉시,2011,3/4,2011.3/4,심장혈관흉부외과,7
강릉시,2011,4/4,2011.4/4,심장혈관흉부외과,7
강릉시,2012,1/4,2012.1/4,심장혈관흉부외과,6
강릉시,2012,2/4,2012.2/4,심장혈관흉부외과,6
강릉시,2012,3/4,2012.3/4,심장혈관흉부외과,6
강릉시,2012,4/4,2012.4/4,심장혈관흉부외과,5
강릉시,2013,1/4,2013.1/4,심장혈관흉부외과,6
강릉시,2013,2/4,2013.2/4,심장혈관흉부외과,6
강릉시,2013,3/4,2013.3/4,심장혈관흉부외과,6
강릉시,2013,4/4,2013.4/4,심장혈관흉부외과,6
강릉시,2014,1/4,2014.1/4,심장혈관흉부외과,6
강릉시,2014,2/4,2014.2/4,심장혈관흉부외과,5
강릉시,2014,3/4,2014.3/4,심장혈관흉부외과,5
강릉시,2014,4/4,2014.4/4,심장혈관흉부외과,5
강릉시,2015,1/4,2015.1/4,심장혈관흉부외과,5
강릉시,2015,2/4,2015.2/4,심장혈관흉부외과,5
강릉시,2015,3/4,2015.3/4,심장혈관흉부외과,5
강릉시,2015,4/4,2015.4/4,심장혈관흉부외과,5
강릉시,2016,1/4,2016.1/4,심장혈관흉부외과,6
강릉시,2016,2/4,2016.2/4,심장혈관흉부외과,6
강릉시,2016,3/4,2016.3/4,심장혈관흉부외과,6
강릉시,2016,4/4,2016.4/4,심장혈관흉부외과,6
강릉시,2017,1/4,2017.1/4,심장혈관흉부외과,6
강릉시,2017,2/4,2017.2/4,심장혈관흉부외과,6
강릉시,2017,3/4,2017.3/4,심장혈관흉부외과,6
강릉시,2017,4/4,2017.4/4,심장혈관흉부외과,6
강릉시,2018,1/4,2018.1/4,심장혈관흉부외과,6
강릉시,2018,2/4,2018.2/4,심장혈관흉부외과,6
강릉시,2018,3/4,2018.3/4,심장혈관흉부외과,6
강릉시,2018,4/4,2018.4/4,심장혈관흉부외과,6
강릉시,2019,1/4,2019.1/4,심장혈관흉부외과,6
강릉시,2019,2/4,2019.2/4,심장혈관흉부외과,6
강릉시,2019,3/4,2019.3/4,심장혈관흉부외과,6
강릉시,2019,4/4,2019.4/4,심장혈관흉부외과,6
강릉시,2020,1/4,2020.1/4,심장혈관흉부외과,6
강릉시,2020,2/4,2020.2/4,심장혈관흉부외과,6
강릉시,2020,3/4,2020.3/4,심장혈관흉부외과,6
강릉시,2020,4/4,2020.4/4,심장혈관흉부외과,6
강릉시,2021,1/4,2021.1/4,심장혈관흉부외과,7
강릉시,2021,2/4,2021.2/4,심장혈관흉부외과,7
강릉시,2021,3/4,2021.3/4,심장혈관흉부외과,7
강릉시,2021,4/4,2021.4/4,심장혈관흉부외과,7
강릉시,2022,1/4,2022.1/4,심장혈관흉부외과,8
강릉시,2022,2/4,2022.2/4,심장혈관흉부외과,8
강릉시,2022,3/4,2022.3/4,심장혈관흉부외과,8
강릉시,2022,4/4,2022.4/4,심장혈관흉부외과,8
강릉시,2023,1/4,2023.1/4,심장혈관흉부외과,8
강릉시,2023,2/4,2023.2/4,심장혈관흉부외과,7
강릉시,2023,3/4,2023.3/4,심장혈관흉부외과,7
강릉시,2023,4/4,2023.4/4,심장혈관흉부외과,7
강릉시,2024,1/4,2024.1/4,심장혈관흉부외과,7
강릉시,2024,2/4,2024.2/4,심장혈관흉부외과,7
강릉시,2024,3/4,2024.3/4,심장혈관흉부외과,6
강릉시,2024,4/4,2024.4/4,심장혈관흉부외과,6
강릉시,2025,1/4,2025.1/4,심장혈관흉부외과,6
강릉시,2025,2/4,2025.2/4,심장혈관흉부외과,7
강릉시,2025,3/4,2025.3/4,심장혈관흉부외과,6
강릉시,2025,4/4,2025.4/4,심장혈관흉부외과,6
강릉시,2009,1/4,2009.1/4,안과,11
강릉시,2009,2/4,2009.2/4,안과,10
강릉시,2009,3/4,2009.3/4,안과,11
강릉시,2009,4/4,2009.4/4,안과,11
강릉시,2010,1/4,2010.1/4,안과,11
강릉시,2010,2/4,2010.2/4,안과,11
강릉시,2010,3/4,2010.3/4,안과,12
강릉시,2010,4/4,2010.4/4,안과,10
강릉시,2011,1/4,2011.1/4,안과,11
강릉시,2011,2/4,2011.2/4,안과,9
강릉시,2011,3/4,2011.3/4,안과,8
강릉시,2011,4/4,2011.4/4,안과,9
강릉시,2012,1/4,2012.1/4,안과,9
강릉시,2012,2/4,2012.2/4,안과,9
강릉시,2012,3/4,2012.3/4,안과,10
강릉시,2012,4/4,2012.4/4,안과,11
강릉시,2013,1/4,2013.1/4,안과,11
강릉시,2013,2/4,2013.2/4,안과,11
강릉시,2013,3/4,2013.3/4,안과,13
강릉시,2013,4/4,2013.4/4,안과,12
강릉시,2014,1/4,2014.1/4,안과,13
강릉시,2014,2/4,2014.2/4,안과,13
강릉시,2014,3/4,2014.3/4,안과,12
강릉시,2014,4/4,2014.4/4,안과,11
강릉시,2015,1/4,2015.1/4,안과,13
강릉시,2015,2/4,2015.2/4,안과,13
강릉시,2015,3/4,2015.3/4,안과,12
강릉시,2015,4/4,2015.4/4,안과,13
강릉시,2016,1/4,2016.1/4,안과,14
강릉시,2016,2/4,2016.2/4,안과,14
강릉시,2016,3/4,2016.3/4,안과,14
강릉시,2016,4/4,2016.4/4,안과,15
강릉시,2017,1/4,2017.1/4,안과,15
강릉시,2017,2/4,2017.2/4,안과,16
강릉시,2017,3/4,2017.3/4,안과,16
강릉시,2017,4/4,2017.4/4,안과,16
강릉시,2018,1/4,2018.1/4,안과,15
강릉시,2018,2/4,2018.2/4,안과,16
강릉시,2018,3/4,2018.3/4,안과,15
강릉시,2018,4/4,2018.4/4,안과,16
강릉시,2019,1/4,2019.1/4,안과,15
강릉시,2019,2/4,2019.2/4,안과,16
강릉시,2019,3/4,2019.3/4,안과,16
강릉시,2019,4/4,2019.4/4,안과,16
강릉시,2020,1/4,2020.1/4,안과,16
강릉시,2020,2/4,2020.2/4,안과,15
강릉시,2020,3/4,2020.3/4,안과,15
강릉시,2020,4/4,2020.4/4,안과,15
강릉시,2021,1/4,2021.1/4,안과,13
강릉시,2021,2/4,2021.2/4,안과,13
강릉시,2021,3/4,2021.3/4,안과,14
강릉시,2021,4/4,2021.4/4,안과,15
강릉시,2022,1/4,2022.1/4,안과,16
강릉시,2022,2/4,2022.2/4,안과,16
강릉시,2022,3/4,2022.3/4,안과,16
강릉시,2022,4/4,2022.4/4,안과,16
강릉시,2023,1/4,2023.1/4,안과,16
강릉시,2023,2/4,2023.2/4,안과,16
강릉시,2023,3/4,2023.3/4,안과,16
강릉시,2023,4/4,2023.4/4,안과,17
강릉시,2024,1/4,2024.1/4,안과,16
강릉시,2024,2/4,2024.2/4,안과,16
강릉시,2024,3/4,2024.3/4,안과,16
강릉시,2024,4/4,2024.4/4,안과,16
강릉시,2025,1/4,2025.1/4,안과,16
강릉시,2025,2/4,2025.2/4,안과,16
강릉시,2025,3/4,2025.3/4,안과,16
강릉시,2025,4/4,2025.4/4,안과,16
강릉시,2009,1/4,2009.1/4,영상의학과,14
강릉시,2009,2/4,2009.2/4,영상의학과,15
강릉시,2009,3/4,2009.3/4,영상의학과,15
강릉시,2009,4/4,2009.4/4,영상의학과,15
강릉시,2010,1/4,2010.1/4,영상의학과,14
강릉시,2010,2/4,2010.2/4,영상의학과,14
강릉시,2010,3/4,2010.3/4,영상의학과,14
강릉시,2010,4/4,2010.4/4,영상의학과,14
강릉시,2011,1/4,2011.1/4,영상의학과,14
강릉시,2011,2/4,2011.2/4,영상의학과,14
강릉시,2011,3/4,2011.3/4,영상의학과,14
강릉시,2011,4/4,2011.4/4,영상의학과,14
강릉시,2012,1/4,2012.1/4,영상의학과,14
강릉시,2012,2/4,2012.2/4,영상의학과,15
강릉시,2012,3/4,2012.3/4,영상의학과,15
강릉시,2012,4/4,2012.4/4,영상의학과,15
강릉시,2013,1/4,2013.1/4,영상의학과,15
강릉시,2013,2/4,2013.2/4,영상의학과,16
강릉시,2013,3/4,2013.3/4,영상의학과,16
강릉시,2013,4/4,2013.4/4,영상의학과,17
강릉시,2014,1/4,2014.1/4,영상의학과,17
강릉시,2014,2/4,2014.2/4,영상의학과,17
강릉시,2014,3/4,2014.3/4,영상의학과,17
강릉시,2014,4/4,2014.4/4,영상의학과,17
강릉시,2015,1/4,2015.1/4,영상의학과,17
강릉시,2015,2/4,2015.2/4,영상의학과,17
강릉시,2015,3/4,2015.3/4,영상의학과,17
강릉시,2015,4/4,2015.4/4,영상의학과,17
강릉시,2016,1/4,2016.1/4,영상의학과,21
강릉시,2016,2/4,2016.2/4,영상의학과,20
강릉시,2016,3/4,2016.3/4,영상의학과,20
강릉시,2016,4/4,2016.4/4,영상의학과,20
강릉시,2017,1/4,2017.1/4,영상의학과,21
강릉시,2017,2/4,2017.2/4,영상의학과,22
강릉시,2017,3/4,2017.3/4,영상의학과,23
강릉시,2017,4/4,2017.4/4,영상의학과,24
강릉시,2018,1/4,2018.1/4,영상의학과,23
강릉시,2018,2/4,2018.2/4,영상의학과,22
강릉시,2018,3/4,2018.3/4,영상의학과,22
강릉시,2018,4/4,2018.4/4,영상의학과,21
강릉시,2019,1/4,2019.1/4,영상의학과,24
강릉시,2019,2/4,2019.2/4,영상의학과,23
강릉시,2019,3/4,2019.3/4,영상의학과,22
강릉시,2019,4/4,2019.4/4,영상의학과,21
강릉시,2020,1/4,2020.1/4,영상의학과,25
강릉시,2020,2/4,2020.2/4,영상의학과,25
강릉시,2020,3/4,2020.3/4,영상의학과,25
강릉시,2020,4/4,2020.4/4,영상의학과,24
강릉시,2021,1/4,2021.1/4,영상의학과,24
강릉시,2021,2/4,2021.2/4,영상의학과,23
강릉시,2021,3/4,2021.3/4,영상의학과,23
강릉시,2021,4/4,2021.4/4,영상의학과,22
강릉시,2022,1/4,2022.1/4,영상의학과,21
강릉시,2022,2/4,2022.2/4,영상의학과,21
강릉시,2022,3/4,2022.3/4,영상의학과,21
강릉시,2022,4/4,2022.4/4,영상의학과,21
강릉시,2023,1/4,2023.1/4,영상의학과,22
강릉시,2023,2/4,2023.2/4,영상의학과,22
강릉시,2023,3/4,2023.3/4,영상의학과,23
강릉시,2023,4/4,2023.4/4,영상의학과,23
강릉시,2024,1/4,2024.1/4,영상의학과,23
강릉시,2024,2/4,2024.2/4,영상의학과,21
강릉시,2024,3/4,2024.3/4,영상의학과,21
강릉시,2024,4/4,2024.4/4,영상의학과,22
강릉시,2025,1/4,2025.1/4,영상의학과,21
강릉시,2025,2/4,2025.2/4,영상의학과,21
강릉시,2025,3/4,2025.3/4,영상의학과,21
강릉시,2025,4/4,2025.4/4,영상의학과,20
강릉시,2009,1/4,2009.1/4,예방의학과,0
강릉시,2009,2/4,2009.2/4,예방의학과,0
강릉시,2009,3/4,2009.3/4,예방의학과,0
강릉시,2009,4/4,2009.4/4,예방의학과,0
강릉시,2010,1/4,2010.1/4,예방의학과,0
강릉시,2010,2/4,2010.2/4,예방의학과,0
강릉시,2010,3/4,2010.3/4,예방의학과,0
강릉시,2010,4/4,2010.4/4,예방의학과,0
강릉시,2011,1/4,2011.1/4,예방의학과,0
강릉시,2011,2/4,2011.2/4,예방의학과,0
강릉시,2011,3/4,2011.3/4,예방의학과,0
강릉시,2011,4/4,2011.4/4,예방의학과,0
강릉시,2012,1/4,2012.1/4,예방의학과,0
강릉시,2012,2/4,2012.2/4,예방의학과,0
강릉시,2012,3/4,2012.3/4,예방의학과,0
강릉시,2012,4/4,2012.4/4,예방의학과,0
강릉시,2013,1/4,2013.1/4,예방의학과,0
강릉시,2013,2/4,2013.2/4,예방의학과,0
강릉시,2013,3/4,2013.3/4,예방의학과,0
강릉시,2013,4/4,2013.4/4,예방의학과,0
강릉시,2014,1/4,2014.1/4,예방의학과,0
강릉시,2014,2/4,2014.2/4,예방의학과,0
강릉시,2014,3/4,2014.3/4,예방의학과,0
강릉시,2014,4/4,2014.4/4,예방의학과,0
강릉시,2015,1/4,2015.1/4,예방의학과,0
강릉시,2015,2/4,2015.2/4,예방의학과,0
강릉시,2015,3/4,2015.3/4,예방의학과,0
강릉시,2015,4/4,2015.4/4,예방의학과,0
강릉시,2016,1/4,2016.1/4,예방의학과,0
강릉시,2016,2/4,2016.2/4,예방의학과,0
강릉시,2016,3/4,2016.3/4,예방의학과,0
강릉시,2016,4/4,2016.4/4,예방의학과,0
강릉시,2017,1/4,2017.1/4,예방의학과,1
강릉시,2017,2/4,2017.2/4,예방의학과,1
강릉시,2017,3/4,2017.3/4,예방의학과,1
강릉시,2017,4/4,2017.4/4,예방의학과,1
강릉시,2018,1/4,2018.1/4,예방의학과,0
강릉시,2018,2/4,2018.2/4,예방의학과,0
강릉시,2018,3/4,2018.3/4,예방의학과,0
강릉시,2018,4/4,2018.4/4,예방의학과,0
강릉시,2019,1/4,2019.1/4,예방의학과,0
강릉시,2019,2/4,2019.2/4,예방의학과,0
강릉시,2019,3/4,2019.3/4,예방의학과,0
강릉시,2019,4/4,2019.4/4,예방의학과,0
강릉시,2020,1/4,2020.1/4,예방의학과,0
강릉시,2020,2/4,2020.2/4,예방의학과,0
강릉시,2020,3/4,2020.3/4,예방의학과,0
강릉시,2020,4/4,2020.4/4,예방의학과,0
강릉시,2021,1/4,2021.1/4,예방의학과,0
강릉시,2021,2/4,2021.2/4,예방의학과,0
강릉시,2021,3/4,2021.3/4,예방의학과,0
강릉시,2021,4/4,2021.4/4,예방의학과,0
강릉시,2022,1/4,2022.1/4,예방의학과,0
강릉시,2022,2/4,2022.2/4,예방의학과,0
강릉시,2022,3/4,2022.3/4,예방의학과,0
강릉시,2022,4/4,2022.4/4,예방의학과,0
강릉시,2023,1/4,2023.1/4,예방의학과,0
강릉시,2023,2/4,2023.2/4,예방의학과,0
강릉시,2023,3/4,2023.3/4,예방의학과,0
강릉시,2023,4/4,2023.4/4,예방의학과,0
강릉시,2024,1/4,2024.1/4,예방의학과,0
강릉시,2024,2/4,2024.2/4,예방의학과,0
강릉시,2024,3/4,2024.3/4,예방의학과,0
강릉시,2024,4/4,2024.4/4,예방의학과,0
강릉시,2025,1/4,2025.1/4,예방의학과,0
강릉시,2025,2/4,2025.2/4,예방의학과,0
강릉시,2025,3/4,2025.3/4,예방의학과,0
강릉시,2025,4/4,2025.4/4,예방의학과,0
강릉시,2009,1/4,2009.1/4,외과,24
강릉시,2009,2/4,2009.2/4,외과,26
강릉시,2009,3/4,2009.3/4,외과,25
강릉시,2009,4/4,2009.4/4,외과,25
강릉시,2010,1/4,2010.1/4,외과,25
강릉시,2010,2/4,2010.2/4,외과,25
강릉시,2010,3/4,2010.3/4,외과,23
강릉시,2010,4/4,2010.4/4,외과,24
강릉시,2011,1/4,2011.1/4,외과,24
강릉시,2011,2/4,2011.2/4,외과,22
강릉시,2011,3/4,2011.3/4,외과,22
강릉시,2011,4/4,2011.4/4,외과,24
강릉시,2012,1/4,2012.1/4,외과,24
강릉시,2012,2/4,2012.2/4,외과,24
강릉시,2012,3/4,2012.3/4,외과,25
강릉시,2012,4/4,2012.4/4,외과,27
강릉시,2013,1/4,2013.1/4,외과,27
강릉시,2013,2/4,2013.2/4,외과,26
강릉시,2013,3/4,2013.3/4,외과,26
강릉시,2013,4/4,2013.4/4,외과,24
강릉시,2014,1/4,2014.1/4,외과,24
강릉시,2014,2/4,2014.2/4,외과,25
강릉시,2014,3/4,2014.3/4,외과,25
강릉시,2014,4/4,2014.4/4,외과,25
강릉시,2015,1/4,2015.1/4,외과,25
강릉시,2015,2/4,2015.2/4,외과,26
강릉시,2015,3/4,2015.3/4,외과,26
강릉시,2015,4/4,2015.4/4,외과,26
강릉시,2016,1/4,2016.1/4,외과,25
강릉시,2016,2/4,2016.2/4,외과,25
강릉시,2016,3/4,2016.3/4,외과,25
강릉시,2016,4/4,2016.4/4,외과,25
강릉시,2017,1/4,2017.1/4,외과,25
강릉시,2017,2/4,2017.2/4,외과,27
강릉시,2017,3/4,2017.3/4,외과,27
강릉시,2017,4/4,2017.4/4,외과,27
강릉시,2018,1/4,2018.1/4,외과,26
강릉시,2018,2/4,2018.2/4,외과,26
강릉시,2018,3/4,2018.3/4,외과,26
강릉시,2018,4/4,2018.4/4,외과,25
강릉시,2019,1/4,2019.1/4,외과,27
강릉시,2019,2/4,2019.2/4,외과,27
강릉시,2019,3/4,2019.3/4,외과,27
강릉시,2019,4/4,2019.4/4,외과,28
강릉시,2020,1/4,2020.1/4,외과,30
강릉시,2020,2/4,2020.2/4,외과,32
강릉시,2020,3/4,2020.3/4,외과,29
강릉시,2020,4/4,2020.4/4,외과,30
강릉시,2021,1/4,2021.1/4,외과,30
강릉시,2021,2/4,2021.2/4,외과,31
강릉시,2021,3/4,2021.3/4,외과,31
강릉시,2021,4/4,2021.4/4,외과,31
강릉시,2022,1/4,2022.1/4,외과,35
강릉시,2022,2/4,2022.2/4,외과,37
강릉시,2022,3/4,2022.3/4,외과,34
강릉시,2022,4/4,2022.4/4,외과,33
강릉시,2023,1/4,2023.1/4,외과,35
강릉시,2023,2/4,2023.2/4,외과,38
강릉시,2023,3/4,2023.3/4,외과,36
강릉시,2023,4/4,2023.4/4,외과,37
강릉시,2024,1/4,2024.1/4,외과,37
강릉시,2024,2/4,2024.2/4,외과,34
강릉시,2024,3/4,2024.3/4,외과,34
강릉시,2024,4/4,2024.4/4,외과,35
강릉시,2025,1/4,2025.1/4,외과,33
강릉시,2025,2/4,2025.2/4,외과,31
강릉시,2025,3/4,2025.3/4,외과,32
강릉시,2025,4/4,2025.4/4,외과,32
강릉시,2009,1/4,2009.1/4,응급의학과,6
강릉시,2009,2/4,2009.2/4,응급의학과,7
강릉시,2009,3/4,2009.3/4,응급의학과,7
강릉시,2009,4/4,2009.4/4,응급의학과,7
강릉시,2010,1/4,2010.1/4,응급의학과,7
강릉시,2010,2/4,2010.2/4,응급의학과,8
강릉시,2010,3/4,2010.3/4,응급의학과,8
강릉시,2010,4/4,2010.4/4,응급의학과,8
강릉시,2011,1/4,2011.1/4,응급의학과,9
강릉시,2011,2/4,2011.2/4,응급의학과,8
강릉시,2011,3/4,2011.3/4,응급의학과,8
강릉시,2011,4/4,2011.4/4,응급의학과,8
강릉시,2012,1/4,2012.1/4,응급의학과,9
강릉시,2012,2/4,2012.2/4,응급의학과,9
강릉시,2012,3/4,2012.3/4,응급의학과,9
강릉시,2012,4/4,2012.4/4,응급의학과,9
강릉시,2013,1/4,2013.1/4,응급의학과,8
강릉시,2013,2/4,2013.2/4,응급의학과,8
강릉시,2013,3/4,2013.3/4,응급의학과,9
강릉시,2013,4/4,2013.4/4,응급의학과,9
강릉시,2014,1/4,2014.1/4,응급의학과,9
강릉시,2014,2/4,2014.2/4,응급의학과,10
강릉시,2014,3/4,2014.3/4,응급의학과,10
강릉시,2014,4/4,2014.4/4,응급의학과,10
강릉시,2015,1/4,2015.1/4,응급의학과,8
강릉시,2015,2/4,2015.2/4,응급의학과,10
강릉시,2015,3/4,2015.3/4,응급의학과,10
강릉시,2015,4/4,2015.4/4,응급의학과,10
강릉시,2016,1/4,2016.1/4,응급의학과,10
강릉시,2016,2/4,2016.2/4,응급의학과,13
강릉시,2016,3/4,2016.3/4,응급의학과,13
강릉시,2016,4/4,2016.4/4,응급의학과,13
강릉시,2017,1/4,2017.1/4,응급의학과,11
강릉시,2017,2/4,2017.2/4,응급의학과,12
강릉시,2017,3/4,2017.3/4,응급의학과,11
강릉시,2017,4/4,2017.4/4,응급의학과,11
강릉시,2018,1/4,2018.1/4,응급의학과,12
강릉시,2018,2/4,2018.2/4,응급의학과,14
강릉시,2018,3/4,2018.3/4,응급의학과,14
강릉시,2018,4/4,2018.4/4,응급의학과,14
강릉시,2019,1/4,2019.1/4,응급의학과,13
강릉시,2019,2/4,2019.2/4,응급의학과,15
강릉시,2019,3/4,2019.3/4,응급의학과,16
강릉시,2019,4/4,2019.4/4,응급의학과,16
강릉시,2020,1/4,2020.1/4,응급의학과,14
강릉시,2020,2/4,2020.2/4,응급의학과,13
강릉시,2020,3/4,2020.3/4,응급의학과,13
강릉시,2020,4/4,2020.4/4,응급의학과,13
강릉시,2021,1/4,2021.1/4,응급의학과,13
강릉시,2021,2/4,2021.2/4,응급의학과,14
강릉시,2021,3/4,2021.3/4,응급의학과,14
강릉시,2021,4/4,2021.4/4,응급의학과,14
강릉시,2022,1/4,2022.1/4,응급의학과,15
강릉시,2022,2/4,2022.2/4,응급의학과,16
강릉시,2022,3/4,2022.3/4,응급의학과,16
강릉시,2022,4/4,2022.4/4,응급의학과,16
강릉시,2023,1/4,2023.1/4,응급의학과,15
강릉시,2023,2/4,2023.2/4,응급의학과,15
강릉시,2023,3/4,2023.3/4,응급의학과,14
강릉시,2023,4/4,2023.4/4,응급의학과,14
강릉시,2024,1/4,2024.1/4,응급의학과,14
강릉시,2024,2/4,2024.2/4,응급의학과,15
강릉시,2024,3/4,2024.3/4,응급의학과,15
강릉시,2024,4/4,2024.4/4,응급의학과,15
강릉시,2025,1/4,2025.1/4,응급의학과,16
강릉시,2025,2/4,2025.2/4,응급의학과,16
강릉시,2025,3/4,2025.3/4,응급의학과,16
강릉시,2025,4/4,2025.4/4,응급의학과,16
강릉시,2009,1/4,2009.1/4,이비인후과,14
강릉시,2009,2/4,2009.2/4,이비인후과,15
강릉시,2009,3/4,2009.3/4,이비인후과,15
강릉시,2009,4/4,2009.4/4,이비인후과,15
강릉시,2010,1/4,2010.1/4,이비인후과,15
강릉시,2010,2/4,2010.2/4,이비인후과,15
강릉시,2010,3/4,2010.3/4,이비인후과,15
강릉시,2010,4/4,2010.4/4,이비인후과,15
강릉시,2011,1/4,2011.1/4,이비인후과,16
강릉시,2011,2/4,2011.2/4,이비인후과,15
강릉시,2011,3/4,2011.3/4,이비인후과,15
강릉시,2011,4/4,2011.4/4,이비인후과,15
강릉시,2012,1/4,2012.1/4,이비인후과,15
강릉시,2012,2/4,2012.2/4,이비인후과,13
강릉시,2012,3/4,2012.3/4,이비인후과,13
강릉시,2012,4/4,2012.4/4,이비인후과,14
강릉시,2013,1/4,2013.1/4,이비인후과,15
강릉시,2013,2/4,2013.2/4,이비인후과,14
강릉시,2013,3/4,2013.3/4,이비인후과,14
강릉시,2013,4/4,2013.4/4,이비인후과,14
강릉시,2014,1/4,2014.1/4,이비인후과,15
강릉시,2014,2/4,2014.2/4,이비인후과,15
강릉시,2014,3/4,2014.3/4,이비인후과,15
강릉시,2014,4/4,2014.4/4,이비인후과,15
강릉시,2015,1/4,2015.1/4,이비인후과,15
강릉시,2015,2/4,2015.2/4,이비인후과,15
강릉시,2015,3/4,2015.3/4,이비인후과,15
강릉시,2015,4/4,2015.4/4,이비인후과,15
강릉시,2016,1/4,2016.1/4,이비인후과,15
강릉시,2016,2/4,2016.2/4,이비인후과,15
강릉시,2016,3/4,2016.3/4,이비인후과,15
강릉시,2016,4/4,2016.4/4,이비인후과,15
강릉시,2017,1/4,2017.1/4,이비인후과,15
강릉시,2017,2/4,2017.2/4,이비인후과,15
강릉시,2017,3/4,2017.3/4,이비인후과,14
강릉시,2017,4/4,2017.4/4,이비인후과,14
강릉시,2018,1/4,2018.1/4,이비인후과,14
강릉시,2018,2/4,2018.2/4,이비인후과,14
강릉시,2018,3/4,2018.3/4,이비인후과,15
강릉시,2018,4/4,2018.4/4,이비인후과,15
강릉시,2019,1/4,2019.1/4,이비인후과,14
강릉시,2019,2/4,2019.2/4,이비인후과,15
강릉시,2019,3/4,2019.3/4,이비인후과,15
강릉시,2019,4/4,2019.4/4,이비인후과,15
강릉시,2020,1/4,2020.1/4,이비인후과,14
강릉시,2020,2/4,2020.2/4,이비인후과,15
강릉시,2020,3/4,2020.3/4,이비인후과,16
강릉시,2020,4/4,2020.4/4,이비인후과,16
강릉시,2021,1/4,2021.1/4,이비인후과,15
강릉시,2021,2/4,2021.2/4,이비인후과,15
강릉시,2021,3/4,2021.3/4,이비인후과,16
강릉시,2021,4/4,2021.4/4,이비인후과,16
강릉시,2022,1/4,2022.1/4,이비인후과,16
강릉시,2022,2/4,2022.2/4,이비인후과,17
강릉시,2022,3/4,2022.3/4,이비인후과,17
강릉시,2022,4/4,2022.4/4,이비인후과,17
강릉시,2023,1/4,2023.1/4,이비인후과,17
강릉시,2023,2/4,2023.2/4,이비인후과,17
강릉시,2023,3/4,2023.3/4,이비인후과,17
강릉시,2023,4/4,2023.4/4,이비인후과,17
강릉시,2024,1/4,2024.1/4,이비인후과,16
강릉시,2024,2/4,2024.2/4,이비인후과,16
강릉시,2024,3/4,2024.3/4,이비인후과,15
강릉시,2024,4/4,2024.4/4,이비인후과,15
강릉시,2025,1/4,2025.1/4,이비인후과,14
강릉시,2025,2/4,2025.2/4,이비인후과,15
강릉시,2025,3/4,2025.3/4,이비인후과,15
강릉시,2025,4/4,2025.4/4,이비인후과,15
강릉시,2009,1/4,2009.1/4,재활의학과,4
강릉시,2009,2/4,2009.2/4,재활의학과,4
강릉시,2009,3/4,2009.3/4,재활의학과,4
강릉시,2009,4/4,2009.4/4,재활의학과,4
강릉시,2010,1/4,2010.1/4,재활의학과,4
강릉시,2010,2/4,2010.2/4,재활의학과,4
강릉시,2010,3/4,2010.3/4,재활의학과,4
강릉시,2010,4/4,2010.4/4,재활의학과,4
강릉시,2011,1/4,2011.1/4,재활의학과,6
강릉시,2011,2/4,2011.2/4,재활의학과,5
강릉시,2011,3/4,2011.3/4,재활의학과,5
강릉시,2011,4/4,2011.4/4,재활의학과,5
강릉시,2012,1/4,2012.1/4,재활의학과,5
강릉시,2012,2/4,2012.2/4,재활의학과,6
강릉시,2012,3/4,2012.3/4,재활의학과,6
강릉시,2012,4/4,2012.4/4,재활의학과,6
강릉시,2013,1/4,2013.1/4,재활의학과,5
강릉시,2013,2/4,2013.2/4,재활의학과,5
강릉시,2013,3/4,2013.3/4,재활의학과,5
강릉시,2013,4/4,2013.4/4,재활의학과,5
강릉시,2014,1/4,2014.1/4,재활의학과,6
강릉시,2014,2/4,2014.2/4,재활의학과,6
강릉시,2014,3/4,2014.3/4,재활의학과,6
강릉시,2014,4/4,2014.4/4,재활의학과,5
강릉시,2015,1/4,2015.1/4,재활의학과,6
강릉시,2015,2/4,2015.2/4,재활의학과,7
강릉시,2015,3/4,2015.3/4,재활의학과,7
강릉시,2015,4/4,2015.4/4,재활의학과,6
강릉시,2016,1/4,2016.1/4,재활의학과,6
강릉시,2016,2/4,2016.2/4,재활의학과,6
강릉시,2016,3/4,2016.3/4,재활의학과,5
강릉시,2016,4/4,2016.4/4,재활의학과,5
강릉시,2017,1/4,2017.1/4,재활의학과,6
강릉시,2017,2/4,2017.2/4,재활의학과,6
강릉시,2017,3/4,2017.3/4,재활의학과,6
강릉시,2017,4/4,2017.4/4,재활의학과,6
강릉시,2018,1/4,2018.1/4,재활의학과,7
강릉시,2018,2/4,2018.2/4,재활의학과,5
강릉시,2018,3/4,2018.3/4,재활의학과,5
강릉시,2018,4/4,2018.4/4,재활의학과,5
강릉시,2019,1/4,2019.1/4,재활의학과,5
강릉시,2019,2/4,2019.2/4,재활의학과,5
강릉시,2019,3/4,2019.3/4,재활의학과,5
강릉시,2019,4/4,2019.4/4,재활의학과,5
강릉시,2020,1/4,2020.1/4,재활의학과,5
강릉시,2020,2/4,2020.2/4,재활의학과,5
강릉시,2020,3/4,2020.3/4,재활의학과,5
강릉시,2020,4/4,2020.4/4,재활의학과,6
강릉시,2021,1/4,2021.1/4,재활의학과,6
강릉시,2021,2/4,2021.2/4,재활의학과,7
강릉시,2021,3/4,2021.3/4,재활의학과,7
강릉시,2021,4/4,2021.4/4,재활의학과,7
강릉시,2022,1/4,2022.1/4,재활의학과,7
강릉시,2022,2/4,2022.2/4,재활의학과,6
강릉시,2022,3/4,2022.3/4,재활의학과,6
강릉시,2022,4/4,2022.4/4,재활의학과,6
강릉시,2023,1/4,2023.1/4,재활의학과,6
강릉시,2023,2/4,2023.2/4,재활의학과,6
강릉시,2023,3/4,2023.3/4,재활의학과,6
강릉시,2023,4/4,2023.4/4,재활의학과,6
강릉시,2024,1/4,2024.1/4,재활의학과,6
강릉시,2024,2/4,2024.2/4,재활의학과,6
강릉시,2024,3/4,2024.3/4,재활의학과,5
강릉시,2024,4/4,2024.4/4,재활의학과,5
강릉시,2025,1/4,2025.1/4,재활의학과,5
강릉시,2025,2/4,2025.2/4,재활의학과,5
강릉시,2025,3/4,2025.3/4,재활의학과,5
강릉시,2025,4/4,2025.4/4,재활의학과,6
강릉시,2009,1/4,2009.1/4,정신건강의학과,12
강릉시,2009,2/4,2009.2/4,정신건강의학과,13
강릉시,2009,3/4,2009.3/4,정신건강의학과,13
강릉시,2009,4/4,2009.4/4,정신건강의학과,13
강릉시,2010,1/4,2010.1/4,정신건강의학과,14
강릉시,2010,2/4,2010.2/4,정신건강의학과,14
강릉시,2010,3/4,2010.3/4,정신건강의학과,15
강릉시,2010,4/4,2010.4/4,정신건강의학과,15
강릉시,2011,1/4,2011.1/4,정신건강의학과,15
강릉시,2011,2/4,2011.2/4,정신건강의학과,16
강릉시,2011,3/4,2011.3/4,정신건강의학과,16
강릉시,2011,4/4,2011.4/4,정신건강의학과,16
강릉시,2012,1/4,2012.1/4,정신건강의학과,16
강릉시,2012,2/4,2012.2/4,정신건강의학과,16
강릉시,2012,3/4,2012.3/4,정신건강의학과,16
강릉시,2012,4/4,2012.4/4,정신건강의학과,17
강릉시,2013,1/4,2013.1/4,정신건강의학과,15
강릉시,2013,2/4,2013.2/4,정신건강의학과,17
강릉시,2013,3/4,2013.3/4,정신건강의학과,16
강릉시,2013,4/4,2013.4/4,정신건강의학과,16
강릉시,2014,1/4,2014.1/4,정신건강의학과,17
강릉시,2014,2/4,2014.2/4,정신건강의학과,19
강릉시,2014,3/4,2014.3/4,정신건강의학과,18
강릉시,2014,4/4,2014.4/4,정신건강의학과,18
강릉시,2015,1/4,2015.1/4,정신건강의학과,18
강릉시,2015,2/4,2015.2/4,정신건강의학과,18
강릉시,2015,3/4,2015.3/4,정신건강의학과,20
강릉시,2015,4/4,2015.4/4,정신건강의학과,19
강릉시,2016,1/4,2016.1/4,정신건강의학과,19
강릉시,2016,2/4,2016.2/4,정신건강의학과,17
강릉시,2016,3/4,2016.3/4,정신건강의학과,17
강릉시,2016,4/4,2016.4/4,정신건강의학과,17
강릉시,2017,1/4,2017.1/4,정신건강의학과,17
강릉시,2017,2/4,2017.2/4,정신건강의학과,17
강릉시,2017,3/4,2017.3/4,정신건강의학과,17
강릉시,2017,4/4,2017.4/4,정신건강의학과,17
강릉시,2018,1/4,2018.1/4,정신건강의학과,17
강릉시,2018,2/4,2018.2/4,정신건강의학과,17
강릉시,2018,3/4,2018.3/4,정신건강의학과,18
강릉시,2018,4/4,2018.4/4,정신건강의학과,18
강릉시,2019,1/4,2019.1/4,정신건강의학과,18
강릉시,2019,2/4,2019.2/4,정신건강의학과,18
강릉시,2019,3/4,2019.3/4,정신건강의학과,18
강릉시,2019,4/4,2019.4/4,정신건강의학과,17
강릉시,2020,1/4,2020.1/4,정신건강의학과,17
강릉시,2020,2/4,2020.2/4,정신건강의학과,18
강릉시,2020,3/4,2020.3/4,정신건강의학과,18
강릉시,2020,4/4,2020.4/4,정신건강의학과,18
강릉시,2021,1/4,2021.1/4,정신건강의학과,17
강릉시,2021,2/4,2021.2/4,정신건강의학과,18
강릉시,2021,3/4,2021.3/4,정신건강의학과,18
강릉시,2021,4/4,2021.4/4,정신건강의학과,18
강릉시,2022,1/4,2022.1/4,정신건강의학과,17
강릉시,2022,2/4,2022.2/4,정신건강의학과,17
강릉시,2022,3/4,2022.3/4,정신건강의학과,16
강릉시,2022,4/4,2022.4/4,정신건강의학과,16
강릉시,2023,1/4,2023.1/4,정신건강의학과,16
강릉시,2023,2/4,2023.2/4,정신건강의학과,15
강릉시,2023,3/4,2023.3/4,정신건강의학과,15
강릉시,2023,4/4,2023.4/4,정신건강의학과,15
강릉시,2024,1/4,2024.1/4,정신건강의학과,16
강릉시,2024,2/4,2024.2/4,정신건강의학과,16
강릉시,2024,3/4,2024.3/4,정신건강의학과,16
강릉시,2024,4/4,2024.4/4,정신건강의학과,16
강릉시,2025,1/4,2025.1/4,정신건강의학과,16
강릉시,2025,2/4,2025.2/4,정신건강의학과,16
강릉시,2025,3/4,2025.3/4,정신건강의학과,16
강릉시,2025,4/4,2025.4/4,정신건강의학과,16
강릉시,2009,1/4,2009.1/4,정형외과,19
강릉시,2009,2/4,2009.2/4,정형외과,20
강릉시,2009,3/4,2009.3/4,정형외과,21
강릉시,2009,4/4,2009.4/4,정형외과,19
강릉시,2010,1/4,2010.1/4,정형외과,20
강릉시,2010,2/4,2010.2/4,정형외과,21
강릉시,2010,3/4,2010.3/4,정형외과,20
강릉시,2010,4/4,2010.4/4,정형외과,21
강릉시,2011,1/4,2011.1/4,정형외과,23
강릉시,2011,2/4,2011.2/4,정형외과,24
강릉시,2011,3/4,2011.3/4,정형외과,24
강릉시,2011,4/4,2011.4/4,정형외과,21
강릉시,2012,1/4,2012.1/4,정형외과,22
강릉시,2012,2/4,2012.2/4,정형외과,21
강릉시,2012,3/4,2012.3/4,정형외과,20
강릉시,2012,4/4,2012.4/4,정형외과,21
강릉시,2013,1/4,2013.1/4,정형외과,25
강릉시,2013,2/4,2013.2/4,정형외과,26
강릉시,2013,3/4,2013.3/4,정형외과,27
강릉시,2013,4/4,2013.4/4,정형외과,25
강릉시,2014,1/4,2014.1/4,정형외과,28
강릉시,2014,2/4,2014.2/4,정형외과,29
강릉시,2014,3/4,2014.3/4,정형외과,29
강릉시,2014,4/4,2014.4/4,정형외과,28
강릉시,2015,1/4,2015.1/4,정형외과,29
강릉시,2015,2/4,2015.2/4,정형외과,26
강릉시,2015,3/4,2015.3/4,정형외과,27
강릉시,2015,4/4,2015.4/4,정형외과,27
강릉시,2016,1/4,2016.1/4,정형외과,29
강릉시,2016,2/4,2016.2/4,정형외과,29
강릉시,2016,3/4,2016.3/4,정형외과,29
강릉시,2016,4/4,2016.4/4,정형외과,29
강릉시,2017,1/4,2017.1/4,정형외과,31
강릉시,2017,2/4,2017.2/4,정형외과,31
강릉시,2017,3/4,2017.3/4,정형외과,28
강릉시,2017,4/4,2017.4/4,정형외과,29
강릉시,2018,1/4,2018.1/4,정형외과,29
강릉시,2018,2/4,2018.2/4,정형외과,28
강릉시,2018,3/4,2018.3/4,정형외과,29
강릉시,2018,4/4,2018.4/4,정형외과,29
강릉시,2019,1/4,2019.1/4,정형외과,30
강릉시,2019,2/4,2019.2/4,정형외과,30
강릉시,2019,3/4,2019.3/4,정형외과,30
강릉시,2019,4/4,2019.4/4,정형외과,29
강릉시,2020,1/4,2020.1/4,정형외과,30
강릉시,2020,2/4,2020.2/4,정형외과,31
강릉시,2020,3/4,2020.3/4,정형외과,31
강릉시,2020,4/4,2020.4/4,정형외과,30
강릉시,2021,1/4,2021.1/4,정형외과,31
강릉시,2021,2/4,2021.2/4,정형외과,31
강릉시,2021,3/4,2021.3/4,정형외과,32
강릉시,2021,4/4,2021.4/4,정형외과,32
강릉시,2022,1/4,2022.1/4,정형외과,31
강릉시,2022,2/4,2022.2/4,정형외과,29
강릉시,2022,3/4,2022.3/4,정형외과,29
강릉시,2022,4/4,2022.4/4,정형외과,30
강릉시,2023,1/4,2023.1/4,정형외과,30
강릉시,2023,2/4,2023.2/4,정형외과,32
강릉시,2023,3/4,2023.3/4,정형외과,31
강릉시,2023,4/4,2023.4/4,정형외과,30
강릉시,2024,1/4,2024.1/4,정형외과,30
강릉시,2024,2/4,2024.2/4,정형외과,28
강릉시,2024,3/4,2024.3/4,정형외과,28
강릉시,2024,4/4,2024.4/4,정형외과,29
강릉시,2025,1/4,2025.1/4,정형외과,29
강릉시,2025,2/4,2025.2/4,정형외과,29
강릉시,2025,3/4,2025.3/4,정형외과,31
강릉시,2025,4/4,2025.4/4,정형외과,31
강릉시,2009,1/4,2009.1/4,직업환경의학과,0
강릉시,2009,2/4,2009.2/4,직업환경의학과,0
강릉시,2009,3/4,2009.3/4,직업환경의학과,0
강릉시,2009,4/4,2009.4/4,직업환경의학과,0
강릉시,2010,1/4,2010.1/4,직업환경의학과,0
강릉시,2010,2/4,2010.2/4,직업환경의학과,0
강릉시,2010,3/4,2010.3/4,직업환경의학과,0
강릉시,2010,4/4,2010.4/4,직업환경의학과,0
강릉시,2011,1/4,2011.1/4,직업환경의학과,0
강릉시,2011,2/4,2011.2/4,직업환경의학과,0
강릉시,2011,3/4,2011.3/4,직업환경의학과,0
강릉시,2011,4/4,2011.4/4,직업환경의학과,0
강릉시,2012,1/4,2012.1/4,직업환경의학과,1
강릉시,2012,2/4,2012.2/4,직업환경의학과,1
강릉시,2012,3/4,2012.3/4,직업환경의학과,1
강릉시,2012,4/4,2012.4/4,직업환경의학과,1
강릉시,2013,1/4,2013.1/4,직업환경의학과,1
강릉시,2013,2/4,2013.2/4,직업환경의학과,1
강릉시,2013,3/4,2013.3/4,직업환경의학과,1
강릉시,2013,4/4,2013.4/4,직업환경의학과,1
강릉시,2014,1/4,2014.1/4,직업환경의학과,1
강릉시,2014,2/4,2014.2/4,직업환경의학과,0
강릉시,2014,3/4,2014.3/4,직업환경의학과,0
강릉시,2014,4/4,2014.4/4,직업환경의학과,0
강릉시,2015,1/4,2015.1/4,직업환경의학과,0
강릉시,2015,2/4,2015.2/4,직업환경의학과,0
강릉시,2015,3/4,2015.3/4,직업환경의학과,0
강릉시,2015,4/4,2015.4/4,직업환경의학과,0
강릉시,2016,1/4,2016.1/4,직업환경의학과,0
강릉시,2016,2/4,2016.2/4,직업환경의학과,1
강릉시,2016,3/4,2016.3/4,직업환경의학과,1
강릉시,2016,4/4,2016.4/4,직업환경의학과,1
강릉시,2017,1/4,2017.1/4,직업환경의학과,1
강릉시,2017,2/4,2017.2/4,직업환경의학과,0
강릉시,2017,3/4,2017.3/4,직업환경의학과,0
강릉시,2017,4/4,2017.4/4,직업환경의학과,0
강릉시,2018,1/4,2018.1/4,직업환경의학과,0
강릉시,2018,2/4,2018.2/4,직업환경의학과,0
강릉시,2018,3/4,2018.3/4,직업환경의학과,0
강릉시,2018,4/4,2018.4/4,직업환경의학과,1
강릉시,2019,1/4,2019.1/4,직업환경의학과,1
강릉시,2019,2/4,2019.2/4,직업환경의학과,1
강릉시,2019,3/4,2019.3/4,직업환경의학과,1
강릉시,2019,4/4,2019.4/4,직업환경의학과,1
강릉시,2020,1/4,2020.1/4,직업환경의학과,1
강릉시,2020,2/4,2020.2/4,직업환경의학과,1
강릉시,2020,3/4,2020.3/4,직업환경의학과,1
강릉시,2020,4/4,2020.4/4,직업환경의학과,1
강릉시,2021,1/4,2021.1/4,직업환경의학과,1
강릉시,2021,2/4,2021.2/4,직업환경의학과,1
강릉시,2021,3/4,2021.3/4,직업환경의학과,1
강릉시,2021,4/4,2021.4/4,직업환경의학과,1
강릉시,2022,1/4,2022.1/4,직업환경의학과,1
강릉시,2022,2/4,2022.2/4,직업환경의학과,2
강릉시,2022,3/4,2022.3/4,직업환경의학과,2
강릉시,2022,4/4,2022.4/4,직업환경의학과,2
강릉시,2023,1/4,2023.1/4,직업환경의학과,2
강릉시,2023,2/4,2023.2/4,직업환경의학과,2
강릉시,2023,3/4,2023.3/4,직업환경의학과,2
강릉시,2023,4/4,2023.4/4,직업환경의학과,2
강릉시,2024,1/4,2024.1/4,직업환경의학과,2
강릉시,2024,2/4,2024.2/4,직업환경의학과,2
강릉시,2024,3/4,2024.3/4,직업환경의학과,2
강릉시,2024,4/4,2024.4/4,직업환경의학과,3
강릉시,2025,1/4,2025.1/4,직업환경의학과,3
강릉시,2025,2/4,2025.2/4,직업환경의학과,2
강릉시,2025,3/4,2025.3/4,직업환경의학과,3
강릉시,2025,4/4,2025.4/4,직업환경의학과,3
강릉시,2009,1/4,2009.1/4,진단검사의학과,5
강릉시,2009,2/4,2009.2/4,진단검사의학과,5
강릉시,2009,3/4,2009.3/4,진단검사의학과,5
강릉시,2009,4/4,2009.4/4,진단검사의학과,6
강릉시,2010,1/4,2010.1/4,진단검사의학과,6
강릉시,2010,2/4,2010.2/4,진단검사의학과,6
강릉시,2010,3/4,2010.3/4,진단검사의학과,6
강릉시,2010,4/4,2010.4/4,진단검사의학과,6
강릉시,2011,1/4,2011.1/4,진단검사의학과,6
강릉시,2011,2/4,2011.2/4,진단검사의학과,6
강릉시,2011,3/4,2011.3/4,진단검사의학과,6
강릉시,2011,4/4,2011.4/4,진단검사의학과,6
강릉시,2012,1/4,2012.1/4,진단검사의학과,6
강릉시,2012,2/4,2012.2/4,진단검사의학과,6
강릉시,2012,3/4,2012.3/4,진단검사의학과,6
강릉시,2012,4/4,2012.4/4,진단검사의학과,6
강릉시,2013,1/4,2013.1/4,진단검사의학과,6
강릉시,2013,2/4,2013.2/4,진단검사의학과,6
강릉시,2013,3/4,2013.3/4,진단검사의학과,6
강릉시,2013,4/4,2013.4/4,진단검사의학과,5
강릉시,2014,1/4,2014.1/4,진단검사의학과,5
강릉시,2014,2/4,2014.2/4,진단검사의학과,5
강릉시,2014,3/4,2014.3/4,진단검사의학과,5
강릉시,2014,4/4,2014.4/4,진단검사의학과,5
강릉시,2015,1/4,2015.1/4,진단검사의학과,5
강릉시,2015,2/4,2015.2/4,진단검사의학과,5
강릉시,2015,3/4,2015.3/4,진단검사의학과,5
강릉시,2015,4/4,2015.4/4,진단검사의학과,5
강릉시,2016,1/4,2016.1/4,진단검사의학과,5
강릉시,2016,2/4,2016.2/4,진단검사의학과,3
강릉시,2016,3/4,2016.3/4,진단검사의학과,3
강릉시,2016,4/4,2016.4/4,진단검사의학과,3
강릉시,2017,1/4,2017.1/4,진단검사의학과,3
강릉시,2017,2/4,2017.2/4,진단검사의학과,4
강릉시,2017,3/4,2017.3/4,진단검사의학과,4
강릉시,2017,4/4,2017.4/4,진단검사의학과,4
강릉시,2018,1/4,2018.1/4,진단검사의학과,4
강릉시,2018,2/4,2018.2/4,진단검사의학과,4
강릉시,2018,3/4,2018.3/4,진단검사의학과,4
강릉시,2018,4/4,2018.4/4,진단검사의학과,4
강릉시,2019,1/4,2019.1/4,진단검사의학과,4
강릉시,2019,2/4,2019.2/4,진단검사의학과,4
강릉시,2019,3/4,2019.3/4,진단검사의학과,4
강릉시,2019,4/4,2019.4/4,진단검사의학과,4
강릉시,2020,1/4,2020.1/4,진단검사의학과,4
강릉시,2020,2/4,2020.2/4,진단검사의학과,4
강릉시,2020,3/4,2020.3/4,진단검사의학과,4
강릉시,2020,4/4,2020.4/4,진단검사의학과,4
강릉시,2021,1/4,2021.1/4,진단검사의학과,4
강릉시,2021,2/4,2021.2/4,진단검사의학과,4
강릉시,2021,3/4,2021.3/4,진단검사의학과,4
강릉시,2021,4/4,2021.4/4,진단검사의학과,4
강릉시,2022,1/4,2022.1/4,진단검사의학과,5
강릉시,2022,2/4,2022.2/4,진단검사의학과,5
강릉시,2022,3/4,2022.3/4,진단검사의학과,5
강릉시,2022,4/4,2022.4/4,진단검사의학과,5
강릉시,2023,1/4,2023.1/4,진단검사의학과,4
강릉시,2023,2/4,2023.2/4,진단검사의학과,5
강릉시,2023,3/4,2023.3/4,진단검사의학과,5
강릉시,2023,4/4,2023.4/4,진단검사의학과,5
강릉시,2024,1/4,2024.1/4,진단검사의학과,5
강릉시,2024,2/4,2024.2/4,진단검사의학과,5
강릉시,2024,3/4,2024.3/4,진단검사의학과,5
강릉시,2024,4/4,2024.4/4,진단검사의학과,5
강릉시,2025,1/4,2025.1/4,진단검사의학과,5
강릉시,2025,2/4,2025.2/4,진단검사의학과,5
강릉시,2025,3/4,2025.3/4,진단검사의학과,5
강릉시,2025,4/4,2025.4/4,진단검사의학과,5
강릉시,2009,1/4,2009.1/4,피부과,5
강릉시,2009,2/4,2009.2/4,피부과,5
강릉시,2009,3/4,2009.3/4,피부과,5
강릉시,2009,4/4,2009.4/4,피부과,5
강릉시,2010,1/4,2010.1/4,피부과,5
강릉시,2010,2/4,2010.2/4,피부과,5
강릉시,2010,3/4,2010.3/4,피부과,6
강릉시,2010,4/4,2010.4/4,피부과,5
강릉시,2011,1/4,2011.1/4,피부과,5
강릉시,2011,2/4,2011.2/4,피부과,5
강릉시,2011,3/4,2011.3/4,피부과,5
강릉시,2011,4/4,2011.4/4,피부과,5
강릉시,2012,1/4,2012.1/4,피부과,5
강릉시,2012,2/4,2012.2/4,피부과,5
강릉시,2012,3/4,2012.3/4,피부과,5
강릉시,2012,4/4,2012.4/4,피부과,5
강릉시,2013,1/4,2013.1/4,피부과,6
강릉시,2013,2/4,2013.2/4,피부과,6
강릉시,2013,3/4,2013.3/4,피부과,6
강릉시,2013,4/4,2013.4/4,피부과,6
강릉시,2014,1/4,2014.1/4,피부과,5
강릉시,2014,2/4,2014.2/4,피부과,5
강릉시,2014,3/4,2014.3/4,피부과,5
강릉시,2014,4/4,2014.4/4,피부과,5
강릉시,2015,1/4,2015.1/4,피부과,6
강릉시,2015,2/4,2015.2/4,피부과,6
강릉시,2015,3/4,2015.3/4,피부과,6
강릉시,2015,4/4,2015.4/4,피부과,6
강릉시,2016,1/4,2016.1/4,피부과,6
강릉시,2016,2/4,2016.2/4,피부과,6
강릉시,2016,3/4,2016.3/4,피부과,6
강릉시,2016,4/4,2016.4/4,피부과,6
강릉시,2017,1/4,2017.1/4,피부과,6
강릉시,2017,2/4,2017.2/4,피부과,6
강릉시,2017,3/4,2017.3/4,피부과,6
강릉시,2017,4/4,2017.4/4,피부과,6
강릉시,2018,1/4,2018.1/4,피부과,6
강릉시,2018,2/4,2018.2/4,피부과,6
강릉시,2018,3/4,2018.3/4,피부과,6
강릉시,2018,4/4,2018.4/4,피부과,6
강릉시,2019,1/4,2019.1/4,피부과,6
강릉시,2019,2/4,2019.2/4,피부과,6
강릉시,2019,3/4,2019.3/4,피부과,6
강릉시,2019,4/4,2019.4/4,피부과,6
강릉시,2020,1/4,2020.1/4,피부과,6
강릉시,2020,2/4,2020.2/4,피부과,6
강릉시,2020,3/4,2020.3/4,피부과,7
강릉시,2020,4/4,2020.4/4,피부과,7
강릉시,2021,1/4,2021.1/4,피부과,7
강릉시,2021,2/4,2021.2/4,피부과,7
강릉시,2021,3/4,2021.3/4,피부과,8
강릉시,2021,4/4,2021.4/4,피부과,8
강릉시,2022,1/4,2022.1/4,피부과,8
강릉시,2022,2/4,2022.2/4,피부과,8
강릉시,2022,3/4,2022.3/4,피부과,7
강릉시,2022,4/4,2022.4/4,피부과,7
강릉시,2023,1/4,2023.1/4,피부과,7
강릉시,2023,2/4,2023.2/4,피부과,7
강릉시,2023,3/4,2023.3/4,피부과,7
강릉시,2023,4/4,2023.4/4,피부과,7
강릉시,2024,1/4,2024.1/4,피부과,6
강릉시,2024,2/4,2024.2/4,피부과,5
강릉시,2024,3/4,2024.3/4,피부과,3
강릉시,2024,4/4,2024.4/4,피부과,3
강릉시,2025,1/4,2025.1/4,피부과,3
강릉시,2025,2/4,2025.2/4,피부과,5
강릉시,2025,3/4,2025.3/4,피부과,5
강릉시,2025,4/4,2025.4/4,피부과,5
강릉시,2009,1/4,2009.1/4,핵의학과,1
강릉시,2009,2/4,2009.2/4,핵의학과,1
강릉시,2009,3/4,2009.3/4,핵의학과,1
강릉시,2009,4/4,2009.4/4,핵의학과,1
강릉시,2010,1/4,2010.1/4,핵의학과,1
강릉시,2010,2/4,2010.2/4,핵의학과,1
강릉시,2010,3/4,2010.3/4,핵의학과,1
강릉시,2010,4/4,2010.4/4,핵의학과,1
강릉시,2011,1/4,2011.1/4,핵의학과,1
강릉시,2011,2/4,2011.2/4,핵의학과,1
강릉시,2011,3/4,2011.3/4,핵의학과,1
강릉시,2011,4/4,2011.4/4,핵의학과,1
강릉시,2012,1/4,2012.1/4,핵의학과,1
강릉시,2012,2/4,2012.2/4,핵의학과,1
강릉시,2012,3/4,2012.3/4,핵의학과,1
강릉시,2012,4/4,2012.4/4,핵의학과,1
강릉시,2013,1/4,2013.1/4,핵의학과,1
강릉시,2013,2/4,2013.2/4,핵의학과,1
강릉시,2013,3/4,2013.3/4,핵의학과,1
강릉시,2013,4/4,2013.4/4,핵의학과,1
강릉시,2014,1/4,2014.1/4,핵의학과,1
강릉시,2014,2/4,2014.2/4,핵의학과,1
강릉시,2014,3/4,2014.3/4,핵의학과,1
강릉시,2014,4/4,2014.4/4,핵의학과,1
강릉시,2015,1/4,2015.1/4,핵의학과,1
강릉시,2015,2/4,2015.2/4,핵의학과,1
강릉시,2015,3/4,2015.3/4,핵의학과,1
강릉시,2015,4/4,2015.4/4,핵의학과,1
강릉시,2016,1/4,2016.1/4,핵의학과,1
강릉시,2016,2/4,2016.2/4,핵의학과,1
강릉시,2016,3/4,2016.3/4,핵의학과,1
강릉시,2016,4/4,2016.4/4,핵의학과,1
강릉시,2017,1/4,2017.1/4,핵의학과,1
강릉시,2017,2/4,2017.2/4,핵의학과,1
강릉시,2017,3/4,2017.3/4,핵의학과,1
강릉시,2017,4/4,2017.4/4,핵의학과,1
강릉시,2018,1/4,2018.1/4,핵의학과,1
강릉시,2018,2/4,2018.2/4,핵의학과,1
강릉시,2018,3/4,2018.3/4,핵의학과,1
강릉시,2018,4/4,2018.4/4,핵의학과,1
강릉시,2019,1/4,2019.1/4,핵의학과,1
강릉시,2019,2/4,2019.2/4,핵의학과,1
강릉시,2019,3/4,2019.3/4,핵의학과,1
강릉시,2019,4/4,2019.4/4,핵의학과,1
강릉시,2020,1/4,2020.1/4,핵의학과,1
강릉시,2020,2/4,2020.2/4,핵의학과,1
강릉시,2020,3/4,2020.3/4,핵의학과,1
강릉시,2020,4/4,2020.4/4,핵의학과,1
강릉시,2021,1/4,2021.1/4,핵의학과,1
강릉시,2021,2/4,2021.2/4,핵의학과,1
강릉시,2021,3/4,2021.3/4,핵의학과,1
강릉시,2021,4/4,2021.4/4,핵의학과,1
강릉시,2022,1/4,2022.1/4,핵의학과,1
강릉시,2022,2/4,2022.2/4,핵의학과,1
강릉시,2022,3/4,2022.3/4,핵의학과,1
강릉시,2022,4/4,2022.4/4,핵의학과,1
강릉시,2023,1/4,2023.1/4,핵의학과,1
강릉시,2023,2/4,2023.2/4,핵의학과,1
강릉시,2023,3/4,2023.3/4,핵의학과,1
강릉시,2023,4/4,2023.4/4,핵의학과,1
강릉시,2024,1/4,2024.1/4,핵의학과,1
강릉시,2024,2/4,2024.2/4,핵의학과,2
강릉시,2024,3/4,2024.3/4,핵의학과,2
강릉시,2024,4/4,2024.4/4,핵의학과,2
강릉시,2025,1/4,2025.1/4,핵의학과,2
강릉시,2025,2/4,2025.2/4,핵의학과,2
강릉시,2025,3/4,2025.3/4,핵의학과,2
강릉시,2025,4/4,2025.4/4,핵의학과,2
고성군,2009,1/4,2009.1/4,가정의학과,1
고성군,2009,2/4,2009.2/4,가정의학과,1
고성군,2009,3/4,2009.3/4,가정의학과,1
고성군,2009,4/4,2009.4/4,가정의학과,1
고성군,2010,1/4,2010.1/4,가정의학과,1
고성군,2010,2/4,2010.2/4,가정의학과,1
고성군,2010,3/4,2010.3/4,가정의학과,1
고성군,2010,4/4,2010.4/4,가정의학과,1
고성군,2011,1/4,2011.1/4,가정의학과,1
고성군,2011,2/4,2011.2/4,가정의학과,0
고성군,2011,3/4,2011.3/4,가정의학과,0
고성군,2011,4/4,2011.4/4,가정의학과,0
고성군,2012,1/4,2012.1/4,가정의학과,0
고성군,2012,2/4,2012.2/4,가정의학과,0
고성군,2012,3/4,2012.3/4,가정의학과,0
고성군,2012,4/4,2012.4/4,가정의학과,0
고성군,2013,1/4,2013.1/4,가정의학과,0
고성군,2013,2/4,2013.2/4,가정의학과,0
고성군,2013,3/4,2013.3/4,가정의학과,0
고성군,2013,4/4,2013.4/4,가정의학과,0
고성군,2014,1/4,2014.1/4,가정의학과,0
고성군,2014,2/4,2014.2/4,가정의학과,0
고성군,2014,3/4,2014.3/4,가정의학과,0
고성군,2014,4/4,2014.4/4,가정의학과,0
고성군,2015,1/4,2015.1/4,가정의학과,0
고성군,2015,2/4,2015.2/4,가정의학과,0
고성군,2015,3/4,2015.3/4,가정의학과,0
고성군,2015,4/4,2015.4/4,가정의학과,0
고성군,2016,1/4,2016.1/4,가정의학과,0
고성군,2016,2/4,2016.2/4,가정의학과,0
고성군,2016,3/4,2016.3/4,가정의학과,0
고성군,2016,4/4,2016.4/4,가정의학과,0
고성군,2017,1/4,2017.1/4,가정의학과,0
고성군,2017,2/4,2017.2/4,가정의학과,0
고성군,2017,3/4,2017.3/4,가정의학과,0
고성군,2017,4/4,2017.4/4,가정의학과,0
고성군,2018,1/4,2018.1/4,가정의학과,0
고성군,2018,2/4,2018.2/4,가정의학과,0
고성군,2018,3/4,2018.3/4,가정의학과,0
고성군,2018,4/4,2018.4/4,가정의학과,0
고성군,2019,1/4,2019.1/4,가정의학과,0
고성군,2019,2/4,2019.2/4,가정의학과,0
고성군,2019,3/4,2019.3/4,가정의학과,0
고성군,2019,4/4,2019.4/4,가정의학과,0
고성군,2020,1/4,2020.1/4,가정의학과,0
고성군,2020,2/4,2020.2/4,가정의학과,0
고성군,2020,3/4,2020.3/4,가정의학과,0
고성군,2020,4/4,2020.4/4,가정의학과,0
고성군,2021,1/4,2021.1/4,가정의학과,0
고성군,2021,2/4,2021.2/4,가정의학과,0
고성군,2021,3/4,2021.3/4,가정의학과,0
고성군,2021,4/4,2021.4/4,가정의학과,0
고성군,2022,1/4,2022.1/4,가정의학과,0
고성군,2022,2/4,2022.2/4,가정의학과,0
고성군,2022,3/4,2022.3/4,가정의학과,0
고성군,2022,4/4,2022.4/4,가정의학과,0
고성군,2023,1/4,2023.1/4,가정의학과,0
고성군,2023,2/4,2023.2/4,가정의학과,0
고성군,2023,3/4,2023.3/4,가정의학과,0
고성군,2023,4/4,2023.4/4,가정의학과,0
고성군,2024,1/4,2024.1/4,가정의학과,0
고성군,2024,2/4,2024.2/4,가정의학과,0
고성군,2024,3/4,2024.3/4,가정의학과,0
고성군,2024,4/4,2024.4/4,가정의학과,0
고성군,2025,1/4,2025.1/4,가정의학과,0
고성군,2025,2/4,2025.2/4,가정의학과,0
고성군,2025,3/4,2025.3/4,가정의학과,0
고성군,2025,4/4,2025.4/4,가정의학과,0
고성군,2009,1/4,2009.1/4,결핵과,0
고성군,2009,2/4,2009.2/4,결핵과,0
고성군,2009,3/4,2009.3/4,결핵과,0
고성군,2009,4/4,2009.4/4,결핵과,0
고성군,2010,1/4,2010.1/4,결핵과,0
고성군,2010,2/4,2010.2/4,결핵과,0
고성군,2010,3/4,2010.3/4,결핵과,0
고성군,2010,4/4,2010.4/4,결핵과,0
고성군,2011,1/4,2011.1/4,결핵과,0
고성군,2011,2/4,2011.2/4,결핵과,0
고성군,2011,3/4,2011.3/4,결핵과,0
고성군,2011,4/4,2011.4/4,결핵과,0
고성군,2012,1/4,2012.1/4,결핵과,0
고성군,2012,2/4,2012.2/4,결핵과,0
고성군,2012,3/4,2012.3/4,결핵과,0
고성군,2012,4/4,2012.4/4,결핵과,0
고성군,2013,1/4,2013.1/4,결핵과,0
고성군,2013,2/4,2013.2/4,결핵과,0
고성군,2013,3/4,2013.3/4,결핵과,0
고성군,2013,4/4,2013.4/4,결핵과,0
고성군,2014,1/4,2014.1/4,결핵과,0
고성군,2014,2/4,2014.2/4,결핵과,0
고성군,2014,3/4,2014.3/4,결핵과,0
고성군,2014,4/4,2014.4/4,결핵과,0
고성군,2015,1/4,2015.1/4,결핵과,0
고성군,2015,2/4,2015.2/4,결핵과,0
고성군,2015,3/4,2015.3/4,결핵과,0
고성군,2015,4/4,2015.4/4,결핵과,0
고성군,2016,1/4,2016.1/4,결핵과,0
고성군,2016,2/4,2016.2/4,결핵과,0
고성군,2016,3/4,2016.3/4,결핵과,0
고성군,2016,4/4,2016.4/4,결핵과,0
고성군,2017,1/4,2017.1/4,결핵과,0
고성군,2017,2/4,2017.2/4,결핵과,0
고성군,2017,3/4,2017.3/4,결핵과,0
고성군,2017,4/4,2017.4/4,결핵과,0
고성군,2018,1/4,2018.1/4,결핵과,0
고성군,2018,2/4,2018.2/4,결핵과,0
고성군,2018,3/4,2018.3/4,결핵과,0
고성군,2018,4/4,2018.4/4,결핵과,0
고성군,2019,1/4,2019.1/4,결핵과,0
고성군,2019,2/4,2019.2/4,결핵과,0
고성군,2019,3/4,2019.3/4,결핵과,0
고성군,2019,4/4,2019.4/4,결핵과,0
고성군,2020,1/4,2020.1/4,결핵과,0
고성군,2020,2/4,2020.2/4,결핵과,0
고성군,2020,3/4,2020.3/4,결핵과,0
고성군,2020,4/4,2020.4/4,결핵과,0
고성군,2021,1/4,2021.1/4,결핵과,0
고성군,2021,2/4,2021.2/4,결핵과,0
고성군,2021,3/4,2021.3/4,결핵과,0
고성군,2021,4/4,2021.4/4,결핵과,0
고성군,2022,1/4,2022.1/4,결핵과,0
고성군,2022,2/4,2022.2/4,결핵과,0
고성군,2022,3/4,2022.3/4,결핵과,0
고성군,2022,4/4,2022.4/4,결핵과,0
고성군,2023,1/4,2023.1/4,결핵과,0
고성군,2023,2/4,2023.2/4,결핵과,0
고성군,2023,3/4,2023.3/4,결핵과,0
고성군,2023,4/4,2023.4/4,결핵과,0
고성군,2024,1/4,2024.1/4,결핵과,0
고성군,2024,2/4,2024.2/4,결핵과,0
고성군,2024,3/4,2024.3/4,결핵과,0
고성군,2024,4/4,2024.4/4,결핵과,0
고성군,2025,1/4,2025.1/4,결핵과,0
고성군,2025,2/4,2025.2/4,결핵과,0
고성군,2025,3/4,2025.3/4,결핵과,0
고성군,2025,4/4,2025.4/4,결핵과,0
고성군,2009,1/4,2009.1/4,내과,1
고성군,2009,2/4,2009.2/4,내과,1
고성군,2009,3/4,2009.3/4,내과,1
고성군,2009,4/4,2009.4/4,내과,1
고성군,2010,1/4,2010.1/4,내과,2
고성군,2010,2/4,2010.2/4,내과,2
고성군,2010,3/4,2010.3/4,내과,2
고성군,2010,4/4,2010.4/4,내과,2
고성군,2011,1/4,2011.1/4,내과,2
고성군,2011,2/4,2011.2/4,내과,2
고성군,2011,3/4,2011.3/4,내과,2
고성군,2011,4/4,2011.4/4,내과,2
고성군,2012,1/4,2012.1/4,내과,2
고성군,2012,2/4,2012.2/4,내과,2
고성군,2012,3/4,2012.3/4,내과,2
고성군,2012,4/4,2012.4/4,내과,2
고성군,2013,1/4,2013.1/4,내과,2
고성군,2013,2/4,2013.2/4,내과,2
고성군,2013,3/4,2013.3/4,내과,2
고성군,2013,4/4,2013.4/4,내과,2
고성군,2014,1/4,2014.1/4,내과,2
고성군,2014,2/4,2014.2/4,내과,1
고성군,2014,3/4,2014.3/4,내과,1
고성군,2014,4/4,2014.4/4,내과,1
고성군,2015,1/4,2015.1/4,내과,1
고성군,2015,2/4,2015.2/4,내과,1
고성군,2015,3/4,2015.3/4,내과,1
고성군,2015,4/4,2015.4/4,내과,1
고성군,2016,1/4,2016.1/4,내과,1
고성군,2016,2/4,2016.2/4,내과,1
고성군,2016,3/4,2016.3/4,내과,1
고성군,2016,4/4,2016.4/4,내과,1
고성군,2017,1/4,2017.1/4,내과,1
고성군,2017,2/4,2017.2/4,내과,1
고성군,2017,3/4,2017.3/4,내과,1
고성군,2017,4/4,2017.4/4,내과,1
고성군,2018,1/4,2018.1/4,내과,1
고성군,2018,2/4,2018.2/4,내과,1
고성군,2018,3/4,2018.3/4,내과,1
고성군,2018,4/4,2018.4/4,내과,1
고성군,2019,1/4,2019.1/4,내과,1
고성군,2019,2/4,2019.2/4,내과,1
고성군,2019,3/4,2019.3/4,내과,1
고성군,2019,4/4,2019.4/4,내과,1
고성군,2020,1/4,2020.1/4,내과,1
고성군,2020,2/4,2020.2/4,내과,1
고성군,2020,3/4,2020.3/4,내과,1
고성군,2020,4/4,2020.4/4,내과,1
고성군,2021,1/4,2021.1/4,내과,1
고성군,2021,2/4,2021.2/4,내과,1
고성군,2021,3/4,2021.3/4,내과,1
고성군,2021,4/4,2021.4/4,내과,1
고성군,2022,1/4,2022.1/4,내과,1
고성군,2022,2/4,2022.2/4,내과,1
고성군,2022,3/4,2022.3/4,내과,1
고성군,2022,4/4,2022.4/4,내과,1
고성군,2023,1/4,2023.1/4,내과,1
고성군,2023,2/4,2023.2/4,내과,1
고성군,2023,3/4,2023.3/4,내과,1
고성군,2023,4/4,2023.4/4,내과,1
고성군,2024,1/4,2024.1/4,내과,1
고성군,2024,2/4,2024.2/4,내과,1
고성군,2024,3/4,2024.3/4,내과,1
고성군,2024,4/4,2024.4/4,내과,1
고성군,2025,1/4,2025.1/4,내과,1
고성군,2025,2/4,2025.2/4,내과,1
고성군,2025,3/4,2025.3/4,내과,1
고성군,2025,4/4,2025.4/4,내과,1
고성군,2009,1/4,2009.1/4,마취통증의학과,0
고성군,2009,2/4,2009.2/4,마취통증의학과,0
고성군,2009,3/4,2009.3/4,마취통증의학과,0
고성군,2009,4/4,2009.4/4,마취통증의학과,0
고성군,2010,1/4,2010.1/4,마취통증의학과,0
고성군,2010,2/4,2010.2/4,마취통증의학과,0
고성군,2010,3/4,2010.3/4,마취통증의학과,0
고성군,2010,4/4,2010.4/4,마취통증의학과,0
고성군,2011,1/4,2011.1/4,마취통증의학과,0
고성군,2011,2/4,2011.2/4,마취통증의학과,0
고성군,2011,3/4,2011.3/4,마취통증의학과,0
고성군,2011,4/4,2011.4/4,마취통증의학과,0
고성군,2012,1/4,2012.1/4,마취통증의학과,0
고성군,2012,2/4,2012.2/4,마취통증의학과,0
고성군,2012,3/4,2012.3/4,마취통증의학과,0
고성군,2012,4/4,2012.4/4,마취통증의학과,0
고성군,2013,1/4,2013.1/4,마취통증의학과,0
고성군,2013,2/4,2013.2/4,마취통증의학과,0
고성군,2013,3/4,2013.3/4,마취통증의학과,0
고성군,2013,4/4,2013.4/4,마취통증의학과,0
고성군,2014,1/4,2014.1/4,마취통증의학과,0
고성군,2014,2/4,2014.2/4,마취통증의학과,0
고성군,2014,3/4,2014.3/4,마취통증의학과,0
고성군,2014,4/4,2014.4/4,마취통증의학과,0
고성군,2015,1/4,2015.1/4,마취통증의학과,0
고성군,2015,2/4,2015.2/4,마취통증의학과,0
고성군,2015,3/4,2015.3/4,마취통증의학과,0
고성군,2015,4/4,2015.4/4,마취통증의학과,0
고성군,2016,1/4,2016.1/4,마취통증의학과,0
고성군,2016,2/4,2016.2/4,마취통증의학과,0
고성군,2016,3/4,2016.3/4,마취통증의학과,0
고성군,2016,4/4,2016.4/4,마취통증의학과,0
고성군,2017,1/4,2017.1/4,마취통증의학과,0
고성군,2017,2/4,2017.2/4,마취통증의학과,0
고성군,2017,3/4,2017.3/4,마취통증의학과,0
고성군,2017,4/4,2017.4/4,마취통증의학과,0
고성군,2018,1/4,2018.1/4,마취통증의학과,0
고성군,2018,2/4,2018.2/4,마취통증의학과,0
고성군,2018,3/4,2018.3/4,마취통증의학과,0
고성군,2018,4/4,2018.4/4,마취통증의학과,0
고성군,2019,1/4,2019.1/4,마취통증의학과,0
고성군,2019,2/4,2019.2/4,마취통증의학과,0
고성군,2019,3/4,2019.3/4,마취통증의학과,0
고성군,2019,4/4,2019.4/4,마취통증의학과,0
고성군,2020,1/4,2020.1/4,마취통증의학과,0
고성군,2020,2/4,2020.2/4,마취통증의학과,0
고성군,2020,3/4,2020.3/4,마취통증의학과,0
고성군,2020,4/4,2020.4/4,마취통증의학과,0
고성군,2021,1/4,2021.1/4,마취통증의학과,0
고성군,2021,2/4,2021.2/4,마취통증의학과,0
고성군,2021,3/4,2021.3/4,마취통증의학과,0
고성군,2021,4/4,2021.4/4,마취통증의학과,0
고성군,2022,1/4,2022.1/4,마취통증의학과,0
고성군,2022,2/4,2022.2/4,마취통증의학과,0
고성군,2022,3/4,2022.3/4,마취통증의학과,0
고성군,2022,4/4,2022.4/4,마취통증의학과,0
고성군,2023,1/4,2023.1/4,마취통증의학과,0
고성군,2023,2/4,2023.2/4,마취통증의학과,0
고성군,2023,3/4,2023.3/4,마취통증의학과,0
고성군,2023,4/4,2023.4/4,마취통증의학과,0
고성군,2024,1/4,2024.1/4,마취통증의학과,0
고성군,2024,2/4,2024.2/4,마취통증의학과,0
고성군,2024,3/4,2024.3/4,마취통증의학과,0
고성군,2024,4/4,2024.4/4,마취통증의학과,0
고성군,2025,1/4,2025.1/4,마취통증의학과,0
고성군,2025,2/4,2025.2/4,마취통증의학과,0
고성군,2025,3/4,2025.3/4,마취통증의학과,0
고성군,2025,4/4,2025.4/4,마취통증의학과,0
고성군,2009,1/4,2009.1/4,방사선종양학과,1
고성군,2009,2/4,2009.2/4,방사선종양학과,1
고성군,2009,3/4,2009.3/4,방사선종양학과,1
고성군,2009,4/4,2009.4/4,방사선종양학과,1
고성군,2010,1/4,2010.1/4,방사선종양학과,1
고성군,2010,2/4,2010.2/4,방사선종양학과,1
고성군,2010,3/4,2010.3/4,방사선종양학과,1
고성군,2010,4/4,2010.4/4,방사선종양학과,1
고성군,2011,1/4,2011.1/4,방사선종양학과,1
고성군,2011,2/4,2011.2/4,방사선종양학과,0
고성군,2011,3/4,2011.3/4,방사선종양학과,0
고성군,2011,4/4,2011.4/4,방사선종양학과,0
고성군,2012,1/4,2012.1/4,방사선종양학과,0
고성군,2012,2/4,2012.2/4,방사선종양학과,0
고성군,2012,3/4,2012.3/4,방사선종양학과,0
고성군,2012,4/4,2012.4/4,방사선종양학과,0
고성군,2013,1/4,2013.1/4,방사선종양학과,0
고성군,2013,2/4,2013.2/4,방사선종양학과,0
고성군,2013,3/4,2013.3/4,방사선종양학과,0
고성군,2013,4/4,2013.4/4,방사선종양학과,0
고성군,2014,1/4,2014.1/4,방사선종양학과,0
고성군,2014,2/4,2014.2/4,방사선종양학과,0
고성군,2014,3/4,2014.3/4,방사선종양학과,0
고성군,2014,4/4,2014.4/4,방사선종양학과,0
고성군,2015,1/4,2015.1/4,방사선종양학과,0
고성군,2015,2/4,2015.2/4,방사선종양학과,0
고성군,2015,3/4,2015.3/4,방사선종양학과,0
고성군,2015,4/4,2015.4/4,방사선종양학과,0
고성군,2016,1/4,2016.1/4,방사선종양학과,0
고성군,2016,2/4,2016.2/4,방사선종양학과,0
고성군,2016,3/4,2016.3/4,방사선종양학과,0
고성군,2016,4/4,2016.4/4,방사선종양학과,0
고성군,2017,1/4,2017.1/4,방사선종양학과,0
고성군,2017,2/4,2017.2/4,방사선종양학과,0
고성군,2017,3/4,2017.3/4,방사선종양학과,0
고성군,2017,4/4,2017.4/4,방사선종양학과,0
고성군,2018,1/4,2018.1/4,방사선종양학과,0
고성군,2018,2/4,2018.2/4,방사선종양학과,0
고성군,2018,3/4,2018.3/4,방사선종양학과,0
고성군,2018,4/4,2018.4/4,방사선종양학과,0
고성군,2019,1/4,2019.1/4,방사선종양학과,0
고성군,2019,2/4,2019.2/4,방사선종양학과,0
고성군,2019,3/4,2019.3/4,방사선종양학과,0
고성군,2019,4/4,2019.4/4,방사선종양학과,0
고성군,2020,1/4,2020.1/4,방사선종양학과,0
고성군,2020,2/4,2020.2/4,방사선종양학과,0
고성군,2020,3/4,2020.3/4,방사선종양학과,0
고성군,2020,4/4,2020.4/4,방사선종양학과,0
고성군,2021,1/4,2021.1/4,방사선종양학과,0
고성군,2021,2/4,2021.2/4,방사선종양학과,0
고성군,2021,3/4,2021.3/4,방사선종양학과,0
고성군,2021,4/4,2021.4/4,방사선종양학과,0
고성군,2022,1/4,2022.1/4,방사선종양학과,0
고성군,2022,2/4,2022.2/4,방사선종양학과,1
고성군,2022,3/4,2022.3/4,방사선종양학과,1
고성군,2022,4/4,2022.4/4,방사선종양학과,1
고성군,2023,1/4,2023.1/4,방사선종양학과,1
고성군,2023,2/4,2023.2/4,방사선종양학과,1
고성군,2023,3/4,2023.3/4,방사선종양학과,1
고성군,2023,4/4,2023.4/4,방사선종양학과,1
고성군,2024,1/4,2024.1/4,방사선종양학과,0
고성군,2024,2/4,2024.2/4,방사선종양학과,0
고성군,2024,3/4,2024.3/4,방사선종양학과,0
고성군,2024,4/4,2024.4/4,방사선종양학과,0
고성군,2025,1/4,2025.1/4,방사선종양학과,0
고성군,2025,2/4,2025.2/4,방사선종양학과,0
고성군,2025,3/4,2025.3/4,방사선종양학과,0
고성군,2025,4/4,2025.4/4,방사선종양학과,0
고성군,2009,1/4,2009.1/4,병리과,0
고성군,2009,2/4,2009.2/4,병리과,0
고성군,2009,3/4,2009.3/4,병리과,0
고성군,2009,4/4,2009.4/4,병리과,0
고성군,2010,1/4,2010.1/4,병리과,0
고성군,2010,2/4,2010.2/4,병리과,0
고성군,2010,3/4,2010.3/4,병리과,0
고성군,2010,4/4,2010.4/4,병리과,0
고성군,2011,1/4,2011.1/4,병리과,0
고성군,2011,2/4,2011.2/4,병리과,0
고성군,2011,3/4,2011.3/4,병리과,0
고성군,2011,4/4,2011.4/4,병리과,0
고성군,2012,1/4,2012.1/4,병리과,0
고성군,2012,2/4,2012.2/4,병리과,0
고성군,2012,3/4,2012.3/4,병리과,0
고성군,2012,4/4,2012.4/4,병리과,0
고성군,2013,1/4,2013.1/4,병리과,0
고성군,2013,2/4,2013.2/4,병리과,0
고성군,2013,3/4,2013.3/4,병리과,0
고성군,2013,4/4,2013.4/4,병리과,0
고성군,2014,1/4,2014.1/4,병리과,0
고성군,2014,2/4,2014.2/4,병리과,0
고성군,2014,3/4,2014.3/4,병리과,0
고성군,2014,4/4,2014.4/4,병리과,0
고성군,2015,1/4,2015.1/4,병리과,0
고성군,2015,2/4,2015.2/4,병리과,0
고성군,2015,3/4,2015.3/4,병리과,0
고성군,2015,4/4,2015.4/4,병리과,0
고성군,2016,1/4,2016.1/4,병리과,0
고성군,2016,2/4,2016.2/4,병리과,0
고성군,2016,3/4,2016.3/4,병리과,0
고성군,2016,4/4,2016.4/4,병리과,0
고성군,2017,1/4,2017.1/4,병리과,0
고성군,2017,2/4,2017.2/4,병리과,0
고성군,2017,3/4,2017.3/4,병리과,0
고성군,2017,4/4,2017.4/4,병리과,0
고성군,2018,1/4,2018.1/4,병리과,0
고성군,2018,2/4,2018.2/4,병리과,0
고성군,2018,3/4,2018.3/4,병리과,0
고성군,2018,4/4,2018.4/4,병리과,0
고성군,2019,1/4,2019.1/4,병리과,0
고성군,2019,2/4,2019.2/4,병리과,0
고성군,2019,3/4,2019.3/4,병리과,0
고성군,2019,4/4,2019.4/4,병리과,0
고성군,2020,1/4,2020.1/4,병리과,0
고성군,2020,2/4,2020.2/4,병리과,0
고성군,2020,3/4,2020.3/4,병리과,0
고성군,2020,4/4,2020.4/4,병리과,0
고성군,2021,1/4,2021.1/4,병리과,0
고성군,2021,2/4,2021.2/4,병리과,0
고성군,2021,3/4,2021.3/4,병리과,0
고성군,2021,4/4,2021.4/4,병리과,0
고성군,2022,1/4,2022.1/4,병리과,0
고성군,2022,2/4,2022.2/4,병리과,0
고성군,2022,3/4,2022.3/4,병리과,0
고성군,2022,4/4,2022.4/4,병리과,0
고성군,2023,1/4,2023.1/4,병리과,0
고성군,2023,2/4,2023.2/4,병리과,0
고성군,2023,3/4,2023.3/4,병리과,0
고성군,2023,4/4,2023.4/4,병리과,0
고성군,2024,1/4,2024.1/4,병리과,0
고성군,2024,2/4,2024.2/4,병리과,0
고성군,2024,3/4,2024.3/4,병리과,0
고성군,2024,4/4,2024.4/4,병리과,0
고성군,2025,1/4,2025.1/4,병리과,0
고성군,2025,2/4,2025.2/4,병리과,0
고성군,2025,3/4,2025.3/4,병리과,0
고성군,2025,4/4,2025.4/4,병리과,0
고성군,2009,1/4,2009.1/4,비뇨의학과,1
고성군,2009,2/4,2009.2/4,비뇨의학과,0
고성군,2009,3/4,2009.3/4,비뇨의학과,0
고성군,2009,4/4,2009.4/4,비뇨의학과,0
고성군,2010,1/4,2010.1/4,비뇨의학과,0
고성군,2010,2/4,2010.2/4,비뇨의학과,0
고성군,2010,3/4,2010.3/4,비뇨의학과,0
고성군,2010,4/4,2010.4/4,비뇨의학과,0
고성군,2011,1/4,2011.1/4,비뇨의학과,0
고성군,2011,2/4,2011.2/4,비뇨의학과,0
고성군,2011,3/4,2011.3/4,비뇨의학과,0
고성군,2011,4/4,2011.4/4,비뇨의학과,0
고성군,2012,1/4,2012.1/4,비뇨의학과,0
고성군,2012,2/4,2012.2/4,비뇨의학과,0
고성군,2012,3/4,2012.3/4,비뇨의학과,0
고성군,2012,4/4,2012.4/4,비뇨의학과,0
고성군,2013,1/4,2013.1/4,비뇨의학과,0
고성군,2013,2/4,2013.2/4,비뇨의학과,0
고성군,2013,3/4,2013.3/4,비뇨의학과,0
고성군,2013,4/4,2013.4/4,비뇨의학과,0
고성군,2014,1/4,2014.1/4,비뇨의학과,0
고성군,2014,2/4,2014.2/4,비뇨의학과,0
고성군,2014,3/4,2014.3/4,비뇨의학과,0
고성군,2014,4/4,2014.4/4,비뇨의학과,0
고성군,2015,1/4,2015.1/4,비뇨의학과,0
고성군,2015,2/4,2015.2/4,비뇨의학과,0
고성군,2015,3/4,2015.3/4,비뇨의학과,0
고성군,2015,4/4,2015.4/4,비뇨의학과,0
고성군,2016,1/4,2016.1/4,비뇨의학과,0
고성군,2016,2/4,2016.2/4,비뇨의학과,0
고성군,2016,3/4,2016.3/4,비뇨의학과,0
고성군,2016,4/4,2016.4/4,비뇨의학과,0
고성군,2017,1/4,2017.1/4,비뇨의학과,0
고성군,2017,2/4,2017.2/4,비뇨의학과,0
고성군,2017,3/4,2017.3/4,비뇨의학과,0
고성군,2017,4/4,2017.4/4,비뇨의학과,0
고성군,2018,1/4,2018.1/4,비뇨의학과,0
고성군,2018,2/4,2018.2/4,비뇨의학과,0
고성군,2018,3/4,2018.3/4,비뇨의학과,0
고성군,2018,4/4,2018.4/4,비뇨의학과,0
고성군,2019,1/4,2019.1/4,비뇨의학과,0
고성군,2019,2/4,2019.2/4,비뇨의학과,0
고성군,2019,3/4,2019.3/4,비뇨의학과,0
고성군,2019,4/4,2019.4/4,비뇨의학과,0
고성군,2020,1/4,2020.1/4,비뇨의학과,0
고성군,2020,2/4,2020.2/4,비뇨의학과,0
고성군,2020,3/4,2020.3/4,비뇨의학과,0
고성군,2020,4/4,2020.4/4,비뇨의학과,0
고성군,2021,1/4,2021.1/4,비뇨의학과,0
고성군,2021,2/4,2021.2/4,비뇨의학과,0
고성군,2021,3/4,2021.3/4,비뇨의학과,0
고성군,2021,4/4,2021.4/4,비뇨의학과,0
고성군,2022,1/4,2022.1/4,비뇨의학과,0
고성군,2022,2/4,2022.2/4,비뇨의학과,0
고성군,2022,3/4,2022.3/4,비뇨의학과,0
고성군,2022,4/4,2022.4/4,비뇨의학과,0
고성군,2023,1/4,2023.1/4,비뇨의학과,0
고성군,2023,2/4,2023.2/4,비뇨의학과,0
고성군,2023,3/4,2023.3/4,비뇨의학과,0
고성군,2023,4/4,2023.4/4,비뇨의학과,0
고성군,2024,1/4,2024.1/4,비뇨의학과,0
고성군,2024,2/4,2024.2/4,비뇨의학과,0
고성군,2024,3/4,2024.3/4,비뇨의학과,0
고성군,2024,4/4,2024.4/4,비뇨의학과,0
고성군,2025,1/4,2025.1/4,비뇨의학과,0
고성군,2025,2/4,2025.2/4,비뇨의학과,0
고성군,2025,3/4,2025.3/4,비뇨의학과,0
고성군,2025,4/4,2025.4/4,비뇨의학과,0
고성군,2009,1/4,2009.1/4,산부인과,0
고성군,2009,2/4,2009.2/4,산부인과,1
고성군,2009,3/4,2009.3/4,산부인과,1
고성군,2009,4/4,2009.4/4,산부인과,1
고성군,2010,1/4,2010.1/4,산부인과,1
고성군,2010,2/4,2010.2/4,산부인과,1
고성군,2010,3/4,2010.3/4,산부인과,1
고성군,2010,4/4,2010.4/4,산부인과,1
고성군,2011,1/4,2011.1/4,산부인과,1
고성군,2011,2/4,2011.2/4,산부인과,1
고성군,2011,3/4,2011.3/4,산부인과,1
고성군,2011,4/4,2011.4/4,산부인과,1
고성군,2012,1/4,2012.1/4,산부인과,1
고성군,2012,2/4,2012.2/4,산부인과,0
고성군,2012,3/4,2012.3/4,산부인과,0
고성군,2012,4/4,2012.4/4,산부인과,0
고성군,2013,1/4,2013.1/4,산부인과,0
고성군,2013,2/4,2013.2/4,산부인과,0
고성군,2013,3/4,2013.3/4,산부인과,0
고성군,2013,4/4,2013.4/4,산부인과,0
고성군,2014,1/4,2014.1/4,산부인과,0
고성군,2014,2/4,2014.2/4,산부인과,0
고성군,2014,3/4,2014.3/4,산부인과,0
고성군,2014,4/4,2014.4/4,산부인과,0
고성군,2015,1/4,2015.1/4,산부인과,0
고성군,2015,2/4,2015.2/4,산부인과,0
고성군,2015,3/4,2015.3/4,산부인과,0
고성군,2015,4/4,2015.4/4,산부인과,0
고성군,2016,1/4,2016.1/4,산부인과,0
고성군,2016,2/4,2016.2/4,산부인과,0
고성군,2016,3/4,2016.3/4,산부인과,0
고성군,2016,4/4,2016.4/4,산부인과,0
고성군,2017,1/4,2017.1/4,산부인과,0
고성군,2017,2/4,2017.2/4,산부인과,0
고성군,2017,3/4,2017.3/4,산부인과,0
고성군,2017,4/4,2017.4/4,산부인과,0
고성군,2018,1/4,2018.1/4,산부인과,0
고성군,2018,2/4,2018.2/4,산부인과,0
고성군,2018,3/4,2018.3/4,산부인과,0
고성군,2018,4/4,2018.4/4,산부인과,0
고성군,2019,1/4,2019.1/4,산부인과,0
고성군,2019,2/4,2019.2/4,산부인과,0
고성군,2019,3/4,2019.3/4,산부인과,0
고성군,2019,4/4,2019.4/4,산부인과,0
고성군,2020,1/4,2020.1/4,산부인과,0
고성군,2020,2/4,2020.2/4,산부인과,0
고성군,2020,3/4,2020.3/4,산부인과,0
고성군,2020,4/4,2020.4/4,산부인과,0
고성군,2021,1/4,2021.1/4,산부인과,0
고성군,2021,2/4,2021.2/4,산부인과,0
고성군,2021,3/4,2021.3/4,산부인과,0
고성군,2021,4/4,2021.4/4,산부인과,0
고성군,2022,1/4,2022.1/4,산부인과,0
고성군,2022,2/4,2022.2/4,산부인과,0
고성군,2022,3/4,2022.3/4,산부인과,0
고성군,2022,4/4,2022.4/4,산부인과,0
고성군,2023,1/4,2023.1/4,산부인과,0
고성군,2023,2/4,2023.2/4,산부인과,0
고성군,2023,3/4,2023.3/4,산부인과,0
고성군,2023,4/4,2023.4/4,산부인과,0
고성군,2024,1/4,2024.1/4,산부인과,0
고성군,2024,2/4,2024.2/4,산부인과,0
고성군,2024,3/4,2024.3/4,산부인과,0
고성군,2024,4/4,2024.4/4,산부인과,0
고성군,2025,1/4,2025.1/4,산부인과,0
고성군,2025,2/4,2025.2/4,산부인과,0
고성군,2025,3/4,2025.3/4,산부인과,0
고성군,2025,4/4,2025.4/4,산부인과,0
고성군,2009,1/4,2009.1/4,성형외과,0
고성군,2009,2/4,2009.2/4,성형외과,0
고성군,2009,3/4,2009.3/4,성형외과,0
고성군,2009,4/4,2009.4/4,성형외과,0
고성군,2010,1/4,2010.1/4,성형외과,0
고성군,2010,2/4,2010.2/4,성형외과,0
고성군,2010,3/4,2010.3/4,성형외과,0
고성군,2010,4/4,2010.4/4,성형외과,0
고성군,2011,1/4,2011.1/4,성형외과,0
고성군,2011,2/4,2011.2/4,성형외과,0
고성군,2011,3/4,2011.3/4,성형외과,0
고성군,2011,4/4,2011.4/4,성형외과,0
고성군,2012,1/4,2012.1/4,성형외과,0
고성군,2012,2/4,2012.2/4,성형외과,0
고성군,2012,3/4,2012.3/4,성형외과,0
고성군,2012,4/4,2012.4/4,성형외과,0
고성군,2013,1/4,2013.1/4,성형외과,0
고성군,2013,2/4,2013.2/4,성형외과,0
고성군,2013,3/4,2013.3/4,성형외과,0
고성군,2013,4/4,2013.4/4,성형외과,0
고성군,2014,1/4,2014.1/4,성형외과,0
고성군,2014,2/4,2014.2/4,성형외과,0
고성군,2014,3/4,2014.3/4,성형외과,0
고성군,2014,4/4,2014.4/4,성형외과,0
고성군,2015,1/4,2015.1/4,성형외과,0
고성군,2015,2/4,2015.2/4,성형외과,0
고성군,2015,3/4,2015.3/4,성형외과,0
고성군,2015,4/4,2015.4/4,성형외과,0
고성군,2016,1/4,2016.1/4,성형외과,0
고성군,2016,2/4,2016.2/4,성형외과,0
고성군,2016,3/4,2016.3/4,성형외과,0
고성군,2016,4/4,2016.4/4,성형외과,0
고성군,2017,1/4,2017.1/4,성형외과,0
고성군,2017,2/4,2017.2/4,성형외과,0
고성군,2017,3/4,2017.3/4,성형외과,0
고성군,2017,4/4,2017.4/4,성형외과,0
고성군,2018,1/4,2018.1/4,성형외과,0
고성군,2018,2/4,2018.2/4,성형외과,0
고성군,2018,3/4,2018.3/4,성형외과,0
고성군,2018,4/4,2018.4/4,성형외과,0
고성군,2019,1/4,2019.1/4,성형외과,0
고성군,2019,2/4,2019.2/4,성형외과,0
고성군,2019,3/4,2019.3/4,성형외과,0
고성군,2019,4/4,2019.4/4,성형외과,0
고성군,2020,1/4,2020.1/4,성형외과,0
고성군,2020,2/4,2020.2/4,성형외과,0
고성군,2020,3/4,2020.3/4,성형외과,0
고성군,2020,4/4,2020.4/4,성형외과,0
고성군,2021,1/4,2021.1/4,성형외과,0
고성군,2021,2/4,2021.2/4,성형외과,0
고성군,2021,3/4,2021.3/4,성형외과,0
고성군,2021,4/4,2021.4/4,성형외과,0
고성군,2022,1/4,2022.1/4,성형외과,0
고성군,2022,2/4,2022.2/4,성형외과,0
고성군,2022,3/4,2022.3/4,성형외과,0
고성군,2022,4/4,2022.4/4,성형외과,0
고성군,2023,1/4,2023.1/4,성형외과,0
고성군,2023,2/4,2023.2/4,성형외과,0
고성군,2023,3/4,2023.3/4,성형외과,0
고성군,2023,4/4,2023.4/4,성형외과,0
고성군,2024,1/4,2024.1/4,성형외과,0
고성군,2024,2/4,2024.2/4,성형외과,0
고성군,2024,3/4,2024.3/4,성형외과,0
고성군,2024,4/4,2024.4/4,성형외과,0
고성군,2025,1/4,2025.1/4,성형외과,0
고성군,2025,2/4,2025.2/4,성형외과,0
고성군,2025,3/4,2025.3/4,성형외과,0
고성군,2025,4/4,2025.4/4,성형외과,0
고성군,2009,1/4,2009.1/4,소아청소년과,2
고성군,2009,2/4,2009.2/4,소아청소년과,2
고성군,2009,3/4,2009.3/4,소아청소년과,2
고성군,2009,4/4,2009.4/4,소아청소년과,2
고성군,2010,1/4,2010.1/4,소아청소년과,1
고성군,2010,2/4,2010.2/4,소아청소년과,1
고성군,2010,3/4,2010.3/4,소아청소년과,1
고성군,2010,4/4,2010.4/4,소아청소년과,1
고성군,2011,1/4,2011.1/4,소아청소년과,1
고성군,2011,2/4,2011.2/4,소아청소년과,1
고성군,2011,3/4,2011.3/4,소아청소년과,1
고성군,2011,4/4,2011.4/4,소아청소년과,1
고성군,2012,1/4,2012.1/4,소아청소년과,1
고성군,2012,2/4,2012.2/4,소아청소년과,1
고성군,2012,3/4,2012.3/4,소아청소년과,1
고성군,2012,4/4,2012.4/4,소아청소년과,1
고성군,2013,1/4,2013.1/4,소아청소년과,1
고성군,2013,2/4,2013.2/4,소아청소년과,2
고성군,2013,3/4,2013.3/4,소아청소년과,2
고성군,2013,4/4,2013.4/4,소아청소년과,2
고성군,2014,1/4,2014.1/4,소아청소년과,2
고성군,2014,2/4,2014.2/4,소아청소년과,2
고성군,2014,3/4,2014.3/4,소아청소년과,2
고성군,2014,4/4,2014.4/4,소아청소년과,2
고성군,2015,1/4,2015.1/4,소아청소년과,2
고성군,2015,2/4,2015.2/4,소아청소년과,2
고성군,2015,3/4,2015.3/4,소아청소년과,2
고성군,2015,4/4,2015.4/4,소아청소년과,2
고성군,2016,1/4,2016.1/4,소아청소년과,2
고성군,2016,2/4,2016.2/4,소아청소년과,1
고성군,2016,3/4,2016.3/4,소아청소년과,1
고성군,2016,4/4,2016.4/4,소아청소년과,1
고성군,2017,1/4,2017.1/4,소아청소년과,1
고성군,2017,2/4,2017.2/4,소아청소년과,1
고성군,2017,3/4,2017.3/4,소아청소년과,1
고성군,2017,4/4,2017.4/4,소아청소년과,1
고성군,2018,1/4,2018.1/4,소아청소년과,1
고성군,2018,2/4,2018.2/4,소아청소년과,1
고성군,2018,3/4,2018.3/4,소아청소년과,1
고성군,2018,4/4,2018.4/4,소아청소년과,1
고성군,2019,1/4,2019.1/4,소아청소년과,1
고성군,2019,2/4,2019.2/4,소아청소년과,1
고성군,2019,3/4,2019.3/4,소아청소년과,1
고성군,2019,4/4,2019.4/4,소아청소년과,1
고성군,2020,1/4,2020.1/4,소아청소년과,1
고성군,2020,2/4,2020.2/4,소아청소년과,1
고성군,2020,3/4,2020.3/4,소아청소년과,1
고성군,2020,4/4,2020.4/4,소아청소년과,1
고성군,2021,1/4,2021.1/4,소아청소년과,1
고성군,2021,2/4,2021.2/4,소아청소년과,1
고성군,2021,3/4,2021.3/4,소아청소년과,1
고성군,2021,4/4,2021.4/4,소아청소년과,1
고성군,2022,1/4,2022.1/4,소아청소년과,1
고성군,2022,2/4,2022.2/4,소아청소년과,1
고성군,2022,3/4,2022.3/4,소아청소년과,1
고성군,2022,4/4,2022.4/4,소아청소년과,1
고성군,2023,1/4,2023.1/4,소아청소년과,0
고성군,2023,2/4,2023.2/4,소아청소년과,0
고성군,2023,3/4,2023.3/4,소아청소년과,0
고성군,2023,4/4,2023.4/4,소아청소년과,0
고성군,2024,1/4,2024.1/4,소아청소년과,0
고성군,2024,2/4,2024.2/4,소아청소년과,0
고성군,2024,3/4,2024.3/4,소아청소년과,0
고성군,2024,4/4,2024.4/4,소아청소년과,0
고성군,2025,1/4,2025.1/4,소아청소년과,0
고성군,2025,2/4,2025.2/4,소아청소년과,0
고성군,2025,3/4,2025.3/4,소아청소년과,0
고성군,2025,4/4,2025.4/4,소아청소년과,0
고성군,2009,1/4,2009.1/4,신경과,0
고성군,2009,2/4,2009.2/4,신경과,0
고성군,2009,3/4,2009.3/4,신경과,0
고성군,2009,4/4,2009.4/4,신경과,0
고성군,2010,1/4,2010.1/4,신경과,0
고성군,2010,2/4,2010.2/4,신경과,0
고성군,2010,3/4,2010.3/4,신경과,0
고성군,2010,4/4,2010.4/4,신경과,0
고성군,2011,1/4,2011.1/4,신경과,0
고성군,2011,2/4,2011.2/4,신경과,0
고성군,2011,3/4,2011.3/4,신경과,0
고성군,2011,4/4,2011.4/4,신경과,0
고성군,2012,1/4,2012.1/4,신경과,0
고성군,2012,2/4,2012.2/4,신경과,0
고성군,2012,3/4,2012.3/4,신경과,0
고성군,2012,4/4,2012.4/4,신경과,0
고성군,2013,1/4,2013.1/4,신경과,0
고성군,2013,2/4,2013.2/4,신경과,0
고성군,2013,3/4,2013.3/4,신경과,0
고성군,2013,4/4,2013.4/4,신경과,0
고성군,2014,1/4,2014.1/4,신경과,0
고성군,2014,2/4,2014.2/4,신경과,0
고성군,2014,3/4,2014.3/4,신경과,0
고성군,2014,4/4,2014.4/4,신경과,0
고성군,2015,1/4,2015.1/4,신경과,0
고성군,2015,2/4,2015.2/4,신경과,0
고성군,2015,3/4,2015.3/4,신경과,0
고성군,2015,4/4,2015.4/4,신경과,0
고성군,2016,1/4,2016.1/4,신경과,0
고성군,2016,2/4,2016.2/4,신경과,0
고성군,2016,3/4,2016.3/4,신경과,0
고성군,2016,4/4,2016.4/4,신경과,0
고성군,2017,1/4,2017.1/4,신경과,0
고성군,2017,2/4,2017.2/4,신경과,0
고성군,2017,3/4,2017.3/4,신경과,0
고성군,2017,4/4,2017.4/4,신경과,0
고성군,2018,1/4,2018.1/4,신경과,0
고성군,2018,2/4,2018.2/4,신경과,0
고성군,2018,3/4,2018.3/4,신경과,0
고성군,2018,4/4,2018.4/4,신경과,0
고성군,2019,1/4,2019.1/4,신경과,0
고성군,2019,2/4,2019.2/4,신경과,0
고성군,2019,3/4,2019.3/4,신경과,0
고성군,2019,4/4,2019.4/4,신경과,0
고성군,2020,1/4,2020.1/4,신경과,0
고성군,2020,2/4,2020.2/4,신경과,0
고성군,2020,3/4,2020.3/4,신경과,0
고성군,2020,4/4,2020.4/4,신경과,0
고성군,2021,1/4,2021.1/4,신경과,0
고성군,2021,2/4,2021.2/4,신경과,0
고성군,2021,3/4,2021.3/4,신경과,0
고성군,2021,4/4,2021.4/4,신경과,0
고성군,2022,1/4,2022.1/4,신경과,0
고성군,2022,2/4,2022.2/4,신경과,0
고성군,2022,3/4,2022.3/4,신경과,0
고성군,2022,4/4,2022.4/4,신경과,0
고성군,2023,1/4,2023.1/4,신경과,0
고성군,2023,2/4,2023.2/4,신경과,0
고성군,2023,3/4,2023.3/4,신경과,0
고성군,2023,4/4,2023.4/4,신경과,0
고성군,2024,1/4,2024.1/4,신경과,0
고성군,2024,2/4,2024.2/4,신경과,0
고성군,2024,3/4,2024.3/4,신경과,0
고성군,2024,4/4,2024.4/4,신경과,0
고성군,2025,1/4,2025.1/4,신경과,0
고성군,2025,2/4,2025.2/4,신경과,0
고성군,2025,3/4,2025.3/4,신경과,0
고성군,2025,4/4,2025.4/4,신경과,0
고성군,2009,1/4,2009.1/4,신경외과,0
고성군,2009,2/4,2009.2/4,신경외과,0
고성군,2009,3/4,2009.3/4,신경외과,0
고성군,2009,4/4,2009.4/4,신경외과,0
고성군,2010,1/4,2010.1/4,신경외과,0
고성군,2010,2/4,2010.2/4,신경외과,0
고성군,2010,3/4,2010.3/4,신경외과,0
고성군,2010,4/4,2010.4/4,신경외과,0
고성군,2011,1/4,2011.1/4,신경외과,0
고성군,2011,2/4,2011.2/4,신경외과,0
고성군,2011,3/4,2011.3/4,신경외과,0
고성군,2011,4/4,2011.4/4,신경외과,0
고성군,2012,1/4,2012.1/4,신경외과,0
고성군,2012,2/4,2012.2/4,신경외과,0
고성군,2012,3/4,2012.3/4,신경외과,0
고성군,2012,4/4,2012.4/4,신경외과,0
고성군,2013,1/4,2013.1/4,신경외과,0
고성군,2013,2/4,2013.2/4,신경외과,0
고성군,2013,3/4,2013.3/4,신경외과,0
고성군,2013,4/4,2013.4/4,신경외과,0
고성군,2014,1/4,2014.1/4,신경외과,0
고성군,2014,2/4,2014.2/4,신경외과,0
고성군,2014,3/4,2014.3/4,신경외과,0
고성군,2014,4/4,2014.4/4,신경외과,0
고성군,2015,1/4,2015.1/4,신경외과,0
고성군,2015,2/4,2015.2/4,신경외과,0
고성군,2015,3/4,2015.3/4,신경외과,0
고성군,2015,4/4,2015.4/4,신경외과,0
고성군,2016,1/4,2016.1/4,신경외과,0
고성군,2016,2/4,2016.2/4,신경외과,0
고성군,2016,3/4,2016.3/4,신경외과,0
고성군,2016,4/4,2016.4/4,신경외과,0
고성군,2017,1/4,2017.1/4,신경외과,0
고성군,2017,2/4,2017.2/4,신경외과,0
고성군,2017,3/4,2017.3/4,신경외과,0
고성군,2017,4/4,2017.4/4,신경외과,0
고성군,2018,1/4,2018.1/4,신경외과,0
고성군,2018,2/4,2018.2/4,신경외과,0
고성군,2018,3/4,2018.3/4,신경외과,0
고성군,2018,4/4,2018.4/4,신경외과,0
고성군,2019,1/4,2019.1/4,신경외과,0
고성군,2019,2/4,2019.2/4,신경외과,0
고성군,2019,3/4,2019.3/4,신경외과,0
고성군,2019,4/4,2019.4/4,신경외과,0
고성군,2020,1/4,2020.1/4,신경외과,0
고성군,2020,2/4,2020.2/4,신경외과,0
고성군,2020,3/4,2020.3/4,신경외과,0
고성군,2020,4/4,2020.4/4,신경외과,0
고성군,2021,1/4,2021.1/4,신경외과,0
고성군,2021,2/4,2021.2/4,신경외과,0
고성군,2021,3/4,2021.3/4,신경외과,0
고성군,2021,4/4,2021.4/4,신경외과,0
고성군,2022,1/4,2022.1/4,신경외과,0
고성군,2022,2/4,2022.2/4,신경외과,0
고성군,2022,3/4,2022.3/4,신경외과,0
고성군,2022,4/4,2022.4/4,신경외과,0
고성군,2023,1/4,2023.1/4,신경외과,0
고성군,2023,2/4,2023.2/4,신경외과,0
고성군,2023,3/4,2023.3/4,신경외과,0
고성군,2023,4/4,2023.4/4,신경외과,0
고성군,2024,1/4,2024.1/4,신경외과,0
고성군,2024,2/4,2024.2/4,신경외과,0
고성군,2024,3/4,2024.3/4,신경외과,0
고성군,2024,4/4,2024.4/4,신경외과,0
고성군,2025,1/4,2025.1/4,신경외과,0
고성군,2025,2/4,2025.2/4,신경외과,0
고성군,2025,3/4,2025.3/4,신경외과,0
고성군,2025,4/4,2025.4/4,신경외과,0
고성군,2009,1/4,2009.1/4,심장혈관흉부외과,0
고성군,2009,2/4,2009.2/4,심장혈관흉부외과,0
고성군,2009,3/4,2009.3/4,심장혈관흉부외과,0
고성군,2009,4/4,2009.4/4,심장혈관흉부외과,0
고성군,2010,1/4,2010.1/4,심장혈관흉부외과,0
고성군,2010,2/4,2010.2/4,심장혈관흉부외과,0
고성군,2010,3/4,2010.3/4,심장혈관흉부외과,0
고성군,2010,4/4,2010.4/4,심장혈관흉부외과,0
고성군,2011,1/4,2011.1/4,심장혈관흉부외과,0
고성군,2011,2/4,2011.2/4,심장혈관흉부외과,0
고성군,2011,3/4,2011.3/4,심장혈관흉부외과,0
고성군,2011,4/4,2011.4/4,심장혈관흉부외과,0
고성군,2012,1/4,2012.1/4,심장혈관흉부외과,0
고성군,2012,2/4,2012.2/4,심장혈관흉부외과,0
고성군,2012,3/4,2012.3/4,심장혈관흉부외과,0
고성군,2012,4/4,2012.4/4,심장혈관흉부외과,0
고성군,2013,1/4,2013.1/4,심장혈관흉부외과,0
고성군,2013,2/4,2013.2/4,심장혈관흉부외과,0
고성군,2013,3/4,2013.3/4,심장혈관흉부외과,0
고성군,2013,4/4,2013.4/4,심장혈관흉부외과,0
고성군,2014,1/4,2014.1/4,심장혈관흉부외과,0
고성군,2014,2/4,2014.2/4,심장혈관흉부외과,0
고성군,2014,3/4,2014.3/4,심장혈관흉부외과,0
고성군,2014,4/4,2014.4/4,심장혈관흉부외과,0
고성군,2015,1/4,2015.1/4,심장혈관흉부외과,0
고성군,2015,2/4,2015.2/4,심장혈관흉부외과,0
고성군,2015,3/4,2015.3/4,심장혈관흉부외과,0
고성군,2015,4/4,2015.4/4,심장혈관흉부외과,0
고성군,2016,1/4,2016.1/4,심장혈관흉부외과,0
고성군,2016,2/4,2016.2/4,심장혈관흉부외과,0
고성군,2016,3/4,2016.3/4,심장혈관흉부외과,0
고성군,2016,4/4,2016.4/4,심장혈관흉부외과,0
고성군,2017,1/4,2017.1/4,심장혈관흉부외과,0
고성군,2017,2/4,2017.2/4,심장혈관흉부외과,0
고성군,2017,3/4,2017.3/4,심장혈관흉부외과,0
고성군,2017,4/4,2017.4/4,심장혈관흉부외과,0
고성군,2018,1/4,2018.1/4,심장혈관흉부외과,0
고성군,2018,2/4,2018.2/4,심장혈관흉부외과,0
고성군,2018,3/4,2018.3/4,심장혈관흉부외과,0
고성군,2018,4/4,2018.4/4,심장혈관흉부외과,0
고성군,2019,1/4,2019.1/4,심장혈관흉부외과,0
고성군,2019,2/4,2019.2/4,심장혈관흉부외과,0
고성군,2019,3/4,2019.3/4,심장혈관흉부외과,0
고성군,2019,4/4,2019.4/4,심장혈관흉부외과,0
고성군,2020,1/4,2020.1/4,심장혈관흉부외과,0
고성군,2020,2/4,2020.2/4,심장혈관흉부외과,0
고성군,2020,3/4,2020.3/4,심장혈관흉부외과,0
고성군,2020,4/4,2020.4/4,심장혈관흉부외과,0
고성군,2021,1/4,2021.1/4,심장혈관흉부외과,0
고성군,2021,2/4,2021.2/4,심장혈관흉부외과,0
고성군,2021,3/4,2021.3/4,심장혈관흉부외과,0
고성군,2021,4/4,2021.4/4,심장혈관흉부외과,0
고성군,2022,1/4,2022.1/4,심장혈관흉부외과,0
고성군,2022,2/4,2022.2/4,심장혈관흉부외과,1
고성군,2022,3/4,2022.3/4,심장혈관흉부외과,1
고성군,2022,4/4,2022.4/4,심장혈관흉부외과,1
고성군,2023,1/4,2023.1/4,심장혈관흉부외과,1
고성군,2023,2/4,2023.2/4,심장혈관흉부외과,1
고성군,2023,3/4,2023.3/4,심장혈관흉부외과,1
고성군,2023,4/4,2023.4/4,심장혈관흉부외과,1
고성군,2024,1/4,2024.1/4,심장혈관흉부외과,1
고성군,2024,2/4,2024.2/4,심장혈관흉부외과,1
고성군,2024,3/4,2024.3/4,심장혈관흉부외과,1
고성군,2024,4/4,2024.4/4,심장혈관흉부외과,1
고성군,2025,1/4,2025.1/4,심장혈관흉부외과,1
고성군,2025,2/4,2025.2/4,심장혈관흉부외과,1
고성군,2025,3/4,2025.3/4,심장혈관흉부외과,0
고성군,2025,4/4,2025.4/4,심장혈관흉부외과,0
고성군,2009,1/4,2009.1/4,안과,0
고성군,2009,2/4,2009.2/4,안과,0
고성군,2009,3/4,2009.3/4,안과,0
고성군,2009,4/4,2009.4/4,안과,0
고성군,2010,1/4,2010.1/4,안과,0
고성군,2010,2/4,2010.2/4,안과,0
고성군,2010,3/4,2010.3/4,안과,0
고성군,2010,4/4,2010.4/4,안과,0
고성군,2011,1/4,2011.1/4,안과,0
고성군,2011,2/4,2011.2/4,안과,0
고성군,2011,3/4,2011.3/4,안과,0
고성군,2011,4/4,2011.4/4,안과,0
고성군,2012,1/4,2012.1/4,안과,0
고성군,2012,2/4,2012.2/4,안과,0
고성군,2012,3/4,2012.3/4,안과,0
고성군,2012,4/4,2012.4/4,안과,0
고성군,2013,1/4,2013.1/4,안과,0
고성군,2013,2/4,2013.2/4,안과,0
고성군,2013,3/4,2013.3/4,안과,0
고성군,2013,4/4,2013.4/4,안과,0
고성군,2014,1/4,2014.1/4,안과,0
고성군,2014,2/4,2014.2/4,안과,0
고성군,2014,3/4,2014.3/4,안과,0
고성군,2014,4/4,2014.4/4,안과,0
고성군,2015,1/4,2015.1/4,안과,0
고성군,2015,2/4,2015.2/4,안과,1
고성군,2015,3/4,2015.3/4,안과,1
고성군,2015,4/4,2015.4/4,안과,1
고성군,2016,1/4,2016.1/4,안과,1
고성군,2016,2/4,2016.2/4,안과,1
고성군,2016,3/4,2016.3/4,안과,1
고성군,2016,4/4,2016.4/4,안과,1
고성군,2017,1/4,2017.1/4,안과,1
고성군,2017,2/4,2017.2/4,안과,1
고성군,2017,3/4,2017.3/4,안과,1
고성군,2017,4/4,2017.4/4,안과,1
고성군,2018,1/4,2018.1/4,안과,1
고성군,2018,2/4,2018.2/4,안과,1
고성군,2018,3/4,2018.3/4,안과,1
고성군,2018,4/4,2018.4/4,안과,1
고성군,2019,1/4,2019.1/4,안과,1
고성군,2019,2/4,2019.2/4,안과,1
고성군,2019,3/4,2019.3/4,안과,1
고성군,2019,4/4,2019.4/4,안과,1
고성군,2020,1/4,2020.1/4,안과,1
고성군,2020,2/4,2020.2/4,안과,1
고성군,2020,3/4,2020.3/4,안과,1
고성군,2020,4/4,2020.4/4,안과,1
고성군,2021,1/4,2021.1/4,안과,1
고성군,2021,2/4,2021.2/4,안과,1
고성군,2021,3/4,2021.3/4,안과,1
고성군,2021,4/4,2021.4/4,안과,1
고성군,2022,1/4,2022.1/4,안과,1
고성군,2022,2/4,2022.2/4,안과,1
고성군,2022,3/4,2022.3/4,안과,1
고성군,2022,4/4,2022.4/4,안과,1
고성군,2023,1/4,2023.1/4,안과,1
고성군,2023,2/4,2023.2/4,안과,0
고성군,2023,3/4,2023.3/4,안과,0
고성군,2023,4/4,2023.4/4,안과,0
고성군,2024,1/4,2024.1/4,안과,0
고성군,2024,2/4,2024.2/4,안과,0
고성군,2024,3/4,2024.3/4,안과,0
고성군,2024,4/4,2024.4/4,안과,0
고성군,2025,1/4,2025.1/4,안과,0
고성군,2025,2/4,2025.2/4,안과,0
고성군,2025,3/4,2025.3/4,안과,0
고성군,2025,4/4,2025.4/4,안과,0
고성군,2009,1/4,2009.1/4,영상의학과,1
고성군,2009,2/4,2009.2/4,영상의학과,1
고성군,2009,3/4,2009.3/4,영상의학과,1
고성군,2009,4/4,2009.4/4,영상의학과,1
고성군,2010,1/4,2010.1/4,영상의학과,1
고성군,2010,2/4,2010.2/4,영상의학과,1
고성군,2010,3/4,2010.3/4,영상의학과,1
고성군,2010,4/4,2010.4/4,영상의학과,1
고성군,2011,1/4,2011.1/4,영상의학과,1
고성군,2011,2/4,2011.2/4,영상의학과,1
고성군,2011,3/4,2011.3/4,영상의학과,1
고성군,2011,4/4,2011.4/4,영상의학과,1
고성군,2012,1/4,2012.1/4,영상의학과,1
고성군,2012,2/4,2012.2/4,영상의학과,1
고성군,2012,3/4,2012.3/4,영상의학과,1
고성군,2012,4/4,2012.4/4,영상의학과,1
고성군,2013,1/4,2013.1/4,영상의학과,1
고성군,2013,2/4,2013.2/4,영상의학과,1
고성군,2013,3/4,2013.3/4,영상의학과,1
고성군,2013,4/4,2013.4/4,영상의학과,1
고성군,2014,1/4,2014.1/4,영상의학과,1
고성군,2014,2/4,2014.2/4,영상의학과,1
고성군,2014,3/4,2014.3/4,영상의학과,1
고성군,2014,4/4,2014.4/4,영상의학과,1
고성군,2015,1/4,2015.1/4,영상의학과,1
고성군,2015,2/4,2015.2/4,영상의학과,2
고성군,2015,3/4,2015.3/4,영상의학과,2
고성군,2015,4/4,2015.4/4,영상의학과,2
고성군,2016,1/4,2016.1/4,영상의학과,2
고성군,2016,2/4,2016.2/4,영상의학과,2
고성군,2016,3/4,2016.3/4,영상의학과,2
고성군,2016,4/4,2016.4/4,영상의학과,2
고성군,2017,1/4,2017.1/4,영상의학과,2
고성군,2017,2/4,2017.2/4,영상의학과,2
고성군,2017,3/4,2017.3/4,영상의학과,2
고성군,2017,4/4,2017.4/4,영상의학과,2
고성군,2018,1/4,2018.1/4,영상의학과,2
고성군,2018,2/4,2018.2/4,영상의학과,1
고성군,2018,3/4,2018.3/4,영상의학과,1
고성군,2018,4/4,2018.4/4,영상의학과,1
고성군,2019,1/4,2019.1/4,영상의학과,1
고성군,2019,2/4,2019.2/4,영상의학과,1
고성군,2019,3/4,2019.3/4,영상의학과,1
고성군,2019,4/4,2019.4/4,영상의학과,1
고성군,2020,1/4,2020.1/4,영상의학과,1
고성군,2020,2/4,2020.2/4,영상의학과,1
고성군,2020,3/4,2020.3/4,영상의학과,1
고성군,2020,4/4,2020.4/4,영상의학과,1
고성군,2021,1/4,2021.1/4,영상의학과,1
고성군,2021,2/4,2021.2/4,영상의학과,1
고성군,2021,3/4,2021.3/4,영상의학과,1
고성군,2021,4/4,2021.4/4,영상의학과,1
고성군,2022,1/4,2022.1/4,영상의학과,1
고성군,2022,2/4,2022.2/4,영상의학과,1
고성군,2022,3/4,2022.3/4,영상의학과,1
고성군,2022,4/4,2022.4/4,영상의학과,1
고성군,2023,1/4,2023.1/4,영상의학과,1
고성군,2023,2/4,2023.2/4,영상의학과,1
고성군,2023,3/4,2023.3/4,영상의학과,1
고성군,2023,4/4,2023.4/4,영상의학과,0
고성군,2024,1/4,2024.1/4,영상의학과,1
고성군,2024,2/4,2024.2/4,영상의학과,1
고성군,2024,3/4,2024.3/4,영상의학과,1
고성군,2024,4/4,2024.4/4,영상의학과,1
고성군,2025,1/4,2025.1/4,영상의학과,1
고성군,2025,2/4,2025.2/4,영상의학과,1
고성군,2025,3/4,2025.3/4,영상의학과,1
고성군,2025,4/4,2025.4/4,영상의학과,1
고성군,2009,1/4,2009.1/4,예방의학과,0
고성군,2009,2/4,2009.2/4,예방의학과,0
고성군,2009,3/4,2009.3/4,예방의학과,0
고성군,2009,4/4,2009.4/4,예방의학과,0
고성군,2010,1/4,2010.1/4,예방의학과,0
고성군,2010,2/4,2010.2/4,예방의학과,0
고성군,2010,3/4,2010.3/4,예방의학과,0
고성군,2010,4/4,2010.4/4,예방의학과,0
고성군,2011,1/4,2011.1/4,예방의학과,0
고성군,2011,2/4,2011.2/4,예방의학과,0
고성군,2011,3/4,2011.3/4,예방의학과,0
고성군,2011,4/4,2011.4/4,예방의학과,0
고성군,2012,1/4,2012.1/4,예방의학과,0
고성군,2012,2/4,2012.2/4,예방의학과,0
고성군,2012,3/4,2012.3/4,예방의학과,0
고성군,2012,4/4,2012.4/4,예방의학과,0
고성군,2013,1/4,2013.1/4,예방의학과,0
고성군,2013,2/4,2013.2/4,예방의학과,0
고성군,2013,3/4,2013.3/4,예방의학과,0
고성군,2013,4/4,2013.4/4,예방의학과,0
고성군,2014,1/4,2014.1/4,예방의학과,0
고성군,2014,2/4,2014.2/4,예방의학과,0
고성군,2014,3/4,2014.3/4,예방의학과,0
고성군,2014,4/4,2014.4/4,예방의학과,0
고성군,2015,1/4,2015.1/4,예방의학과,0
고성군,2015,2/4,2015.2/4,예방의학과,0
고성군,2015,3/4,2015.3/4,예방의학과,0
고성군,2015,4/4,2015.4/4,예방의학과,0
고성군,2016,1/4,2016.1/4,예방의학과,0
고성군,2016,2/4,2016.2/4,예방의학과,0
고성군,2016,3/4,2016.3/4,예방의학과,0
고성군,2016,4/4,2016.4/4,예방의학과,0
고성군,2017,1/4,2017.1/4,예방의학과,0
고성군,2017,2/4,2017.2/4,예방의학과,0
고성군,2017,3/4,2017.3/4,예방의학과,0
고성군,2017,4/4,2017.4/4,예방의학과,0
고성군,2018,1/4,2018.1/4,예방의학과,0
고성군,2018,2/4,2018.2/4,예방의학과,0
고성군,2018,3/4,2018.3/4,예방의학과,0
고성군,2018,4/4,2018.4/4,예방의학과,0
고성군,2019,1/4,2019.1/4,예방의학과,0
고성군,2019,2/4,2019.2/4,예방의학과,0
고성군,2019,3/4,2019.3/4,예방의학과,0
고성군,2019,4/4,2019.4/4,예방의학과,0
고성군,2020,1/4,2020.1/4,예방의학과,0
고성군,2020,2/4,2020.2/4,예방의학과,0
고성군,2020,3/4,2020.3/4,예방의학과,0
고성군,2020,4/4,2020.4/4,예방의학과,0
고성군,2021,1/4,2021.1/4,예방의학과,0
고성군,2021,2/4,2021.2/4,예방의학과,0
고성군,2021,3/4,2021.3/4,예방의학과,0
고성군,2021,4/4,2021.4/4,예방의학과,0
고성군,2022,1/4,2022.1/4,예방의학과,0
고성군,2022,2/4,2022.2/4,예방의학과,0
고성군,2022,3/4,2022.3/4,예방의학과,0
고성군,2022,4/4,2022.4/4,예방의학과,0
고성군,2023,1/4,2023.1/4,예방의학과,0
고성군,2023,2/4,2023.2/4,예방의학과,0
고성군,2023,3/4,2023.3/4,예방의학과,0
고성군,2023,4/4,2023.4/4,예방의학과,0
고성군,2024,1/4,2024.1/4,예방의학과,0
고성군,2024,2/4,2024.2/4,예방의학과,0
고성군,2024,3/4,2024.3/4,예방의학과,0
고성군,2024,4/4,2024.4/4,예방의학과,0
고성군,2025,1/4,2025.1/4,예방의학과,0
고성군,2025,2/4,2025.2/4,예방의학과,0
고성군,2025,3/4,2025.3/4,예방의학과,0
고성군,2025,4/4,2025.4/4,예방의학과,0
고성군,2009,1/4,2009.1/4,외과,2
고성군,2009,2/4,2009.2/4,외과,2
고성군,2009,3/4,2009.3/4,외과,2
고성군,2009,4/4,2009.4/4,외과,2
고성군,2010,1/4,2010.1/4,외과,2
고성군,2010,2/4,2010.2/4,외과,2
고성군,2010,3/4,2010.3/4,외과,2
고성군,2010,4/4,2010.4/4,외과,2
고성군,2011,1/4,2011.1/4,외과,2
고성군,2011,2/4,2011.2/4,외과,2
고성군,2011,3/4,2011.3/4,외과,2
고성군,2011,4/4,2011.4/4,외과,2
고성군,2012,1/4,2012.1/4,외과,2
고성군,2012,2/4,2012.2/4,외과,2
고성군,2012,3/4,2012.3/4,외과,2
고성군,2012,4/4,2012.4/4,외과,2
고성군,2013,1/4,2013.1/4,외과,2
고성군,2013,2/4,2013.2/4,외과,3
고성군,2013,3/4,2013.3/4,외과,3
고성군,2013,4/4,2013.4/4,외과,3
고성군,2014,1/4,2014.1/4,외과,2
고성군,2014,2/4,2014.2/4,외과,2
고성군,2014,3/4,2014.3/4,외과,2
고성군,2014,4/4,2014.4/4,외과,2
고성군,2015,1/4,2015.1/4,외과,2
고성군,2015,2/4,2015.2/4,외과,2
고성군,2015,3/4,2015.3/4,외과,2
고성군,2015,4/4,2015.4/4,외과,2
고성군,2016,1/4,2016.1/4,외과,2
고성군,2016,2/4,2016.2/4,외과,2
고성군,2016,3/4,2016.3/4,외과,2
고성군,2016,4/4,2016.4/4,외과,2
고성군,2017,1/4,2017.1/4,외과,2
고성군,2017,2/4,2017.2/4,외과,2
고성군,2017,3/4,2017.3/4,외과,2
고성군,2017,4/4,2017.4/4,외과,2
고성군,2018,1/4,2018.1/4,외과,2
고성군,2018,2/4,2018.2/4,외과,2
고성군,2018,3/4,2018.3/4,외과,2
고성군,2018,4/4,2018.4/4,외과,2
고성군,2019,1/4,2019.1/4,외과,2
고성군,2019,2/4,2019.2/4,외과,2
고성군,2019,3/4,2019.3/4,외과,2
고성군,2019,4/4,2019.4/4,외과,2
고성군,2020,1/4,2020.1/4,외과,2
고성군,2020,2/4,2020.2/4,외과,2
고성군,2020,3/4,2020.3/4,외과,2
고성군,2020,4/4,2020.4/4,외과,2
고성군,2021,1/4,2021.1/4,외과,2
고성군,2021,2/4,2021.2/4,외과,2
고성군,2021,3/4,2021.3/4,외과,2
고성군,2021,4/4,2021.4/4,외과,2
고성군,2022,1/4,2022.1/4,외과,2
고성군,2022,2/4,2022.2/4,외과,2
고성군,2022,3/4,2022.3/4,외과,2
고성군,2022,4/4,2022.4/4,외과,2
고성군,2023,1/4,2023.1/4,외과,2
고성군,2023,2/4,2023.2/4,외과,2
고성군,2023,3/4,2023.3/4,외과,2
고성군,2023,4/4,2023.4/4,외과,2
고성군,2024,1/4,2024.1/4,외과,2
고성군,2024,2/4,2024.2/4,외과,2
고성군,2024,3/4,2024.3/4,외과,2
고성군,2024,4/4,2024.4/4,외과,2
고성군,2025,1/4,2025.1/4,외과,2
고성군,2025,2/4,2025.2/4,외과,2
고성군,2025,3/4,2025.3/4,외과,2
고성군,2025,4/4,2025.4/4,외과,2
고성군,2009,1/4,2009.1/4,응급의학과,0
고성군,2009,2/4,2009.2/4,응급의학과,0
고성군,2009,3/4,2009.3/4,응급의학과,0
고성군,2009,4/4,2009.4/4,응급의학과,0
고성군,2010,1/4,2010.1/4,응급의학과,0
고성군,2010,2/4,2010.2/4,응급의학과,0
고성군,2010,3/4,2010.3/4,응급의학과,0
고성군,2010,4/4,2010.4/4,응급의학과,0
고성군,2011,1/4,2011.1/4,응급의학과,0
고성군,2011,2/4,2011.2/4,응급의학과,0
고성군,2011,3/4,2011.3/4,응급의학과,0
고성군,2011,4/4,2011.4/4,응급의학과,0
고성군,2012,1/4,2012.1/4,응급의학과,0
고성군,2012,2/4,2012.2/4,응급의학과,0
고성군,2012,3/4,2012.3/4,응급의학과,0
고성군,2012,4/4,2012.4/4,응급의학과,0
고성군,2013,1/4,2013.1/4,응급의학과,0
고성군,2013,2/4,2013.2/4,응급의학과,0
고성군,2013,3/4,2013.3/4,응급의학과,0
고성군,2013,4/4,2013.4/4,응급의학과,0
고성군,2014,1/4,2014.1/4,응급의학과,0
고성군,2014,2/4,2014.2/4,응급의학과,0
고성군,2014,3/4,2014.3/4,응급의학과,0
고성군,2014,4/4,2014.4/4,응급의학과,0
고성군,2015,1/4,2015.1/4,응급의학과,0
고성군,2015,2/4,2015.2/4,응급의학과,0
고성군,2015,3/4,2015.3/4,응급의학과,0
고성군,2015,4/4,2015.4/4,응급의학과,0
고성군,2016,1/4,2016.1/4,응급의학과,0
고성군,2016,2/4,2016.2/4,응급의학과,0
고성군,2016,3/4,2016.3/4,응급의학과,0
고성군,2016,4/4,2016.4/4,응급의학과,0
고성군,2017,1/4,2017.1/4,응급의학과,0
고성군,2017,2/4,2017.2/4,응급의학과,0
고성군,2017,3/4,2017.3/4,응급의학과,0
고성군,2017,4/4,2017.4/4,응급의학과,0
고성군,2018,1/4,2018.1/4,응급의학과,0
고성군,2018,2/4,2018.2/4,응급의학과,0
고성군,2018,3/4,2018.3/4,응급의학과,0
고성군,2018,4/4,2018.4/4,응급의학과,0
고성군,2019,1/4,2019.1/4,응급의학과,0
고성군,2019,2/4,2019.2/4,응급의학과,0
고성군,2019,3/4,2019.3/4,응급의학과,0
고성군,2019,4/4,2019.4/4,응급의학과,0
고성군,2020,1/4,2020.1/4,응급의학과,0
고성군,2020,2/4,2020.2/4,응급의학과,0
고성군,2020,3/4,2020.3/4,응급의학과,0
고성군,2020,4/4,2020.4/4,응급의학과,0
고성군,2021,1/4,2021.1/4,응급의학과,0
고성군,2021,2/4,2021.2/4,응급의학과,0
고성군,2021,3/4,2021.3/4,응급의학과,0
고성군,2021,4/4,2021.4/4,응급의학과,0
고성군,2022,1/4,2022.1/4,응급의학과,0
고성군,2022,2/4,2022.2/4,응급의학과,0
고성군,2022,3/4,2022.3/4,응급의학과,0
고성군,2022,4/4,2022.4/4,응급의학과,0
고성군,2023,1/4,2023.1/4,응급의학과,0
고성군,2023,2/4,2023.2/4,응급의학과,0
고성군,2023,3/4,2023.3/4,응급의학과,0
고성군,2023,4/4,2023.4/4,응급의학과,0
고성군,2024,1/4,2024.1/4,응급의학과,0
고성군,2024,2/4,2024.2/4,응급의학과,0
고성군,2024,3/4,2024.3/4,응급의학과,0
고성군,2024,4/4,2024.4/4,응급의학과,0
고성군,2025,1/4,2025.1/4,응급의학과,0
고성군,2025,2/4,2025.2/4,응급의학과,0
고성군,2025,3/4,2025.3/4,응급의학과,0
고성군,2025,4/4,2025.4/4,응급의학과,0
고성군,2009,1/4,2009.1/4,이비인후과,0
고성군,2009,2/4,2009.2/4,이비인후과,0
고성군,2009,3/4,2009.3/4,이비인후과,0
고성군,2009,4/4,2009.4/4,이비인후과,0
고성군,2010,1/4,2010.1/4,이비인후과,0
고성군,2010,2/4,2010.2/4,이비인후과,0
고성군,2010,3/4,2010.3/4,이비인후과,0
고성군,2010,4/4,2010.4/4,이비인후과,0
고성군,2011,1/4,2011.1/4,이비인후과,0
고성군,2011,2/4,2011.2/4,이비인후과,0
고성군,2011,3/4,2011.3/4,이비인후과,0
고성군,2011,4/4,2011.4/4,이비인후과,0
고성군,2012,1/4,2012.1/4,이비인후과,0
고성군,2012,2/4,2012.2/4,이비인후과,0
고성군,2012,3/4,2012.3/4,이비인후과,0
고성군,2012,4/4,2012.4/4,이비인후과,0
고성군,2013,1/4,2013.1/4,이비인후과,0
고성군,2013,2/4,2013.2/4,이비인후과,0
고성군,2013,3/4,2013.3/4,이비인후과,0
고성군,2013,4/4,2013.4/4,이비인후과,0
고성군,2014,1/4,2014.1/4,이비인후과,0
고성군,2014,2/4,2014.2/4,이비인후과,0
고성군,2014,3/4,2014.3/4,이비인후과,0
고성군,2014,4/4,2014.4/4,이비인후과,0
고성군,2015,1/4,2015.1/4,이비인후과,0
고성군,2015,2/4,2015.2/4,이비인후과,0
고성군,2015,3/4,2015.3/4,이비인후과,0
고성군,2015,4/4,2015.4/4,이비인후과,0
고성군,2016,1/4,2016.1/4,이비인후과,0
고성군,2016,2/4,2016.2/4,이비인후과,0
고성군,2016,3/4,2016.3/4,이비인후과,0
고성군,2016,4/4,2016.4/4,이비인후과,0
고성군,2017,1/4,2017.1/4,이비인후과,0
고성군,2017,2/4,2017.2/4,이비인후과,0
고성군,2017,3/4,2017.3/4,이비인후과,0
고성군,2017,4/4,2017.4/4,이비인후과,0
고성군,2018,1/4,2018.1/4,이비인후과,0
고성군,2018,2/4,2018.2/4,이비인후과,0
고성군,2018,3/4,2018.3/4,이비인후과,0
고성군,2018,4/4,2018.4/4,이비인후과,0
고성군,2019,1/4,2019.1/4,이비인후과,0
고성군,2019,2/4,2019.2/4,이비인후과,0
고성군,2019,3/4,2019.3/4,이비인후과,0
고성군,2019,4/4,2019.4/4,이비인후과,0
고성군,2020,1/4,2020.1/4,이비인후과,0
고성군,2020,2/4,2020.2/4,이비인후과,0
고성군,2020,3/4,2020.3/4,이비인후과,0
고성군,2020,4/4,2020.4/4,이비인후과,0
고성군,2021,1/4,2021.1/4,이비인후과,0
고성군,2021,2/4,2021.2/4,이비인후과,0
고성군,2021,3/4,2021.3/4,이비인후과,0
고성군,2021,4/4,2021.4/4,이비인후과,0
고성군,2022,1/4,2022.1/4,이비인후과,0
고성군,2022,2/4,2022.2/4,이비인후과,0
고성군,2022,3/4,2022.3/4,이비인후과,0
고성군,2022,4/4,2022.4/4,이비인후과,0
고성군,2023,1/4,2023.1/4,이비인후과,0
고성군,2023,2/4,2023.2/4,이비인후과,0
고성군,2023,3/4,2023.3/4,이비인후과,0
고성군,2023,4/4,2023.4/4,이비인후과,0
고성군,2024,1/4,2024.1/4,이비인후과,0
고성군,2024,2/4,2024.2/4,이비인후과,0
고성군,2024,3/4,2024.3/4,이비인후과,0
고성군,2024,4/4,2024.4/4,이비인후과,0
고성군,2025,1/4,2025.1/4,이비인후과,0
고성군,2025,2/4,2025.2/4,이비인후과,0
고성군,2025,3/4,2025.3/4,이비인후과,0
고성군,2025,4/4,2025.4/4,이비인후과,0
고성군,2009,1/4,2009.1/4,재활의학과,0
고성군,2009,2/4,2009.2/4,재활의학과,0
고성군,2009,3/4,2009.3/4,재활의학과,0
고성군,2009,4/4,2009.4/4,재활의학과,0
고성군,2010,1/4,2010.1/4,재활의학과,0
고성군,2010,2/4,2010.2/4,재활의학과,0
고성군,2010,3/4,2010.3/4,재활의학과,0
고성군,2010,4/4,2010.4/4,재활의학과,0
고성군,2011,1/4,2011.1/4,재활의학과,0
고성군,2011,2/4,2011.2/4,재활의학과,0
고성군,2011,3/4,2011.3/4,재활의학과,0
고성군,2011,4/4,2011.4/4,재활의학과,0
고성군,2012,1/4,2012.1/4,재활의학과,0
고성군,2012,2/4,2012.2/4,재활의학과,0
고성군,2012,3/4,2012.3/4,재활의학과,0
고성군,2012,4/4,2012.4/4,재활의학과,0
고성군,2013,1/4,2013.1/4,재활의학과,0
고성군,2013,2/4,2013.2/4,재활의학과,0
고성군,2013,3/4,2013.3/4,재활의학과,0
고성군,2013,4/4,2013.4/4,재활의학과,0
고성군,2014,1/4,2014.1/4,재활의학과,0
고성군,2014,2/4,2014.2/4,재활의학과,0
고성군,2014,3/4,2014.3/4,재활의학과,0
고성군,2014,4/4,2014.4/4,재활의학과,0
고성군,2015,1/4,2015.1/4,재활의학과,0
고성군,2015,2/4,2015.2/4,재활의학과,0
고성군,2015,3/4,2015.3/4,재활의학과,0
고성군,2015,4/4,2015.4/4,재활의학과,0
고성군,2016,1/4,2016.1/4,재활의학과,0
고성군,2016,2/4,2016.2/4,재활의학과,0
고성군,2016,3/4,2016.3/4,재활의학과,0
고성군,2016,4/4,2016.4/4,재활의학과,0
고성군,2017,1/4,2017.1/4,재활의학과,0
고성군,2017,2/4,2017.2/4,재활의학과,0
고성군,2017,3/4,2017.3/4,재활의학과,0
고성군,2017,4/4,2017.4/4,재활의학과,0
고성군,2018,1/4,2018.1/4,재활의학과,0
고성군,2018,2/4,2018.2/4,재활의학과,0
고성군,2018,3/4,2018.3/4,재활의학과,0
고성군,2018,4/4,2018.4/4,재활의학과,0
고성군,2019,1/4,2019.1/4,재활의학과,0
고성군,2019,2/4,2019.2/4,재활의학과,0
고성군,2019,3/4,2019.3/4,재활의학과,0
고성군,2019,4/4,2019.4/4,재활의학과,0
고성군,2020,1/4,2020.1/4,재활의학과,0
고성군,2020,2/4,2020.2/4,재활의학과,0
고성군,2020,3/4,2020.3/4,재활의학과,0
고성군,2020,4/4,2020.4/4,재활의학과,0
고성군,2021,1/4,2021.1/4,재활의학과,0
고성군,2021,2/4,2021.2/4,재활의학과,0
고성군,2021,3/4,2021.3/4,재활의학과,0
고성군,2021,4/4,2021.4/4,재활의학과,0
고성군,2022,1/4,2022.1/4,재활의학과,0
고성군,2022,2/4,2022.2/4,재활의학과,0
고성군,2022,3/4,2022.3/4,재활의학과,0
고성군,2022,4/4,2022.4/4,재활의학과,0
고성군,2023,1/4,2023.1/4,재활의학과,0
고성군,2023,2/4,2023.2/4,재활의학과,0
고성군,2023,3/4,2023.3/4,재활의학과,0
고성군,2023,4/4,2023.4/4,재활의학과,0
고성군,2024,1/4,2024.1/4,재활의학과,0
고성군,2024,2/4,2024.2/4,재활의학과,0
고성군,2024,3/4,2024.3/4,재활의학과,0
고성군,2024,4/4,2024.4/4,재활의학과,0
고성군,2025,1/4,2025.1/4,재활의학과,0
고성군,2025,2/4,2025.2/4,재활의학과,0
고성군,2025,3/4,2025.3/4,재활의학과,1
고성군,2025,4/4,2025.4/4,재활의학과,1
고성군,2009,1/4,2009.1/4,정신건강의학과,0
고성군,2009,2/4,2009.2/4,정신건강의학과,0
고성군,2009,3/4,2009.3/4,정신건강의학과,0
고성군,2009,4/4,2009.4/4,정신건강의학과,0
고성군,2010,1/4,2010.1/4,정신건강의학과,0
고성군,2010,2/4,2010.2/4,정신건강의학과,0
고성군,2010,3/4,2010.3/4,정신건강의학과,0
고성군,2010,4/4,2010.4/4,정신건강의학과,0
고성군,2011,1/4,2011.1/4,정신건강의학과,0
고성군,2011,2/4,2011.2/4,정신건강의학과,0
고성군,2011,3/4,2011.3/4,정신건강의학과,0
고성군,2011,4/4,2011.4/4,정신건강의학과,0
고성군,2012,1/4,2012.1/4,정신건강의학과,0
고성군,2012,2/4,2012.2/4,정신건강의학과,0
고성군,2012,3/4,2012.3/4,정신건강의학과,0
고성군,2012,4/4,2012.4/4,정신건강의학과,0
고성군,2013,1/4,2013.1/4,정신건강의학과,0
고성군,2013,2/4,2013.2/4,정신건강의학과,0
고성군,2013,3/4,2013.3/4,정신건강의학과,0
고성군,2013,4/4,2013.4/4,정신건강의학과,0
고성군,2014,1/4,2014.1/4,정신건강의학과,0
고성군,2014,2/4,2014.2/4,정신건강의학과,0
고성군,2014,3/4,2014.3/4,정신건강의학과,0
고성군,2014,4/4,2014.4/4,정신건강의학과,0
고성군,2015,1/4,2015.1/4,정신건강의학과,0
고성군,2015,2/4,2015.2/4,정신건강의학과,0
고성군,2015,3/4,2015.3/4,정신건강의학과,0
고성군,2015,4/4,2015.4/4,정신건강의학과,0
고성군,2016,1/4,2016.1/4,정신건강의학과,0
고성군,2016,2/4,2016.2/4,정신건강의학과,0
고성군,2016,3/4,2016.3/4,정신건강의학과,0
고성군,2016,4/4,2016.4/4,정신건강의학과,0
고성군,2017,1/4,2017.1/4,정신건강의학과,0
고성군,2017,2/4,2017.2/4,정신건강의학과,0
고성군,2017,3/4,2017.3/4,정신건강의학과,0
고성군,2017,4/4,2017.4/4,정신건강의학과,0
고성군,2018,1/4,2018.1/4,정신건강의학과,0
고성군,2018,2/4,2018.2/4,정신건강의학과,0
고성군,2018,3/4,2018.3/4,정신건강의학과,0
고성군,2018,4/4,2018.4/4,정신건강의학과,0
고성군,2019,1/4,2019.1/4,정신건강의학과,0
고성군,2019,2/4,2019.2/4,정신건강의학과,0
고성군,2019,3/4,2019.3/4,정신건강의학과,0
고성군,2019,4/4,2019.4/4,정신건강의학과,0
고성군,2020,1/4,2020.1/4,정신건강의학과,0
고성군,2020,2/4,2020.2/4,정신건강의학과,0
고성군,2020,3/4,2020.3/4,정신건강의학과,0
고성군,2020,4/4,2020.4/4,정신건강의학과,0
고성군,2021,1/4,2021.1/4,정신건강의학과,0
고성군,2021,2/4,2021.2/4,정신건강의학과,0
고성군,2021,3/4,2021.3/4,정신건강의학과,0
고성군,2021,4/4,2021.4/4,정신건강의학과,0
고성군,2022,1/4,2022.1/4,정신건강의학과,0
고성군,2022,2/4,2022.2/4,정신건강의학과,0
고성군,2022,3/4,2022.3/4,정신건강의학과,0
고성군,2022,4/4,2022.4/4,정신건강의학과,0
고성군,2023,1/4,2023.1/4,정신건강의학과,0
고성군,2023,2/4,2023.2/4,정신건강의학과,0
고성군,2023,3/4,2023.3/4,정신건강의학과,0
고성군,2023,4/4,2023.4/4,정신건강의학과,0
고성군,2024,1/4,2024.1/4,정신건강의학과,0
고성군,2024,2/4,2024.2/4,정신건강의학과,0
고성군,2024,3/4,2024.3/4,정신건강의학과,0
고성군,2024,4/4,2024.4/4,정신건강의학과,0
고성군,2025,1/4,2025.1/4,정신건강의학과,0
고성군,2025,2/4,2025.2/4,정신건강의학과,0
고성군,2025,3/4,2025.3/4,정신건강의학과,0
고성군,2025,4/4,2025.4/4,정신건강의학과,0
고성군,2009,1/4,2009.1/4,정형외과,1
고성군,2009,2/4,2009.2/4,정형외과,1
고성군,2009,3/4,2009.3/4,정형외과,1
고성군,2009,4/4,2009.4/4,정형외과,1
고성군,2010,1/4,2010.1/4,정형외과,1
고성군,2010,2/4,2010.2/4,정형외과,1
고성군,2010,3/4,2010.3/4,정형외과,1
고성군,2010,4/4,2010.4/4,정형외과,1
고성군,2011,1/4,2011.1/4,정형외과,1
고성군,2011,2/4,2011.2/4,정형외과,1
고성군,2011,3/4,2011.3/4,정형외과,1
고성군,2011,4/4,2011.4/4,정형외과,1
고성군,2012,1/4,2012.1/4,정형외과,1
고성군,2012,2/4,2012.2/4,정형외과,1
고성군,2012,3/4,2012.3/4,정형외과,0
고성군,2012,4/4,2012.4/4,정형외과,0
고성군,2013,1/4,2013.1/4,정형외과,0
고성군,2013,2/4,2013.2/4,정형외과,0
고성군,2013,3/4,2013.3/4,정형외과,0
고성군,2013,4/4,2013.4/4,정형외과,0
고성군,2014,1/4,2014.1/4,정형외과,0
고성군,2014,2/4,2014.2/4,정형외과,0
고성군,2014,3/4,2014.3/4,정형외과,1
고성군,2014,4/4,2014.4/4,정형외과,1
고성군,2015,1/4,2015.1/4,정형외과,1
고성군,2015,2/4,2015.2/4,정형외과,1
고성군,2015,3/4,2015.3/4,정형외과,1
고성군,2015,4/4,2015.4/4,정형외과,1
고성군,2016,1/4,2016.1/4,정형외과,1
고성군,2016,2/4,2016.2/4,정형외과,1
고성군,2016,3/4,2016.3/4,정형외과,1
고성군,2016,4/4,2016.4/4,정형외과,1
고성군,2017,1/4,2017.1/4,정형외과,1
고성군,2017,2/4,2017.2/4,정형외과,1
고성군,2017,3/4,2017.3/4,정형외과,1
고성군,2017,4/4,2017.4/4,정형외과,1
고성군,2018,1/4,2018.1/4,정형외과,1
고성군,2018,2/4,2018.2/4,정형외과,1
고성군,2018,3/4,2018.3/4,정형외과,1
고성군,2018,4/4,2018.4/4,정형외과,0
고성군,2019,1/4,2019.1/4,정형외과,0
고성군,2019,2/4,2019.2/4,정형외과,0
고성군,2019,3/4,2019.3/4,정형외과,0
고성군,2019,4/4,2019.4/4,정형외과,0
고성군,2020,1/4,2020.1/4,정형외과,0
고성군,2020,2/4,2020.2/4,정형외과,0
고성군,2020,3/4,2020.3/4,정형외과,0
고성군,2020,4/4,2020.4/4,정형외과,0
고성군,2021,1/4,2021.1/4,정형외과,0
고성군,2021,2/4,2021.2/4,정형외과,0
고성군,2021,3/4,2021.3/4,정형외과,0
고성군,2021,4/4,2021.4/4,정형외과,0
고성군,2022,1/4,2022.1/4,정형외과,0
고성군,2022,2/4,2022.2/4,정형외과,0
고성군,2022,3/4,2022.3/4,정형외과,0
고성군,2022,4/4,2022.4/4,정형외과,0
고성군,2023,1/4,2023.1/4,정형외과,0
고성군,2023,2/4,2023.2/4,정형외과,0
고성군,2023,3/4,2023.3/4,정형외과,0
고성군,2023,4/4,2023.4/4,정형외과,0
고성군,2024,1/4,2024.1/4,정형외과,0
고성군,2024,2/4,2024.2/4,정형외과,0
고성군,2024,3/4,2024.3/4,정형외과,0
고성군,2024,4/4,2024.4/4,정형외과,0
고성군,2025,1/4,2025.1/4,정형외과,0
고성군,2025,2/4,2025.2/4,정형외과,0
고성군,2025,3/4,2025.3/4,정형외과,0
고성군,2025,4/4,2025.4/4,정형외과,0
고성군,2009,1/4,2009.1/4,직업환경의학과,0
고성군,2009,2/4,2009.2/4,직업환경의학과,0
고성군,2009,3/4,2009.3/4,직업환경의학과,0
고성군,2009,4/4,2009.4/4,직업환경의학과,0
고성군,2010,1/4,2010.1/4,직업환경의학과,0
고성군,2010,2/4,2010.2/4,직업환경의학과,0
고성군,2010,3/4,2010.3/4,직업환경의학과,0
고성군,2010,4/4,2010.4/4,직업환경의학과,0
고성군,2011,1/4,2011.1/4,직업환경의학과,0
고성군,2011,2/4,2011.2/4,직업환경의학과,0
고성군,2011,3/4,2011.3/4,직업환경의학과,0
고성군,2011,4/4,2011.4/4,직업환경의학과,0
고성군,2012,1/4,2012.1/4,직업환경의학과,0
고성군,2012,2/4,2012.2/4,직업환경의학과,0
고성군,2012,3/4,2012.3/4,직업환경의학과,0
고성군,2012,4/4,2012.4/4,직업환경의학과,0
고성군,2013,1/4,2013.1/4,직업환경의학과,0
고성군,2013,2/4,2013.2/4,직업환경의학과,0
고성군,2013,3/4,2013.3/4,직업환경의학과,0
고성군,2013,4/4,2013.4/4,직업환경의학과,0
고성군,2014,1/4,2014.1/4,직업환경의학과,0
고성군,2014,2/4,2014.2/4,직업환경의학과,0
고성군,2014,3/4,2014.3/4,직업환경의학과,0
고성군,2014,4/4,2014.4/4,직업환경의학과,0
고성군,2015,1/4,2015.1/4,직업환경의학과,0
고성군,2015,2/4,2015.2/4,직업환경의학과,0
고성군,2015,3/4,2015.3/4,직업환경의학과,0
고성군,2015,4/4,2015.4/4,직업환경의학과,0
고성군,2016,1/4,2016.1/4,직업환경의학과,0
고성군,2016,2/4,2016.2/4,직업환경의학과,0
고성군,2016,3/4,2016.3/4,직업환경의학과,0
고성군,2016,4/4,2016.4/4,직업환경의학과,0
고성군,2017,1/4,2017.1/4,직업환경의학과,0
고성군,2017,2/4,2017.2/4,직업환경의학과,0
고성군,2017,3/4,2017.3/4,직업환경의학과,0
고성군,2017,4/4,2017.4/4,직업환경의학과,0
고성군,2018,1/4,2018.1/4,직업환경의학과,0
고성군,2018,2/4,2018.2/4,직업환경의학과,0
고성군,2018,3/4,2018.3/4,직업환경의학과,0
고성군,2018,4/4,2018.4/4,직업환경의학과,0
고성군,2019,1/4,2019.1/4,직업환경의학과,0
고성군,2019,2/4,2019.2/4,직업환경의학과,0
고성군,2019,3/4,2019.3/4,직업환경의학과,0
고성군,2019,4/4,2019.4/4,직업환경의학과,0
고성군,2020,1/4,2020.1/4,직업환경의학과,0
고성군,2020,2/4,2020.2/4,직업환경의학과,0
고성군,2020,3/4,2020.3/4,직업환경의학과,0
고성군,2020,4/4,2020.4/4,직업환경의학과,0
고성군,2021,1/4,2021.1/4,직업환경의학과,0
고성군,2021,2/4,2021.2/4,직업환경의학과,0
고성군,2021,3/4,2021.3/4,직업환경의학과,0
고성군,2021,4/4,2021.4/4,직업환경의학과,0
고성군,2022,1/4,2022.1/4,직업환경의학과,0
고성군,2022,2/4,2022.2/4,직업환경의학과,0
고성군,2022,3/4,2022.3/4,직업환경의학과,0
고성군,2022,4/4,2022.4/4,직업환경의학과,0
고성군,2023,1/4,2023.1/4,직업환경의학과,0
고성군,2023,2/4,2023.2/4,직업환경의학과,1
고성군,2023,3/4,2023.3/4,직업환경의학과,1
고성군,2023,4/4,2023.4/4,직업환경의학과,1
고성군,2024,1/4,2024.1/4,직업환경의학과,1
고성군,2024,2/4,2024.2/4,직업환경의학과,1
고성군,2024,3/4,2024.3/4,직업환경의학과,1
고성군,2024,4/4,2024.4/4,직업환경의학과,1
고성군,2025,1/4,2025.1/4,직업환경의학과,1
고성군,2025,2/4,2025.2/4,직업환경의학과,1
고성군,2025,3/4,2025.3/4,직업환경의학과,1
고성군,2025,4/4,2025.4/4,직업환경의학과,1
고성군,2009,1/4,2009.1/4,진단검사의학과,0
고성군,2009,2/4,2009.2/4,진단검사의학과,0
고성군,2009,3/4,2009.3/4,진단검사의학과,0
고성군,2009,4/4,2009.4/4,진단검사의학과,0
고성군,2010,1/4,2010.1/4,진단검사의학과,0
고성군,2010,2/4,2010.2/4,진단검사의학과,0
고성군,2010,3/4,2010.3/4,진단검사의학과,0
고성군,2010,4/4,2010.4/4,진단검사의학과,0
고성군,2011,1/4,2011.1/4,진단검사의학과,0
고성군,2011,2/4,2011.2/4,진단검사의학과,0
고성군,2011,3/4,2011.3/4,진단검사의학과,0
고성군,2011,4/4,2011.4/4,진단검사의학과,0
고성군,2012,1/4,2012.1/4,진단검사의학과,0
고성군,2012,2/4,2012.2/4,진단검사의학과,0
고성군,2012,3/4,2012.3/4,진단검사의학과,0
고성군,2012,4/4,2012.4/4,진단검사의학과,0
고성군,2013,1/4,2013.1/4,진단검사의학과,0
고성군,2013,2/4,2013.2/4,진단검사의학과,0
고성군,2013,3/4,2013.3/4,진단검사의학과,0
고성군,2013,4/4,2013.4/4,진단검사의학과,0
고성군,2014,1/4,2014.1/4,진단검사의학과,0
고성군,2014,2/4,2014.2/4,진단검사의학과,0
고성군,2014,3/4,2014.3/4,진단검사의학과,0
고성군,2014,4/4,2014.4/4,진단검사의학과,0
고성군,2015,1/4,2015.1/4,진단검사의학과,0
고성군,2015,2/4,2015.2/4,진단검사의학과,0
고성군,2015,3/4,2015.3/4,진단검사의학과,0
고성군,2015,4/4,2015.4/4,진단검사의학과,0
고성군,2016,1/4,2016.1/4,진단검사의학과,0
고성군,2016,2/4,2016.2/4,진단검사의학과,0
고성군,2016,3/4,2016.3/4,진단검사의학과,0
고성군,2016,4/4,2016.4/4,진단검사의학과,0
고성군,2017,1/4,2017.1/4,진단검사의학과,0
고성군,2017,2/4,2017.2/4,진단검사의학과,0
고성군,2017,3/4,2017.3/4,진단검사의학과,0
고성군,2017,4/4,2017.4/4,진단검사의학과,0
고성군,2018,1/4,2018.1/4,진단검사의학과,0
고성군,2018,2/4,2018.2/4,진단검사의학과,0
고성군,2018,3/4,2018.3/4,진단검사의학과,0
고성군,2018,4/4,2018.4/4,진단검사의학과,0
고성군,2019,1/4,2019.1/4,진단검사의학과,0
고성군,2019,2/4,2019.2/4,진단검사의학과,0
고성군,2019,3/4,2019.3/4,진단검사의학과,0
고성군,2019,4/4,2019.4/4,진단검사의학과,0
고성군,2020,1/4,2020.1/4,진단검사의학과,0
고성군,2020,2/4,2020.2/4,진단검사의학과,0
고성군,2020,3/4,2020.3/4,진단검사의학과,0
고성군,2020,4/4,2020.4/4,진단검사의학과,0
고성군,2021,1/4,2021.1/4,진단검사의학과,0
고성군,2021,2/4,2021.2/4,진단검사의학과,0
고성군,2021,3/4,2021.3/4,진단검사의학과,0
고성군,2021,4/4,2021.4/4,진단검사의학과,0
고성군,2022,1/4,2022.1/4,진단검사의학과,0
고성군,2022,2/4,2022.2/4,진단검사의학과,0
고성군,2022,3/4,2022.3/4,진단검사의학과,0
고성군,2022,4/4,2022.4/4,진단검사의학과,0
고성군,2023,1/4,2023.1/4,진단검사의학과,0
고성군,2023,2/4,2023.2/4,진단검사의학과,0
고성군,2023,3/4,2023.3/4,진단검사의학과,0
고성군,2023,4/4,2023.4/4,진단검사의학과,0
고성군,2024,1/4,2024.1/4,진단검사의학과,0
고성군,2024,2/4,2024.2/4,진단검사의학과,0
고성군,2024,3/4,2024.3/4,진단검사의학과,0
고성군,2024,4/4,2024.4/4,진단검사의학과,0
고성군,2025,1/4,2025.1/4,진단검사의학과,0
고성군,2025,2/4,2025.2/4,진단검사의학과,0
고성군,2025,3/4,2025.3/4,진단검사의학과,0
고성군,2025,4/4,2025.4/4,진단검사의학과,0
고성군,2009,1/4,2009.1/4,피부과,0
고성군,2009,2/4,2009.2/4,피부과,0
고성군,2009,3/4,2009.3/4,피부과,0
고성군,2009,4/4,2009.4/4,피부과,0
고성군,2010,1/4,2010.1/4,피부과,0
고성군,2010,2/4,2010.2/4,피부과,0
고성군,2010,3/4,2010.3/4,피부과,0
고성군,2010,4/4,2010.4/4,피부과,0
고성군,2011,1/4,2011.1/4,피부과,0
고성군,2011,2/4,2011.2/4,피부과,0
고성군,2011,3/4,2011.3/4,피부과,0
고성군,2011,4/4,2011.4/4,피부과,0
고성군,2012,1/4,2012.1/4,피부과,0
고성군,2012,2/4,2012.2/4,피부과,1
고성군,2012,3/4,2012.3/4,피부과,1
고성군,2012,4/4,2012.4/4,피부과,1
고성군,2013,1/4,2013.1/4,피부과,1
고성군,2013,2/4,2013.2/4,피부과,1
고성군,2013,3/4,2013.3/4,피부과,1
고성군,2013,4/4,2013.4/4,피부과,1
고성군,2014,1/4,2014.1/4,피부과,1
고성군,2014,2/4,2014.2/4,피부과,1
고성군,2014,3/4,2014.3/4,피부과,1
고성군,2014,4/4,2014.4/4,피부과,1
고성군,2015,1/4,2015.1/4,피부과,1
고성군,2015,2/4,2015.2/4,피부과,0
고성군,2015,3/4,2015.3/4,피부과,0
고성군,2015,4/4,2015.4/4,피부과,0
고성군,2016,1/4,2016.1/4,피부과,0
고성군,2016,2/4,2016.2/4,피부과,0
고성군,2016,3/4,2016.3/4,피부과,0
고성군,2016,4/4,2016.4/4,피부과,0
고성군,2017,1/4,2017.1/4,피부과,0
고성군,2017,2/4,2017.2/4,피부과,0
고성군,2017,3/4,2017.3/4,피부과,0
고성군,2017,4/4,2017.4/4,피부과,0
고성군,2018,1/4,2018.1/4,피부과,0
고성군,2018,2/4,2018.2/4,피부과,0
고성군,2018,3/4,2018.3/4,피부과,0
고성군,2018,4/4,2018.4/4,피부과,0
고성군,2019,1/4,2019.1/4,피부과,0
고성군,2019,2/4,2019.2/4,피부과,0
고성군,2019,3/4,2019.3/4,피부과,0
고성군,2019,4/4,2019.4/4,피부과,0
고성군,2020,1/4,2020.1/4,피부과,0
고성군,2020,2/4,2020.2/4,피부과,0
고성군,2020,3/4,2020.3/4,피부과,0
고성군,2020,4/4,2020.4/4,피부과,0
고성군,2021,1/4,2021.1/4,피부과,0
고성군,2021,2/4,2021.2/4,피부과,0
고성군,2021,3/4,2021.3/4,피부과,0
고성군,2021,4/4,2021.4/4,피부과,0
고성군,2022,1/4,2022.1/4,피부과,0
고성군,2022,2/4,2022.2/4,피부과,0
고성군,2022,3/4,2022.3/4,피부과,0
고성군,2022,4/4,2022.4/4,피부과,0
고성군,2023,1/4,2023.1/4,피부과,0
고성군,2023,2/4,2023.2/4,피부과,0
고성군,2023,3/4,2023.3/4,피부과,0
고성군,2023,4/4,2023.4/4,피부과,0
고성군,2024,1/4,2024.1/4,피부과,0
고성군,2024,2/4,2024.2/4,피부과,0
고성군,2024,3/4,2024.3/4,피부과,0
고성군,2024,4/4,2024.4/4,피부과,0
고성군,2025,1/4,2025.1/4,피부과,0
고성군,2025,2/4,2025.2/4,피부과,0
고성군,2025,3/4,2025.3/4,피부과,0
고성군,2025,4/4,2025.4/4,피부과,0
고성군,2009,1/4,2009.1/4,핵의학과,0
고성군,2009,2/4,2009.2/4,핵의학과,0
고성군,2009,3/4,2009.3/4,핵의학과,0
고성군,2009,4/4,2009.4/4,핵의학과,0
고성군,2010,1/4,2010.1/4,핵의학과,0
고성군,2010,2/4,2010.2/4,핵의학과,0
고성군,2010,3/4,2010.3/4,핵의학과,0
고성군,2010,4/4,2010.4/4,핵의학과,0
고성군,2011,1/4,2011.1/4,핵의학과,0
고성군,2011,2/4,2011.2/4,핵의학과,0
고성군,2011,3/4,2011.3/4,핵의학과,0
고성군,2011,4/4,2011.4/4,핵의학과,0
고성군,2012,1/4,2012.1/4,핵의학과,0
고성군,2012,2/4,2012.2/4,핵의학과,0
고성군,2012,3/4,2012.3/4,핵의학과,0
고성군,2012,4/4,2012.4/4,핵의학과,0
고성군,2013,1/4,2013.1/4,핵의학과,0
고성군,2013,2/4,2013.2/4,핵의학과,0
고성군,2013,3/4,2013.3/4,핵의학과,0
고성군,2013,4/4,2013.4/4,핵의학과,0
고성군,2014,1/4,2014.1/4,핵의학과,0
고성군,2014,2/4,2014.2/4,핵의학과,0
고성군,2014,3/4,2014.3/4,핵의학과,0
고성군,2014,4/4,2014.4/4,핵의학과,0
고성군,2015,1/4,2015.1/4,핵의학과,0
고성군,2015,2/4,2015.2/4,핵의학과,0
고성군,2015,3/4,2015.3/4,핵의학과,0
고성군,2015,4/4,2015.4/4,핵의학과,0
고성군,2016,1/4,2016.1/4,핵의학과,0
고성군,2016,2/4,2016.2/4,핵의학과,0
고성군,2016,3/4,2016.3/4,핵의학과,0
고성군,2016,4/4,2016.4/4,핵의학과,0
고성군,2017,1/4,2017.1/4,핵의학과,0
고성군,2017,2/4,2017.2/4,핵의학과,0
고성군,2017,3/4,2017.3/4,핵의학과,0
고성군,2017,4/4,2017.4/4,핵의학과,0
고성군,2018,1/4,2018.1/4,핵의학과,0
고성군,2018,2/4,2018.2/4,핵의학과,0
고성군,2018,3/4,2018.3/4,핵의학과,0
고성군,2018,4/4,2018.4/4,핵의학과,0
고성군,2019,1/4,2019.1/4,핵의학과,0
고성군,2019,2/4,2019.2/4,핵의학과,0
고성군,2019,3/4,2019.3/4,핵의학과,0
고성군,2019,4/4,2019.4/4,핵의학과,0
고성군,2020,1/4,2020.1/4,핵의학과,0
고성군,2020,2/4,2020.2/4,핵의학과,0
고성군,2020,3/4,2020.3/4,핵의학과,0
고성군,2020,4/4,2020.4/4,핵의학과,0
고성군,2021,1/4,2021.1/4,핵의학과,0
고성군,2021,2/4,2021.2/4,핵의학과,0
고성군,2021,3/4,2021.3/4,핵의학과,0
고성군,2021,4/4,2021.4/4,핵의학과,0
고성군,2022,1/4,2022.1/4,핵의학과,0
고성군,2022,2/4,2022.2/4,핵의학과,0
고성군,2022,3/4,2022.3/4,핵의학과,0
고성군,2022,4/4,2022.4/4,핵의학과,0
고성군,2023,1/4,2023.1/4,핵의학과,0
고성군,2023,2/4,2023.2/4,핵의학과,0
고성군,2023,3/4,2023.3/4,핵의학과,0
고성군,2023,4/4,2023.4/4,핵의학과,0
고성군,2024,1/4,2024.1/4,핵의학과,0
고성군,2024,2/4,2024.2/4,핵의학과,0
고성군,2024,3/4,2024.3/4,핵의학과,0
고성군,2024,4/4,2024.4/4,핵의학과,0
고성군,2025,1/4,2025.1/4,핵의학과,0
고성군,2025,2/4,2025.2/4,핵의학과,0
고성군,2025,3/4,2025.3/4,핵의학과,0
고성군,2025,4/4,2025.4/4,핵의학과,0
동해시,2009,1/4,2009.1/4,가정의학과,4
동해시,2009,2/4,2009.2/4,가정의학과,4
동해시,2009,3/4,2009.3/4,가정의학과,4
동해시,2009,4/4,2009.4/4,가정의학과,3
동해시,2010,1/4,2010.1/4,가정의학과,3
동해시,2010,2/4,2010.2/4,가정의학과,5
동해시,2010,3/4,2010.3/4,가정의학과,5
동해시,2010,4/4,2010.4/4,가정의학과,5
동해시,2011,1/4,2011.1/4,가정의학과,5
동해시,2011,2/4,2011.2/4,가정의학과,6
동해시,2011,3/4,2011.3/4,가정의학과,5
동해시,2011,4/4,2011.4/4,가정의학과,4
동해시,2012,1/4,2012.1/4,가정의학과,4
동해시,2012,2/4,2012.2/4,가정의학과,4
동해시,2012,3/4,2012.3/4,가정의학과,4
동해시,2012,4/4,2012.4/4,가정의학과,4
동해시,2013,1/4,2013.1/4,가정의학과,5
동해시,2013,2/4,2013.2/4,가정의학과,4
동해시,2013,3/4,2013.3/4,가정의학과,4
동해시,2013,4/4,2013.4/4,가정의학과,5
동해시,2014,1/4,2014.1/4,가정의학과,4
동해시,2014,2/4,2014.2/4,가정의학과,4
동해시,2014,3/4,2014.3/4,가정의학과,4
동해시,2014,4/4,2014.4/4,가정의학과,4
동해시,2015,1/4,2015.1/4,가정의학과,4
동해시,2015,2/4,2015.2/4,가정의학과,4
동해시,2015,3/4,2015.3/4,가정의학과,5
동해시,2015,4/4,2015.4/4,가정의학과,6
동해시,2016,1/4,2016.1/4,가정의학과,7
동해시,2016,2/4,2016.2/4,가정의학과,8
동해시,2016,3/4,2016.3/4,가정의학과,8
동해시,2016,4/4,2016.4/4,가정의학과,7
동해시,2017,1/4,2017.1/4,가정의학과,5
동해시,2017,2/4,2017.2/4,가정의학과,5
동해시,2017,3/4,2017.3/4,가정의학과,5
동해시,2017,4/4,2017.4/4,가정의학과,5
동해시,2018,1/4,2018.1/4,가정의학과,5
동해시,2018,2/4,2018.2/4,가정의학과,7
동해시,2018,3/4,2018.3/4,가정의학과,7
동해시,2018,4/4,2018.4/4,가정의학과,6
동해시,2019,1/4,2019.1/4,가정의학과,7
동해시,2019,2/4,2019.2/4,가정의학과,8
동해시,2019,3/4,2019.3/4,가정의학과,8
동해시,2019,4/4,2019.4/4,가정의학과,8
동해시,2020,1/4,2020.1/4,가정의학과,8
동해시,2020,2/4,2020.2/4,가정의학과,8
동해시,2020,3/4,2020.3/4,가정의학과,7
동해시,2020,4/4,2020.4/4,가정의학과,7
동해시,2021,1/4,2021.1/4,가정의학과,7
동해시,2021,2/4,2021.2/4,가정의학과,7
동해시,2021,3/4,2021.3/4,가정의학과,7
동해시,2021,4/4,2021.4/4,가정의학과,8
동해시,2022,1/4,2022.1/4,가정의학과,7
동해시,2022,2/4,2022.2/4,가정의학과,7
동해시,2022,3/4,2022.3/4,가정의학과,8
동해시,2022,4/4,2022.4/4,가정의학과,7
동해시,2023,1/4,2023.1/4,가정의학과,7
동해시,2023,2/4,2023.2/4,가정의학과,7
동해시,2023,3/4,2023.3/4,가정의학과,9
동해시,2023,4/4,2023.4/4,가정의학과,8
동해시,2024,1/4,2024.1/4,가정의학과,7
동해시,2024,2/4,2024.2/4,가정의학과,7
동해시,2024,3/4,2024.3/4,가정의학과,7
동해시,2024,4/4,2024.4/4,가정의학과,8
동해시,2025,1/4,2025.1/4,가정의학과,7
동해시,2025,2/4,2025.2/4,가정의학과,7
동해시,2025,3/4,2025.3/4,가정의학과,7
동해시,2025,4/4,2025.4/4,가정의학과,6
동해시,2009,1/4,2009.1/4,결핵과,0
동해시,2009,2/4,2009.2/4,결핵과,0
동해시,2009,3/4,2009.3/4,결핵과,0
동해시,2009,4/4,2009.4/4,결핵과,0
동해시,2010,1/4,2010.1/4,결핵과,0
동해시,2010,2/4,2010.2/4,결핵과,0
동해시,2010,3/4,2010.3/4,결핵과,0
동해시,2010,4/4,2010.4/4,결핵과,0
동해시,2011,1/4,2011.1/4,결핵과,0
동해시,2011,2/4,2011.2/4,결핵과,0
동해시,2011,3/4,2011.3/4,결핵과,0
동해시,2011,4/4,2011.4/4,결핵과,0
동해시,2012,1/4,2012.1/4,결핵과,0
동해시,2012,2/4,2012.2/4,결핵과,0
동해시,2012,3/4,2012.3/4,결핵과,0
동해시,2012,4/4,2012.4/4,결핵과,0
동해시,2013,1/4,2013.1/4,결핵과,0
동해시,2013,2/4,2013.2/4,결핵과,0
동해시,2013,3/4,2013.3/4,결핵과,0
동해시,2013,4/4,2013.4/4,결핵과,0
동해시,2014,1/4,2014.1/4,결핵과,0
동해시,2014,2/4,2014.2/4,결핵과,0
동해시,2014,3/4,2014.3/4,결핵과,0
동해시,2014,4/4,2014.4/4,결핵과,0
동해시,2015,1/4,2015.1/4,결핵과,0
동해시,2015,2/4,2015.2/4,결핵과,0
동해시,2015,3/4,2015.3/4,결핵과,0
동해시,2015,4/4,2015.4/4,결핵과,0
동해시,2016,1/4,2016.1/4,결핵과,0
동해시,2016,2/4,2016.2/4,결핵과,0
동해시,2016,3/4,2016.3/4,결핵과,0
동해시,2016,4/4,2016.4/4,결핵과,0
동해시,2017,1/4,2017.1/4,결핵과,0
동해시,2017,2/4,2017.2/4,결핵과,0
동해시,2017,3/4,2017.3/4,결핵과,0
동해시,2017,4/4,2017.4/4,결핵과,0
동해시,2018,1/4,2018.1/4,결핵과,0
동해시,2018,2/4,2018.2/4,결핵과,0
동해시,2018,3/4,2018.3/4,결핵과,0
동해시,2018,4/4,2018.4/4,결핵과,0
동해시,2019,1/4,2019.1/4,결핵과,0
동해시,2019,2/4,2019.2/4,결핵과,0
동해시,2019,3/4,2019.3/4,결핵과,0
동해시,2019,4/4,2019.4/4,결핵과,0
동해시,2020,1/4,2020.1/4,결핵과,0
동해시,2020,2/4,2020.2/4,결핵과,0
동해시,2020,3/4,2020.3/4,결핵과,0
동해시,2020,4/4,2020.4/4,결핵과,0
동해시,2021,1/4,2021.1/4,결핵과,0
동해시,2021,2/4,2021.2/4,결핵과,0
동해시,2021,3/4,2021.3/4,결핵과,0
동해시,2021,4/4,2021.4/4,결핵과,0
동해시,2022,1/4,2022.1/4,결핵과,0
동해시,2022,2/4,2022.2/4,결핵과,0
동해시,2022,3/4,2022.3/4,결핵과,0
동해시,2022,4/4,2022.4/4,결핵과,0
동해시,2023,1/4,2023.1/4,결핵과,0
동해시,2023,2/4,2023.2/4,결핵과,0
동해시,2023,3/4,2023.3/4,결핵과,0
동해시,2023,4/4,2023.4/4,결핵과,0
동해시,2024,1/4,2024.1/4,결핵과,0
동해시,2024,2/4,2024.2/4,결핵과,0
동해시,2024,3/4,2024.3/4,결핵과,0
동해시,2024,4/4,2024.4/4,결핵과,0
동해시,2025,1/4,2025.1/4,결핵과,0
동해시,2025,2/4,2025.2/4,결핵과,0
동해시,2025,3/4,2025.3/4,결핵과,0
동해시,2025,4/4,2025.4/4,결핵과,0
동해시,2009,1/4,2009.1/4,내과,16
동해시,2009,2/4,2009.2/4,내과,16
동해시,2009,3/4,2009.3/4,내과,17
동해시,2009,4/4,2009.4/4,내과,17
동해시,2010,1/4,2010.1/4,내과,16
동해시,2010,2/4,2010.2/4,내과,16
동해시,2010,3/4,2010.3/4,내과,16
동해시,2010,4/4,2010.4/4,내과,17
동해시,2011,1/4,2011.1/4,내과,17
동해시,2011,2/4,2011.2/4,내과,17
동해시,2011,3/4,2011.3/4,내과,16
동해시,2011,4/4,2011.4/4,내과,17
동해시,2012,1/4,2012.1/4,내과,18
동해시,2012,2/4,2012.2/4,내과,16
동해시,2012,3/4,2012.3/4,내과,16
동해시,2012,4/4,2012.4/4,내과,16
동해시,2013,1/4,2013.1/4,내과,16
동해시,2013,2/4,2013.2/4,내과,16
동해시,2013,3/4,2013.3/4,내과,17
동해시,2013,4/4,2013.4/4,내과,17
동해시,2014,1/4,2014.1/4,내과,17
동해시,2014,2/4,2014.2/4,내과,17
동해시,2014,3/4,2014.3/4,내과,17
동해시,2014,4/4,2014.4/4,내과,16
동해시,2015,1/4,2015.1/4,내과,17
동해시,2015,2/4,2015.2/4,내과,18
동해시,2015,3/4,2015.3/4,내과,18
동해시,2015,4/4,2015.4/4,내과,17
동해시,2016,1/4,2016.1/4,내과,15
동해시,2016,2/4,2016.2/4,내과,16
동해시,2016,3/4,2016.3/4,내과,16
동해시,2016,4/4,2016.4/4,내과,15
동해시,2017,1/4,2017.1/4,내과,17
동해시,2017,2/4,2017.2/4,내과,17
동해시,2017,3/4,2017.3/4,내과,16
동해시,2017,4/4,2017.4/4,내과,17
동해시,2018,1/4,2018.1/4,내과,17
동해시,2018,2/4,2018.2/4,내과,18
동해시,2018,3/4,2018.3/4,내과,18
동해시,2018,4/4,2018.4/4,내과,17
동해시,2019,1/4,2019.1/4,내과,18
동해시,2019,2/4,2019.2/4,내과,18
동해시,2019,3/4,2019.3/4,내과,18
동해시,2019,4/4,2019.4/4,내과,18
동해시,2020,1/4,2020.1/4,내과,15
동해시,2020,2/4,2020.2/4,내과,18
동해시,2020,3/4,2020.3/4,내과,18
동해시,2020,4/4,2020.4/4,내과,17
동해시,2021,1/4,2021.1/4,내과,17
동해시,2021,2/4,2021.2/4,내과,17
동해시,2021,3/4,2021.3/4,내과,17
동해시,2021,4/4,2021.4/4,내과,17
동해시,2022,1/4,2022.1/4,내과,17
동해시,2022,2/4,2022.2/4,내과,17
동해시,2022,3/4,2022.3/4,내과,16
동해시,2022,4/4,2022.4/4,내과,16
동해시,2023,1/4,2023.1/4,내과,18
동해시,2023,2/4,2023.2/4,내과,16
동해시,2023,3/4,2023.3/4,내과,16
동해시,2023,4/4,2023.4/4,내과,16
동해시,2024,1/4,2024.1/4,내과,16
동해시,2024,2/4,2024.2/4,내과,16
동해시,2024,3/4,2024.3/4,내과,17
동해시,2024,4/4,2024.4/4,내과,16
동해시,2025,1/4,2025.1/4,내과,16
동해시,2025,2/4,2025.2/4,내과,16
동해시,2025,3/4,2025.3/4,내과,16
동해시,2025,4/4,2025.4/4,내과,16
동해시,2009,1/4,2009.1/4,마취통증의학과,6
동해시,2009,2/4,2009.2/4,마취통증의학과,6
동해시,2009,3/4,2009.3/4,마취통증의학과,6
동해시,2009,4/4,2009.4/4,마취통증의학과,6
동해시,2010,1/4,2010.1/4,마취통증의학과,6
동해시,2010,2/4,2010.2/4,마취통증의학과,6
동해시,2010,3/4,2010.3/4,마취통증의학과,6
동해시,2010,4/4,2010.4/4,마취통증의학과,6
동해시,2011,1/4,2011.1/4,마취통증의학과,6
동해시,2011,2/4,2011.2/4,마취통증의학과,6
동해시,2011,3/4,2011.3/4,마취통증의학과,6
동해시,2011,4/4,2011.4/4,마취통증의학과,6
동해시,2012,1/4,2012.1/4,마취통증의학과,6
동해시,2012,2/4,2012.2/4,마취통증의학과,6
동해시,2012,3/4,2012.3/4,마취통증의학과,5
동해시,2012,4/4,2012.4/4,마취통증의학과,5
동해시,2013,1/4,2013.1/4,마취통증의학과,5
동해시,2013,2/4,2013.2/4,마취통증의학과,5
동해시,2013,3/4,2013.3/4,마취통증의학과,7
동해시,2013,4/4,2013.4/4,마취통증의학과,7
동해시,2014,1/4,2014.1/4,마취통증의학과,7
동해시,2014,2/4,2014.2/4,마취통증의학과,7
동해시,2014,3/4,2014.3/4,마취통증의학과,7
동해시,2014,4/4,2014.4/4,마취통증의학과,7
동해시,2015,1/4,2015.1/4,마취통증의학과,9
동해시,2015,2/4,2015.2/4,마취통증의학과,9
동해시,2015,3/4,2015.3/4,마취통증의학과,9
동해시,2015,4/4,2015.4/4,마취통증의학과,9
동해시,2016,1/4,2016.1/4,마취통증의학과,9
동해시,2016,2/4,2016.2/4,마취통증의학과,9
동해시,2016,3/4,2016.3/4,마취통증의학과,9
동해시,2016,4/4,2016.4/4,마취통증의학과,9
동해시,2017,1/4,2017.1/4,마취통증의학과,8
동해시,2017,2/4,2017.2/4,마취통증의학과,9
동해시,2017,3/4,2017.3/4,마취통증의학과,9
동해시,2017,4/4,2017.4/4,마취통증의학과,9
동해시,2018,1/4,2018.1/4,마취통증의학과,9
동해시,2018,2/4,2018.2/4,마취통증의학과,9
동해시,2018,3/4,2018.3/4,마취통증의학과,9
동해시,2018,4/4,2018.4/4,마취통증의학과,8
동해시,2019,1/4,2019.1/4,마취통증의학과,10
동해시,2019,2/4,2019.2/4,마취통증의학과,10
동해시,2019,3/4,2019.3/4,마취통증의학과,10
동해시,2019,4/4,2019.4/4,마취통증의학과,10
동해시,2020,1/4,2020.1/4,마취통증의학과,9
동해시,2020,2/4,2020.2/4,마취통증의학과,10
동해시,2020,3/4,2020.3/4,마취통증의학과,11
동해시,2020,4/4,2020.4/4,마취통증의학과,11
동해시,2021,1/4,2021.1/4,마취통증의학과,11
동해시,2021,2/4,2021.2/4,마취통증의학과,11
동해시,2021,3/4,2021.3/4,마취통증의학과,11
동해시,2021,4/4,2021.4/4,마취통증의학과,12
동해시,2022,1/4,2022.1/4,마취통증의학과,12
동해시,2022,2/4,2022.2/4,마취통증의학과,12
동해시,2022,3/4,2022.3/4,마취통증의학과,12
동해시,2022,4/4,2022.4/4,마취통증의학과,12
동해시,2023,1/4,2023.1/4,마취통증의학과,10
동해시,2023,2/4,2023.2/4,마취통증의학과,10
동해시,2023,3/4,2023.3/4,마취통증의학과,10
동해시,2023,4/4,2023.4/4,마취통증의학과,9
동해시,2024,1/4,2024.1/4,마취통증의학과,11
동해시,2024,2/4,2024.2/4,마취통증의학과,12
동해시,2024,3/4,2024.3/4,마취통증의학과,12
동해시,2024,4/4,2024.4/4,마취통증의학과,12
동해시,2025,1/4,2025.1/4,마취통증의학과,10
동해시,2025,2/4,2025.2/4,마취통증의학과,9
동해시,2025,3/4,2025.3/4,마취통증의학과,9
동해시,2025,4/4,2025.4/4,마취통증의학과,8
동해시,2009,1/4,2009.1/4,방사선종양학과,0
동해시,2009,2/4,2009.2/4,방사선종양학과,0
동해시,2009,3/4,2009.3/4,방사선종양학과,0
동해시,2009,4/4,2009.4/4,방사선종양학과,0
동해시,2010,1/4,2010.1/4,방사선종양학과,0
동해시,2010,2/4,2010.2/4,방사선종양학과,0
동해시,2010,3/4,2010.3/4,방사선종양학과,0
동해시,2010,4/4,2010.4/4,방사선종양학과,0
동해시,2011,1/4,2011.1/4,방사선종양학과,0
동해시,2011,2/4,2011.2/4,방사선종양학과,0
동해시,2011,3/4,2011.3/4,방사선종양학과,0
동해시,2011,4/4,2011.4/4,방사선종양학과,0
동해시,2012,1/4,2012.1/4,방사선종양학과,0
동해시,2012,2/4,2012.2/4,방사선종양학과,0
동해시,2012,3/4,2012.3/4,방사선종양학과,0
동해시,2012,4/4,2012.4/4,방사선종양학과,0
동해시,2013,1/4,2013.1/4,방사선종양학과,0
동해시,2013,2/4,2013.2/4,방사선종양학과,0
동해시,2013,3/4,2013.3/4,방사선종양학과,0
동해시,2013,4/4,2013.4/4,방사선종양학과,0
동해시,2014,1/4,2014.1/4,방사선종양학과,0
동해시,2014,2/4,2014.2/4,방사선종양학과,0
동해시,2014,3/4,2014.3/4,방사선종양학과,0
동해시,2014,4/4,2014.4/4,방사선종양학과,0
동해시,2015,1/4,2015.1/4,방사선종양학과,0
동해시,2015,2/4,2015.2/4,방사선종양학과,0
동해시,2015,3/4,2015.3/4,방사선종양학과,0
동해시,2015,4/4,2015.4/4,방사선종양학과,0
동해시,2016,1/4,2016.1/4,방사선종양학과,0
동해시,2016,2/4,2016.2/4,방사선종양학과,0
동해시,2016,3/4,2016.3/4,방사선종양학과,0
동해시,2016,4/4,2016.4/4,방사선종양학과,0
동해시,2017,1/4,2017.1/4,방사선종양학과,0
동해시,2017,2/4,2017.2/4,방사선종양학과,0
동해시,2017,3/4,2017.3/4,방사선종양학과,0
동해시,2017,4/4,2017.4/4,방사선종양학과,0
동해시,2018,1/4,2018.1/4,방사선종양학과,0
동해시,2018,2/4,2018.2/4,방사선종양학과,0
동해시,2018,3/4,2018.3/4,방사선종양학과,0
동해시,2018,4/4,2018.4/4,방사선종양학과,0
동해시,2019,1/4,2019.1/4,방사선종양학과,0
동해시,2019,2/4,2019.2/4,방사선종양학과,0
동해시,2019,3/4,2019.3/4,방사선종양학과,0
동해시,2019,4/4,2019.4/4,방사선종양학과,0
동해시,2020,1/4,2020.1/4,방사선종양학과,0
동해시,2020,2/4,2020.2/4,방사선종양학과,0
동해시,2020,3/4,2020.3/4,방사선종양학과,0
동해시,2020,4/4,2020.4/4,방사선종양학과,0
동해시,2021,1/4,2021.1/4,방사선종양학과,0
동해시,2021,2/4,2021.2/4,방사선종양학과,0
동해시,2021,3/4,2021.3/4,방사선종양학과,0
동해시,2021,4/4,2021.4/4,방사선종양학과,0
동해시,2022,1/4,2022.1/4,방사선종양학과,0
동해시,2022,2/4,2022.2/4,방사선종양학과,0
동해시,2022,3/4,2022.3/4,방사선종양학과,0
동해시,2022,4/4,2022.4/4,방사선종양학과,0
동해시,2023,1/4,2023.1/4,방사선종양학과,0
동해시,2023,2/4,2023.2/4,방사선종양학과,0
동해시,2023,3/4,2023.3/4,방사선종양학과,0
동해시,2023,4/4,2023.4/4,방사선종양학과,0
동해시,2024,1/4,2024.1/4,방사선종양학과,0
동해시,2024,2/4,2024.2/4,방사선종양학과,0
동해시,2024,3/4,2024.3/4,방사선종양학과,0
동해시,2024,4/4,2024.4/4,방사선종양학과,0
동해시,2025,1/4,2025.1/4,방사선종양학과,0
동해시,2025,2/4,2025.2/4,방사선종양학과,0
동해시,2025,3/4,2025.3/4,방사선종양학과,0
동해시,2025,4/4,2025.4/4,방사선종양학과,0
동해시,2009,1/4,2009.1/4,병리과,0
동해시,2009,2/4,2009.2/4,병리과,0
동해시,2009,3/4,2009.3/4,병리과,0
동해시,2009,4/4,2009.4/4,병리과,0
동해시,2010,1/4,2010.1/4,병리과,0
동해시,2010,2/4,2010.2/4,병리과,0
동해시,2010,3/4,2010.3/4,병리과,0
동해시,2010,4/4,2010.4/4,병리과,0
동해시,2011,1/4,2011.1/4,병리과,0
동해시,2011,2/4,2011.2/4,병리과,0
동해시,2011,3/4,2011.3/4,병리과,0
동해시,2011,4/4,2011.4/4,병리과,0
동해시,2012,1/4,2012.1/4,병리과,0
동해시,2012,2/4,2012.2/4,병리과,0
동해시,2012,3/4,2012.3/4,병리과,0
동해시,2012,4/4,2012.4/4,병리과,0
동해시,2013,1/4,2013.1/4,병리과,0
동해시,2013,2/4,2013.2/4,병리과,0
동해시,2013,3/4,2013.3/4,병리과,0
동해시,2013,4/4,2013.4/4,병리과,0
동해시,2014,1/4,2014.1/4,병리과,0
동해시,2014,2/4,2014.2/4,병리과,0
동해시,2014,3/4,2014.3/4,병리과,0
동해시,2014,4/4,2014.4/4,병리과,0
동해시,2015,1/4,2015.1/4,병리과,0
동해시,2015,2/4,2015.2/4,병리과,0
동해시,2015,3/4,2015.3/4,병리과,0
동해시,2015,4/4,2015.4/4,병리과,0
동해시,2016,1/4,2016.1/4,병리과,0
동해시,2016,2/4,2016.2/4,병리과,0
동해시,2016,3/4,2016.3/4,병리과,0
동해시,2016,4/4,2016.4/4,병리과,0
동해시,2017,1/4,2017.1/4,병리과,0
동해시,2017,2/4,2017.2/4,병리과,0
동해시,2017,3/4,2017.3/4,병리과,0
동해시,2017,4/4,2017.4/4,병리과,0
동해시,2018,1/4,2018.1/4,병리과,0
동해시,2018,2/4,2018.2/4,병리과,0
동해시,2018,3/4,2018.3/4,병리과,0
동해시,2018,4/4,2018.4/4,병리과,0
동해시,2019,1/4,2019.1/4,병리과,0
동해시,2019,2/4,2019.2/4,병리과,0
동해시,2019,3/4,2019.3/4,병리과,0
동해시,2019,4/4,2019.4/4,병리과,0
동해시,2020,1/4,2020.1/4,병리과,0
동해시,2020,2/4,2020.2/4,병리과,0
동해시,2020,3/4,2020.3/4,병리과,0
동해시,2020,4/4,2020.4/4,병리과,0
동해시,2021,1/4,2021.1/4,병리과,0
동해시,2021,2/4,2021.2/4,병리과,0
동해시,2021,3/4,2021.3/4,병리과,0
동해시,2021,4/4,2021.4/4,병리과,0
동해시,2022,1/4,2022.1/4,병리과,0
동해시,2022,2/4,2022.2/4,병리과,0
동해시,2022,3/4,2022.3/4,병리과,0
동해시,2022,4/4,2022.4/4,병리과,0
동해시,2023,1/4,2023.1/4,병리과,1
동해시,2023,2/4,2023.2/4,병리과,1
동해시,2023,3/4,2023.3/4,병리과,1
동해시,2023,4/4,2023.4/4,병리과,1
동해시,2024,1/4,2024.1/4,병리과,1
동해시,2024,2/4,2024.2/4,병리과,1
동해시,2024,3/4,2024.3/4,병리과,1
동해시,2024,4/4,2024.4/4,병리과,1
동해시,2025,1/4,2025.1/4,병리과,1
동해시,2025,2/4,2025.2/4,병리과,1
동해시,2025,3/4,2025.3/4,병리과,1
동해시,2025,4/4,2025.4/4,병리과,1
동해시,2009,1/4,2009.1/4,비뇨의학과,3
동해시,2009,2/4,2009.2/4,비뇨의학과,3
동해시,2009,3/4,2009.3/4,비뇨의학과,3
동해시,2009,4/4,2009.4/4,비뇨의학과,3
동해시,2010,1/4,2010.1/4,비뇨의학과,3
동해시,2010,2/4,2010.2/4,비뇨의학과,2
동해시,2010,3/4,2010.3/4,비뇨의학과,2
동해시,2010,4/4,2010.4/4,비뇨의학과,2
동해시,2011,1/4,2011.1/4,비뇨의학과,2
동해시,2011,2/4,2011.2/4,비뇨의학과,2
동해시,2011,3/4,2011.3/4,비뇨의학과,2
동해시,2011,4/4,2011.4/4,비뇨의학과,2
동해시,2012,1/4,2012.1/4,비뇨의학과,3
동해시,2012,2/4,2012.2/4,비뇨의학과,2
동해시,2012,3/4,2012.3/4,비뇨의학과,2
동해시,2012,4/4,2012.4/4,비뇨의학과,2
동해시,2013,1/4,2013.1/4,비뇨의학과,2
동해시,2013,2/4,2013.2/4,비뇨의학과,2
동해시,2013,3/4,2013.3/4,비뇨의학과,2
동해시,2013,4/4,2013.4/4,비뇨의학과,2
동해시,2014,1/4,2014.1/4,비뇨의학과,3
동해시,2014,2/4,2014.2/4,비뇨의학과,3
동해시,2014,3/4,2014.3/4,비뇨의학과,3
동해시,2014,4/4,2014.4/4,비뇨의학과,3
동해시,2015,1/4,2015.1/4,비뇨의학과,3
동해시,2015,2/4,2015.2/4,비뇨의학과,4
동해시,2015,3/4,2015.3/4,비뇨의학과,4
동해시,2015,4/4,2015.4/4,비뇨의학과,4
동해시,2016,1/4,2016.1/4,비뇨의학과,4
동해시,2016,2/4,2016.2/4,비뇨의학과,4
동해시,2016,3/4,2016.3/4,비뇨의학과,4
동해시,2016,4/4,2016.4/4,비뇨의학과,4
동해시,2017,1/4,2017.1/4,비뇨의학과,4
동해시,2017,2/4,2017.2/4,비뇨의학과,4
동해시,2017,3/4,2017.3/4,비뇨의학과,3
동해시,2017,4/4,2017.4/4,비뇨의학과,3
동해시,2018,1/4,2018.1/4,비뇨의학과,3
동해시,2018,2/4,2018.2/4,비뇨의학과,3
동해시,2018,3/4,2018.3/4,비뇨의학과,3
동해시,2018,4/4,2018.4/4,비뇨의학과,3
동해시,2019,1/4,2019.1/4,비뇨의학과,3
동해시,2019,2/4,2019.2/4,비뇨의학과,3
동해시,2019,3/4,2019.3/4,비뇨의학과,3
동해시,2019,4/4,2019.4/4,비뇨의학과,3
동해시,2020,1/4,2020.1/4,비뇨의학과,3
동해시,2020,2/4,2020.2/4,비뇨의학과,3
동해시,2020,3/4,2020.3/4,비뇨의학과,3
동해시,2020,4/4,2020.4/4,비뇨의학과,3
동해시,2021,1/4,2021.1/4,비뇨의학과,3
동해시,2021,2/4,2021.2/4,비뇨의학과,3
동해시,2021,3/4,2021.3/4,비뇨의학과,3
동해시,2021,4/4,2021.4/4,비뇨의학과,3
동해시,2022,1/4,2022.1/4,비뇨의학과,3
동해시,2022,2/4,2022.2/4,비뇨의학과,3
동해시,2022,3/4,2022.3/4,비뇨의학과,3
동해시,2022,4/4,2022.4/4,비뇨의학과,3
동해시,2023,1/4,2023.1/4,비뇨의학과,2
동해시,2023,2/4,2023.2/4,비뇨의학과,2
동해시,2023,3/4,2023.3/4,비뇨의학과,2
동해시,2023,4/4,2023.4/4,비뇨의학과,2
동해시,2024,1/4,2024.1/4,비뇨의학과,2
동해시,2024,2/4,2024.2/4,비뇨의학과,2
동해시,2024,3/4,2024.3/4,비뇨의학과,2
동해시,2024,4/4,2024.4/4,비뇨의학과,2
동해시,2025,1/4,2025.1/4,비뇨의학과,2
동해시,2025,2/4,2025.2/4,비뇨의학과,2
동해시,2025,3/4,2025.3/4,비뇨의학과,2
동해시,2025,4/4,2025.4/4,비뇨의학과,2
동해시,2009,1/4,2009.1/4,산부인과,7
동해시,2009,2/4,2009.2/4,산부인과,8
동해시,2009,3/4,2009.3/4,산부인과,8
동해시,2009,4/4,2009.4/4,산부인과,8
동해시,2010,1/4,2010.1/4,산부인과,9
동해시,2010,2/4,2010.2/4,산부인과,9
동해시,2010,3/4,2010.3/4,산부인과,9
동해시,2010,4/4,2010.4/4,산부인과,7
동해시,2011,1/4,2011.1/4,산부인과,7
동해시,2011,2/4,2011.2/4,산부인과,6
동해시,2011,3/4,2011.3/4,산부인과,6
동해시,2011,4/4,2011.4/4,산부인과,6
동해시,2012,1/4,2012.1/4,산부인과,6
동해시,2012,2/4,2012.2/4,산부인과,6
동해시,2012,3/4,2012.3/4,산부인과,6
동해시,2012,4/4,2012.4/4,산부인과,6
동해시,2013,1/4,2013.1/4,산부인과,6
동해시,2013,2/4,2013.2/4,산부인과,6
동해시,2013,3/4,2013.3/4,산부인과,6
동해시,2013,4/4,2013.4/4,산부인과,6
동해시,2014,1/4,2014.1/4,산부인과,7
동해시,2014,2/4,2014.2/4,산부인과,6
동해시,2014,3/4,2014.3/4,산부인과,4
동해시,2014,4/4,2014.4/4,산부인과,4
동해시,2015,1/4,2015.1/4,산부인과,6
동해시,2015,2/4,2015.2/4,산부인과,6
동해시,2015,3/4,2015.3/4,산부인과,6
동해시,2015,4/4,2015.4/4,산부인과,6
동해시,2016,1/4,2016.1/4,산부인과,6
동해시,2016,2/4,2016.2/4,산부인과,6
동해시,2016,3/4,2016.3/4,산부인과,7
동해시,2016,4/4,2016.4/4,산부인과,7
동해시,2017,1/4,2017.1/4,산부인과,7
동해시,2017,2/4,2017.2/4,산부인과,8
동해시,2017,3/4,2017.3/4,산부인과,9
동해시,2017,4/4,2017.4/4,산부인과,9
동해시,2018,1/4,2018.1/4,산부인과,9
동해시,2018,2/4,2018.2/4,산부인과,7
동해시,2018,3/4,2018.3/4,산부인과,8
동해시,2018,4/4,2018.4/4,산부인과,8
동해시,2019,1/4,2019.1/4,산부인과,8
동해시,2019,2/4,2019.2/4,산부인과,8
동해시,2019,3/4,2019.3/4,산부인과,7
동해시,2019,4/4,2019.4/4,산부인과,7
동해시,2020,1/4,2020.1/4,산부인과,8
동해시,2020,2/4,2020.2/4,산부인과,8
동해시,2020,3/4,2020.3/4,산부인과,8
동해시,2020,4/4,2020.4/4,산부인과,8
동해시,2021,1/4,2021.1/4,산부인과,8
동해시,2021,2/4,2021.2/4,산부인과,8
동해시,2021,3/4,2021.3/4,산부인과,8
동해시,2021,4/4,2021.4/4,산부인과,8
동해시,2022,1/4,2022.1/4,산부인과,7
동해시,2022,2/4,2022.2/4,산부인과,7
동해시,2022,3/4,2022.3/4,산부인과,7
동해시,2022,4/4,2022.4/4,산부인과,7
동해시,2023,1/4,2023.1/4,산부인과,7
동해시,2023,2/4,2023.2/4,산부인과,7
동해시,2023,3/4,2023.3/4,산부인과,8
동해시,2023,4/4,2023.4/4,산부인과,9
동해시,2024,1/4,2024.1/4,산부인과,10
동해시,2024,2/4,2024.2/4,산부인과,10
동해시,2024,3/4,2024.3/4,산부인과,10
동해시,2024,4/4,2024.4/4,산부인과,9
동해시,2025,1/4,2025.1/4,산부인과,10
동해시,2025,2/4,2025.2/4,산부인과,10
동해시,2025,3/4,2025.3/4,산부인과,10
동해시,2025,4/4,2025.4/4,산부인과,9
동해시,2009,1/4,2009.1/4,성형외과,2
동해시,2009,2/4,2009.2/4,성형외과,1
동해시,2009,3/4,2009.3/4,성형외과,1
동해시,2009,4/4,2009.4/4,성형외과,1
동해시,2010,1/4,2010.1/4,성형외과,1
동해시,2010,2/4,2010.2/4,성형외과,1
동해시,2010,3/4,2010.3/4,성형외과,1
동해시,2010,4/4,2010.4/4,성형외과,1
동해시,2011,1/4,2011.1/4,성형외과,1
동해시,2011,2/4,2011.2/4,성형외과,1
동해시,2011,3/4,2011.3/4,성형외과,1
동해시,2011,4/4,2011.4/4,성형외과,1
동해시,2012,1/4,2012.1/4,성형외과,1
동해시,2012,2/4,2012.2/4,성형외과,1
동해시,2012,3/4,2012.3/4,성형외과,1
동해시,2012,4/4,2012.4/4,성형외과,1
동해시,2013,1/4,2013.1/4,성형외과,1
동해시,2013,2/4,2013.2/4,성형외과,1
동해시,2013,3/4,2013.3/4,성형외과,1
동해시,2013,4/4,2013.4/4,성형외과,1
동해시,2014,1/4,2014.1/4,성형외과,1
동해시,2014,2/4,2014.2/4,성형외과,1
동해시,2014,3/4,2014.3/4,성형외과,1
동해시,2014,4/4,2014.4/4,성형외과,1
동해시,2015,1/4,2015.1/4,성형외과,1
동해시,2015,2/4,2015.2/4,성형외과,1
동해시,2015,3/4,2015.3/4,성형외과,1
동해시,2015,4/4,2015.4/4,성형외과,1
동해시,2016,1/4,2016.1/4,성형외과,1
동해시,2016,2/4,2016.2/4,성형외과,1
동해시,2016,3/4,2016.3/4,성형외과,1
동해시,2016,4/4,2016.4/4,성형외과,1
동해시,2017,1/4,2017.1/4,성형외과,1
동해시,2017,2/4,2017.2/4,성형외과,1
동해시,2017,3/4,2017.3/4,성형외과,1
동해시,2017,4/4,2017.4/4,성형외과,1
동해시,2018,1/4,2018.1/4,성형외과,1
동해시,2018,2/4,2018.2/4,성형외과,1
동해시,2018,3/4,2018.3/4,성형외과,1
동해시,2018,4/4,2018.4/4,성형외과,1
동해시,2019,1/4,2019.1/4,성형외과,0
동해시,2019,2/4,2019.2/4,성형외과,0
동해시,2019,3/4,2019.3/4,성형외과,1
동해시,2019,4/4,2019.4/4,성형외과,2
동해시,2020,1/4,2020.1/4,성형외과,2
동해시,2020,2/4,2020.2/4,성형외과,2
동해시,2020,3/4,2020.3/4,성형외과,2
동해시,2020,4/4,2020.4/4,성형외과,2
동해시,2021,1/4,2021.1/4,성형외과,2
동해시,2021,2/4,2021.2/4,성형외과,2
동해시,2021,3/4,2021.3/4,성형외과,2
동해시,2021,4/4,2021.4/4,성형외과,2
동해시,2022,1/4,2022.1/4,성형외과,2
동해시,2022,2/4,2022.2/4,성형외과,3
동해시,2022,3/4,2022.3/4,성형외과,3
동해시,2022,4/4,2022.4/4,성형외과,3
동해시,2023,1/4,2023.1/4,성형외과,2
동해시,2023,2/4,2023.2/4,성형외과,1
동해시,2023,3/4,2023.3/4,성형외과,1
동해시,2023,4/4,2023.4/4,성형외과,1
동해시,2024,1/4,2024.1/4,성형외과,1
동해시,2024,2/4,2024.2/4,성형외과,1
동해시,2024,3/4,2024.3/4,성형외과,1
동해시,2024,4/4,2024.4/4,성형외과,1
동해시,2025,1/4,2025.1/4,성형외과,1
동해시,2025,2/4,2025.2/4,성형외과,1
동해시,2025,3/4,2025.3/4,성형외과,1
동해시,2025,4/4,2025.4/4,성형외과,1
동해시,2009,1/4,2009.1/4,소아청소년과,9
동해시,2009,2/4,2009.2/4,소아청소년과,9
동해시,2009,3/4,2009.3/4,소아청소년과,9
동해시,2009,4/4,2009.4/4,소아청소년과,9
동해시,2010,1/4,2010.1/4,소아청소년과,9
동해시,2010,2/4,2010.2/4,소아청소년과,9
동해시,2010,3/4,2010.3/4,소아청소년과,9
동해시,2010,4/4,2010.4/4,소아청소년과,9
동해시,2011,1/4,2011.1/4,소아청소년과,9
동해시,2011,2/4,2011.2/4,소아청소년과,9
동해시,2011,3/4,2011.3/4,소아청소년과,9
동해시,2011,4/4,2011.4/4,소아청소년과,9
동해시,2012,1/4,2012.1/4,소아청소년과,8
동해시,2012,2/4,2012.2/4,소아청소년과,7
동해시,2012,3/4,2012.3/4,소아청소년과,6
동해시,2012,4/4,2012.4/4,소아청소년과,6
동해시,2013,1/4,2013.1/4,소아청소년과,6
동해시,2013,2/4,2013.2/4,소아청소년과,6
동해시,2013,3/4,2013.3/4,소아청소년과,6
동해시,2013,4/4,2013.4/4,소아청소년과,6
동해시,2014,1/4,2014.1/4,소아청소년과,7
동해시,2014,2/4,2014.2/4,소아청소년과,7
동해시,2014,3/4,2014.3/4,소아청소년과,7
동해시,2014,4/4,2014.4/4,소아청소년과,7
동해시,2015,1/4,2015.1/4,소아청소년과,7
동해시,2015,2/4,2015.2/4,소아청소년과,7
동해시,2015,3/4,2015.3/4,소아청소년과,7
동해시,2015,4/4,2015.4/4,소아청소년과,6
동해시,2016,1/4,2016.1/4,소아청소년과,7
동해시,2016,2/4,2016.2/4,소아청소년과,7
동해시,2016,3/4,2016.3/4,소아청소년과,7
동해시,2016,4/4,2016.4/4,소아청소년과,7
동해시,2017,1/4,2017.1/4,소아청소년과,6
동해시,2017,2/4,2017.2/4,소아청소년과,6
동해시,2017,3/4,2017.3/4,소아청소년과,6
동해시,2017,4/4,2017.4/4,소아청소년과,5
동해시,2018,1/4,2018.1/4,소아청소년과,5
동해시,2018,2/4,2018.2/4,소아청소년과,6
동해시,2018,3/4,2018.3/4,소아청소년과,5
동해시,2018,4/4,2018.4/4,소아청소년과,5
동해시,2019,1/4,2019.1/4,소아청소년과,5
동해시,2019,2/4,2019.2/4,소아청소년과,5
동해시,2019,3/4,2019.3/4,소아청소년과,5
동해시,2019,4/4,2019.4/4,소아청소년과,5
동해시,2020,1/4,2020.1/4,소아청소년과,5
동해시,2020,2/4,2020.2/4,소아청소년과,5
동해시,2020,3/4,2020.3/4,소아청소년과,5
동해시,2020,4/4,2020.4/4,소아청소년과,5
동해시,2021,1/4,2021.1/4,소아청소년과,5
동해시,2021,2/4,2021.2/4,소아청소년과,5
동해시,2021,3/4,2021.3/4,소아청소년과,5
동해시,2021,4/4,2021.4/4,소아청소년과,5
동해시,2022,1/4,2022.1/4,소아청소년과,5
동해시,2022,2/4,2022.2/4,소아청소년과,5
동해시,2022,3/4,2022.3/4,소아청소년과,5
동해시,2022,4/4,2022.4/4,소아청소년과,5
동해시,2023,1/4,2023.1/4,소아청소년과,5
동해시,2023,2/4,2023.2/4,소아청소년과,5
동해시,2023,3/4,2023.3/4,소아청소년과,5
동해시,2023,4/4,2023.4/4,소아청소년과,5
동해시,2024,1/4,2024.1/4,소아청소년과,5
동해시,2024,2/4,2024.2/4,소아청소년과,5
동해시,2024,3/4,2024.3/4,소아청소년과,5
동해시,2024,4/4,2024.4/4,소아청소년과,5
동해시,2025,1/4,2025.1/4,소아청소년과,5
동해시,2025,2/4,2025.2/4,소아청소년과,5
동해시,2025,3/4,2025.3/4,소아청소년과,5
동해시,2025,4/4,2025.4/4,소아청소년과,5
동해시,2009,1/4,2009.1/4,신경과,1
동해시,2009,2/4,2009.2/4,신경과,1
동해시,2009,3/4,2009.3/4,신경과,1
동해시,2009,4/4,2009.4/4,신경과,1
동해시,2010,1/4,2010.1/4,신경과,1
동해시,2010,2/4,2010.2/4,신경과,1
동해시,2010,3/4,2010.3/4,신경과,1
동해시,2010,4/4,2010.4/4,신경과,1
동해시,2011,1/4,2011.1/4,신경과,1
동해시,2011,2/4,2011.2/4,신경과,1
동해시,2011,3/4,2011.3/4,신경과,1
동해시,2011,4/4,2011.4/4,신경과,1
동해시,2012,1/4,2012.1/4,신경과,1
동해시,2012,2/4,2012.2/4,신경과,1
동해시,2012,3/4,2012.3/4,신경과,0
동해시,2012,4/4,2012.4/4,신경과,0
동해시,2013,1/4,2013.1/4,신경과,1
동해시,2013,2/4,2013.2/4,신경과,1
동해시,2013,3/4,2013.3/4,신경과,1
동해시,2013,4/4,2013.4/4,신경과,0
동해시,2014,1/4,2014.1/4,신경과,1
동해시,2014,2/4,2014.2/4,신경과,1
동해시,2014,3/4,2014.3/4,신경과,1
동해시,2014,4/4,2014.4/4,신경과,1
동해시,2015,1/4,2015.1/4,신경과,1
동해시,2015,2/4,2015.2/4,신경과,1
동해시,2015,3/4,2015.3/4,신경과,1
동해시,2015,4/4,2015.4/4,신경과,1
동해시,2016,1/4,2016.1/4,신경과,1
동해시,2016,2/4,2016.2/4,신경과,1
동해시,2016,3/4,2016.3/4,신경과,2
동해시,2016,4/4,2016.4/4,신경과,2
동해시,2017,1/4,2017.1/4,신경과,1
동해시,2017,2/4,2017.2/4,신경과,2
동해시,2017,3/4,2017.3/4,신경과,2
동해시,2017,4/4,2017.4/4,신경과,2
동해시,2018,1/4,2018.1/4,신경과,3
동해시,2018,2/4,2018.2/4,신경과,2
동해시,2018,3/4,2018.3/4,신경과,2
동해시,2018,4/4,2018.4/4,신경과,2
동해시,2019,1/4,2019.1/4,신경과,2
동해시,2019,2/4,2019.2/4,신경과,2
동해시,2019,3/4,2019.3/4,신경과,2
동해시,2019,4/4,2019.4/4,신경과,2
동해시,2020,1/4,2020.1/4,신경과,0
동해시,2020,2/4,2020.2/4,신경과,0
동해시,2020,3/4,2020.3/4,신경과,0
동해시,2020,4/4,2020.4/4,신경과,0
동해시,2021,1/4,2021.1/4,신경과,0
동해시,2021,2/4,2021.2/4,신경과,0
동해시,2021,3/4,2021.3/4,신경과,1
동해시,2021,4/4,2021.4/4,신경과,1
동해시,2022,1/4,2022.1/4,신경과,2
동해시,2022,2/4,2022.2/4,신경과,2
동해시,2022,3/4,2022.3/4,신경과,1
동해시,2022,4/4,2022.4/4,신경과,1
동해시,2023,1/4,2023.1/4,신경과,2
동해시,2023,2/4,2023.2/4,신경과,2
동해시,2023,3/4,2023.3/4,신경과,2
동해시,2023,4/4,2023.4/4,신경과,2
동해시,2024,1/4,2024.1/4,신경과,1
동해시,2024,2/4,2024.2/4,신경과,1
동해시,2024,3/4,2024.3/4,신경과,1
동해시,2024,4/4,2024.4/4,신경과,1
동해시,2025,1/4,2025.1/4,신경과,1
동해시,2025,2/4,2025.2/4,신경과,1
동해시,2025,3/4,2025.3/4,신경과,1
동해시,2025,4/4,2025.4/4,신경과,1
동해시,2009,1/4,2009.1/4,신경외과,4
동해시,2009,2/4,2009.2/4,신경외과,4
동해시,2009,3/4,2009.3/4,신경외과,4
동해시,2009,4/4,2009.4/4,신경외과,4
동해시,2010,1/4,2010.1/4,신경외과,5
동해시,2010,2/4,2010.2/4,신경외과,5
동해시,2010,3/4,2010.3/4,신경외과,5
동해시,2010,4/4,2010.4/4,신경외과,5
동해시,2011,1/4,2011.1/4,신경외과,5
동해시,2011,2/4,2011.2/4,신경외과,4
동해시,2011,3/4,2011.3/4,신경외과,4
동해시,2011,4/4,2011.4/4,신경외과,4
동해시,2012,1/4,2012.1/4,신경외과,4
동해시,2012,2/4,2012.2/4,신경외과,4
동해시,2012,3/4,2012.3/4,신경외과,4
동해시,2012,4/4,2012.4/4,신경외과,4
동해시,2013,1/4,2013.1/4,신경외과,4
동해시,2013,2/4,2013.2/4,신경외과,4
동해시,2013,3/4,2013.3/4,신경외과,4
동해시,2013,4/4,2013.4/4,신경외과,4
동해시,2014,1/4,2014.1/4,신경외과,4
동해시,2014,2/4,2014.2/4,신경외과,4
동해시,2014,3/4,2014.3/4,신경외과,4
동해시,2014,4/4,2014.4/4,신경외과,4
동해시,2015,1/4,2015.1/4,신경외과,5
동해시,2015,2/4,2015.2/4,신경외과,5
동해시,2015,3/4,2015.3/4,신경외과,5
동해시,2015,4/4,2015.4/4,신경외과,5
동해시,2016,1/4,2016.1/4,신경외과,5
동해시,2016,2/4,2016.2/4,신경외과,5
동해시,2016,3/4,2016.3/4,신경외과,6
동해시,2016,4/4,2016.4/4,신경외과,6
동해시,2017,1/4,2017.1/4,신경외과,6
동해시,2017,2/4,2017.2/4,신경외과,6
동해시,2017,3/4,2017.3/4,신경외과,6
동해시,2017,4/4,2017.4/4,신경외과,5
동해시,2018,1/4,2018.1/4,신경외과,5
동해시,2018,2/4,2018.2/4,신경외과,5
동해시,2018,3/4,2018.3/4,신경외과,5
동해시,2018,4/4,2018.4/4,신경외과,5
동해시,2019,1/4,2019.1/4,신경외과,5
동해시,2019,2/4,2019.2/4,신경외과,5
동해시,2019,3/4,2019.3/4,신경외과,5
동해시,2019,4/4,2019.4/4,신경외과,6
동해시,2020,1/4,2020.1/4,신경외과,7
동해시,2020,2/4,2020.2/4,신경외과,7
동해시,2020,3/4,2020.3/4,신경외과,7
동해시,2020,4/4,2020.4/4,신경외과,7
동해시,2021,1/4,2021.1/4,신경외과,7
동해시,2021,2/4,2021.2/4,신경외과,7
동해시,2021,3/4,2021.3/4,신경외과,7
동해시,2021,4/4,2021.4/4,신경외과,7
동해시,2022,1/4,2022.1/4,신경외과,8
동해시,2022,2/4,2022.2/4,신경외과,8
동해시,2022,3/4,2022.3/4,신경외과,8
동해시,2022,4/4,2022.4/4,신경외과,8
동해시,2023,1/4,2023.1/4,신경외과,8
동해시,2023,2/4,2023.2/4,신경외과,8
동해시,2023,3/4,2023.3/4,신경외과,8
동해시,2023,4/4,2023.4/4,신경외과,7
동해시,2024,1/4,2024.1/4,신경외과,8
동해시,2024,2/4,2024.2/4,신경외과,8
동해시,2024,3/4,2024.3/4,신경외과,8
동해시,2024,4/4,2024.4/4,신경외과,6
동해시,2025,1/4,2025.1/4,신경외과,6
동해시,2025,2/4,2025.2/4,신경외과,6
동해시,2025,3/4,2025.3/4,신경외과,6
동해시,2025,4/4,2025.4/4,신경외과,6
동해시,2009,1/4,2009.1/4,심장혈관흉부외과,2
동해시,2009,2/4,2009.2/4,심장혈관흉부외과,2
동해시,2009,3/4,2009.3/4,심장혈관흉부외과,2
동해시,2009,4/4,2009.4/4,심장혈관흉부외과,2
동해시,2010,1/4,2010.1/4,심장혈관흉부외과,2
동해시,2010,2/4,2010.2/4,심장혈관흉부외과,1
동해시,2010,3/4,2010.3/4,심장혈관흉부외과,1
동해시,2010,4/4,2010.4/4,심장혈관흉부외과,1
동해시,2011,1/4,2011.1/4,심장혈관흉부외과,1
동해시,2011,2/4,2011.2/4,심장혈관흉부외과,2
동해시,2011,3/4,2011.3/4,심장혈관흉부외과,2
동해시,2011,4/4,2011.4/4,심장혈관흉부외과,3
동해시,2012,1/4,2012.1/4,심장혈관흉부외과,2
동해시,2012,2/4,2012.2/4,심장혈관흉부외과,2
동해시,2012,3/4,2012.3/4,심장혈관흉부외과,2
동해시,2012,4/4,2012.4/4,심장혈관흉부외과,1
동해시,2013,1/4,2013.1/4,심장혈관흉부외과,1
동해시,2013,2/4,2013.2/4,심장혈관흉부외과,1
동해시,2013,3/4,2013.3/4,심장혈관흉부외과,1
동해시,2013,4/4,2013.4/4,심장혈관흉부외과,1
동해시,2014,1/4,2014.1/4,심장혈관흉부외과,1
동해시,2014,2/4,2014.2/4,심장혈관흉부외과,0
동해시,2014,3/4,2014.3/4,심장혈관흉부외과,0
동해시,2014,4/4,2014.4/4,심장혈관흉부외과,0
동해시,2015,1/4,2015.1/4,심장혈관흉부외과,0
동해시,2015,2/4,2015.2/4,심장혈관흉부외과,0
동해시,2015,3/4,2015.3/4,심장혈관흉부외과,0
동해시,2015,4/4,2015.4/4,심장혈관흉부외과,0
동해시,2016,1/4,2016.1/4,심장혈관흉부외과,0
동해시,2016,2/4,2016.2/4,심장혈관흉부외과,0
동해시,2016,3/4,2016.3/4,심장혈관흉부외과,0
동해시,2016,4/4,2016.4/4,심장혈관흉부외과,0
동해시,2017,1/4,2017.1/4,심장혈관흉부외과,0
동해시,2017,2/4,2017.2/4,심장혈관흉부외과,0
동해시,2017,3/4,2017.3/4,심장혈관흉부외과,0
동해시,2017,4/4,2017.4/4,심장혈관흉부외과,0
동해시,2018,1/4,2018.1/4,심장혈관흉부외과,0
동해시,2018,2/4,2018.2/4,심장혈관흉부외과,0
동해시,2018,3/4,2018.3/4,심장혈관흉부외과,0
동해시,2018,4/4,2018.4/4,심장혈관흉부외과,0
동해시,2019,1/4,2019.1/4,심장혈관흉부외과,0
동해시,2019,2/4,2019.2/4,심장혈관흉부외과,0
동해시,2019,3/4,2019.3/4,심장혈관흉부외과,0
동해시,2019,4/4,2019.4/4,심장혈관흉부외과,0
동해시,2020,1/4,2020.1/4,심장혈관흉부외과,0
동해시,2020,2/4,2020.2/4,심장혈관흉부외과,1
동해시,2020,3/4,2020.3/4,심장혈관흉부외과,0
동해시,2020,4/4,2020.4/4,심장혈관흉부외과,0
동해시,2021,1/4,2021.1/4,심장혈관흉부외과,0
동해시,2021,2/4,2021.2/4,심장혈관흉부외과,0
동해시,2021,3/4,2021.3/4,심장혈관흉부외과,0
동해시,2021,4/4,2021.4/4,심장혈관흉부외과,0
동해시,2022,1/4,2022.1/4,심장혈관흉부외과,0
동해시,2022,2/4,2022.2/4,심장혈관흉부외과,0
동해시,2022,3/4,2022.3/4,심장혈관흉부외과,0
동해시,2022,4/4,2022.4/4,심장혈관흉부외과,0
동해시,2023,1/4,2023.1/4,심장혈관흉부외과,0
동해시,2023,2/4,2023.2/4,심장혈관흉부외과,0
동해시,2023,3/4,2023.3/4,심장혈관흉부외과,0
동해시,2023,4/4,2023.4/4,심장혈관흉부외과,0
동해시,2024,1/4,2024.1/4,심장혈관흉부외과,0
동해시,2024,2/4,2024.2/4,심장혈관흉부외과,0
동해시,2024,3/4,2024.3/4,심장혈관흉부외과,0
동해시,2024,4/4,2024.4/4,심장혈관흉부외과,0
동해시,2025,1/4,2025.1/4,심장혈관흉부외과,0
동해시,2025,2/4,2025.2/4,심장혈관흉부외과,0
동해시,2025,3/4,2025.3/4,심장혈관흉부외과,0
동해시,2025,4/4,2025.4/4,심장혈관흉부외과,0
동해시,2009,1/4,2009.1/4,안과,3
동해시,2009,2/4,2009.2/4,안과,3
동해시,2009,3/4,2009.3/4,안과,3
동해시,2009,4/4,2009.4/4,안과,3
동해시,2010,1/4,2010.1/4,안과,3
동해시,2010,2/4,2010.2/4,안과,3
동해시,2010,3/4,2010.3/4,안과,3
동해시,2010,4/4,2010.4/4,안과,3
동해시,2011,1/4,2011.1/4,안과,3
동해시,2011,2/4,2011.2/4,안과,3
동해시,2011,3/4,2011.3/4,안과,3
동해시,2011,4/4,2011.4/4,안과,3
동해시,2012,1/4,2012.1/4,안과,3
동해시,2012,2/4,2012.2/4,안과,3
동해시,2012,3/4,2012.3/4,안과,3
동해시,2012,4/4,2012.4/4,안과,3
동해시,2013,1/4,2013.1/4,안과,3
동해시,2013,2/4,2013.2/4,안과,3
동해시,2013,3/4,2013.3/4,안과,3
동해시,2013,4/4,2013.4/4,안과,3
동해시,2014,1/4,2014.1/4,안과,3
동해시,2014,2/4,2014.2/4,안과,3
동해시,2014,3/4,2014.3/4,안과,3
동해시,2014,4/4,2014.4/4,안과,3
동해시,2015,1/4,2015.1/4,안과,3
동해시,2015,2/4,2015.2/4,안과,3
동해시,2015,3/4,2015.3/4,안과,3
동해시,2015,4/4,2015.4/4,안과,3
동해시,2016,1/4,2016.1/4,안과,3
동해시,2016,2/4,2016.2/4,안과,3
동해시,2016,3/4,2016.3/4,안과,3
동해시,2016,4/4,2016.4/4,안과,3
동해시,2017,1/4,2017.1/4,안과,2
동해시,2017,2/4,2017.2/4,안과,2
동해시,2017,3/4,2017.3/4,안과,2
동해시,2017,4/4,2017.4/4,안과,2
동해시,2018,1/4,2018.1/4,안과,2
동해시,2018,2/4,2018.2/4,안과,2
동해시,2018,3/4,2018.3/4,안과,2
동해시,2018,4/4,2018.4/4,안과,2
동해시,2019,1/4,2019.1/4,안과,2
동해시,2019,2/4,2019.2/4,안과,2
동해시,2019,3/4,2019.3/4,안과,2
동해시,2019,4/4,2019.4/4,안과,2
동해시,2020,1/4,2020.1/4,안과,2
동해시,2020,2/4,2020.2/4,안과,2
동해시,2020,3/4,2020.3/4,안과,2
동해시,2020,4/4,2020.4/4,안과,2
동해시,2021,1/4,2021.1/4,안과,2
동해시,2021,2/4,2021.2/4,안과,2
동해시,2021,3/4,2021.3/4,안과,2
동해시,2021,4/4,2021.4/4,안과,2
동해시,2022,1/4,2022.1/4,안과,2
동해시,2022,2/4,2022.2/4,안과,2
동해시,2022,3/4,2022.3/4,안과,2
동해시,2022,4/4,2022.4/4,안과,2
동해시,2023,1/4,2023.1/4,안과,2
동해시,2023,2/4,2023.2/4,안과,2
동해시,2023,3/4,2023.3/4,안과,2
동해시,2023,4/4,2023.4/4,안과,2
동해시,2024,1/4,2024.1/4,안과,2
동해시,2024,2/4,2024.2/4,안과,2
동해시,2024,3/4,2024.3/4,안과,2
동해시,2024,4/4,2024.4/4,안과,2
동해시,2025,1/4,2025.1/4,안과,2
동해시,2025,2/4,2025.2/4,안과,2
동해시,2025,3/4,2025.3/4,안과,2
동해시,2025,4/4,2025.4/4,안과,2
동해시,2009,1/4,2009.1/4,영상의학과,4
동해시,2009,2/4,2009.2/4,영상의학과,4
동해시,2009,3/4,2009.3/4,영상의학과,4
동해시,2009,4/4,2009.4/4,영상의학과,4
동해시,2010,1/4,2010.1/4,영상의학과,4
동해시,2010,2/4,2010.2/4,영상의학과,3
동해시,2010,3/4,2010.3/4,영상의학과,4
동해시,2010,4/4,2010.4/4,영상의학과,4
동해시,2011,1/4,2011.1/4,영상의학과,4
동해시,2011,2/4,2011.2/4,영상의학과,4
동해시,2011,3/4,2011.3/4,영상의학과,4
동해시,2011,4/4,2011.4/4,영상의학과,4
동해시,2012,1/4,2012.1/4,영상의학과,4
동해시,2012,2/4,2012.2/4,영상의학과,4
동해시,2012,3/4,2012.3/4,영상의학과,3
동해시,2012,4/4,2012.4/4,영상의학과,3
동해시,2013,1/4,2013.1/4,영상의학과,3
동해시,2013,2/4,2013.2/4,영상의학과,3
동해시,2013,3/4,2013.3/4,영상의학과,3
동해시,2013,4/4,2013.4/4,영상의학과,3
동해시,2014,1/4,2014.1/4,영상의학과,3
동해시,2014,2/4,2014.2/4,영상의학과,3
동해시,2014,3/4,2014.3/4,영상의학과,3
동해시,2014,4/4,2014.4/4,영상의학과,3
동해시,2015,1/4,2015.1/4,영상의학과,3
동해시,2015,2/4,2015.2/4,영상의학과,3
동해시,2015,3/4,2015.3/4,영상의학과,3
동해시,2015,4/4,2015.4/4,영상의학과,3
동해시,2016,1/4,2016.1/4,영상의학과,3
동해시,2016,2/4,2016.2/4,영상의학과,3
동해시,2016,3/4,2016.3/4,영상의학과,3
동해시,2016,4/4,2016.4/4,영상의학과,3
동해시,2017,1/4,2017.1/4,영상의학과,3
동해시,2017,2/4,2017.2/4,영상의학과,3
동해시,2017,3/4,2017.3/4,영상의학과,3
동해시,2017,4/4,2017.4/4,영상의학과,3
동해시,2018,1/4,2018.1/4,영상의학과,3
동해시,2018,2/4,2018.2/4,영상의학과,3
동해시,2018,3/4,2018.3/4,영상의학과,3
동해시,2018,4/4,2018.4/4,영상의학과,3
동해시,2019,1/4,2019.1/4,영상의학과,3
동해시,2019,2/4,2019.2/4,영상의학과,3
동해시,2019,3/4,2019.3/4,영상의학과,3
동해시,2019,4/4,2019.4/4,영상의학과,3
동해시,2020,1/4,2020.1/4,영상의학과,3
동해시,2020,2/4,2020.2/4,영상의학과,3
동해시,2020,3/4,2020.3/4,영상의학과,3
동해시,2020,4/4,2020.4/4,영상의학과,3
동해시,2021,1/4,2021.1/4,영상의학과,3
동해시,2021,2/4,2021.2/4,영상의학과,3
동해시,2021,3/4,2021.3/4,영상의학과,2
동해시,2021,4/4,2021.4/4,영상의학과,4
동해시,2022,1/4,2022.1/4,영상의학과,4
동해시,2022,2/4,2022.2/4,영상의학과,4
동해시,2022,3/4,2022.3/4,영상의학과,4
동해시,2022,4/4,2022.4/4,영상의학과,4
동해시,2023,1/4,2023.1/4,영상의학과,4
동해시,2023,2/4,2023.2/4,영상의학과,4
동해시,2023,3/4,2023.3/4,영상의학과,3
동해시,2023,4/4,2023.4/4,영상의학과,3
동해시,2024,1/4,2024.1/4,영상의학과,3
동해시,2024,2/4,2024.2/4,영상의학과,2
동해시,2024,3/4,2024.3/4,영상의학과,2
동해시,2024,4/4,2024.4/4,영상의학과,2
동해시,2025,1/4,2025.1/4,영상의학과,2
동해시,2025,2/4,2025.2/4,영상의학과,2
동해시,2025,3/4,2025.3/4,영상의학과,2
동해시,2025,4/4,2025.4/4,영상의학과,2
동해시,2009,1/4,2009.1/4,예방의학과,1
동해시,2009,2/4,2009.2/4,예방의학과,1
동해시,2009,3/4,2009.3/4,예방의학과,1
동해시,2009,4/4,2009.4/4,예방의학과,1
동해시,2010,1/4,2010.1/4,예방의학과,1
동해시,2010,2/4,2010.2/4,예방의학과,0
동해시,2010,3/4,2010.3/4,예방의학과,0
동해시,2010,4/4,2010.4/4,예방의학과,0
동해시,2011,1/4,2011.1/4,예방의학과,1
동해시,2011,2/4,2011.2/4,예방의학과,1
동해시,2011,3/4,2011.3/4,예방의학과,1
동해시,2011,4/4,2011.4/4,예방의학과,1
동해시,2012,1/4,2012.1/4,예방의학과,1
동해시,2012,2/4,2012.2/4,예방의학과,1
동해시,2012,3/4,2012.3/4,예방의학과,1
동해시,2012,4/4,2012.4/4,예방의학과,1
동해시,2013,1/4,2013.1/4,예방의학과,1
동해시,2013,2/4,2013.2/4,예방의학과,0
동해시,2013,3/4,2013.3/4,예방의학과,0
동해시,2013,4/4,2013.4/4,예방의학과,0
동해시,2014,1/4,2014.1/4,예방의학과,0
동해시,2014,2/4,2014.2/4,예방의학과,0
동해시,2014,3/4,2014.3/4,예방의학과,0
동해시,2014,4/4,2014.4/4,예방의학과,0
동해시,2015,1/4,2015.1/4,예방의학과,0
동해시,2015,2/4,2015.2/4,예방의학과,0
동해시,2015,3/4,2015.3/4,예방의학과,0
동해시,2015,4/4,2015.4/4,예방의학과,1
동해시,2016,1/4,2016.1/4,예방의학과,1
동해시,2016,2/4,2016.2/4,예방의학과,1
동해시,2016,3/4,2016.3/4,예방의학과,1
동해시,2016,4/4,2016.4/4,예방의학과,1
동해시,2017,1/4,2017.1/4,예방의학과,0
동해시,2017,2/4,2017.2/4,예방의학과,0
동해시,2017,3/4,2017.3/4,예방의학과,0
동해시,2017,4/4,2017.4/4,예방의학과,0
동해시,2018,1/4,2018.1/4,예방의학과,0
동해시,2018,2/4,2018.2/4,예방의학과,0
동해시,2018,3/4,2018.3/4,예방의학과,0
동해시,2018,4/4,2018.4/4,예방의학과,0
동해시,2019,1/4,2019.1/4,예방의학과,0
동해시,2019,2/4,2019.2/4,예방의학과,0
동해시,2019,3/4,2019.3/4,예방의학과,0
동해시,2019,4/4,2019.4/4,예방의학과,0
동해시,2020,1/4,2020.1/4,예방의학과,0
동해시,2020,2/4,2020.2/4,예방의학과,0
동해시,2020,3/4,2020.3/4,예방의학과,0
동해시,2020,4/4,2020.4/4,예방의학과,0
동해시,2021,1/4,2021.1/4,예방의학과,0
동해시,2021,2/4,2021.2/4,예방의학과,0
동해시,2021,3/4,2021.3/4,예방의학과,0
동해시,2021,4/4,2021.4/4,예방의학과,0
동해시,2022,1/4,2022.1/4,예방의학과,0
동해시,2022,2/4,2022.2/4,예방의학과,0
동해시,2022,3/4,2022.3/4,예방의학과,0
동해시,2022,4/4,2022.4/4,예방의학과,0
동해시,2023,1/4,2023.1/4,예방의학과,0
동해시,2023,2/4,2023.2/4,예방의학과,0
동해시,2023,3/4,2023.3/4,예방의학과,0
동해시,2023,4/4,2023.4/4,예방의학과,0
동해시,2024,1/4,2024.1/4,예방의학과,0
동해시,2024,2/4,2024.2/4,예방의학과,0
동해시,2024,3/4,2024.3/4,예방의학과,0
동해시,2024,4/4,2024.4/4,예방의학과,0
동해시,2025,1/4,2025.1/4,예방의학과,0
동해시,2025,2/4,2025.2/4,예방의학과,0
동해시,2025,3/4,2025.3/4,예방의학과,0
동해시,2025,4/4,2025.4/4,예방의학과,0
동해시,2009,1/4,2009.1/4,외과,8
동해시,2009,2/4,2009.2/4,외과,8
동해시,2009,3/4,2009.3/4,외과,8
동해시,2009,4/4,2009.4/4,외과,8
동해시,2010,1/4,2010.1/4,외과,8
동해시,2010,2/4,2010.2/4,외과,8
동해시,2010,3/4,2010.3/4,외과,9
동해시,2010,4/4,2010.4/4,외과,9
동해시,2011,1/4,2011.1/4,외과,10
동해시,2011,2/4,2011.2/4,외과,10
동해시,2011,3/4,2011.3/4,외과,9
동해시,2011,4/4,2011.4/4,외과,9
동해시,2012,1/4,2012.1/4,외과,9
동해시,2012,2/4,2012.2/4,외과,9
동해시,2012,3/4,2012.3/4,외과,9
동해시,2012,4/4,2012.4/4,외과,9
동해시,2013,1/4,2013.1/4,외과,9
동해시,2013,2/4,2013.2/4,외과,10
동해시,2013,3/4,2013.3/4,외과,10
동해시,2013,4/4,2013.4/4,외과,10
동해시,2014,1/4,2014.1/4,외과,10
동해시,2014,2/4,2014.2/4,외과,10
동해시,2014,3/4,2014.3/4,외과,11
동해시,2014,4/4,2014.4/4,외과,11
동해시,2015,1/4,2015.1/4,외과,10
동해시,2015,2/4,2015.2/4,외과,11
동해시,2015,3/4,2015.3/4,외과,9
동해시,2015,4/4,2015.4/4,외과,8
동해시,2016,1/4,2016.1/4,외과,8
동해시,2016,2/4,2016.2/4,외과,8
동해시,2016,3/4,2016.3/4,외과,9
동해시,2016,4/4,2016.4/4,외과,9
동해시,2017,1/4,2017.1/4,외과,9
동해시,2017,2/4,2017.2/4,외과,9
동해시,2017,3/4,2017.3/4,외과,9
동해시,2017,4/4,2017.4/4,외과,9
동해시,2018,1/4,2018.1/4,외과,10
동해시,2018,2/4,2018.2/4,외과,8
동해시,2018,3/4,2018.3/4,외과,8
동해시,2018,4/4,2018.4/4,외과,8
동해시,2019,1/4,2019.1/4,외과,8
동해시,2019,2/4,2019.2/4,외과,8
동해시,2019,3/4,2019.3/4,외과,8
동해시,2019,4/4,2019.4/4,외과,8
동해시,2020,1/4,2020.1/4,외과,8
동해시,2020,2/4,2020.2/4,외과,8
동해시,2020,3/4,2020.3/4,외과,8
동해시,2020,4/4,2020.4/4,외과,9
동해시,2021,1/4,2021.1/4,외과,9
동해시,2021,2/4,2021.2/4,외과,9
동해시,2021,3/4,2021.3/4,외과,9
동해시,2021,4/4,2021.4/4,외과,8
동해시,2022,1/4,2022.1/4,외과,8
동해시,2022,2/4,2022.2/4,외과,8
동해시,2022,3/4,2022.3/4,외과,8
동해시,2022,4/4,2022.4/4,외과,8
동해시,2023,1/4,2023.1/4,외과,8
동해시,2023,2/4,2023.2/4,외과,8
동해시,2023,3/4,2023.3/4,외과,8
동해시,2023,4/4,2023.4/4,외과,7
동해시,2024,1/4,2024.1/4,외과,7
동해시,2024,2/4,2024.2/4,외과,7
동해시,2024,3/4,2024.3/4,외과,7
동해시,2024,4/4,2024.4/4,외과,7
동해시,2025,1/4,2025.1/4,외과,7
동해시,2025,2/4,2025.2/4,외과,7
동해시,2025,3/4,2025.3/4,외과,7
동해시,2025,4/4,2025.4/4,외과,9
동해시,2009,1/4,2009.1/4,응급의학과,0
동해시,2009,2/4,2009.2/4,응급의학과,0
동해시,2009,3/4,2009.3/4,응급의학과,0
동해시,2009,4/4,2009.4/4,응급의학과,0
동해시,2010,1/4,2010.1/4,응급의학과,0
동해시,2010,2/4,2010.2/4,응급의학과,1
동해시,2010,3/4,2010.3/4,응급의학과,1
동해시,2010,4/4,2010.4/4,응급의학과,1
동해시,2011,1/4,2011.1/4,응급의학과,1
동해시,2011,2/4,2011.2/4,응급의학과,1
동해시,2011,3/4,2011.3/4,응급의학과,0
동해시,2011,4/4,2011.4/4,응급의학과,0
동해시,2012,1/4,2012.1/4,응급의학과,0
동해시,2012,2/4,2012.2/4,응급의학과,1
동해시,2012,3/4,2012.3/4,응급의학과,1
동해시,2012,4/4,2012.4/4,응급의학과,1
동해시,2013,1/4,2013.1/4,응급의학과,1
동해시,2013,2/4,2013.2/4,응급의학과,1
동해시,2013,3/4,2013.3/4,응급의학과,1
동해시,2013,4/4,2013.4/4,응급의학과,2
동해시,2014,1/4,2014.1/4,응급의학과,2
동해시,2014,2/4,2014.2/4,응급의학과,2
동해시,2014,3/4,2014.3/4,응급의학과,2
동해시,2014,4/4,2014.4/4,응급의학과,2
동해시,2015,1/4,2015.1/4,응급의학과,3
동해시,2015,2/4,2015.2/4,응급의학과,2
동해시,2015,3/4,2015.3/4,응급의학과,2
동해시,2015,4/4,2015.4/4,응급의학과,2
동해시,2016,1/4,2016.1/4,응급의학과,3
동해시,2016,2/4,2016.2/4,응급의학과,3
동해시,2016,3/4,2016.3/4,응급의학과,2
동해시,2016,4/4,2016.4/4,응급의학과,2
동해시,2017,1/4,2017.1/4,응급의학과,2
동해시,2017,2/4,2017.2/4,응급의학과,1
동해시,2017,3/4,2017.3/4,응급의학과,1
동해시,2017,4/4,2017.4/4,응급의학과,1
동해시,2018,1/4,2018.1/4,응급의학과,1
동해시,2018,2/4,2018.2/4,응급의학과,1
동해시,2018,3/4,2018.3/4,응급의학과,1
동해시,2018,4/4,2018.4/4,응급의학과,1
동해시,2019,1/4,2019.1/4,응급의학과,1
동해시,2019,2/4,2019.2/4,응급의학과,1
동해시,2019,3/4,2019.3/4,응급의학과,1
동해시,2019,4/4,2019.4/4,응급의학과,1
동해시,2020,1/4,2020.1/4,응급의학과,1
동해시,2020,2/4,2020.2/4,응급의학과,1
동해시,2020,3/4,2020.3/4,응급의학과,1
동해시,2020,4/4,2020.4/4,응급의학과,1
동해시,2021,1/4,2021.1/4,응급의학과,1
동해시,2021,2/4,2021.2/4,응급의학과,1
동해시,2021,3/4,2021.3/4,응급의학과,1
동해시,2021,4/4,2021.4/4,응급의학과,1
동해시,2022,1/4,2022.1/4,응급의학과,1
동해시,2022,2/4,2022.2/4,응급의학과,1
동해시,2022,3/4,2022.3/4,응급의학과,1
동해시,2022,4/4,2022.4/4,응급의학과,1
동해시,2023,1/4,2023.1/4,응급의학과,1
동해시,2023,2/4,2023.2/4,응급의학과,1
동해시,2023,3/4,2023.3/4,응급의학과,1
동해시,2023,4/4,2023.4/4,응급의학과,1
동해시,2024,1/4,2024.1/4,응급의학과,1
동해시,2024,2/4,2024.2/4,응급의학과,1
동해시,2024,3/4,2024.3/4,응급의학과,1
동해시,2024,4/4,2024.4/4,응급의학과,1
동해시,2025,1/4,2025.1/4,응급의학과,1
동해시,2025,2/4,2025.2/4,응급의학과,1
동해시,2025,3/4,2025.3/4,응급의학과,1
동해시,2025,4/4,2025.4/4,응급의학과,1
동해시,2009,1/4,2009.1/4,이비인후과,4
동해시,2009,2/4,2009.2/4,이비인후과,4
동해시,2009,3/4,2009.3/4,이비인후과,4
동해시,2009,4/4,2009.4/4,이비인후과,4
동해시,2010,1/4,2010.1/4,이비인후과,5
동해시,2010,2/4,2010.2/4,이비인후과,5
동해시,2010,3/4,2010.3/4,이비인후과,5
동해시,2010,4/4,2010.4/4,이비인후과,5
동해시,2011,1/4,2011.1/4,이비인후과,5
동해시,2011,2/4,2011.2/4,이비인후과,5
동해시,2011,3/4,2011.3/4,이비인후과,5
동해시,2011,4/4,2011.4/4,이비인후과,5
동해시,2012,1/4,2012.1/4,이비인후과,5
동해시,2012,2/4,2012.2/4,이비인후과,6
동해시,2012,3/4,2012.3/4,이비인후과,6
동해시,2012,4/4,2012.4/4,이비인후과,6
동해시,2013,1/4,2013.1/4,이비인후과,6
동해시,2013,2/4,2013.2/4,이비인후과,8
동해시,2013,3/4,2013.3/4,이비인후과,7
동해시,2013,4/4,2013.4/4,이비인후과,7
동해시,2014,1/4,2014.1/4,이비인후과,7
동해시,2014,2/4,2014.2/4,이비인후과,8
동해시,2014,3/4,2014.3/4,이비인후과,8
동해시,2014,4/4,2014.4/4,이비인후과,8
동해시,2015,1/4,2015.1/4,이비인후과,8
동해시,2015,2/4,2015.2/4,이비인후과,8
동해시,2015,3/4,2015.3/4,이비인후과,8
동해시,2015,4/4,2015.4/4,이비인후과,8
동해시,2016,1/4,2016.1/4,이비인후과,8
동해시,2016,2/4,2016.2/4,이비인후과,7
동해시,2016,3/4,2016.3/4,이비인후과,7
동해시,2016,4/4,2016.4/4,이비인후과,7
동해시,2017,1/4,2017.1/4,이비인후과,8
동해시,2017,2/4,2017.2/4,이비인후과,8
동해시,2017,3/4,2017.3/4,이비인후과,8
동해시,2017,4/4,2017.4/4,이비인후과,8
동해시,2018,1/4,2018.1/4,이비인후과,8
동해시,2018,2/4,2018.2/4,이비인후과,8
동해시,2018,3/4,2018.3/4,이비인후과,8
동해시,2018,4/4,2018.4/4,이비인후과,8
동해시,2019,1/4,2019.1/4,이비인후과,7
동해시,2019,2/4,2019.2/4,이비인후과,8
동해시,2019,3/4,2019.3/4,이비인후과,8
동해시,2019,4/4,2019.4/4,이비인후과,8
동해시,2020,1/4,2020.1/4,이비인후과,8
동해시,2020,2/4,2020.2/4,이비인후과,7
동해시,2020,3/4,2020.3/4,이비인후과,7
동해시,2020,4/4,2020.4/4,이비인후과,8
동해시,2021,1/4,2021.1/4,이비인후과,8
동해시,2021,2/4,2021.2/4,이비인후과,8
동해시,2021,3/4,2021.3/4,이비인후과,8
동해시,2021,4/4,2021.4/4,이비인후과,8
동해시,2022,1/4,2022.1/4,이비인후과,8
동해시,2022,2/4,2022.2/4,이비인후과,8
동해시,2022,3/4,2022.3/4,이비인후과,8
동해시,2022,4/4,2022.4/4,이비인후과,9
동해시,2023,1/4,2023.1/4,이비인후과,8
동해시,2023,2/4,2023.2/4,이비인후과,8
동해시,2023,3/4,2023.3/4,이비인후과,8
동해시,2023,4/4,2023.4/4,이비인후과,8
동해시,2024,1/4,2024.1/4,이비인후과,8
동해시,2024,2/4,2024.2/4,이비인후과,8
동해시,2024,3/4,2024.3/4,이비인후과,8
동해시,2024,4/4,2024.4/4,이비인후과,8
동해시,2025,1/4,2025.1/4,이비인후과,7
동해시,2025,2/4,2025.2/4,이비인후과,7
동해시,2025,3/4,2025.3/4,이비인후과,7
동해시,2025,4/4,2025.4/4,이비인후과,7
동해시,2009,1/4,2009.1/4,재활의학과,0
동해시,2009,2/4,2009.2/4,재활의학과,1
동해시,2009,3/4,2009.3/4,재활의학과,1
동해시,2009,4/4,2009.4/4,재활의학과,1
동해시,2010,1/4,2010.1/4,재활의학과,1
동해시,2010,2/4,2010.2/4,재활의학과,1
동해시,2010,3/4,2010.3/4,재활의학과,0
동해시,2010,4/4,2010.4/4,재활의학과,0
동해시,2011,1/4,2011.1/4,재활의학과,0
동해시,2011,2/4,2011.2/4,재활의학과,1
동해시,2011,3/4,2011.3/4,재활의학과,1
동해시,2011,4/4,2011.4/4,재활의학과,1
동해시,2012,1/4,2012.1/4,재활의학과,1
동해시,2012,2/4,2012.2/4,재활의학과,1
동해시,2012,3/4,2012.3/4,재활의학과,1
동해시,2012,4/4,2012.4/4,재활의학과,1
동해시,2013,1/4,2013.1/4,재활의학과,1
동해시,2013,2/4,2013.2/4,재활의학과,2
동해시,2013,3/4,2013.3/4,재활의학과,2
동해시,2013,4/4,2013.4/4,재활의학과,2
동해시,2014,1/4,2014.1/4,재활의학과,2
동해시,2014,2/4,2014.2/4,재활의학과,2
동해시,2014,3/4,2014.3/4,재활의학과,2
동해시,2014,4/4,2014.4/4,재활의학과,2
동해시,2015,1/4,2015.1/4,재활의학과,2
동해시,2015,2/4,2015.2/4,재활의학과,2
동해시,2015,3/4,2015.3/4,재활의학과,2
동해시,2015,4/4,2015.4/4,재활의학과,3
동해시,2016,1/4,2016.1/4,재활의학과,3
동해시,2016,2/4,2016.2/4,재활의학과,2
동해시,2016,3/4,2016.3/4,재활의학과,2
동해시,2016,4/4,2016.4/4,재활의학과,2
동해시,2017,1/4,2017.1/4,재활의학과,3
동해시,2017,2/4,2017.2/4,재활의학과,4
동해시,2017,3/4,2017.3/4,재활의학과,4
동해시,2017,4/4,2017.4/4,재활의학과,4
동해시,2018,1/4,2018.1/4,재활의학과,4
동해시,2018,2/4,2018.2/4,재활의학과,4
동해시,2018,3/4,2018.3/4,재활의학과,4
동해시,2018,4/4,2018.4/4,재활의학과,3
동해시,2019,1/4,2019.1/4,재활의학과,3
동해시,2019,2/4,2019.2/4,재활의학과,3
동해시,2019,3/4,2019.3/4,재활의학과,3
동해시,2019,4/4,2019.4/4,재활의학과,3
동해시,2020,1/4,2020.1/4,재활의학과,3
동해시,2020,2/4,2020.2/4,재활의학과,3
동해시,2020,3/4,2020.3/4,재활의학과,3
동해시,2020,4/4,2020.4/4,재활의학과,3
동해시,2021,1/4,2021.1/4,재활의학과,3
동해시,2021,2/4,2021.2/4,재활의학과,3
동해시,2021,3/4,2021.3/4,재활의학과,3
동해시,2021,4/4,2021.4/4,재활의학과,3
동해시,2022,1/4,2022.1/4,재활의학과,3
동해시,2022,2/4,2022.2/4,재활의학과,3
동해시,2022,3/4,2022.3/4,재활의학과,3
동해시,2022,4/4,2022.4/4,재활의학과,3
동해시,2023,1/4,2023.1/4,재활의학과,2
동해시,2023,2/4,2023.2/4,재활의학과,3
동해시,2023,3/4,2023.3/4,재활의학과,3
동해시,2023,4/4,2023.4/4,재활의학과,2
동해시,2024,1/4,2024.1/4,재활의학과,2
동해시,2024,2/4,2024.2/4,재활의학과,2
동해시,2024,3/4,2024.3/4,재활의학과,2
동해시,2024,4/4,2024.4/4,재활의학과,2
동해시,2025,1/4,2025.1/4,재활의학과,2
동해시,2025,2/4,2025.2/4,재활의학과,3
동해시,2025,3/4,2025.3/4,재활의학과,3
동해시,2025,4/4,2025.4/4,재활의학과,3
동해시,2009,1/4,2009.1/4,정신건강의학과,3
동해시,2009,2/4,2009.2/4,정신건강의학과,3
동해시,2009,3/4,2009.3/4,정신건강의학과,3
동해시,2009,4/4,2009.4/4,정신건강의학과,3
동해시,2010,1/4,2010.1/4,정신건강의학과,3
동해시,2010,2/4,2010.2/4,정신건강의학과,3
동해시,2010,3/4,2010.3/4,정신건강의학과,3
동해시,2010,4/4,2010.4/4,정신건강의학과,3
동해시,2011,1/4,2011.1/4,정신건강의학과,3
동해시,2011,2/4,2011.2/4,정신건강의학과,3
동해시,2011,3/4,2011.3/4,정신건강의학과,3
동해시,2011,4/4,2011.4/4,정신건강의학과,3
동해시,2012,1/4,2012.1/4,정신건강의학과,4
동해시,2012,2/4,2012.2/4,정신건강의학과,4
동해시,2012,3/4,2012.3/4,정신건강의학과,4
동해시,2012,4/4,2012.4/4,정신건강의학과,4
동해시,2013,1/4,2013.1/4,정신건강의학과,4
동해시,2013,2/4,2013.2/4,정신건강의학과,4
동해시,2013,3/4,2013.3/4,정신건강의학과,4
동해시,2013,4/4,2013.4/4,정신건강의학과,4
동해시,2014,1/4,2014.1/4,정신건강의학과,4
동해시,2014,2/4,2014.2/4,정신건강의학과,4
동해시,2014,3/4,2014.3/4,정신건강의학과,4
동해시,2014,4/4,2014.4/4,정신건강의학과,4
동해시,2015,1/4,2015.1/4,정신건강의학과,4
동해시,2015,2/4,2015.2/4,정신건강의학과,4
동해시,2015,3/4,2015.3/4,정신건강의학과,4
동해시,2015,4/4,2015.4/4,정신건강의학과,4
동해시,2016,1/4,2016.1/4,정신건강의학과,4
동해시,2016,2/4,2016.2/4,정신건강의학과,4
동해시,2016,3/4,2016.3/4,정신건강의학과,4
동해시,2016,4/4,2016.4/4,정신건강의학과,4
동해시,2017,1/4,2017.1/4,정신건강의학과,4
동해시,2017,2/4,2017.2/4,정신건강의학과,4
동해시,2017,3/4,2017.3/4,정신건강의학과,4
동해시,2017,4/4,2017.4/4,정신건강의학과,4
동해시,2018,1/4,2018.1/4,정신건강의학과,4
동해시,2018,2/4,2018.2/4,정신건강의학과,4
동해시,2018,3/4,2018.3/4,정신건강의학과,4
동해시,2018,4/4,2018.4/4,정신건강의학과,4
동해시,2019,1/4,2019.1/4,정신건강의학과,4
동해시,2019,2/4,2019.2/4,정신건강의학과,4
동해시,2019,3/4,2019.3/4,정신건강의학과,4
동해시,2019,4/4,2019.4/4,정신건강의학과,4
동해시,2020,1/4,2020.1/4,정신건강의학과,4
동해시,2020,2/4,2020.2/4,정신건강의학과,4
동해시,2020,3/4,2020.3/4,정신건강의학과,3
동해시,2020,4/4,2020.4/4,정신건강의학과,3
동해시,2021,1/4,2021.1/4,정신건강의학과,4
동해시,2021,2/4,2021.2/4,정신건강의학과,4
동해시,2021,3/4,2021.3/4,정신건강의학과,4
동해시,2021,4/4,2021.4/4,정신건강의학과,4
동해시,2022,1/4,2022.1/4,정신건강의학과,4
동해시,2022,2/4,2022.2/4,정신건강의학과,4
동해시,2022,3/4,2022.3/4,정신건강의학과,4
동해시,2022,4/4,2022.4/4,정신건강의학과,3
동해시,2023,1/4,2023.1/4,정신건강의학과,3
동해시,2023,2/4,2023.2/4,정신건강의학과,3
동해시,2023,3/4,2023.3/4,정신건강의학과,3
동해시,2023,4/4,2023.4/4,정신건강의학과,3
동해시,2024,1/4,2024.1/4,정신건강의학과,3
동해시,2024,2/4,2024.2/4,정신건강의학과,3
동해시,2024,3/4,2024.3/4,정신건강의학과,3
동해시,2024,4/4,2024.4/4,정신건강의학과,3
동해시,2025,1/4,2025.1/4,정신건강의학과,3
동해시,2025,2/4,2025.2/4,정신건강의학과,3
동해시,2025,3/4,2025.3/4,정신건강의학과,3
동해시,2025,4/4,2025.4/4,정신건강의학과,2
동해시,2009,1/4,2009.1/4,정형외과,11
동해시,2009,2/4,2009.2/4,정형외과,11
동해시,2009,3/4,2009.3/4,정형외과,11
동해시,2009,4/4,2009.4/4,정형외과,10
동해시,2010,1/4,2010.1/4,정형외과,10
동해시,2010,2/4,2010.2/4,정형외과,10
동해시,2010,3/4,2010.3/4,정형외과,10
동해시,2010,4/4,2010.4/4,정형외과,9
동해시,2011,1/4,2011.1/4,정형외과,9
동해시,2011,2/4,2011.2/4,정형외과,9
동해시,2011,3/4,2011.3/4,정형외과,9
동해시,2011,4/4,2011.4/4,정형외과,10
동해시,2012,1/4,2012.1/4,정형외과,10
동해시,2012,2/4,2012.2/4,정형외과,11
동해시,2012,3/4,2012.3/4,정형외과,10
동해시,2012,4/4,2012.4/4,정형외과,10
동해시,2013,1/4,2013.1/4,정형외과,9
동해시,2013,2/4,2013.2/4,정형외과,9
동해시,2013,3/4,2013.3/4,정형외과,9
동해시,2013,4/4,2013.4/4,정형외과,9
동해시,2014,1/4,2014.1/4,정형외과,9
동해시,2014,2/4,2014.2/4,정형외과,9
동해시,2014,3/4,2014.3/4,정형외과,9
동해시,2014,4/4,2014.4/4,정형외과,9
동해시,2015,1/4,2015.1/4,정형외과,9
동해시,2015,2/4,2015.2/4,정형외과,9
동해시,2015,3/4,2015.3/4,정형외과,9
동해시,2015,4/4,2015.4/4,정형외과,10
동해시,2016,1/4,2016.1/4,정형외과,10
동해시,2016,2/4,2016.2/4,정형외과,11
동해시,2016,3/4,2016.3/4,정형외과,11
동해시,2016,4/4,2016.4/4,정형외과,13
동해시,2017,1/4,2017.1/4,정형외과,12
동해시,2017,2/4,2017.2/4,정형외과,12
동해시,2017,3/4,2017.3/4,정형외과,11
동해시,2017,4/4,2017.4/4,정형외과,11
동해시,2018,1/4,2018.1/4,정형외과,11
동해시,2018,2/4,2018.2/4,정형외과,12
동해시,2018,3/4,2018.3/4,정형외과,13
동해시,2018,4/4,2018.4/4,정형외과,12
동해시,2019,1/4,2019.1/4,정형외과,13
동해시,2019,2/4,2019.2/4,정형외과,12
동해시,2019,3/4,2019.3/4,정형외과,13
동해시,2019,4/4,2019.4/4,정형외과,12
동해시,2020,1/4,2020.1/4,정형외과,12
동해시,2020,2/4,2020.2/4,정형외과,12
동해시,2020,3/4,2020.3/4,정형외과,12
동해시,2020,4/4,2020.4/4,정형외과,11
동해시,2021,1/4,2021.1/4,정형외과,11
동해시,2021,2/4,2021.2/4,정형외과,11
동해시,2021,3/4,2021.3/4,정형외과,11
동해시,2021,4/4,2021.4/4,정형외과,12
동해시,2022,1/4,2022.1/4,정형외과,13
동해시,2022,2/4,2022.2/4,정형외과,13
동해시,2022,3/4,2022.3/4,정형외과,11
동해시,2022,4/4,2022.4/4,정형외과,11
동해시,2023,1/4,2023.1/4,정형외과,11
동해시,2023,2/4,2023.2/4,정형외과,11
동해시,2023,3/4,2023.3/4,정형외과,11
동해시,2023,4/4,2023.4/4,정형외과,10
동해시,2024,1/4,2024.1/4,정형외과,9
동해시,2024,2/4,2024.2/4,정형외과,10
동해시,2024,3/4,2024.3/4,정형외과,9
동해시,2024,4/4,2024.4/4,정형외과,9
동해시,2025,1/4,2025.1/4,정형외과,10
동해시,2025,2/4,2025.2/4,정형외과,10
동해시,2025,3/4,2025.3/4,정형외과,10
동해시,2025,4/4,2025.4/4,정형외과,10
동해시,2009,1/4,2009.1/4,직업환경의학과,1
동해시,2009,2/4,2009.2/4,직업환경의학과,2
동해시,2009,3/4,2009.3/4,직업환경의학과,2
동해시,2009,4/4,2009.4/4,직업환경의학과,2
동해시,2010,1/4,2010.1/4,직업환경의학과,2
동해시,2010,2/4,2010.2/4,직업환경의학과,3
동해시,2010,3/4,2010.3/4,직업환경의학과,3
동해시,2010,4/4,2010.4/4,직업환경의학과,3
동해시,2011,1/4,2011.1/4,직업환경의학과,2
동해시,2011,2/4,2011.2/4,직업환경의학과,2
동해시,2011,3/4,2011.3/4,직업환경의학과,2
동해시,2011,4/4,2011.4/4,직업환경의학과,2
동해시,2012,1/4,2012.1/4,직업환경의학과,1
동해시,2012,2/4,2012.2/4,직업환경의학과,1
동해시,2012,3/4,2012.3/4,직업환경의학과,1
동해시,2012,4/4,2012.4/4,직업환경의학과,1
동해시,2013,1/4,2013.1/4,직업환경의학과,1
동해시,2013,2/4,2013.2/4,직업환경의학과,1
동해시,2013,3/4,2013.3/4,직업환경의학과,1
동해시,2013,4/4,2013.4/4,직업환경의학과,1
동해시,2014,1/4,2014.1/4,직업환경의학과,1
동해시,2014,2/4,2014.2/4,직업환경의학과,2
동해시,2014,3/4,2014.3/4,직업환경의학과,2
동해시,2014,4/4,2014.4/4,직업환경의학과,2
동해시,2015,1/4,2015.1/4,직업환경의학과,2
동해시,2015,2/4,2015.2/4,직업환경의학과,2
동해시,2015,3/4,2015.3/4,직업환경의학과,2
동해시,2015,4/4,2015.4/4,직업환경의학과,2
동해시,2016,1/4,2016.1/4,직업환경의학과,2
동해시,2016,2/4,2016.2/4,직업환경의학과,1
동해시,2016,3/4,2016.3/4,직업환경의학과,1
동해시,2016,4/4,2016.4/4,직업환경의학과,2
동해시,2017,1/4,2017.1/4,직업환경의학과,3
동해시,2017,2/4,2017.2/4,직업환경의학과,3
동해시,2017,3/4,2017.3/4,직업환경의학과,3
동해시,2017,4/4,2017.4/4,직업환경의학과,3
동해시,2018,1/4,2018.1/4,직업환경의학과,3
동해시,2018,2/4,2018.2/4,직업환경의학과,3
동해시,2018,3/4,2018.3/4,직업환경의학과,3
동해시,2018,4/4,2018.4/4,직업환경의학과,3
동해시,2019,1/4,2019.1/4,직업환경의학과,3
동해시,2019,2/4,2019.2/4,직업환경의학과,3
동해시,2019,3/4,2019.3/4,직업환경의학과,3
동해시,2019,4/4,2019.4/4,직업환경의학과,3
동해시,2020,1/4,2020.1/4,직업환경의학과,3
동해시,2020,2/4,2020.2/4,직업환경의학과,3
동해시,2020,3/4,2020.3/4,직업환경의학과,3
동해시,2020,4/4,2020.4/4,직업환경의학과,3
동해시,2021,1/4,2021.1/4,직업환경의학과,3
동해시,2021,2/4,2021.2/4,직업환경의학과,3
동해시,2021,3/4,2021.3/4,직업환경의학과,3
동해시,2021,4/4,2021.4/4,직업환경의학과,3
동해시,2022,1/4,2022.1/4,직업환경의학과,3
동해시,2022,2/4,2022.2/4,직업환경의학과,2
동해시,2022,3/4,2022.3/4,직업환경의학과,4
동해시,2022,4/4,2022.4/4,직업환경의학과,4
동해시,2023,1/4,2023.1/4,직업환경의학과,4
동해시,2023,2/4,2023.2/4,직업환경의학과,3
동해시,2023,3/4,2023.3/4,직업환경의학과,3
동해시,2023,4/4,2023.4/4,직업환경의학과,3
동해시,2024,1/4,2024.1/4,직업환경의학과,3
동해시,2024,2/4,2024.2/4,직업환경의학과,3
동해시,2024,3/4,2024.3/4,직업환경의학과,3
동해시,2024,4/4,2024.4/4,직업환경의학과,3
동해시,2025,1/4,2025.1/4,직업환경의학과,4
동해시,2025,2/4,2025.2/4,직업환경의학과,3
동해시,2025,3/4,2025.3/4,직업환경의학과,1
동해시,2025,4/4,2025.4/4,직업환경의학과,1
동해시,2009,1/4,2009.1/4,진단검사의학과,1
동해시,2009,2/4,2009.2/4,진단검사의학과,1
동해시,2009,3/4,2009.3/4,진단검사의학과,1
동해시,2009,4/4,2009.4/4,진단검사의학과,1
동해시,2010,1/4,2010.1/4,진단검사의학과,1
동해시,2010,2/4,2010.2/4,진단검사의학과,1
동해시,2010,3/4,2010.3/4,진단검사의학과,1
동해시,2010,4/4,2010.4/4,진단검사의학과,1
동해시,2011,1/4,2011.1/4,진단검사의학과,1
동해시,2011,2/4,2011.2/4,진단검사의학과,1
동해시,2011,3/4,2011.3/4,진단검사의학과,1
동해시,2011,4/4,2011.4/4,진단검사의학과,1
동해시,2012,1/4,2012.1/4,진단검사의학과,1
동해시,2012,2/4,2012.2/4,진단검사의학과,1
동해시,2012,3/4,2012.3/4,진단검사의학과,1
동해시,2012,4/4,2012.4/4,진단검사의학과,1
동해시,2013,1/4,2013.1/4,진단검사의학과,1
동해시,2013,2/4,2013.2/4,진단검사의학과,1
동해시,2013,3/4,2013.3/4,진단검사의학과,1
동해시,2013,4/4,2013.4/4,진단검사의학과,1
동해시,2014,1/4,2014.1/4,진단검사의학과,1
동해시,2014,2/4,2014.2/4,진단검사의학과,1
동해시,2014,3/4,2014.3/4,진단검사의학과,1
동해시,2014,4/4,2014.4/4,진단검사의학과,1
동해시,2015,1/4,2015.1/4,진단검사의학과,1
동해시,2015,2/4,2015.2/4,진단검사의학과,1
동해시,2015,3/4,2015.3/4,진단검사의학과,1
동해시,2015,4/4,2015.4/4,진단검사의학과,1
동해시,2016,1/4,2016.1/4,진단검사의학과,1
동해시,2016,2/4,2016.2/4,진단검사의학과,1
동해시,2016,3/4,2016.3/4,진단검사의학과,1
동해시,2016,4/4,2016.4/4,진단검사의학과,1
동해시,2017,1/4,2017.1/4,진단검사의학과,1
동해시,2017,2/4,2017.2/4,진단검사의학과,1
동해시,2017,3/4,2017.3/4,진단검사의학과,1
동해시,2017,4/4,2017.4/4,진단검사의학과,1
동해시,2018,1/4,2018.1/4,진단검사의학과,1
동해시,2018,2/4,2018.2/4,진단검사의학과,1
동해시,2018,3/4,2018.3/4,진단검사의학과,1
동해시,2018,4/4,2018.4/4,진단검사의학과,1
동해시,2019,1/4,2019.1/4,진단검사의학과,1
동해시,2019,2/4,2019.2/4,진단검사의학과,1
동해시,2019,3/4,2019.3/4,진단검사의학과,1
동해시,2019,4/4,2019.4/4,진단검사의학과,1
동해시,2020,1/4,2020.1/4,진단검사의학과,1
동해시,2020,2/4,2020.2/4,진단검사의학과,1
동해시,2020,3/4,2020.3/4,진단검사의학과,1
동해시,2020,4/4,2020.4/4,진단검사의학과,1
동해시,2021,1/4,2021.1/4,진단검사의학과,1
동해시,2021,2/4,2021.2/4,진단검사의학과,1
동해시,2021,3/4,2021.3/4,진단검사의학과,1
동해시,2021,4/4,2021.4/4,진단검사의학과,1
동해시,2022,1/4,2022.1/4,진단검사의학과,1
동해시,2022,2/4,2022.2/4,진단검사의학과,1
동해시,2022,3/4,2022.3/4,진단검사의학과,1
동해시,2022,4/4,2022.4/4,진단검사의학과,1
동해시,2023,1/4,2023.1/4,진단검사의학과,1
동해시,2023,2/4,2023.2/4,진단검사의학과,1
동해시,2023,3/4,2023.3/4,진단검사의학과,1
동해시,2023,4/4,2023.4/4,진단검사의학과,1
동해시,2024,1/4,2024.1/4,진단검사의학과,1
동해시,2024,2/4,2024.2/4,진단검사의학과,1
동해시,2024,3/4,2024.3/4,진단검사의학과,1
동해시,2024,4/4,2024.4/4,진단검사의학과,1
동해시,2025,1/4,2025.1/4,진단검사의학과,1
동해시,2025,2/4,2025.2/4,진단검사의학과,1
동해시,2025,3/4,2025.3/4,진단검사의학과,1
동해시,2025,4/4,2025.4/4,진단검사의학과,1
동해시,2009,1/4,2009.1/4,피부과,1
동해시,2009,2/4,2009.2/4,피부과,1
동해시,2009,3/4,2009.3/4,피부과,1
동해시,2009,4/4,2009.4/4,피부과,1
동해시,2010,1/4,2010.1/4,피부과,1
동해시,2010,2/4,2010.2/4,피부과,1
동해시,2010,3/4,2010.3/4,피부과,1
동해시,2010,4/4,2010.4/4,피부과,1
동해시,2011,1/4,2011.1/4,피부과,1
동해시,2011,2/4,2011.2/4,피부과,1
동해시,2011,3/4,2011.3/4,피부과,1
동해시,2011,4/4,2011.4/4,피부과,1
동해시,2012,1/4,2012.1/4,피부과,1
동해시,2012,2/4,2012.2/4,피부과,1
동해시,2012,3/4,2012.3/4,피부과,1
동해시,2012,4/4,2012.4/4,피부과,1
동해시,2013,1/4,2013.1/4,피부과,1
동해시,2013,2/4,2013.2/4,피부과,1
동해시,2013,3/4,2013.3/4,피부과,1
동해시,2013,4/4,2013.4/4,피부과,1
동해시,2014,1/4,2014.1/4,피부과,1
동해시,2014,2/4,2014.2/4,피부과,1
동해시,2014,3/4,2014.3/4,피부과,1
동해시,2014,4/4,2014.4/4,피부과,1
동해시,2015,1/4,2015.1/4,피부과,1
동해시,2015,2/4,2015.2/4,피부과,1
동해시,2015,3/4,2015.3/4,피부과,1
동해시,2015,4/4,2015.4/4,피부과,1
동해시,2016,1/4,2016.1/4,피부과,1
동해시,2016,2/4,2016.2/4,피부과,1
동해시,2016,3/4,2016.3/4,피부과,1
동해시,2016,4/4,2016.4/4,피부과,1
동해시,2017,1/4,2017.1/4,피부과,1
동해시,2017,2/4,2017.2/4,피부과,1
동해시,2017,3/4,2017.3/4,피부과,1
동해시,2017,4/4,2017.4/4,피부과,1
동해시,2018,1/4,2018.1/4,피부과,1
동해시,2018,2/4,2018.2/4,피부과,1
동해시,2018,3/4,2018.3/4,피부과,1
동해시,2018,4/4,2018.4/4,피부과,1
동해시,2019,1/4,2019.1/4,피부과,1
동해시,2019,2/4,2019.2/4,피부과,1
동해시,2019,3/4,2019.3/4,피부과,1
동해시,2019,4/4,2019.4/4,피부과,1
동해시,2020,1/4,2020.1/4,피부과,1
동해시,2020,2/4,2020.2/4,피부과,1
동해시,2020,3/4,2020.3/4,피부과,1
동해시,2020,4/4,2020.4/4,피부과,1
동해시,2021,1/4,2021.1/4,피부과,1
동해시,2021,2/4,2021.2/4,피부과,1
동해시,2021,3/4,2021.3/4,피부과,1
동해시,2021,4/4,2021.4/4,피부과,1
동해시,2022,1/4,2022.1/4,피부과,1
동해시,2022,2/4,2022.2/4,피부과,1
동해시,2022,3/4,2022.3/4,피부과,1
동해시,2022,4/4,2022.4/4,피부과,1
동해시,2023,1/4,2023.1/4,피부과,0
동해시,2023,2/4,2023.2/4,피부과,0
동해시,2023,3/4,2023.3/4,피부과,0
동해시,2023,4/4,2023.4/4,피부과,0
동해시,2024,1/4,2024.1/4,피부과,0
동해시,2024,2/4,2024.2/4,피부과,0
동해시,2024,3/4,2024.3/4,피부과,0
동해시,2024,4/4,2024.4/4,피부과,0
동해시,2025,1/4,2025.1/4,피부과,0
동해시,2025,2/4,2025.2/4,피부과,0
동해시,2025,3/4,2025.3/4,피부과,0
동해시,2025,4/4,2025.4/4,피부과,0
동해시,2009,1/4,2009.1/4,핵의학과,0
동해시,2009,2/4,2009.2/4,핵의학과,0
동해시,2009,3/4,2009.3/4,핵의학과,0
동해시,2009,4/4,2009.4/4,핵의학과,0
동해시,2010,1/4,2010.1/4,핵의학과,0
동해시,2010,2/4,2010.2/4,핵의학과,0
동해시,2010,3/4,2010.3/4,핵의학과,0
동해시,2010,4/4,2010.4/4,핵의학과,0
동해시,2011,1/4,2011.1/4,핵의학과,0
동해시,2011,2/4,2011.2/4,핵의학과,0
동해시,2011,3/4,2011.3/4,핵의학과,0
동해시,2011,4/4,2011.4/4,핵의학과,0
동해시,2012,1/4,2012.1/4,핵의학과,0
동해시,2012,2/4,2012.2/4,핵의학과,0
동해시,2012,3/4,2012.3/4,핵의학과,0
동해시,2012,4/4,2012.4/4,핵의학과,0
동해시,2013,1/4,2013.1/4,핵의학과,0
동해시,2013,2/4,2013.2/4,핵의학과,0
동해시,2013,3/4,2013.3/4,핵의학과,0
동해시,2013,4/4,2013.4/4,핵의학과,0
동해시,2014,1/4,2014.1/4,핵의학과,0
동해시,2014,2/4,2014.2/4,핵의학과,0
동해시,2014,3/4,2014.3/4,핵의학과,0
동해시,2014,4/4,2014.4/4,핵의학과,0
동해시,2015,1/4,2015.1/4,핵의학과,0
동해시,2015,2/4,2015.2/4,핵의학과,0
동해시,2015,3/4,2015.3/4,핵의학과,0
동해시,2015,4/4,2015.4/4,핵의학과,0
동해시,2016,1/4,2016.1/4,핵의학과,0
동해시,2016,2/4,2016.2/4,핵의학과,0
동해시,2016,3/4,2016.3/4,핵의학과,0
동해시,2016,4/4,2016.4/4,핵의학과,0
동해시,2017,1/4,2017.1/4,핵의학과,0
동해시,2017,2/4,2017.2/4,핵의학과,0
동해시,2017,3/4,2017.3/4,핵의학과,0
동해시,2017,4/4,2017.4/4,핵의학과,0
동해시,2018,1/4,2018.1/4,핵의학과,0
동해시,2018,2/4,2018.2/4,핵의학과,0
동해시,2018,3/4,2018.3/4,핵의학과,0
동해시,2018,4/4,2018.4/4,핵의학과,0
동해시,2019,1/4,2019.1/4,핵의학과,0
동해시,2019,2/4,2019.2/4,핵의학과,0
동해시,2019,3/4,2019.3/4,핵의학과,0
동해시,2019,4/4,2019.4/4,핵의학과,0
동해시,2020,1/4,2020.1/4,핵의학과,0
동해시,2020,2/4,2020.2/4,핵의학과,0
동해시,2020,3/4,2020.3/4,핵의학과,0
동해시,2020,4/4,2020.4/4,핵의학과,0
동해시,2021,1/4,2021.1/4,핵의학과,0
동해시,2021,2/4,2021.2/4,핵의학과,0
동해시,2021,3/4,2021.3/4,핵의학과,0
동해시,2021,4/4,2021.4/4,핵의학과,0
동해시,2022,1/4,2022.1/4,핵의학과,0
동해시,2022,2/4,2022.2/4,핵의학과,0
동해시,2022,3/4,2022.3/4,핵의학과,0
동해시,2022,4/4,2022.4/4,핵의학과,0
동해시,2023,1/4,2023.1/4,핵의학과,0
동해시,2023,2/4,2023.2/4,핵의학과,0
동해시,2023,3/4,2023.3/4,핵의학과,0
동해시,2023,4/4,2023.4/4,핵의학과,0
동해시,2024,1/4,2024.1/4,핵의학과,0
동해시,2024,2/4,2024.2/4,핵의학과,0
동해시,2024,3/4,2024.3/4,핵의학과,0
동해시,2024,4/4,2024.4/4,핵의학과,0
동해시,2025,1/4,2025.1/4,핵의학과,0
동해시,2025,2/4,2025.2/4,핵의학과,0
동해시,2025,3/4,2025.3/4,핵의학과,0
동해시,2025,4/4,2025.4/4,핵의학과,0
삼척시,2009,1/4,2009.1/4,가정의학과,3
삼척시,2009,2/4,2009.2/4,가정의학과,3
삼척시,2009,3/4,2009.3/4,가정의학과,3
삼척시,2009,4/4,2009.4/4,가정의학과,3
삼척시,2010,1/4,2010.1/4,가정의학과,2
삼척시,2010,2/4,2010.2/4,가정의학과,1
삼척시,2010,3/4,2010.3/4,가정의학과,1
삼척시,2010,4/4,2010.4/4,가정의학과,1
삼척시,2011,1/4,2011.1/4,가정의학과,1
삼척시,2011,2/4,2011.2/4,가정의학과,1
삼척시,2011,3/4,2011.3/4,가정의학과,3
삼척시,2011,4/4,2011.4/4,가정의학과,2
삼척시,2012,1/4,2012.1/4,가정의학과,2
삼척시,2012,2/4,2012.2/4,가정의학과,2
삼척시,2012,3/4,2012.3/4,가정의학과,2
삼척시,2012,4/4,2012.4/4,가정의학과,1
삼척시,2013,1/4,2013.1/4,가정의학과,1
삼척시,2013,2/4,2013.2/4,가정의학과,1
삼척시,2013,3/4,2013.3/4,가정의학과,1
삼척시,2013,4/4,2013.4/4,가정의학과,2
삼척시,2014,1/4,2014.1/4,가정의학과,3
삼척시,2014,2/4,2014.2/4,가정의학과,3
삼척시,2014,3/4,2014.3/4,가정의학과,3
삼척시,2014,4/4,2014.4/4,가정의학과,3
삼척시,2015,1/4,2015.1/4,가정의학과,3
삼척시,2015,2/4,2015.2/4,가정의학과,3
삼척시,2015,3/4,2015.3/4,가정의학과,2
삼척시,2015,4/4,2015.4/4,가정의학과,2
삼척시,2016,1/4,2016.1/4,가정의학과,2
삼척시,2016,2/4,2016.2/4,가정의학과,1
삼척시,2016,3/4,2016.3/4,가정의학과,1
삼척시,2016,4/4,2016.4/4,가정의학과,1
삼척시,2017,1/4,2017.1/4,가정의학과,1
삼척시,2017,2/4,2017.2/4,가정의학과,1
삼척시,2017,3/4,2017.3/4,가정의학과,1
삼척시,2017,4/4,2017.4/4,가정의학과,1
삼척시,2018,1/4,2018.1/4,가정의학과,1
삼척시,2018,2/4,2018.2/4,가정의학과,1
삼척시,2018,3/4,2018.3/4,가정의학과,1
삼척시,2018,4/4,2018.4/4,가정의학과,1
삼척시,2019,1/4,2019.1/4,가정의학과,1
삼척시,2019,2/4,2019.2/4,가정의학과,1
삼척시,2019,3/4,2019.3/4,가정의학과,1
삼척시,2019,4/4,2019.4/4,가정의학과,1
삼척시,2020,1/4,2020.1/4,가정의학과,1
삼척시,2020,2/4,2020.2/4,가정의학과,1
삼척시,2020,3/4,2020.3/4,가정의학과,1
삼척시,2020,4/4,2020.4/4,가정의학과,1
삼척시,2021,1/4,2021.1/4,가정의학과,1
삼척시,2021,2/4,2021.2/4,가정의학과,1
삼척시,2021,3/4,2021.3/4,가정의학과,1
삼척시,2021,4/4,2021.4/4,가정의학과,1
삼척시,2022,1/4,2022.1/4,가정의학과,1
삼척시,2022,2/4,2022.2/4,가정의학과,1
삼척시,2022,3/4,2022.3/4,가정의학과,1
삼척시,2022,4/4,2022.4/4,가정의학과,1
삼척시,2023,1/4,2023.1/4,가정의학과,2
삼척시,2023,2/4,2023.2/4,가정의학과,2
삼척시,2023,3/4,2023.3/4,가정의학과,2
삼척시,2023,4/4,2023.4/4,가정의학과,2
삼척시,2024,1/4,2024.1/4,가정의학과,2
삼척시,2024,2/4,2024.2/4,가정의학과,2
삼척시,2024,3/4,2024.3/4,가정의학과,2
삼척시,2024,4/4,2024.4/4,가정의학과,2
삼척시,2025,1/4,2025.1/4,가정의학과,2
삼척시,2025,2/4,2025.2/4,가정의학과,2
삼척시,2025,3/4,2025.3/4,가정의학과,2
삼척시,2025,4/4,2025.4/4,가정의학과,2
삼척시,2009,1/4,2009.1/4,결핵과,0
삼척시,2009,2/4,2009.2/4,결핵과,0
삼척시,2009,3/4,2009.3/4,결핵과,0
삼척시,2009,4/4,2009.4/4,결핵과,0
삼척시,2010,1/4,2010.1/4,결핵과,0
삼척시,2010,2/4,2010.2/4,결핵과,0
삼척시,2010,3/4,2010.3/4,결핵과,0
삼척시,2010,4/4,2010.4/4,결핵과,0
삼척시,2011,1/4,2011.1/4,결핵과,0
삼척시,2011,2/4,2011.2/4,결핵과,0
삼척시,2011,3/4,2011.3/4,결핵과,0
삼척시,2011,4/4,2011.4/4,결핵과,0
삼척시,2012,1/4,2012.1/4,결핵과,0
삼척시,2012,2/4,2012.2/4,결핵과,0
삼척시,2012,3/4,2012.3/4,결핵과,0
삼척시,2012,4/4,2012.4/4,결핵과,0
삼척시,2013,1/4,2013.1/4,결핵과,0
삼척시,2013,2/4,2013.2/4,결핵과,0
삼척시,2013,3/4,2013.3/4,결핵과,0
삼척시,2013,4/4,2013.4/4,결핵과,0
삼척시,2014,1/4,2014.1/4,결핵과,0
삼척시,2014,2/4,2014.2/4,결핵과,0
삼척시,2014,3/4,2014.3/4,결핵과,0
삼척시,2014,4/4,2014.4/4,결핵과,0
삼척시,2015,1/4,2015.1/4,결핵과,0
삼척시,2015,2/4,2015.2/4,결핵과,0
삼척시,2015,3/4,2015.3/4,결핵과,0
삼척시,2015,4/4,2015.4/4,결핵과,0
삼척시,2016,1/4,2016.1/4,결핵과,0
삼척시,2016,2/4,2016.2/4,결핵과,0
삼척시,2016,3/4,2016.3/4,결핵과,0
삼척시,2016,4/4,2016.4/4,결핵과,0
삼척시,2017,1/4,2017.1/4,결핵과,0
삼척시,2017,2/4,2017.2/4,결핵과,0
삼척시,2017,3/4,2017.3/4,결핵과,0
삼척시,2017,4/4,2017.4/4,결핵과,0
삼척시,2018,1/4,2018.1/4,결핵과,0
삼척시,2018,2/4,2018.2/4,결핵과,0
삼척시,2018,3/4,2018.3/4,결핵과,0
삼척시,2018,4/4,2018.4/4,결핵과,0
삼척시,2019,1/4,2019.1/4,결핵과,0
삼척시,2019,2/4,2019.2/4,결핵과,0
삼척시,2019,3/4,2019.3/4,결핵과,0
삼척시,2019,4/4,2019.4/4,결핵과,0
삼척시,2020,1/4,2020.1/4,결핵과,0
삼척시,2020,2/4,2020.2/4,결핵과,0
삼척시,2020,3/4,2020.3/4,결핵과,0
삼척시,2020,4/4,2020.4/4,결핵과,0
삼척시,2021,1/4,2021.1/4,결핵과,0
삼척시,2021,2/4,2021.2/4,결핵과,0
삼척시,2021,3/4,2021.3/4,결핵과,0
삼척시,2021,4/4,2021.4/4,결핵과,0
삼척시,2022,1/4,2022.1/4,결핵과,0
삼척시,2022,2/4,2022.2/4,결핵과,0
삼척시,2022,3/4,2022.3/4,결핵과,0
삼척시,2022,4/4,2022.4/4,결핵과,0
삼척시,2023,1/4,2023.1/4,결핵과,0
삼척시,2023,2/4,2023.2/4,결핵과,0
삼척시,2023,3/4,2023.3/4,결핵과,0
삼척시,2023,4/4,2023.4/4,결핵과,0
삼척시,2024,1/4,2024.1/4,결핵과,0
삼척시,2024,2/4,2024.2/4,결핵과,0
삼척시,2024,3/4,2024.3/4,결핵과,0
삼척시,2024,4/4,2024.4/4,결핵과,0
삼척시,2025,1/4,2025.1/4,결핵과,0
삼척시,2025,2/4,2025.2/4,결핵과,0
삼척시,2025,3/4,2025.3/4,결핵과,0
삼척시,2025,4/4,2025.4/4,결핵과,0
삼척시,2009,1/4,2009.1/4,내과,5
삼척시,2009,2/4,2009.2/4,내과,6
삼척시,2009,3/4,2009.3/4,내과,6
삼척시,2009,4/4,2009.4/4,내과,6
삼척시,2010,1/4,2010.1/4,내과,7
삼척시,2010,2/4,2010.2/4,내과,8
삼척시,2010,3/4,2010.3/4,내과,8
삼척시,2010,4/4,2010.4/4,내과,8
삼척시,2011,1/4,2011.1/4,내과,8
삼척시,2011,2/4,2011.2/4,내과,8
삼척시,2011,3/4,2011.3/4,내과,8
삼척시,2011,4/4,2011.4/4,내과,8
삼척시,2012,1/4,2012.1/4,내과,8
삼척시,2012,2/4,2012.2/4,내과,7
삼척시,2012,3/4,2012.3/4,내과,7
삼척시,2012,4/4,2012.4/4,내과,7
삼척시,2013,1/4,2013.1/4,내과,8
삼척시,2013,2/4,2013.2/4,내과,7
삼척시,2013,3/4,2013.3/4,내과,7
삼척시,2013,4/4,2013.4/4,내과,6
삼척시,2014,1/4,2014.1/4,내과,7
삼척시,2014,2/4,2014.2/4,내과,6
삼척시,2014,3/4,2014.3/4,내과,6
삼척시,2014,4/4,2014.4/4,내과,6
삼척시,2015,1/4,2015.1/4,내과,7
삼척시,2015,2/4,2015.2/4,내과,7
삼척시,2015,3/4,2015.3/4,내과,7
삼척시,2015,4/4,2015.4/4,내과,7
삼척시,2016,1/4,2016.1/4,내과,7
삼척시,2016,2/4,2016.2/4,내과,7
삼척시,2016,3/4,2016.3/4,내과,7
삼척시,2016,4/4,2016.4/4,내과,7
삼척시,2017,1/4,2017.1/4,내과,6
삼척시,2017,2/4,2017.2/4,내과,6
삼척시,2017,3/4,2017.3/4,내과,6
삼척시,2017,4/4,2017.4/4,내과,6
삼척시,2018,1/4,2018.1/4,내과,6
삼척시,2018,2/4,2018.2/4,내과,7
삼척시,2018,3/4,2018.3/4,내과,7
삼척시,2018,4/4,2018.4/4,내과,7
삼척시,2019,1/4,2019.1/4,내과,7
삼척시,2019,2/4,2019.2/4,내과,7
삼척시,2019,3/4,2019.3/4,내과,7
삼척시,2019,4/4,2019.4/4,내과,7
삼척시,2020,1/4,2020.1/4,내과,8
삼척시,2020,2/4,2020.2/4,내과,8
삼척시,2020,3/4,2020.3/4,내과,8
삼척시,2020,4/4,2020.4/4,내과,8
삼척시,2021,1/4,2021.1/4,내과,7
삼척시,2021,2/4,2021.2/4,내과,7
삼척시,2021,3/4,2021.3/4,내과,7
삼척시,2021,4/4,2021.4/4,내과,7
삼척시,2022,1/4,2022.1/4,내과,7
삼척시,2022,2/4,2022.2/4,내과,7
삼척시,2022,3/4,2022.3/4,내과,7
삼척시,2022,4/4,2022.4/4,내과,7
삼척시,2023,1/4,2023.1/4,내과,6
삼척시,2023,2/4,2023.2/4,내과,7
삼척시,2023,3/4,2023.3/4,내과,7
삼척시,2023,4/4,2023.4/4,내과,7
삼척시,2024,1/4,2024.1/4,내과,7
삼척시,2024,2/4,2024.2/4,내과,7
삼척시,2024,3/4,2024.3/4,내과,7
삼척시,2024,4/4,2024.4/4,내과,7
삼척시,2025,1/4,2025.1/4,내과,8
삼척시,2025,2/4,2025.2/4,내과,8
삼척시,2025,3/4,2025.3/4,내과,9
삼척시,2025,4/4,2025.4/4,내과,9
삼척시,2009,1/4,2009.1/4,마취통증의학과,2
삼척시,2009,2/4,2009.2/4,마취통증의학과,3
삼척시,2009,3/4,2009.3/4,마취통증의학과,3
삼척시,2009,4/4,2009.4/4,마취통증의학과,3
삼척시,2010,1/4,2010.1/4,마취통증의학과,3
삼척시,2010,2/4,2010.2/4,마취통증의학과,2
삼척시,2010,3/4,2010.3/4,마취통증의학과,2
삼척시,2010,4/4,2010.4/4,마취통증의학과,2
삼척시,2011,1/4,2011.1/4,마취통증의학과,2
삼척시,2011,2/4,2011.2/4,마취통증의학과,2
삼척시,2011,3/4,2011.3/4,마취통증의학과,2
삼척시,2011,4/4,2011.4/4,마취통증의학과,2
삼척시,2012,1/4,2012.1/4,마취통증의학과,2
삼척시,2012,2/4,2012.2/4,마취통증의학과,3
삼척시,2012,3/4,2012.3/4,마취통증의학과,3
삼척시,2012,4/4,2012.4/4,마취통증의학과,3
삼척시,2013,1/4,2013.1/4,마취통증의학과,3
삼척시,2013,2/4,2013.2/4,마취통증의학과,3
삼척시,2013,3/4,2013.3/4,마취통증의학과,3
삼척시,2013,4/4,2013.4/4,마취통증의학과,3
삼척시,2014,1/4,2014.1/4,마취통증의학과,4
삼척시,2014,2/4,2014.2/4,마취통증의학과,3
삼척시,2014,3/4,2014.3/4,마취통증의학과,3
삼척시,2014,4/4,2014.4/4,마취통증의학과,3
삼척시,2015,1/4,2015.1/4,마취통증의학과,3
삼척시,2015,2/4,2015.2/4,마취통증의학과,4
삼척시,2015,3/4,2015.3/4,마취통증의학과,4
삼척시,2015,4/4,2015.4/4,마취통증의학과,4
삼척시,2016,1/4,2016.1/4,마취통증의학과,4
삼척시,2016,2/4,2016.2/4,마취통증의학과,3
삼척시,2016,3/4,2016.3/4,마취통증의학과,3
삼척시,2016,4/4,2016.4/4,마취통증의학과,3
삼척시,2017,1/4,2017.1/4,마취통증의학과,3
삼척시,2017,2/4,2017.2/4,마취통증의학과,3
삼척시,2017,3/4,2017.3/4,마취통증의학과,3
삼척시,2017,4/4,2017.4/4,마취통증의학과,3
삼척시,2018,1/4,2018.1/4,마취통증의학과,3
삼척시,2018,2/4,2018.2/4,마취통증의학과,3
삼척시,2018,3/4,2018.3/4,마취통증의학과,3
삼척시,2018,4/4,2018.4/4,마취통증의학과,3
삼척시,2019,1/4,2019.1/4,마취통증의학과,4
삼척시,2019,2/4,2019.2/4,마취통증의학과,3
삼척시,2019,3/4,2019.3/4,마취통증의학과,3
삼척시,2019,4/4,2019.4/4,마취통증의학과,3
삼척시,2020,1/4,2020.1/4,마취통증의학과,4
삼척시,2020,2/4,2020.2/4,마취통증의학과,5
삼척시,2020,3/4,2020.3/4,마취통증의학과,5
삼척시,2020,4/4,2020.4/4,마취통증의학과,5
삼척시,2021,1/4,2021.1/4,마취통증의학과,5
삼척시,2021,2/4,2021.2/4,마취통증의학과,5
삼척시,2021,3/4,2021.3/4,마취통증의학과,5
삼척시,2021,4/4,2021.4/4,마취통증의학과,4
삼척시,2022,1/4,2022.1/4,마취통증의학과,5
삼척시,2022,2/4,2022.2/4,마취통증의학과,5
삼척시,2022,3/4,2022.3/4,마취통증의학과,5
삼척시,2022,4/4,2022.4/4,마취통증의학과,5
삼척시,2023,1/4,2023.1/4,마취통증의학과,5
삼척시,2023,2/4,2023.2/4,마취통증의학과,6
삼척시,2023,3/4,2023.3/4,마취통증의학과,5
삼척시,2023,4/4,2023.4/4,마취통증의학과,5
삼척시,2024,1/4,2024.1/4,마취통증의학과,5
삼척시,2024,2/4,2024.2/4,마취통증의학과,5
삼척시,2024,3/4,2024.3/4,마취통증의학과,5
삼척시,2024,4/4,2024.4/4,마취통증의학과,6
삼척시,2025,1/4,2025.1/4,마취통증의학과,5
삼척시,2025,2/4,2025.2/4,마취통증의학과,5
삼척시,2025,3/4,2025.3/4,마취통증의학과,6
삼척시,2025,4/4,2025.4/4,마취통증의학과,5
삼척시,2009,1/4,2009.1/4,방사선종양학과,0
삼척시,2009,2/4,2009.2/4,방사선종양학과,0
삼척시,2009,3/4,2009.3/4,방사선종양학과,0
삼척시,2009,4/4,2009.4/4,방사선종양학과,0
삼척시,2010,1/4,2010.1/4,방사선종양학과,0
삼척시,2010,2/4,2010.2/4,방사선종양학과,0
삼척시,2010,3/4,2010.3/4,방사선종양학과,1
삼척시,2010,4/4,2010.4/4,방사선종양학과,1
삼척시,2011,1/4,2011.1/4,방사선종양학과,1
삼척시,2011,2/4,2011.2/4,방사선종양학과,1
삼척시,2011,3/4,2011.3/4,방사선종양학과,1
삼척시,2011,4/4,2011.4/4,방사선종양학과,1
삼척시,2012,1/4,2012.1/4,방사선종양학과,1
삼척시,2012,2/4,2012.2/4,방사선종양학과,0
삼척시,2012,3/4,2012.3/4,방사선종양학과,0
삼척시,2012,4/4,2012.4/4,방사선종양학과,0
삼척시,2013,1/4,2013.1/4,방사선종양학과,0
삼척시,2013,2/4,2013.2/4,방사선종양학과,0
삼척시,2013,3/4,2013.3/4,방사선종양학과,0
삼척시,2013,4/4,2013.4/4,방사선종양학과,0
삼척시,2014,1/4,2014.1/4,방사선종양학과,0
삼척시,2014,2/4,2014.2/4,방사선종양학과,0
삼척시,2014,3/4,2014.3/4,방사선종양학과,0
삼척시,2014,4/4,2014.4/4,방사선종양학과,0
삼척시,2015,1/4,2015.1/4,방사선종양학과,0
삼척시,2015,2/4,2015.2/4,방사선종양학과,0
삼척시,2015,3/4,2015.3/4,방사선종양학과,0
삼척시,2015,4/4,2015.4/4,방사선종양학과,0
삼척시,2016,1/4,2016.1/4,방사선종양학과,0
삼척시,2016,2/4,2016.2/4,방사선종양학과,0
삼척시,2016,3/4,2016.3/4,방사선종양학과,0
삼척시,2016,4/4,2016.4/4,방사선종양학과,0
삼척시,2017,1/4,2017.1/4,방사선종양학과,0
삼척시,2017,2/4,2017.2/4,방사선종양학과,0
삼척시,2017,3/4,2017.3/4,방사선종양학과,0
삼척시,2017,4/4,2017.4/4,방사선종양학과,0
삼척시,2018,1/4,2018.1/4,방사선종양학과,0
삼척시,2018,2/4,2018.2/4,방사선종양학과,0
삼척시,2018,3/4,2018.3/4,방사선종양학과,0
삼척시,2018,4/4,2018.4/4,방사선종양학과,0
삼척시,2019,1/4,2019.1/4,방사선종양학과,0
삼척시,2019,2/4,2019.2/4,방사선종양학과,0
삼척시,2019,3/4,2019.3/4,방사선종양학과,0
삼척시,2019,4/4,2019.4/4,방사선종양학과,0
삼척시,2020,1/4,2020.1/4,방사선종양학과,0
삼척시,2020,2/4,2020.2/4,방사선종양학과,0
삼척시,2020,3/4,2020.3/4,방사선종양학과,0
삼척시,2020,4/4,2020.4/4,방사선종양학과,0
삼척시,2021,1/4,2021.1/4,방사선종양학과,0
삼척시,2021,2/4,2021.2/4,방사선종양학과,0
삼척시,2021,3/4,2021.3/4,방사선종양학과,0
삼척시,2021,4/4,2021.4/4,방사선종양학과,0
삼척시,2022,1/4,2022.1/4,방사선종양학과,0
삼척시,2022,2/4,2022.2/4,방사선종양학과,0
삼척시,2022,3/4,2022.3/4,방사선종양학과,0
삼척시,2022,4/4,2022.4/4,방사선종양학과,0
삼척시,2023,1/4,2023.1/4,방사선종양학과,0
삼척시,2023,2/4,2023.2/4,방사선종양학과,0
삼척시,2023,3/4,2023.3/4,방사선종양학과,0
삼척시,2023,4/4,2023.4/4,방사선종양학과,0
삼척시,2024,1/4,2024.1/4,방사선종양학과,0
삼척시,2024,2/4,2024.2/4,방사선종양학과,0
삼척시,2024,3/4,2024.3/4,방사선종양학과,0
삼척시,2024,4/4,2024.4/4,방사선종양학과,0
삼척시,2025,1/4,2025.1/4,방사선종양학과,0
삼척시,2025,2/4,2025.2/4,방사선종양학과,0
삼척시,2025,3/4,2025.3/4,방사선종양학과,0
삼척시,2025,4/4,2025.4/4,방사선종양학과,0
삼척시,2009,1/4,2009.1/4,병리과,0
삼척시,2009,2/4,2009.2/4,병리과,0
삼척시,2009,3/4,2009.3/4,병리과,0
삼척시,2009,4/4,2009.4/4,병리과,0
삼척시,2010,1/4,2010.1/4,병리과,0
삼척시,2010,2/4,2010.2/4,병리과,0
삼척시,2010,3/4,2010.3/4,병리과,0
삼척시,2010,4/4,2010.4/4,병리과,0
삼척시,2011,1/4,2011.1/4,병리과,0
삼척시,2011,2/4,2011.2/4,병리과,0
삼척시,2011,3/4,2011.3/4,병리과,0
삼척시,2011,4/4,2011.4/4,병리과,0
삼척시,2012,1/4,2012.1/4,병리과,0
삼척시,2012,2/4,2012.2/4,병리과,0
삼척시,2012,3/4,2012.3/4,병리과,0
삼척시,2012,4/4,2012.4/4,병리과,0
삼척시,2013,1/4,2013.1/4,병리과,0
삼척시,2013,2/4,2013.2/4,병리과,0
삼척시,2013,3/4,2013.3/4,병리과,0
삼척시,2013,4/4,2013.4/4,병리과,0
삼척시,2014,1/4,2014.1/4,병리과,0
삼척시,2014,2/4,2014.2/4,병리과,0
삼척시,2014,3/4,2014.3/4,병리과,0
삼척시,2014,4/4,2014.4/4,병리과,0
삼척시,2015,1/4,2015.1/4,병리과,0
삼척시,2015,2/4,2015.2/4,병리과,0
삼척시,2015,3/4,2015.3/4,병리과,0
삼척시,2015,4/4,2015.4/4,병리과,0
삼척시,2016,1/4,2016.1/4,병리과,0
삼척시,2016,2/4,2016.2/4,병리과,0
삼척시,2016,3/4,2016.3/4,병리과,0
삼척시,2016,4/4,2016.4/4,병리과,0
삼척시,2017,1/4,2017.1/4,병리과,0
삼척시,2017,2/4,2017.2/4,병리과,0
삼척시,2017,3/4,2017.3/4,병리과,0
삼척시,2017,4/4,2017.4/4,병리과,0
삼척시,2018,1/4,2018.1/4,병리과,0
삼척시,2018,2/4,2018.2/4,병리과,0
삼척시,2018,3/4,2018.3/4,병리과,0
삼척시,2018,4/4,2018.4/4,병리과,0
삼척시,2019,1/4,2019.1/4,병리과,0
삼척시,2019,2/4,2019.2/4,병리과,0
삼척시,2019,3/4,2019.3/4,병리과,0
삼척시,2019,4/4,2019.4/4,병리과,0
삼척시,2020,1/4,2020.1/4,병리과,0
삼척시,2020,2/4,2020.2/4,병리과,0
삼척시,2020,3/4,2020.3/4,병리과,0
삼척시,2020,4/4,2020.4/4,병리과,0
삼척시,2021,1/4,2021.1/4,병리과,0
삼척시,2021,2/4,2021.2/4,병리과,0
삼척시,2021,3/4,2021.3/4,병리과,0
삼척시,2021,4/4,2021.4/4,병리과,0
삼척시,2022,1/4,2022.1/4,병리과,0
삼척시,2022,2/4,2022.2/4,병리과,0
삼척시,2022,3/4,2022.3/4,병리과,0
삼척시,2022,4/4,2022.4/4,병리과,0
삼척시,2023,1/4,2023.1/4,병리과,0
삼척시,2023,2/4,2023.2/4,병리과,0
삼척시,2023,3/4,2023.3/4,병리과,0
삼척시,2023,4/4,2023.4/4,병리과,0
삼척시,2024,1/4,2024.1/4,병리과,0
삼척시,2024,2/4,2024.2/4,병리과,0
삼척시,2024,3/4,2024.3/4,병리과,0
삼척시,2024,4/4,2024.4/4,병리과,0
삼척시,2025,1/4,2025.1/4,병리과,0
삼척시,2025,2/4,2025.2/4,병리과,0
삼척시,2025,3/4,2025.3/4,병리과,0
삼척시,2025,4/4,2025.4/4,병리과,0
삼척시,2009,1/4,2009.1/4,비뇨의학과,2
삼척시,2009,2/4,2009.2/4,비뇨의학과,2
삼척시,2009,3/4,2009.3/4,비뇨의학과,2
삼척시,2009,4/4,2009.4/4,비뇨의학과,2
삼척시,2010,1/4,2010.1/4,비뇨의학과,2
삼척시,2010,2/4,2010.2/4,비뇨의학과,2
삼척시,2010,3/4,2010.3/4,비뇨의학과,2
삼척시,2010,4/4,2010.4/4,비뇨의학과,2
삼척시,2011,1/4,2011.1/4,비뇨의학과,2
삼척시,2011,2/4,2011.2/4,비뇨의학과,3
삼척시,2011,3/4,2011.3/4,비뇨의학과,3
삼척시,2011,4/4,2011.4/4,비뇨의학과,3
삼척시,2012,1/4,2012.1/4,비뇨의학과,3
삼척시,2012,2/4,2012.2/4,비뇨의학과,2
삼척시,2012,3/4,2012.3/4,비뇨의학과,2
삼척시,2012,4/4,2012.4/4,비뇨의학과,2
삼척시,2013,1/4,2013.1/4,비뇨의학과,2
삼척시,2013,2/4,2013.2/4,비뇨의학과,3
삼척시,2013,3/4,2013.3/4,비뇨의학과,3
삼척시,2013,4/4,2013.4/4,비뇨의학과,3
삼척시,2014,1/4,2014.1/4,비뇨의학과,3
삼척시,2014,2/4,2014.2/4,비뇨의학과,2
삼척시,2014,3/4,2014.3/4,비뇨의학과,2
삼척시,2014,4/4,2014.4/4,비뇨의학과,2
삼척시,2015,1/4,2015.1/4,비뇨의학과,2
삼척시,2015,2/4,2015.2/4,비뇨의학과,2
삼척시,2015,3/4,2015.3/4,비뇨의학과,2
삼척시,2015,4/4,2015.4/4,비뇨의학과,2
삼척시,2016,1/4,2016.1/4,비뇨의학과,2
삼척시,2016,2/4,2016.2/4,비뇨의학과,2
삼척시,2016,3/4,2016.3/4,비뇨의학과,2
삼척시,2016,4/4,2016.4/4,비뇨의학과,2
삼척시,2017,1/4,2017.1/4,비뇨의학과,2
삼척시,2017,2/4,2017.2/4,비뇨의학과,2
삼척시,2017,3/4,2017.3/4,비뇨의학과,2
삼척시,2017,4/4,2017.4/4,비뇨의학과,2
삼척시,2018,1/4,2018.1/4,비뇨의학과,2
삼척시,2018,2/4,2018.2/4,비뇨의학과,2
삼척시,2018,3/4,2018.3/4,비뇨의학과,2
삼척시,2018,4/4,2018.4/4,비뇨의학과,2
삼척시,2019,1/4,2019.1/4,비뇨의학과,2
삼척시,2019,2/4,2019.2/4,비뇨의학과,2
삼척시,2019,3/4,2019.3/4,비뇨의학과,2
삼척시,2019,4/4,2019.4/4,비뇨의학과,2
삼척시,2020,1/4,2020.1/4,비뇨의학과,2
삼척시,2020,2/4,2020.2/4,비뇨의학과,2
삼척시,2020,3/4,2020.3/4,비뇨의학과,2
삼척시,2020,4/4,2020.4/4,비뇨의학과,2
삼척시,2021,1/4,2021.1/4,비뇨의학과,2
삼척시,2021,2/4,2021.2/4,비뇨의학과,2
삼척시,2021,3/4,2021.3/4,비뇨의학과,2
삼척시,2021,4/4,2021.4/4,비뇨의학과,2
삼척시,2022,1/4,2022.1/4,비뇨의학과,2
삼척시,2022,2/4,2022.2/4,비뇨의학과,2
삼척시,2022,3/4,2022.3/4,비뇨의학과,2
삼척시,2022,4/4,2022.4/4,비뇨의학과,2
삼척시,2023,1/4,2023.1/4,비뇨의학과,2
삼척시,2023,2/4,2023.2/4,비뇨의학과,2
삼척시,2023,3/4,2023.3/4,비뇨의학과,2
삼척시,2023,4/4,2023.4/4,비뇨의학과,2
삼척시,2024,1/4,2024.1/4,비뇨의학과,2
삼척시,2024,2/4,2024.2/4,비뇨의학과,2
삼척시,2024,3/4,2024.3/4,비뇨의학과,2
삼척시,2024,4/4,2024.4/4,비뇨의학과,2
삼척시,2025,1/4,2025.1/4,비뇨의학과,2
삼척시,2025,2/4,2025.2/4,비뇨의학과,2
삼척시,2025,3/4,2025.3/4,비뇨의학과,2
삼척시,2025,4/4,2025.4/4,비뇨의학과,2
삼척시,2009,1/4,2009.1/4,산부인과,4
삼척시,2009,2/4,2009.2/4,산부인과,4
삼척시,2009,3/4,2009.3/4,산부인과,4
삼척시,2009,4/4,2009.4/4,산부인과,5
삼척시,2010,1/4,2010.1/4,산부인과,4
삼척시,2010,2/4,2010.2/4,산부인과,4
삼척시,2010,3/4,2010.3/4,산부인과,4
삼척시,2010,4/4,2010.4/4,산부인과,5
삼척시,2011,1/4,2011.1/4,산부인과,4
삼척시,2011,2/4,2011.2/4,산부인과,4
삼척시,2011,3/4,2011.3/4,산부인과,5
삼척시,2011,4/4,2011.4/4,산부인과,6
삼척시,2012,1/4,2012.1/4,산부인과,6
삼척시,2012,2/4,2012.2/4,산부인과,6
삼척시,2012,3/4,2012.3/4,산부인과,6
삼척시,2012,4/4,2012.4/4,산부인과,5
삼척시,2013,1/4,2013.1/4,산부인과,5
삼척시,2013,2/4,2013.2/4,산부인과,4
삼척시,2013,3/4,2013.3/4,산부인과,5
삼척시,2013,4/4,2013.4/4,산부인과,5
삼척시,2014,1/4,2014.1/4,산부인과,5
삼척시,2014,2/4,2014.2/4,산부인과,5
삼척시,2014,3/4,2014.3/4,산부인과,4
삼척시,2014,4/4,2014.4/4,산부인과,4
삼척시,2015,1/4,2015.1/4,산부인과,4
삼척시,2015,2/4,2015.2/4,산부인과,4
삼척시,2015,3/4,2015.3/4,산부인과,4
삼척시,2015,4/4,2015.4/4,산부인과,4
삼척시,2016,1/4,2016.1/4,산부인과,3
삼척시,2016,2/4,2016.2/4,산부인과,3
삼척시,2016,3/4,2016.3/4,산부인과,3
삼척시,2016,4/4,2016.4/4,산부인과,3
삼척시,2017,1/4,2017.1/4,산부인과,3
삼척시,2017,2/4,2017.2/4,산부인과,3
삼척시,2017,3/4,2017.3/4,산부인과,3
삼척시,2017,4/4,2017.4/4,산부인과,3
삼척시,2018,1/4,2018.1/4,산부인과,3
삼척시,2018,2/4,2018.2/4,산부인과,3
삼척시,2018,3/4,2018.3/4,산부인과,3
삼척시,2018,4/4,2018.4/4,산부인과,3
삼척시,2019,1/4,2019.1/4,산부인과,3
삼척시,2019,2/4,2019.2/4,산부인과,3
삼척시,2019,3/4,2019.3/4,산부인과,3
삼척시,2019,4/4,2019.4/4,산부인과,3
삼척시,2020,1/4,2020.1/4,산부인과,3
삼척시,2020,2/4,2020.2/4,산부인과,4
삼척시,2020,3/4,2020.3/4,산부인과,3
삼척시,2020,4/4,2020.4/4,산부인과,3
삼척시,2021,1/4,2021.1/4,산부인과,3
삼척시,2021,2/4,2021.2/4,산부인과,3
삼척시,2021,3/4,2021.3/4,산부인과,3
삼척시,2021,4/4,2021.4/4,산부인과,5
삼척시,2022,1/4,2022.1/4,산부인과,5
삼척시,2022,2/4,2022.2/4,산부인과,5
삼척시,2022,3/4,2022.3/4,산부인과,3
삼척시,2022,4/4,2022.4/4,산부인과,4
삼척시,2023,1/4,2023.1/4,산부인과,4
삼척시,2023,2/4,2023.2/4,산부인과,4
삼척시,2023,3/4,2023.3/4,산부인과,4
삼척시,2023,4/4,2023.4/4,산부인과,4
삼척시,2024,1/4,2024.1/4,산부인과,4
삼척시,2024,2/4,2024.2/4,산부인과,4
삼척시,2024,3/4,2024.3/4,산부인과,4
삼척시,2024,4/4,2024.4/4,산부인과,4
삼척시,2025,1/4,2025.1/4,산부인과,4
삼척시,2025,2/4,2025.2/4,산부인과,4
삼척시,2025,3/4,2025.3/4,산부인과,4
삼척시,2025,4/4,2025.4/4,산부인과,5
삼척시,2009,1/4,2009.1/4,성형외과,0
삼척시,2009,2/4,2009.2/4,성형외과,0
삼척시,2009,3/4,2009.3/4,성형외과,0
삼척시,2009,4/4,2009.4/4,성형외과,0
삼척시,2010,1/4,2010.1/4,성형외과,0
삼척시,2010,2/4,2010.2/4,성형외과,0
삼척시,2010,3/4,2010.3/4,성형외과,0
삼척시,2010,4/4,2010.4/4,성형외과,0
삼척시,2011,1/4,2011.1/4,성형외과,0
삼척시,2011,2/4,2011.2/4,성형외과,0
삼척시,2011,3/4,2011.3/4,성형외과,0
삼척시,2011,4/4,2011.4/4,성형외과,0
삼척시,2012,1/4,2012.1/4,성형외과,0
삼척시,2012,2/4,2012.2/4,성형외과,0
삼척시,2012,3/4,2012.3/4,성형외과,0
삼척시,2012,4/4,2012.4/4,성형외과,0
삼척시,2013,1/4,2013.1/4,성형외과,0
삼척시,2013,2/4,2013.2/4,성형외과,0
삼척시,2013,3/4,2013.3/4,성형외과,0
삼척시,2013,4/4,2013.4/4,성형외과,0
삼척시,2014,1/4,2014.1/4,성형외과,0
삼척시,2014,2/4,2014.2/4,성형외과,1
삼척시,2014,3/4,2014.3/4,성형외과,1
삼척시,2014,4/4,2014.4/4,성형외과,1
삼척시,2015,1/4,2015.1/4,성형외과,1
삼척시,2015,2/4,2015.2/4,성형외과,1
삼척시,2015,3/4,2015.3/4,성형외과,1
삼척시,2015,4/4,2015.4/4,성형외과,1
삼척시,2016,1/4,2016.1/4,성형외과,1
삼척시,2016,2/4,2016.2/4,성형외과,1
삼척시,2016,3/4,2016.3/4,성형외과,1
삼척시,2016,4/4,2016.4/4,성형외과,1
삼척시,2017,1/4,2017.1/4,성형외과,1
삼척시,2017,2/4,2017.2/4,성형외과,1
삼척시,2017,3/4,2017.3/4,성형외과,1
삼척시,2017,4/4,2017.4/4,성형외과,1
삼척시,2018,1/4,2018.1/4,성형외과,1
삼척시,2018,2/4,2018.2/4,성형외과,1
삼척시,2018,3/4,2018.3/4,성형외과,1
삼척시,2018,4/4,2018.4/4,성형외과,1
삼척시,2019,1/4,2019.1/4,성형외과,1
삼척시,2019,2/4,2019.2/4,성형외과,1
삼척시,2019,3/4,2019.3/4,성형외과,1
삼척시,2019,4/4,2019.4/4,성형외과,1
삼척시,2020,1/4,2020.1/4,성형외과,1
삼척시,2020,2/4,2020.2/4,성형외과,1
삼척시,2020,3/4,2020.3/4,성형외과,1
삼척시,2020,4/4,2020.4/4,성형외과,1
삼척시,2021,1/4,2021.1/4,성형외과,1
삼척시,2021,2/4,2021.2/4,성형외과,1
삼척시,2021,3/4,2021.3/4,성형외과,1
삼척시,2021,4/4,2021.4/4,성형외과,1
삼척시,2022,1/4,2022.1/4,성형외과,1
삼척시,2022,2/4,2022.2/4,성형외과,1
삼척시,2022,3/4,2022.3/4,성형외과,1
삼척시,2022,4/4,2022.4/4,성형외과,1
삼척시,2023,1/4,2023.1/4,성형외과,0
삼척시,2023,2/4,2023.2/4,성형외과,0
삼척시,2023,3/4,2023.3/4,성형외과,0
삼척시,2023,4/4,2023.4/4,성형외과,0
삼척시,2024,1/4,2024.1/4,성형외과,0
삼척시,2024,2/4,2024.2/4,성형외과,0
삼척시,2024,3/4,2024.3/4,성형외과,0
삼척시,2024,4/4,2024.4/4,성형외과,0
삼척시,2025,1/4,2025.1/4,성형외과,0
삼척시,2025,2/4,2025.2/4,성형외과,0
삼척시,2025,3/4,2025.3/4,성형외과,0
삼척시,2025,4/4,2025.4/4,성형외과,0
삼척시,2009,1/4,2009.1/4,소아청소년과,4
삼척시,2009,2/4,2009.2/4,소아청소년과,5
삼척시,2009,3/4,2009.3/4,소아청소년과,5
삼척시,2009,4/4,2009.4/4,소아청소년과,5
삼척시,2010,1/4,2010.1/4,소아청소년과,5
삼척시,2010,2/4,2010.2/4,소아청소년과,4
삼척시,2010,3/4,2010.3/4,소아청소년과,4
삼척시,2010,4/4,2010.4/4,소아청소년과,4
삼척시,2011,1/4,2011.1/4,소아청소년과,4
삼척시,2011,2/4,2011.2/4,소아청소년과,3
삼척시,2011,3/4,2011.3/4,소아청소년과,4
삼척시,2011,4/4,2011.4/4,소아청소년과,5
삼척시,2012,1/4,2012.1/4,소아청소년과,6
삼척시,2012,2/4,2012.2/4,소아청소년과,5
삼척시,2012,3/4,2012.3/4,소아청소년과,5
삼척시,2012,4/4,2012.4/4,소아청소년과,5
삼척시,2013,1/4,2013.1/4,소아청소년과,4
삼척시,2013,2/4,2013.2/4,소아청소년과,5
삼척시,2013,3/4,2013.3/4,소아청소년과,5
삼척시,2013,4/4,2013.4/4,소아청소년과,5
삼척시,2014,1/4,2014.1/4,소아청소년과,5
삼척시,2014,2/4,2014.2/4,소아청소년과,4
삼척시,2014,3/4,2014.3/4,소아청소년과,4
삼척시,2014,4/4,2014.4/4,소아청소년과,4
삼척시,2015,1/4,2015.1/4,소아청소년과,4
삼척시,2015,2/4,2015.2/4,소아청소년과,5
삼척시,2015,3/4,2015.3/4,소아청소년과,5
삼척시,2015,4/4,2015.4/4,소아청소년과,5
삼척시,2016,1/4,2016.1/4,소아청소년과,5
삼척시,2016,2/4,2016.2/4,소아청소년과,5
삼척시,2016,3/4,2016.3/4,소아청소년과,5
삼척시,2016,4/4,2016.4/4,소아청소년과,5
삼척시,2017,1/4,2017.1/4,소아청소년과,5
삼척시,2017,2/4,2017.2/4,소아청소년과,6
삼척시,2017,3/4,2017.3/4,소아청소년과,6
삼척시,2017,4/4,2017.4/4,소아청소년과,6
삼척시,2018,1/4,2018.1/4,소아청소년과,6
삼척시,2018,2/4,2018.2/4,소아청소년과,6
삼척시,2018,3/4,2018.3/4,소아청소년과,6
삼척시,2018,4/4,2018.4/4,소아청소년과,5
삼척시,2019,1/4,2019.1/4,소아청소년과,5
삼척시,2019,2/4,2019.2/4,소아청소년과,5
삼척시,2019,3/4,2019.3/4,소아청소년과,5
삼척시,2019,4/4,2019.4/4,소아청소년과,5
삼척시,2020,1/4,2020.1/4,소아청소년과,5
삼척시,2020,2/4,2020.2/4,소아청소년과,4
삼척시,2020,3/4,2020.3/4,소아청소년과,4
삼척시,2020,4/4,2020.4/4,소아청소년과,4
삼척시,2021,1/4,2021.1/4,소아청소년과,4
삼척시,2021,2/4,2021.2/4,소아청소년과,4
삼척시,2021,3/4,2021.3/4,소아청소년과,4
삼척시,2021,4/4,2021.4/4,소아청소년과,4
삼척시,2022,1/4,2022.1/4,소아청소년과,4
삼척시,2022,2/4,2022.2/4,소아청소년과,5
삼척시,2022,3/4,2022.3/4,소아청소년과,5
삼척시,2022,4/4,2022.4/4,소아청소년과,5
삼척시,2023,1/4,2023.1/4,소아청소년과,5
삼척시,2023,2/4,2023.2/4,소아청소년과,5
삼척시,2023,3/4,2023.3/4,소아청소년과,5
삼척시,2023,4/4,2023.4/4,소아청소년과,5
삼척시,2024,1/4,2024.1/4,소아청소년과,4
삼척시,2024,2/4,2024.2/4,소아청소년과,4
삼척시,2024,3/4,2024.3/4,소아청소년과,4
삼척시,2024,4/4,2024.4/4,소아청소년과,2
삼척시,2025,1/4,2025.1/4,소아청소년과,3
삼척시,2025,2/4,2025.2/4,소아청소년과,3
삼척시,2025,3/4,2025.3/4,소아청소년과,3
삼척시,2025,4/4,2025.4/4,소아청소년과,3
삼척시,2009,1/4,2009.1/4,신경과,0
삼척시,2009,2/4,2009.2/4,신경과,0
삼척시,2009,3/4,2009.3/4,신경과,0
삼척시,2009,4/4,2009.4/4,신경과,0
삼척시,2010,1/4,2010.1/4,신경과,0
삼척시,2010,2/4,2010.2/4,신경과,0
삼척시,2010,3/4,2010.3/4,신경과,0
삼척시,2010,4/4,2010.4/4,신경과,0
삼척시,2011,1/4,2011.1/4,신경과,0
삼척시,2011,2/4,2011.2/4,신경과,0
삼척시,2011,3/4,2011.3/4,신경과,0
삼척시,2011,4/4,2011.4/4,신경과,0
삼척시,2012,1/4,2012.1/4,신경과,0
삼척시,2012,2/4,2012.2/4,신경과,1
삼척시,2012,3/4,2012.3/4,신경과,1
삼척시,2012,4/4,2012.4/4,신경과,1
삼척시,2013,1/4,2013.1/4,신경과,1
삼척시,2013,2/4,2013.2/4,신경과,1
삼척시,2013,3/4,2013.3/4,신경과,1
삼척시,2013,4/4,2013.4/4,신경과,1
삼척시,2014,1/4,2014.1/4,신경과,1
삼척시,2014,2/4,2014.2/4,신경과,1
삼척시,2014,3/4,2014.3/4,신경과,1
삼척시,2014,4/4,2014.4/4,신경과,1
삼척시,2015,1/4,2015.1/4,신경과,1
삼척시,2015,2/4,2015.2/4,신경과,1
삼척시,2015,3/4,2015.3/4,신경과,1
삼척시,2015,4/4,2015.4/4,신경과,1
삼척시,2016,1/4,2016.1/4,신경과,1
삼척시,2016,2/4,2016.2/4,신경과,1
삼척시,2016,3/4,2016.3/4,신경과,1
삼척시,2016,4/4,2016.4/4,신경과,1
삼척시,2017,1/4,2017.1/4,신경과,1
삼척시,2017,2/4,2017.2/4,신경과,1
삼척시,2017,3/4,2017.3/4,신경과,1
삼척시,2017,4/4,2017.4/4,신경과,1
삼척시,2018,1/4,2018.1/4,신경과,1
삼척시,2018,2/4,2018.2/4,신경과,1
삼척시,2018,3/4,2018.3/4,신경과,1
삼척시,2018,4/4,2018.4/4,신경과,1
삼척시,2019,1/4,2019.1/4,신경과,1
삼척시,2019,2/4,2019.2/4,신경과,1
삼척시,2019,3/4,2019.3/4,신경과,1
삼척시,2019,4/4,2019.4/4,신경과,1
삼척시,2020,1/4,2020.1/4,신경과,1
삼척시,2020,2/4,2020.2/4,신경과,1
삼척시,2020,3/4,2020.3/4,신경과,1
삼척시,2020,4/4,2020.4/4,신경과,1
삼척시,2021,1/4,2021.1/4,신경과,1
삼척시,2021,2/4,2021.2/4,신경과,2
삼척시,2021,3/4,2021.3/4,신경과,1
삼척시,2021,4/4,2021.4/4,신경과,1
삼척시,2022,1/4,2022.1/4,신경과,1
삼척시,2022,2/4,2022.2/4,신경과,1
삼척시,2022,3/4,2022.3/4,신경과,1
삼척시,2022,4/4,2022.4/4,신경과,1
삼척시,2023,1/4,2023.1/4,신경과,1
삼척시,2023,2/4,2023.2/4,신경과,1
삼척시,2023,3/4,2023.3/4,신경과,1
삼척시,2023,4/4,2023.4/4,신경과,1
삼척시,2024,1/4,2024.1/4,신경과,1
삼척시,2024,2/4,2024.2/4,신경과,1
삼척시,2024,3/4,2024.3/4,신경과,1
삼척시,2024,4/4,2024.4/4,신경과,1
삼척시,2025,1/4,2025.1/4,신경과,1
삼척시,2025,2/4,2025.2/4,신경과,1
삼척시,2025,3/4,2025.3/4,신경과,1
삼척시,2025,4/4,2025.4/4,신경과,1
삼척시,2009,1/4,2009.1/4,신경외과,2
삼척시,2009,2/4,2009.2/4,신경외과,2
삼척시,2009,3/4,2009.3/4,신경외과,2
삼척시,2009,4/4,2009.4/4,신경외과,2
삼척시,2010,1/4,2010.1/4,신경외과,2
삼척시,2010,2/4,2010.2/4,신경외과,2
삼척시,2010,3/4,2010.3/4,신경외과,2
삼척시,2010,4/4,2010.4/4,신경외과,2
삼척시,2011,1/4,2011.1/4,신경외과,2
삼척시,2011,2/4,2011.2/4,신경외과,2
삼척시,2011,3/4,2011.3/4,신경외과,2
삼척시,2011,4/4,2011.4/4,신경외과,2
삼척시,2012,1/4,2012.1/4,신경외과,2
삼척시,2012,2/4,2012.2/4,신경외과,1
삼척시,2012,3/4,2012.3/4,신경외과,2
삼척시,2012,4/4,2012.4/4,신경외과,2
삼척시,2013,1/4,2013.1/4,신경외과,2
삼척시,2013,2/4,2013.2/4,신경외과,2
삼척시,2013,3/4,2013.3/4,신경외과,2
삼척시,2013,4/4,2013.4/4,신경외과,2
삼척시,2014,1/4,2014.1/4,신경외과,2
삼척시,2014,2/4,2014.2/4,신경외과,2
삼척시,2014,3/4,2014.3/4,신경외과,2
삼척시,2014,4/4,2014.4/4,신경외과,3
삼척시,2015,1/4,2015.1/4,신경외과,3
삼척시,2015,2/4,2015.2/4,신경외과,3
삼척시,2015,3/4,2015.3/4,신경외과,3
삼척시,2015,4/4,2015.4/4,신경외과,3
삼척시,2016,1/4,2016.1/4,신경외과,3
삼척시,2016,2/4,2016.2/4,신경외과,3
삼척시,2016,3/4,2016.3/4,신경외과,3
삼척시,2016,4/4,2016.4/4,신경외과,3
삼척시,2017,1/4,2017.1/4,신경외과,3
삼척시,2017,2/4,2017.2/4,신경외과,3
삼척시,2017,3/4,2017.3/4,신경외과,3
삼척시,2017,4/4,2017.4/4,신경외과,3
삼척시,2018,1/4,2018.1/4,신경외과,2
삼척시,2018,2/4,2018.2/4,신경외과,2
삼척시,2018,3/4,2018.3/4,신경외과,2
삼척시,2018,4/4,2018.4/4,신경외과,2
삼척시,2019,1/4,2019.1/4,신경외과,2
삼척시,2019,2/4,2019.2/4,신경외과,2
삼척시,2019,3/4,2019.3/4,신경외과,2
삼척시,2019,4/4,2019.4/4,신경외과,2
삼척시,2020,1/4,2020.1/4,신경외과,2
삼척시,2020,2/4,2020.2/4,신경외과,2
삼척시,2020,3/4,2020.3/4,신경외과,3
삼척시,2020,4/4,2020.4/4,신경외과,2
삼척시,2021,1/4,2021.1/4,신경외과,2
삼척시,2021,2/4,2021.2/4,신경외과,2
삼척시,2021,3/4,2021.3/4,신경외과,2
삼척시,2021,4/4,2021.4/4,신경외과,2
삼척시,2022,1/4,2022.1/4,신경외과,2
삼척시,2022,2/4,2022.2/4,신경외과,2
삼척시,2022,3/4,2022.3/4,신경외과,2
삼척시,2022,4/4,2022.4/4,신경외과,1
삼척시,2023,1/4,2023.1/4,신경외과,1
삼척시,2023,2/4,2023.2/4,신경외과,1
삼척시,2023,3/4,2023.3/4,신경외과,1
삼척시,2023,4/4,2023.4/4,신경외과,1
삼척시,2024,1/4,2024.1/4,신경외과,1
삼척시,2024,2/4,2024.2/4,신경외과,1
삼척시,2024,3/4,2024.3/4,신경외과,1
삼척시,2024,4/4,2024.4/4,신경외과,1
삼척시,2025,1/4,2025.1/4,신경외과,1
삼척시,2025,2/4,2025.2/4,신경외과,1
삼척시,2025,3/4,2025.3/4,신경외과,1
삼척시,2025,4/4,2025.4/4,신경외과,1
삼척시,2009,1/4,2009.1/4,심장혈관흉부외과,0
삼척시,2009,2/4,2009.2/4,심장혈관흉부외과,0
삼척시,2009,3/4,2009.3/4,심장혈관흉부외과,0
삼척시,2009,4/4,2009.4/4,심장혈관흉부외과,0
삼척시,2010,1/4,2010.1/4,심장혈관흉부외과,0
삼척시,2010,2/4,2010.2/4,심장혈관흉부외과,0
삼척시,2010,3/4,2010.3/4,심장혈관흉부외과,0
삼척시,2010,4/4,2010.4/4,심장혈관흉부외과,1
삼척시,2011,1/4,2011.1/4,심장혈관흉부외과,1
삼척시,2011,2/4,2011.2/4,심장혈관흉부외과,1
삼척시,2011,3/4,2011.3/4,심장혈관흉부외과,1
삼척시,2011,4/4,2011.4/4,심장혈관흉부외과,1
삼척시,2012,1/4,2012.1/4,심장혈관흉부외과,1
삼척시,2012,2/4,2012.2/4,심장혈관흉부외과,1
삼척시,2012,3/4,2012.3/4,심장혈관흉부외과,1
삼척시,2012,4/4,2012.4/4,심장혈관흉부외과,1
삼척시,2013,1/4,2013.1/4,심장혈관흉부외과,1
삼척시,2013,2/4,2013.2/4,심장혈관흉부외과,1
삼척시,2013,3/4,2013.3/4,심장혈관흉부외과,1
삼척시,2013,4/4,2013.4/4,심장혈관흉부외과,1
삼척시,2014,1/4,2014.1/4,심장혈관흉부외과,1
삼척시,2014,2/4,2014.2/4,심장혈관흉부외과,1
삼척시,2014,3/4,2014.3/4,심장혈관흉부외과,1
삼척시,2014,4/4,2014.4/4,심장혈관흉부외과,0
삼척시,2015,1/4,2015.1/4,심장혈관흉부외과,0
삼척시,2015,2/4,2015.2/4,심장혈관흉부외과,0
삼척시,2015,3/4,2015.3/4,심장혈관흉부외과,0
삼척시,2015,4/4,2015.4/4,심장혈관흉부외과,0
삼척시,2016,1/4,2016.1/4,심장혈관흉부외과,1
삼척시,2016,2/4,2016.2/4,심장혈관흉부외과,1
삼척시,2016,3/4,2016.3/4,심장혈관흉부외과,1
삼척시,2016,4/4,2016.4/4,심장혈관흉부외과,1
삼척시,2017,1/4,2017.1/4,심장혈관흉부외과,1
삼척시,2017,2/4,2017.2/4,심장혈관흉부외과,1
삼척시,2017,3/4,2017.3/4,심장혈관흉부외과,1
삼척시,2017,4/4,2017.4/4,심장혈관흉부외과,1
삼척시,2018,1/4,2018.1/4,심장혈관흉부외과,1
삼척시,2018,2/4,2018.2/4,심장혈관흉부외과,1
삼척시,2018,3/4,2018.3/4,심장혈관흉부외과,1
삼척시,2018,4/4,2018.4/4,심장혈관흉부외과,1
삼척시,2019,1/4,2019.1/4,심장혈관흉부외과,1
삼척시,2019,2/4,2019.2/4,심장혈관흉부외과,1
삼척시,2019,3/4,2019.3/4,심장혈관흉부외과,1
삼척시,2019,4/4,2019.4/4,심장혈관흉부외과,1
삼척시,2020,1/4,2020.1/4,심장혈관흉부외과,1
삼척시,2020,2/4,2020.2/4,심장혈관흉부외과,1
삼척시,2020,3/4,2020.3/4,심장혈관흉부외과,2
삼척시,2020,4/4,2020.4/4,심장혈관흉부외과,1
삼척시,2021,1/4,2021.1/4,심장혈관흉부외과,1
삼척시,2021,2/4,2021.2/4,심장혈관흉부외과,1
삼척시,2021,3/4,2021.3/4,심장혈관흉부외과,1
삼척시,2021,4/4,2021.4/4,심장혈관흉부외과,1
삼척시,2022,1/4,2022.1/4,심장혈관흉부외과,1
삼척시,2022,2/4,2022.2/4,심장혈관흉부외과,1
삼척시,2022,3/4,2022.3/4,심장혈관흉부외과,1
삼척시,2022,4/4,2022.4/4,심장혈관흉부외과,1
삼척시,2023,1/4,2023.1/4,심장혈관흉부외과,1
삼척시,2023,2/4,2023.2/4,심장혈관흉부외과,1
삼척시,2023,3/4,2023.3/4,심장혈관흉부외과,1
삼척시,2023,4/4,2023.4/4,심장혈관흉부외과,1
삼척시,2024,1/4,2024.1/4,심장혈관흉부외과,1
삼척시,2024,2/4,2024.2/4,심장혈관흉부외과,2
삼척시,2024,3/4,2024.3/4,심장혈관흉부외과,2
삼척시,2024,4/4,2024.4/4,심장혈관흉부외과,2
삼척시,2025,1/4,2025.1/4,심장혈관흉부외과,2
삼척시,2025,2/4,2025.2/4,심장혈관흉부외과,2
삼척시,2025,3/4,2025.3/4,심장혈관흉부외과,2
삼척시,2025,4/4,2025.4/4,심장혈관흉부외과,2
삼척시,2009,1/4,2009.1/4,안과,2
삼척시,2009,2/4,2009.2/4,안과,2
삼척시,2009,3/4,2009.3/4,안과,2
삼척시,2009,4/4,2009.4/4,안과,2
삼척시,2010,1/4,2010.1/4,안과,2
삼척시,2010,2/4,2010.2/4,안과,2
삼척시,2010,3/4,2010.3/4,안과,2
삼척시,2010,4/4,2010.4/4,안과,2
삼척시,2011,1/4,2011.1/4,안과,2
삼척시,2011,2/4,2011.2/4,안과,2
삼척시,2011,3/4,2011.3/4,안과,2
삼척시,2011,4/4,2011.4/4,안과,2
삼척시,2012,1/4,2012.1/4,안과,2
삼척시,2012,2/4,2012.2/4,안과,2
삼척시,2012,3/4,2012.3/4,안과,2
삼척시,2012,4/4,2012.4/4,안과,2
삼척시,2013,1/4,2013.1/4,안과,2
삼척시,2013,2/4,2013.2/4,안과,2
삼척시,2013,3/4,2013.3/4,안과,2
삼척시,2013,4/4,2013.4/4,안과,2
삼척시,2014,1/4,2014.1/4,안과,2
삼척시,2014,2/4,2014.2/4,안과,2
삼척시,2014,3/4,2014.3/4,안과,2
삼척시,2014,4/4,2014.4/4,안과,2
삼척시,2015,1/4,2015.1/4,안과,2
삼척시,2015,2/4,2015.2/4,안과,2
삼척시,2015,3/4,2015.3/4,안과,2
삼척시,2015,4/4,2015.4/4,안과,2
삼척시,2016,1/4,2016.1/4,안과,2
삼척시,2016,2/4,2016.2/4,안과,2
삼척시,2016,3/4,2016.3/4,안과,2
삼척시,2016,4/4,2016.4/4,안과,2
삼척시,2017,1/4,2017.1/4,안과,2
삼척시,2017,2/4,2017.2/4,안과,2
삼척시,2017,3/4,2017.3/4,안과,2
삼척시,2017,4/4,2017.4/4,안과,2
삼척시,2018,1/4,2018.1/4,안과,2
삼척시,2018,2/4,2018.2/4,안과,2
삼척시,2018,3/4,2018.3/4,안과,2
삼척시,2018,4/4,2018.4/4,안과,2
삼척시,2019,1/4,2019.1/4,안과,2
삼척시,2019,2/4,2019.2/4,안과,2
삼척시,2019,3/4,2019.3/4,안과,2
삼척시,2019,4/4,2019.4/4,안과,2
삼척시,2020,1/4,2020.1/4,안과,2
삼척시,2020,2/4,2020.2/4,안과,2
삼척시,2020,3/4,2020.3/4,안과,2
삼척시,2020,4/4,2020.4/4,안과,2
삼척시,2021,1/4,2021.1/4,안과,3
삼척시,2021,2/4,2021.2/4,안과,3
삼척시,2021,3/4,2021.3/4,안과,3
삼척시,2021,4/4,2021.4/4,안과,2
삼척시,2022,1/4,2022.1/4,안과,2
삼척시,2022,2/4,2022.2/4,안과,2
삼척시,2022,3/4,2022.3/4,안과,2
삼척시,2022,4/4,2022.4/4,안과,2
삼척시,2023,1/4,2023.1/4,안과,2
삼척시,2023,2/4,2023.2/4,안과,2
삼척시,2023,3/4,2023.3/4,안과,2
삼척시,2023,4/4,2023.4/4,안과,2
삼척시,2024,1/4,2024.1/4,안과,2
삼척시,2024,2/4,2024.2/4,안과,2
삼척시,2024,3/4,2024.3/4,안과,2
삼척시,2024,4/4,2024.4/4,안과,2
삼척시,2025,1/4,2025.1/4,안과,2
삼척시,2025,2/4,2025.2/4,안과,2
삼척시,2025,3/4,2025.3/4,안과,2
삼척시,2025,4/4,2025.4/4,안과,2
삼척시,2009,1/4,2009.1/4,영상의학과,0
삼척시,2009,2/4,2009.2/4,영상의학과,1
삼척시,2009,3/4,2009.3/4,영상의학과,1
삼척시,2009,4/4,2009.4/4,영상의학과,1
삼척시,2010,1/4,2010.1/4,영상의학과,1
삼척시,2010,2/4,2010.2/4,영상의학과,1
삼척시,2010,3/4,2010.3/4,영상의학과,1
삼척시,2010,4/4,2010.4/4,영상의학과,1
삼척시,2011,1/4,2011.1/4,영상의학과,1
삼척시,2011,2/4,2011.2/4,영상의학과,1
삼척시,2011,3/4,2011.3/4,영상의학과,1
삼척시,2011,4/4,2011.4/4,영상의학과,1
삼척시,2012,1/4,2012.1/4,영상의학과,1
삼척시,2012,2/4,2012.2/4,영상의학과,2
삼척시,2012,3/4,2012.3/4,영상의학과,2
삼척시,2012,4/4,2012.4/4,영상의학과,2
삼척시,2013,1/4,2013.1/4,영상의학과,2
삼척시,2013,2/4,2013.2/4,영상의학과,2
삼척시,2013,3/4,2013.3/4,영상의학과,2
삼척시,2013,4/4,2013.4/4,영상의학과,1
삼척시,2014,1/4,2014.1/4,영상의학과,2
삼척시,2014,2/4,2014.2/4,영상의학과,2
삼척시,2014,3/4,2014.3/4,영상의학과,2
삼척시,2014,4/4,2014.4/4,영상의학과,2
삼척시,2015,1/4,2015.1/4,영상의학과,2
삼척시,2015,2/4,2015.2/4,영상의학과,2
삼척시,2015,3/4,2015.3/4,영상의학과,2
삼척시,2015,4/4,2015.4/4,영상의학과,2
삼척시,2016,1/4,2016.1/4,영상의학과,2
삼척시,2016,2/4,2016.2/4,영상의학과,2
삼척시,2016,3/4,2016.3/4,영상의학과,2
삼척시,2016,4/4,2016.4/4,영상의학과,2
삼척시,2017,1/4,2017.1/4,영상의학과,2
삼척시,2017,2/4,2017.2/4,영상의학과,2
삼척시,2017,3/4,2017.3/4,영상의학과,2
삼척시,2017,4/4,2017.4/4,영상의학과,2
삼척시,2018,1/4,2018.1/4,영상의학과,2
삼척시,2018,2/4,2018.2/4,영상의학과,2
삼척시,2018,3/4,2018.3/4,영상의학과,2
삼척시,2018,4/4,2018.4/4,영상의학과,2
삼척시,2019,1/4,2019.1/4,영상의학과,3
삼척시,2019,2/4,2019.2/4,영상의학과,4
삼척시,2019,3/4,2019.3/4,영상의학과,4
삼척시,2019,4/4,2019.4/4,영상의학과,4
삼척시,2020,1/4,2020.1/4,영상의학과,3
삼척시,2020,2/4,2020.2/4,영상의학과,4
삼척시,2020,3/4,2020.3/4,영상의학과,5
삼척시,2020,4/4,2020.4/4,영상의학과,4
삼척시,2021,1/4,2021.1/4,영상의학과,4
삼척시,2021,2/4,2021.2/4,영상의학과,4
삼척시,2021,3/4,2021.3/4,영상의학과,4
삼척시,2021,4/4,2021.4/4,영상의학과,4
삼척시,2022,1/4,2022.1/4,영상의학과,4
삼척시,2022,2/4,2022.2/4,영상의학과,4
삼척시,2022,3/4,2022.3/4,영상의학과,4
삼척시,2022,4/4,2022.4/4,영상의학과,4
삼척시,2023,1/4,2023.1/4,영상의학과,3
삼척시,2023,2/4,2023.2/4,영상의학과,3
삼척시,2023,3/4,2023.3/4,영상의학과,3
삼척시,2023,4/4,2023.4/4,영상의학과,3
삼척시,2024,1/4,2024.1/4,영상의학과,3
삼척시,2024,2/4,2024.2/4,영상의학과,3
삼척시,2024,3/4,2024.3/4,영상의학과,3
삼척시,2024,4/4,2024.4/4,영상의학과,3
삼척시,2025,1/4,2025.1/4,영상의학과,4
삼척시,2025,2/4,2025.2/4,영상의학과,4
삼척시,2025,3/4,2025.3/4,영상의학과,4
삼척시,2025,4/4,2025.4/4,영상의학과,2
삼척시,2009,1/4,2009.1/4,예방의학과,0
삼척시,2009,2/4,2009.2/4,예방의학과,0
삼척시,2009,3/4,2009.3/4,예방의학과,0
삼척시,2009,4/4,2009.4/4,예방의학과,0
삼척시,2010,1/4,2010.1/4,예방의학과,0
삼척시,2010,2/4,2010.2/4,예방의학과,0
삼척시,2010,3/4,2010.3/4,예방의학과,0
삼척시,2010,4/4,2010.4/4,예방의학과,0
삼척시,2011,1/4,2011.1/4,예방의학과,0
삼척시,2011,2/4,2011.2/4,예방의학과,0
삼척시,2011,3/4,2011.3/4,예방의학과,0
삼척시,2011,4/4,2011.4/4,예방의학과,0
삼척시,2012,1/4,2012.1/4,예방의학과,0
삼척시,2012,2/4,2012.2/4,예방의학과,0
삼척시,2012,3/4,2012.3/4,예방의학과,0
삼척시,2012,4/4,2012.4/4,예방의학과,0
삼척시,2013,1/4,2013.1/4,예방의학과,0
삼척시,2013,2/4,2013.2/4,예방의학과,0
삼척시,2013,3/4,2013.3/4,예방의학과,0
삼척시,2013,4/4,2013.4/4,예방의학과,0
삼척시,2014,1/4,2014.1/4,예방의학과,0
삼척시,2014,2/4,2014.2/4,예방의학과,0
삼척시,2014,3/4,2014.3/4,예방의학과,1
삼척시,2014,4/4,2014.4/4,예방의학과,1
삼척시,2015,1/4,2015.1/4,예방의학과,1
삼척시,2015,2/4,2015.2/4,예방의학과,1
삼척시,2015,3/4,2015.3/4,예방의학과,1
삼척시,2015,4/4,2015.4/4,예방의학과,1
삼척시,2016,1/4,2016.1/4,예방의학과,1
삼척시,2016,2/4,2016.2/4,예방의학과,1
삼척시,2016,3/4,2016.3/4,예방의학과,1
삼척시,2016,4/4,2016.4/4,예방의학과,1
삼척시,2017,1/4,2017.1/4,예방의학과,1
삼척시,2017,2/4,2017.2/4,예방의학과,1
삼척시,2017,3/4,2017.3/4,예방의학과,1
삼척시,2017,4/4,2017.4/4,예방의학과,1
삼척시,2018,1/4,2018.1/4,예방의학과,1
삼척시,2018,2/4,2018.2/4,예방의학과,1
삼척시,2018,3/4,2018.3/4,예방의학과,1
삼척시,2018,4/4,2018.4/4,예방의학과,0
삼척시,2019,1/4,2019.1/4,예방의학과,0
삼척시,2019,2/4,2019.2/4,예방의학과,0
삼척시,2019,3/4,2019.3/4,예방의학과,0
삼척시,2019,4/4,2019.4/4,예방의학과,0
삼척시,2020,1/4,2020.1/4,예방의학과,0
삼척시,2020,2/4,2020.2/4,예방의학과,0
삼척시,2020,3/4,2020.3/4,예방의학과,0
삼척시,2020,4/4,2020.4/4,예방의학과,1
삼척시,2021,1/4,2021.1/4,예방의학과,1
삼척시,2021,2/4,2021.2/4,예방의학과,1
삼척시,2021,3/4,2021.3/4,예방의학과,1
삼척시,2021,4/4,2021.4/4,예방의학과,1
삼척시,2022,1/4,2022.1/4,예방의학과,1
삼척시,2022,2/4,2022.2/4,예방의학과,1
삼척시,2022,3/4,2022.3/4,예방의학과,1
삼척시,2022,4/4,2022.4/4,예방의학과,0
삼척시,2023,1/4,2023.1/4,예방의학과,0
삼척시,2023,2/4,2023.2/4,예방의학과,0
삼척시,2023,3/4,2023.3/4,예방의학과,0
삼척시,2023,4/4,2023.4/4,예방의학과,0
삼척시,2024,1/4,2024.1/4,예방의학과,0
삼척시,2024,2/4,2024.2/4,예방의학과,0
삼척시,2024,3/4,2024.3/4,예방의학과,0
삼척시,2024,4/4,2024.4/4,예방의학과,0
삼척시,2025,1/4,2025.1/4,예방의학과,0
삼척시,2025,2/4,2025.2/4,예방의학과,0
삼척시,2025,3/4,2025.3/4,예방의학과,0
삼척시,2025,4/4,2025.4/4,예방의학과,0
삼척시,2009,1/4,2009.1/4,외과,7
삼척시,2009,2/4,2009.2/4,외과,7
삼척시,2009,3/4,2009.3/4,외과,7
삼척시,2009,4/4,2009.4/4,외과,7
삼척시,2010,1/4,2010.1/4,외과,6
삼척시,2010,2/4,2010.2/4,외과,6
삼척시,2010,3/4,2010.3/4,외과,6
삼척시,2010,4/4,2010.4/4,외과,6
삼척시,2011,1/4,2011.1/4,외과,5
삼척시,2011,2/4,2011.2/4,외과,8
삼척시,2011,3/4,2011.3/4,외과,7
삼척시,2011,4/4,2011.4/4,외과,7
삼척시,2012,1/4,2012.1/4,외과,7
삼척시,2012,2/4,2012.2/4,외과,7
삼척시,2012,3/4,2012.3/4,외과,7
삼척시,2012,4/4,2012.4/4,외과,8
삼척시,2013,1/4,2013.1/4,외과,8
삼척시,2013,2/4,2013.2/4,외과,8
삼척시,2013,3/4,2013.3/4,외과,8
삼척시,2013,4/4,2013.4/4,외과,8
삼척시,2014,1/4,2014.1/4,외과,7
삼척시,2014,2/4,2014.2/4,외과,7
삼척시,2014,3/4,2014.3/4,외과,7
삼척시,2014,4/4,2014.4/4,외과,7
삼척시,2015,1/4,2015.1/4,외과,7
삼척시,2015,2/4,2015.2/4,외과,7
삼척시,2015,3/4,2015.3/4,외과,7
삼척시,2015,4/4,2015.4/4,외과,7
삼척시,2016,1/4,2016.1/4,외과,7
삼척시,2016,2/4,2016.2/4,외과,7
삼척시,2016,3/4,2016.3/4,외과,7
삼척시,2016,4/4,2016.4/4,외과,7
삼척시,2017,1/4,2017.1/4,외과,7
삼척시,2017,2/4,2017.2/4,외과,7
삼척시,2017,3/4,2017.3/4,외과,6
삼척시,2017,4/4,2017.4/4,외과,6
삼척시,2018,1/4,2018.1/4,외과,6
삼척시,2018,2/4,2018.2/4,외과,6
삼척시,2018,3/4,2018.3/4,외과,6
삼척시,2018,4/4,2018.4/4,외과,7
삼척시,2019,1/4,2019.1/4,외과,7
삼척시,2019,2/4,2019.2/4,외과,7
삼척시,2019,3/4,2019.3/4,외과,7
삼척시,2019,4/4,2019.4/4,외과,7
삼척시,2020,1/4,2020.1/4,외과,6
삼척시,2020,2/4,2020.2/4,외과,7
삼척시,2020,3/4,2020.3/4,외과,7
삼척시,2020,4/4,2020.4/4,외과,8
삼척시,2021,1/4,2021.1/4,외과,8
삼척시,2021,2/4,2021.2/4,외과,8
삼척시,2021,3/4,2021.3/4,외과,8
삼척시,2021,4/4,2021.4/4,외과,8
삼척시,2022,1/4,2022.1/4,외과,8
삼척시,2022,2/4,2022.2/4,외과,8
삼척시,2022,3/4,2022.3/4,외과,9
삼척시,2022,4/4,2022.4/4,외과,9
삼척시,2023,1/4,2023.1/4,외과,9
삼척시,2023,2/4,2023.2/4,외과,9
삼척시,2023,3/4,2023.3/4,외과,9
삼척시,2023,4/4,2023.4/4,외과,10
삼척시,2024,1/4,2024.1/4,외과,10
삼척시,2024,2/4,2024.2/4,외과,10
삼척시,2024,3/4,2024.3/4,외과,10
삼척시,2024,4/4,2024.4/4,외과,9
삼척시,2025,1/4,2025.1/4,외과,9
삼척시,2025,2/4,2025.2/4,외과,9
삼척시,2025,3/4,2025.3/4,외과,9
삼척시,2025,4/4,2025.4/4,외과,9
삼척시,2009,1/4,2009.1/4,응급의학과,0
삼척시,2009,2/4,2009.2/4,응급의학과,0
삼척시,2009,3/4,2009.3/4,응급의학과,0
삼척시,2009,4/4,2009.4/4,응급의학과,0
삼척시,2010,1/4,2010.1/4,응급의학과,0
삼척시,2010,2/4,2010.2/4,응급의학과,1
삼척시,2010,3/4,2010.3/4,응급의학과,1
삼척시,2010,4/4,2010.4/4,응급의학과,1
삼척시,2011,1/4,2011.1/4,응급의학과,1
삼척시,2011,2/4,2011.2/4,응급의학과,1
삼척시,2011,3/4,2011.3/4,응급의학과,1
삼척시,2011,4/4,2011.4/4,응급의학과,1
삼척시,2012,1/4,2012.1/4,응급의학과,1
삼척시,2012,2/4,2012.2/4,응급의학과,2
삼척시,2012,3/4,2012.3/4,응급의학과,2
삼척시,2012,4/4,2012.4/4,응급의학과,2
삼척시,2013,1/4,2013.1/4,응급의학과,2
삼척시,2013,2/4,2013.2/4,응급의학과,2
삼척시,2013,3/4,2013.3/4,응급의학과,2
삼척시,2013,4/4,2013.4/4,응급의학과,2
삼척시,2014,1/4,2014.1/4,응급의학과,2
삼척시,2014,2/4,2014.2/4,응급의학과,3
삼척시,2014,3/4,2014.3/4,응급의학과,2
삼척시,2014,4/4,2014.4/4,응급의학과,2
삼척시,2015,1/4,2015.1/4,응급의학과,3
삼척시,2015,2/4,2015.2/4,응급의학과,2
삼척시,2015,3/4,2015.3/4,응급의학과,2
삼척시,2015,4/4,2015.4/4,응급의학과,2
삼척시,2016,1/4,2016.1/4,응급의학과,3
삼척시,2016,2/4,2016.2/4,응급의학과,3
삼척시,2016,3/4,2016.3/4,응급의학과,3
삼척시,2016,4/4,2016.4/4,응급의학과,3
삼척시,2017,1/4,2017.1/4,응급의학과,3
삼척시,2017,2/4,2017.2/4,응급의학과,3
삼척시,2017,3/4,2017.3/4,응급의학과,3
삼척시,2017,4/4,2017.4/4,응급의학과,3
삼척시,2018,1/4,2018.1/4,응급의학과,3
삼척시,2018,2/4,2018.2/4,응급의학과,4
삼척시,2018,3/4,2018.3/4,응급의학과,4
삼척시,2018,4/4,2018.4/4,응급의학과,4
삼척시,2019,1/4,2019.1/4,응급의학과,4
삼척시,2019,2/4,2019.2/4,응급의학과,4
삼척시,2019,3/4,2019.3/4,응급의학과,4
삼척시,2019,4/4,2019.4/4,응급의학과,4
삼척시,2020,1/4,2020.1/4,응급의학과,5
삼척시,2020,2/4,2020.2/4,응급의학과,4
삼척시,2020,3/4,2020.3/4,응급의학과,4
삼척시,2020,4/4,2020.4/4,응급의학과,4
삼척시,2021,1/4,2021.1/4,응급의학과,4
삼척시,2021,2/4,2021.2/4,응급의학과,4
삼척시,2021,3/4,2021.3/4,응급의학과,4
삼척시,2021,4/4,2021.4/4,응급의학과,4
삼척시,2022,1/4,2022.1/4,응급의학과,3
삼척시,2022,2/4,2022.2/4,응급의학과,4
삼척시,2022,3/4,2022.3/4,응급의학과,4
삼척시,2022,4/4,2022.4/4,응급의학과,4
삼척시,2023,1/4,2023.1/4,응급의학과,4
삼척시,2023,2/4,2023.2/4,응급의학과,4
삼척시,2023,3/4,2023.3/4,응급의학과,4
삼척시,2023,4/4,2023.4/4,응급의학과,3
삼척시,2024,1/4,2024.1/4,응급의학과,3
삼척시,2024,2/4,2024.2/4,응급의학과,2
삼척시,2024,3/4,2024.3/4,응급의학과,2
삼척시,2024,4/4,2024.4/4,응급의학과,2
삼척시,2025,1/4,2025.1/4,응급의학과,2
삼척시,2025,2/4,2025.2/4,응급의학과,3
삼척시,2025,3/4,2025.3/4,응급의학과,3
삼척시,2025,4/4,2025.4/4,응급의학과,3
삼척시,2009,1/4,2009.1/4,이비인후과,2
삼척시,2009,2/4,2009.2/4,이비인후과,1
삼척시,2009,3/4,2009.3/4,이비인후과,1
삼척시,2009,4/4,2009.4/4,이비인후과,1
삼척시,2010,1/4,2010.1/4,이비인후과,1
삼척시,2010,2/4,2010.2/4,이비인후과,2
삼척시,2010,3/4,2010.3/4,이비인후과,2
삼척시,2010,4/4,2010.4/4,이비인후과,2
삼척시,2011,1/4,2011.1/4,이비인후과,2
삼척시,2011,2/4,2011.2/4,이비인후과,2
삼척시,2011,3/4,2011.3/4,이비인후과,3
삼척시,2011,4/4,2011.4/4,이비인후과,3
삼척시,2012,1/4,2012.1/4,이비인후과,3
삼척시,2012,2/4,2012.2/4,이비인후과,2
삼척시,2012,3/4,2012.3/4,이비인후과,2
삼척시,2012,4/4,2012.4/4,이비인후과,2
삼척시,2013,1/4,2013.1/4,이비인후과,2
삼척시,2013,2/4,2013.2/4,이비인후과,2
삼척시,2013,3/4,2013.3/4,이비인후과,2
삼척시,2013,4/4,2013.4/4,이비인후과,2
삼척시,2014,1/4,2014.1/4,이비인후과,2
삼척시,2014,2/4,2014.2/4,이비인후과,2
삼척시,2014,3/4,2014.3/4,이비인후과,2
삼척시,2014,4/4,2014.4/4,이비인후과,2
삼척시,2015,1/4,2015.1/4,이비인후과,2
삼척시,2015,2/4,2015.2/4,이비인후과,3
삼척시,2015,3/4,2015.3/4,이비인후과,3
삼척시,2015,4/4,2015.4/4,이비인후과,3
삼척시,2016,1/4,2016.1/4,이비인후과,2
삼척시,2016,2/4,2016.2/4,이비인후과,2
삼척시,2016,3/4,2016.3/4,이비인후과,2
삼척시,2016,4/4,2016.4/4,이비인후과,2
삼척시,2017,1/4,2017.1/4,이비인후과,2
삼척시,2017,2/4,2017.2/4,이비인후과,2
삼척시,2017,3/4,2017.3/4,이비인후과,2
삼척시,2017,4/4,2017.4/4,이비인후과,2
삼척시,2018,1/4,2018.1/4,이비인후과,2
삼척시,2018,2/4,2018.2/4,이비인후과,2
삼척시,2018,3/4,2018.3/4,이비인후과,2
삼척시,2018,4/4,2018.4/4,이비인후과,2
삼척시,2019,1/4,2019.1/4,이비인후과,2
삼척시,2019,2/4,2019.2/4,이비인후과,2
삼척시,2019,3/4,2019.3/4,이비인후과,2
삼척시,2019,4/4,2019.4/4,이비인후과,2
삼척시,2020,1/4,2020.1/4,이비인후과,1
삼척시,2020,2/4,2020.2/4,이비인후과,1
삼척시,2020,3/4,2020.3/4,이비인후과,1
삼척시,2020,4/4,2020.4/4,이비인후과,1
삼척시,2021,1/4,2021.1/4,이비인후과,1
삼척시,2021,2/4,2021.2/4,이비인후과,1
삼척시,2021,3/4,2021.3/4,이비인후과,1
삼척시,2021,4/4,2021.4/4,이비인후과,1
삼척시,2022,1/4,2022.1/4,이비인후과,1
삼척시,2022,2/4,2022.2/4,이비인후과,1
삼척시,2022,3/4,2022.3/4,이비인후과,1
삼척시,2022,4/4,2022.4/4,이비인후과,1
삼척시,2023,1/4,2023.1/4,이비인후과,1
삼척시,2023,2/4,2023.2/4,이비인후과,1
삼척시,2023,3/4,2023.3/4,이비인후과,1
삼척시,2023,4/4,2023.4/4,이비인후과,2
삼척시,2024,1/4,2024.1/4,이비인후과,2
삼척시,2024,2/4,2024.2/4,이비인후과,2
삼척시,2024,3/4,2024.3/4,이비인후과,2
삼척시,2024,4/4,2024.4/4,이비인후과,2
삼척시,2025,1/4,2025.1/4,이비인후과,2
삼척시,2025,2/4,2025.2/4,이비인후과,2
삼척시,2025,3/4,2025.3/4,이비인후과,2
삼척시,2025,4/4,2025.4/4,이비인후과,2
삼척시,2009,1/4,2009.1/4,재활의학과,0
삼척시,2009,2/4,2009.2/4,재활의학과,1
삼척시,2009,3/4,2009.3/4,재활의학과,1
삼척시,2009,4/4,2009.4/4,재활의학과,1
삼척시,2010,1/4,2010.1/4,재활의학과,1
삼척시,2010,2/4,2010.2/4,재활의학과,1
삼척시,2010,3/4,2010.3/4,재활의학과,1
삼척시,2010,4/4,2010.4/4,재활의학과,1
삼척시,2011,1/4,2011.1/4,재활의학과,1
삼척시,2011,2/4,2011.2/4,재활의학과,1
삼척시,2011,3/4,2011.3/4,재활의학과,1
삼척시,2011,4/4,2011.4/4,재활의학과,1
삼척시,2012,1/4,2012.1/4,재활의학과,1
삼척시,2012,2/4,2012.2/4,재활의학과,1
삼척시,2012,3/4,2012.3/4,재활의학과,1
삼척시,2012,4/4,2012.4/4,재활의학과,1
삼척시,2013,1/4,2013.1/4,재활의학과,1
삼척시,2013,2/4,2013.2/4,재활의학과,1
삼척시,2013,3/4,2013.3/4,재활의학과,1
삼척시,2013,4/4,2013.4/4,재활의학과,1
삼척시,2014,1/4,2014.1/4,재활의학과,1
삼척시,2014,2/4,2014.2/4,재활의학과,1
삼척시,2014,3/4,2014.3/4,재활의학과,1
삼척시,2014,4/4,2014.4/4,재활의학과,1
삼척시,2015,1/4,2015.1/4,재활의학과,1
삼척시,2015,2/4,2015.2/4,재활의학과,1
삼척시,2015,3/4,2015.3/4,재활의학과,1
삼척시,2015,4/4,2015.4/4,재활의학과,1
삼척시,2016,1/4,2016.1/4,재활의학과,1
삼척시,2016,2/4,2016.2/4,재활의학과,2
삼척시,2016,3/4,2016.3/4,재활의학과,2
삼척시,2016,4/4,2016.4/4,재활의학과,2
삼척시,2017,1/4,2017.1/4,재활의학과,2
삼척시,2017,2/4,2017.2/4,재활의학과,2
삼척시,2017,3/4,2017.3/4,재활의학과,2
삼척시,2017,4/4,2017.4/4,재활의학과,2
삼척시,2018,1/4,2018.1/4,재활의학과,2
삼척시,2018,2/4,2018.2/4,재활의학과,2
삼척시,2018,3/4,2018.3/4,재활의학과,2
삼척시,2018,4/4,2018.4/4,재활의학과,2
삼척시,2019,1/4,2019.1/4,재활의학과,2
삼척시,2019,2/4,2019.2/4,재활의학과,2
삼척시,2019,3/4,2019.3/4,재활의학과,2
삼척시,2019,4/4,2019.4/4,재활의학과,2
삼척시,2020,1/4,2020.1/4,재활의학과,2
삼척시,2020,2/4,2020.2/4,재활의학과,2
삼척시,2020,3/4,2020.3/4,재활의학과,2
삼척시,2020,4/4,2020.4/4,재활의학과,2
삼척시,2021,1/4,2021.1/4,재활의학과,2
삼척시,2021,2/4,2021.2/4,재활의학과,2
삼척시,2021,3/4,2021.3/4,재활의학과,2
삼척시,2021,4/4,2021.4/4,재활의학과,2
삼척시,2022,1/4,2022.1/4,재활의학과,2
삼척시,2022,2/4,2022.2/4,재활의학과,2
삼척시,2022,3/4,2022.3/4,재활의학과,2
삼척시,2022,4/4,2022.4/4,재활의학과,2
삼척시,2023,1/4,2023.1/4,재활의학과,1
삼척시,2023,2/4,2023.2/4,재활의학과,1
삼척시,2023,3/4,2023.3/4,재활의학과,1
삼척시,2023,4/4,2023.4/4,재활의학과,1
삼척시,2024,1/4,2024.1/4,재활의학과,1
삼척시,2024,2/4,2024.2/4,재활의학과,1
삼척시,2024,3/4,2024.3/4,재활의학과,1
삼척시,2024,4/4,2024.4/4,재활의학과,1
삼척시,2025,1/4,2025.1/4,재활의학과,2
삼척시,2025,2/4,2025.2/4,재활의학과,1
삼척시,2025,3/4,2025.3/4,재활의학과,1
삼척시,2025,4/4,2025.4/4,재활의학과,1
삼척시,2009,1/4,2009.1/4,정신건강의학과,1
삼척시,2009,2/4,2009.2/4,정신건강의학과,1
삼척시,2009,3/4,2009.3/4,정신건강의학과,1
삼척시,2009,4/4,2009.4/4,정신건강의학과,1
삼척시,2010,1/4,2010.1/4,정신건강의학과,1
삼척시,2010,2/4,2010.2/4,정신건강의학과,1
삼척시,2010,3/4,2010.3/4,정신건강의학과,1
삼척시,2010,4/4,2010.4/4,정신건강의학과,1
삼척시,2011,1/4,2011.1/4,정신건강의학과,1
삼척시,2011,2/4,2011.2/4,정신건강의학과,1
삼척시,2011,3/4,2011.3/4,정신건강의학과,1
삼척시,2011,4/4,2011.4/4,정신건강의학과,1
삼척시,2012,1/4,2012.1/4,정신건강의학과,1
삼척시,2012,2/4,2012.2/4,정신건강의학과,1
삼척시,2012,3/4,2012.3/4,정신건강의학과,1
삼척시,2012,4/4,2012.4/4,정신건강의학과,1
삼척시,2013,1/4,2013.1/4,정신건강의학과,1
삼척시,2013,2/4,2013.2/4,정신건강의학과,1
삼척시,2013,3/4,2013.3/4,정신건강의학과,1
삼척시,2013,4/4,2013.4/4,정신건강의학과,1
삼척시,2014,1/4,2014.1/4,정신건강의학과,1
삼척시,2014,2/4,2014.2/4,정신건강의학과,1
삼척시,2014,3/4,2014.3/4,정신건강의학과,1
삼척시,2014,4/4,2014.4/4,정신건강의학과,1
삼척시,2015,1/4,2015.1/4,정신건강의학과,1
삼척시,2015,2/4,2015.2/4,정신건강의학과,1
삼척시,2015,3/4,2015.3/4,정신건강의학과,1
삼척시,2015,4/4,2015.4/4,정신건강의학과,1
삼척시,2016,1/4,2016.1/4,정신건강의학과,1
삼척시,2016,2/4,2016.2/4,정신건강의학과,1
삼척시,2016,3/4,2016.3/4,정신건강의학과,1
삼척시,2016,4/4,2016.4/4,정신건강의학과,1
삼척시,2017,1/4,2017.1/4,정신건강의학과,2
삼척시,2017,2/4,2017.2/4,정신건강의학과,2
삼척시,2017,3/4,2017.3/4,정신건강의학과,2
삼척시,2017,4/4,2017.4/4,정신건강의학과,2
삼척시,2018,1/4,2018.1/4,정신건강의학과,2
삼척시,2018,2/4,2018.2/4,정신건강의학과,2
삼척시,2018,3/4,2018.3/4,정신건강의학과,2
삼척시,2018,4/4,2018.4/4,정신건강의학과,2
삼척시,2019,1/4,2019.1/4,정신건강의학과,1
삼척시,2019,2/4,2019.2/4,정신건강의학과,1
삼척시,2019,3/4,2019.3/4,정신건강의학과,1
삼척시,2019,4/4,2019.4/4,정신건강의학과,1
삼척시,2020,1/4,2020.1/4,정신건강의학과,1
삼척시,2020,2/4,2020.2/4,정신건강의학과,1
삼척시,2020,3/4,2020.3/4,정신건강의학과,1
삼척시,2020,4/4,2020.4/4,정신건강의학과,1
삼척시,2021,1/4,2021.1/4,정신건강의학과,1
삼척시,2021,2/4,2021.2/4,정신건강의학과,1
삼척시,2021,3/4,2021.3/4,정신건강의학과,1
삼척시,2021,4/4,2021.4/4,정신건강의학과,1
삼척시,2022,1/4,2022.1/4,정신건강의학과,1
삼척시,2022,2/4,2022.2/4,정신건강의학과,1
삼척시,2022,3/4,2022.3/4,정신건강의학과,1
삼척시,2022,4/4,2022.4/4,정신건강의학과,1
삼척시,2023,1/4,2023.1/4,정신건강의학과,1
삼척시,2023,2/4,2023.2/4,정신건강의학과,1
삼척시,2023,3/4,2023.3/4,정신건강의학과,1
삼척시,2023,4/4,2023.4/4,정신건강의학과,1
삼척시,2024,1/4,2024.1/4,정신건강의학과,1
삼척시,2024,2/4,2024.2/4,정신건강의학과,1
삼척시,2024,3/4,2024.3/4,정신건강의학과,1
삼척시,2024,4/4,2024.4/4,정신건강의학과,1
삼척시,2025,1/4,2025.1/4,정신건강의학과,1
삼척시,2025,2/4,2025.2/4,정신건강의학과,1
삼척시,2025,3/4,2025.3/4,정신건강의학과,1
삼척시,2025,4/4,2025.4/4,정신건강의학과,1
삼척시,2009,1/4,2009.1/4,정형외과,3
삼척시,2009,2/4,2009.2/4,정형외과,3
삼척시,2009,3/4,2009.3/4,정형외과,4
삼척시,2009,4/4,2009.4/4,정형외과,4
삼척시,2010,1/4,2010.1/4,정형외과,3
삼척시,2010,2/4,2010.2/4,정형외과,4
삼척시,2010,3/4,2010.3/4,정형외과,4
삼척시,2010,4/4,2010.4/4,정형외과,5
삼척시,2011,1/4,2011.1/4,정형외과,4
삼척시,2011,2/4,2011.2/4,정형외과,4
삼척시,2011,3/4,2011.3/4,정형외과,4
삼척시,2011,4/4,2011.4/4,정형외과,4
삼척시,2012,1/4,2012.1/4,정형외과,4
삼척시,2012,2/4,2012.2/4,정형외과,4
삼척시,2012,3/4,2012.3/4,정형외과,4
삼척시,2012,4/4,2012.4/4,정형외과,4
삼척시,2013,1/4,2013.1/4,정형외과,4
삼척시,2013,2/4,2013.2/4,정형외과,4
삼척시,2013,3/4,2013.3/4,정형외과,4
삼척시,2013,4/4,2013.4/4,정형외과,4
삼척시,2014,1/4,2014.1/4,정형외과,4
삼척시,2014,2/4,2014.2/4,정형외과,4
삼척시,2014,3/4,2014.3/4,정형외과,4
삼척시,2014,4/4,2014.4/4,정형외과,4
삼척시,2015,1/4,2015.1/4,정형외과,4
삼척시,2015,2/4,2015.2/4,정형외과,4
삼척시,2015,3/4,2015.3/4,정형외과,4
삼척시,2015,4/4,2015.4/4,정형외과,4
삼척시,2016,1/4,2016.1/4,정형외과,4
삼척시,2016,2/4,2016.2/4,정형외과,4
삼척시,2016,3/4,2016.3/4,정형외과,4
삼척시,2016,4/4,2016.4/4,정형외과,4
삼척시,2017,1/4,2017.1/4,정형외과,4
삼척시,2017,2/4,2017.2/4,정형외과,5
삼척시,2017,3/4,2017.3/4,정형외과,5
삼척시,2017,4/4,2017.4/4,정형외과,4
삼척시,2018,1/4,2018.1/4,정형외과,5
삼척시,2018,2/4,2018.2/4,정형외과,5
삼척시,2018,3/4,2018.3/4,정형외과,5
삼척시,2018,4/4,2018.4/4,정형외과,5
삼척시,2019,1/4,2019.1/4,정형외과,5
삼척시,2019,2/4,2019.2/4,정형외과,6
삼척시,2019,3/4,2019.3/4,정형외과,5
삼척시,2019,4/4,2019.4/4,정형외과,4
삼척시,2020,1/4,2020.1/4,정형외과,4
삼척시,2020,2/4,2020.2/4,정형외과,5
삼척시,2020,3/4,2020.3/4,정형외과,4
삼척시,2020,4/4,2020.4/4,정형외과,4
삼척시,2021,1/4,2021.1/4,정형외과,4
삼척시,2021,2/4,2021.2/4,정형외과,4
삼척시,2021,3/4,2021.3/4,정형외과,4
삼척시,2021,4/4,2021.4/4,정형외과,4
삼척시,2022,1/4,2022.1/4,정형외과,4
삼척시,2022,2/4,2022.2/4,정형외과,4
삼척시,2022,3/4,2022.3/4,정형외과,4
삼척시,2022,4/4,2022.4/4,정형외과,5
삼척시,2023,1/4,2023.1/4,정형외과,5
삼척시,2023,2/4,2023.2/4,정형외과,5
삼척시,2023,3/4,2023.3/4,정형외과,5
삼척시,2023,4/4,2023.4/4,정형외과,5
삼척시,2024,1/4,2024.1/4,정형외과,5
삼척시,2024,2/4,2024.2/4,정형외과,5
삼척시,2024,3/4,2024.3/4,정형외과,4
삼척시,2024,4/4,2024.4/4,정형외과,4
삼척시,2025,1/4,2025.1/4,정형외과,4
삼척시,2025,2/4,2025.2/4,정형외과,5
삼척시,2025,3/4,2025.3/4,정형외과,5
삼척시,2025,4/4,2025.4/4,정형외과,5
삼척시,2009,1/4,2009.1/4,직업환경의학과,0
삼척시,2009,2/4,2009.2/4,직업환경의학과,1
삼척시,2009,3/4,2009.3/4,직업환경의학과,1
삼척시,2009,4/4,2009.4/4,직업환경의학과,1
삼척시,2010,1/4,2010.1/4,직업환경의학과,1
삼척시,2010,2/4,2010.2/4,직업환경의학과,1
삼척시,2010,3/4,2010.3/4,직업환경의학과,1
삼척시,2010,4/4,2010.4/4,직업환경의학과,1
삼척시,2011,1/4,2011.1/4,직업환경의학과,1
삼척시,2011,2/4,2011.2/4,직업환경의학과,1
삼척시,2011,3/4,2011.3/4,직업환경의학과,1
삼척시,2011,4/4,2011.4/4,직업환경의학과,1
삼척시,2012,1/4,2012.1/4,직업환경의학과,1
삼척시,2012,2/4,2012.2/4,직업환경의학과,1
삼척시,2012,3/4,2012.3/4,직업환경의학과,1
삼척시,2012,4/4,2012.4/4,직업환경의학과,1
삼척시,2013,1/4,2013.1/4,직업환경의학과,1
삼척시,2013,2/4,2013.2/4,직업환경의학과,0
삼척시,2013,3/4,2013.3/4,직업환경의학과,0
삼척시,2013,4/4,2013.4/4,직업환경의학과,0
삼척시,2014,1/4,2014.1/4,직업환경의학과,0
삼척시,2014,2/4,2014.2/4,직업환경의학과,0
삼척시,2014,3/4,2014.3/4,직업환경의학과,0
삼척시,2014,4/4,2014.4/4,직업환경의학과,0
삼척시,2015,1/4,2015.1/4,직업환경의학과,0
삼척시,2015,2/4,2015.2/4,직업환경의학과,0
삼척시,2015,3/4,2015.3/4,직업환경의학과,0
삼척시,2015,4/4,2015.4/4,직업환경의학과,0
삼척시,2016,1/4,2016.1/4,직업환경의학과,0
삼척시,2016,2/4,2016.2/4,직업환경의학과,0
삼척시,2016,3/4,2016.3/4,직업환경의학과,0
삼척시,2016,4/4,2016.4/4,직업환경의학과,0
삼척시,2017,1/4,2017.1/4,직업환경의학과,0
삼척시,2017,2/4,2017.2/4,직업환경의학과,0
삼척시,2017,3/4,2017.3/4,직업환경의학과,0
삼척시,2017,4/4,2017.4/4,직업환경의학과,0
삼척시,2018,1/4,2018.1/4,직업환경의학과,0
삼척시,2018,2/4,2018.2/4,직업환경의학과,0
삼척시,2018,3/4,2018.3/4,직업환경의학과,0
삼척시,2018,4/4,2018.4/4,직업환경의학과,0
삼척시,2019,1/4,2019.1/4,직업환경의학과,0
삼척시,2019,2/4,2019.2/4,직업환경의학과,0
삼척시,2019,3/4,2019.3/4,직업환경의학과,0
삼척시,2019,4/4,2019.4/4,직업환경의학과,0
삼척시,2020,1/4,2020.1/4,직업환경의학과,0
삼척시,2020,2/4,2020.2/4,직업환경의학과,0
삼척시,2020,3/4,2020.3/4,직업환경의학과,0
삼척시,2020,4/4,2020.4/4,직업환경의학과,0
삼척시,2021,1/4,2021.1/4,직업환경의학과,0
삼척시,2021,2/4,2021.2/4,직업환경의학과,0
삼척시,2021,3/4,2021.3/4,직업환경의학과,0
삼척시,2021,4/4,2021.4/4,직업환경의학과,0
삼척시,2022,1/4,2022.1/4,직업환경의학과,0
삼척시,2022,2/4,2022.2/4,직업환경의학과,0
삼척시,2022,3/4,2022.3/4,직업환경의학과,0
삼척시,2022,4/4,2022.4/4,직업환경의학과,0
삼척시,2023,1/4,2023.1/4,직업환경의학과,0
삼척시,2023,2/4,2023.2/4,직업환경의학과,0
삼척시,2023,3/4,2023.3/4,직업환경의학과,0
삼척시,2023,4/4,2023.4/4,직업환경의학과,0
삼척시,2024,1/4,2024.1/4,직업환경의학과,0
삼척시,2024,2/4,2024.2/4,직업환경의학과,0
삼척시,2024,3/4,2024.3/4,직업환경의학과,0
삼척시,2024,4/4,2024.4/4,직업환경의학과,0
삼척시,2025,1/4,2025.1/4,직업환경의학과,0
삼척시,2025,2/4,2025.2/4,직업환경의학과,0
삼척시,2025,3/4,2025.3/4,직업환경의학과,0
삼척시,2025,4/4,2025.4/4,직업환경의학과,0
삼척시,2009,1/4,2009.1/4,진단검사의학과,0
삼척시,2009,2/4,2009.2/4,진단검사의학과,1
삼척시,2009,3/4,2009.3/4,진단검사의학과,1
삼척시,2009,4/4,2009.4/4,진단검사의학과,1
삼척시,2010,1/4,2010.1/4,진단검사의학과,1
삼척시,2010,2/4,2010.2/4,진단검사의학과,1
삼척시,2010,3/4,2010.3/4,진단검사의학과,1
삼척시,2010,4/4,2010.4/4,진단검사의학과,1
삼척시,2011,1/4,2011.1/4,진단검사의학과,1
삼척시,2011,2/4,2011.2/4,진단검사의학과,1
삼척시,2011,3/4,2011.3/4,진단검사의학과,1
삼척시,2011,4/4,2011.4/4,진단검사의학과,1
삼척시,2012,1/4,2012.1/4,진단검사의학과,1
삼척시,2012,2/4,2012.2/4,진단검사의학과,1
삼척시,2012,3/4,2012.3/4,진단검사의학과,1
삼척시,2012,4/4,2012.4/4,진단검사의학과,1
삼척시,2013,1/4,2013.1/4,진단검사의학과,1
삼척시,2013,2/4,2013.2/4,진단검사의학과,1
삼척시,2013,3/4,2013.3/4,진단검사의학과,1
삼척시,2013,4/4,2013.4/4,진단검사의학과,1
삼척시,2014,1/4,2014.1/4,진단검사의학과,1
삼척시,2014,2/4,2014.2/4,진단검사의학과,1
삼척시,2014,3/4,2014.3/4,진단검사의학과,1
삼척시,2014,4/4,2014.4/4,진단검사의학과,0
삼척시,2015,1/4,2015.1/4,진단검사의학과,1
삼척시,2015,2/4,2015.2/4,진단검사의학과,1
삼척시,2015,3/4,2015.3/4,진단검사의학과,1
삼척시,2015,4/4,2015.4/4,진단검사의학과,1
삼척시,2016,1/4,2016.1/4,진단검사의학과,1
삼척시,2016,2/4,2016.2/4,진단검사의학과,1
삼척시,2016,3/4,2016.3/4,진단검사의학과,1
삼척시,2016,4/4,2016.4/4,진단검사의학과,1
삼척시,2017,1/4,2017.1/4,진단검사의학과,1
삼척시,2017,2/4,2017.2/4,진단검사의학과,1
삼척시,2017,3/4,2017.3/4,진단검사의학과,1
삼척시,2017,4/4,2017.4/4,진단검사의학과,1
삼척시,2018,1/4,2018.1/4,진단검사의학과,1
삼척시,2018,2/4,2018.2/4,진단검사의학과,1
삼척시,2018,3/4,2018.3/4,진단검사의학과,1
삼척시,2018,4/4,2018.4/4,진단검사의학과,1
삼척시,2019,1/4,2019.1/4,진단검사의학과,1
삼척시,2019,2/4,2019.2/4,진단검사의학과,1
삼척시,2019,3/4,2019.3/4,진단검사의학과,1
삼척시,2019,4/4,2019.4/4,진단검사의학과,1
삼척시,2020,1/4,2020.1/4,진단검사의학과,1
삼척시,2020,2/4,2020.2/4,진단검사의학과,1
삼척시,2020,3/4,2020.3/4,진단검사의학과,1
삼척시,2020,4/4,2020.4/4,진단검사의학과,1
삼척시,2021,1/4,2021.1/4,진단검사의학과,1
삼척시,2021,2/4,2021.2/4,진단검사의학과,1
삼척시,2021,3/4,2021.3/4,진단검사의학과,1
삼척시,2021,4/4,2021.4/4,진단검사의학과,1
삼척시,2022,1/4,2022.1/4,진단검사의학과,1
삼척시,2022,2/4,2022.2/4,진단검사의학과,1
삼척시,2022,3/4,2022.3/4,진단검사의학과,1
삼척시,2022,4/4,2022.4/4,진단검사의학과,1
삼척시,2023,1/4,2023.1/4,진단검사의학과,1
삼척시,2023,2/4,2023.2/4,진단검사의학과,1
삼척시,2023,3/4,2023.3/4,진단검사의학과,1
삼척시,2023,4/4,2023.4/4,진단검사의학과,1
삼척시,2024,1/4,2024.1/4,진단검사의학과,1
삼척시,2024,2/4,2024.2/4,진단검사의학과,1
삼척시,2024,3/4,2024.3/4,진단검사의학과,1
삼척시,2024,4/4,2024.4/4,진단검사의학과,1
삼척시,2025,1/4,2025.1/4,진단검사의학과,1
삼척시,2025,2/4,2025.2/4,진단검사의학과,1
삼척시,2025,3/4,2025.3/4,진단검사의학과,1
삼척시,2025,4/4,2025.4/4,진단검사의학과,1
삼척시,2009,1/4,2009.1/4,피부과,0
삼척시,2009,2/4,2009.2/4,피부과,0
삼척시,2009,3/4,2009.3/4,피부과,0
삼척시,2009,4/4,2009.4/4,피부과,0
삼척시,2010,1/4,2010.1/4,피부과,0
삼척시,2010,2/4,2010.2/4,피부과,0
삼척시,2010,3/4,2010.3/4,피부과,0
삼척시,2010,4/4,2010.4/4,피부과,0
삼척시,2011,1/4,2011.1/4,피부과,0
삼척시,2011,2/4,2011.2/4,피부과,0
삼척시,2011,3/4,2011.3/4,피부과,0
삼척시,2011,4/4,2011.4/4,피부과,0
삼척시,2012,1/4,2012.1/4,피부과,0
삼척시,2012,2/4,2012.2/4,피부과,0
삼척시,2012,3/4,2012.3/4,피부과,0
삼척시,2012,4/4,2012.4/4,피부과,0
삼척시,2013,1/4,2013.1/4,피부과,0
삼척시,2013,2/4,2013.2/4,피부과,0
삼척시,2013,3/4,2013.3/4,피부과,0
삼척시,2013,4/4,2013.4/4,피부과,0
삼척시,2014,1/4,2014.1/4,피부과,0
삼척시,2014,2/4,2014.2/4,피부과,0
삼척시,2014,3/4,2014.3/4,피부과,0
삼척시,2014,4/4,2014.4/4,피부과,0
삼척시,2015,1/4,2015.1/4,피부과,0
삼척시,2015,2/4,2015.2/4,피부과,0
삼척시,2015,3/4,2015.3/4,피부과,0
삼척시,2015,4/4,2015.4/4,피부과,0
삼척시,2016,1/4,2016.1/4,피부과,0
삼척시,2016,2/4,2016.2/4,피부과,1
삼척시,2016,3/4,2016.3/4,피부과,1
삼척시,2016,4/4,2016.4/4,피부과,1
삼척시,2017,1/4,2017.1/4,피부과,1
삼척시,2017,2/4,2017.2/4,피부과,0
삼척시,2017,3/4,2017.3/4,피부과,0
삼척시,2017,4/4,2017.4/4,피부과,0
삼척시,2018,1/4,2018.1/4,피부과,0
삼척시,2018,2/4,2018.2/4,피부과,0
삼척시,2018,3/4,2018.3/4,피부과,0
삼척시,2018,4/4,2018.4/4,피부과,0
삼척시,2019,1/4,2019.1/4,피부과,0
삼척시,2019,2/4,2019.2/4,피부과,1
삼척시,2019,3/4,2019.3/4,피부과,1
삼척시,2019,4/4,2019.4/4,피부과,1
삼척시,2020,1/4,2020.1/4,피부과,1
삼척시,2020,2/4,2020.2/4,피부과,1
삼척시,2020,3/4,2020.3/4,피부과,1
삼척시,2020,4/4,2020.4/4,피부과,1
삼척시,2021,1/4,2021.1/4,피부과,1
삼척시,2021,2/4,2021.2/4,피부과,1
삼척시,2021,3/4,2021.3/4,피부과,1
삼척시,2021,4/4,2021.4/4,피부과,1
삼척시,2022,1/4,2022.1/4,피부과,1
삼척시,2022,2/4,2022.2/4,피부과,0
삼척시,2022,3/4,2022.3/4,피부과,0
삼척시,2022,4/4,2022.4/4,피부과,0
삼척시,2023,1/4,2023.1/4,피부과,0
삼척시,2023,2/4,2023.2/4,피부과,0
삼척시,2023,3/4,2023.3/4,피부과,0
삼척시,2023,4/4,2023.4/4,피부과,0
삼척시,2024,1/4,2024.1/4,피부과,0
삼척시,2024,2/4,2024.2/4,피부과,0
삼척시,2024,3/4,2024.3/4,피부과,0
삼척시,2024,4/4,2024.4/4,피부과,0
삼척시,2025,1/4,2025.1/4,피부과,0
삼척시,2025,2/4,2025.2/4,피부과,0
삼척시,2025,3/4,2025.3/4,피부과,0
삼척시,2025,4/4,2025.4/4,피부과,0
삼척시,2009,1/4,2009.1/4,핵의학과,0
삼척시,2009,2/4,2009.2/4,핵의학과,0
삼척시,2009,3/4,2009.3/4,핵의학과,0
삼척시,2009,4/4,2009.4/4,핵의학과,0
삼척시,2010,1/4,2010.1/4,핵의학과,0
삼척시,2010,2/4,2010.2/4,핵의학과,0
삼척시,2010,3/4,2010.3/4,핵의학과,0
삼척시,2010,4/4,2010.4/4,핵의학과,0
삼척시,2011,1/4,2011.1/4,핵의학과,0
삼척시,2011,2/4,2011.2/4,핵의학과,0
삼척시,2011,3/4,2011.3/4,핵의학과,0
삼척시,2011,4/4,2011.4/4,핵의학과,0
삼척시,2012,1/4,2012.1/4,핵의학과,0
삼척시,2012,2/4,2012.2/4,핵의학과,0
삼척시,2012,3/4,2012.3/4,핵의학과,0
삼척시,2012,4/4,2012.4/4,핵의학과,0
삼척시,2013,1/4,2013.1/4,핵의학과,0
삼척시,2013,2/4,2013.2/4,핵의학과,0
삼척시,2013,3/4,2013.3/4,핵의학과,0
삼척시,2013,4/4,2013.4/4,핵의학과,0
삼척시,2014,1/4,2014.1/4,핵의학과,0
삼척시,2014,2/4,2014.2/4,핵의학과,0
삼척시,2014,3/4,2014.3/4,핵의학과,0
삼척시,2014,4/4,2014.4/4,핵의학과,0
삼척시,2015,1/4,2015.1/4,핵의학과,0
삼척시,2015,2/4,2015.2/4,핵의학과,0
삼척시,2015,3/4,2015.3/4,핵의학과,0
삼척시,2015,4/4,2015.4/4,핵의학과,0
삼척시,2016,1/4,2016.1/4,핵의학과,0
삼척시,2016,2/4,2016.2/4,핵의학과,0
삼척시,2016,3/4,2016.3/4,핵의학과,0
삼척시,2016,4/4,2016.4/4,핵의학과,0
삼척시,2017,1/4,2017.1/4,핵의학과,0
삼척시,2017,2/4,2017.2/4,핵의학과,0
삼척시,2017,3/4,2017.3/4,핵의학과,0
삼척시,2017,4/4,2017.4/4,핵의학과,0
삼척시,2018,1/4,2018.1/4,핵의학과,0
삼척시,2018,2/4,2018.2/4,핵의학과,0
삼척시,2018,3/4,2018.3/4,핵의학과,0
삼척시,2018,4/4,2018.4/4,핵의학과,0
삼척시,2019,1/4,2019.1/4,핵의학과,0
삼척시,2019,2/4,2019.2/4,핵의학과,0
삼척시,2019,3/4,2019.3/4,핵의학과,0
삼척시,2019,4/4,2019.4/4,핵의학과,0
삼척시,2020,1/4,2020.1/4,핵의학과,0
삼척시,2020,2/4,2020.2/4,핵의학과,0
삼척시,2020,3/4,2020.3/4,핵의학과,0
삼척시,2020,4/4,2020.4/4,핵의학과,0
삼척시,2021,1/4,2021.1/4,핵의학과,0
삼척시,2021,2/4,2021.2/4,핵의학과,0
삼척시,2021,3/4,2021.3/4,핵의학과,0
삼척시,2021,4/4,2021.4/4,핵의학과,0
삼척시,2022,1/4,2022.1/4,핵의학과,0
삼척시,2022,2/4,2022.2/4,핵의학과,0
삼척시,2022,3/4,2022.3/4,핵의학과,0
삼척시,2022,4/4,2022.4/4,핵의학과,0
삼척시,2023,1/4,2023.1/4,핵의학과,0
삼척시,2023,2/4,2023.2/4,핵의학과,0
삼척시,2023,3/4,2023.3/4,핵의학과,0
삼척시,2023,4/4,2023.4/4,핵의학과,0
삼척시,2024,1/4,2024.1/4,핵의학과,0
삼척시,2024,2/4,2024.2/4,핵의학과,0
삼척시,2024,3/4,2024.3/4,핵의학과,0
삼척시,2024,4/4,2024.4/4,핵의학과,0
삼척시,2025,1/4,2025.1/4,핵의학과,0
삼척시,2025,2/4,2025.2/4,핵의학과,0
삼척시,2025,3/4,2025.3/4,핵의학과,0
삼척시,2025,4/4,2025.4/4,핵의학과,0
속초시,2009,1/4,2009.1/4,가정의학과,3
속초시,2009,2/4,2009.2/4,가정의학과,3
속초시,2009,3/4,2009.3/4,가정의학과,3
속초시,2009,4/4,2009.4/4,가정의학과,3
속초시,2010,1/4,2010.1/4,가정의학과,3
속초시,2010,2/4,2010.2/4,가정의학과,4
속초시,2010,3/4,2010.3/4,가정의학과,4
속초시,2010,4/4,2010.4/4,가정의학과,4
속초시,2011,1/4,2011.1/4,가정의학과,3
속초시,2011,2/4,2011.2/4,가정의학과,4
속초시,2011,3/4,2011.3/4,가정의학과,4
속초시,2011,4/4,2011.4/4,가정의학과,4
속초시,2012,1/4,2012.1/4,가정의학과,3
속초시,2012,2/4,2012.2/4,가정의학과,3
속초시,2012,3/4,2012.3/4,가정의학과,3
속초시,2012,4/4,2012.4/4,가정의학과,3
속초시,2013,1/4,2013.1/4,가정의학과,3
속초시,2013,2/4,2013.2/4,가정의학과,3
속초시,2013,3/4,2013.3/4,가정의학과,3
속초시,2013,4/4,2013.4/4,가정의학과,3
속초시,2014,1/4,2014.1/4,가정의학과,3
속초시,2014,2/4,2014.2/4,가정의학과,3
속초시,2014,3/4,2014.3/4,가정의학과,3
속초시,2014,4/4,2014.4/4,가정의학과,3
속초시,2015,1/4,2015.1/4,가정의학과,4
속초시,2015,2/4,2015.2/4,가정의학과,4
속초시,2015,3/4,2015.3/4,가정의학과,4
속초시,2015,4/4,2015.4/4,가정의학과,4
속초시,2016,1/4,2016.1/4,가정의학과,4
속초시,2016,2/4,2016.2/4,가정의학과,5
속초시,2016,3/4,2016.3/4,가정의학과,5
속초시,2016,4/4,2016.4/4,가정의학과,5
속초시,2017,1/4,2017.1/4,가정의학과,5
속초시,2017,2/4,2017.2/4,가정의학과,5
속초시,2017,3/4,2017.3/4,가정의학과,5
속초시,2017,4/4,2017.4/4,가정의학과,5
속초시,2018,1/4,2018.1/4,가정의학과,5
속초시,2018,2/4,2018.2/4,가정의학과,4
속초시,2018,3/4,2018.3/4,가정의학과,5
속초시,2018,4/4,2018.4/4,가정의학과,3
속초시,2019,1/4,2019.1/4,가정의학과,3
속초시,2019,2/4,2019.2/4,가정의학과,4
속초시,2019,3/4,2019.3/4,가정의학과,5
속초시,2019,4/4,2019.4/4,가정의학과,5
속초시,2020,1/4,2020.1/4,가정의학과,5
속초시,2020,2/4,2020.2/4,가정의학과,5
속초시,2020,3/4,2020.3/4,가정의학과,4
속초시,2020,4/4,2020.4/4,가정의학과,5
속초시,2021,1/4,2021.1/4,가정의학과,5
속초시,2021,2/4,2021.2/4,가정의학과,5
속초시,2021,3/4,2021.3/4,가정의학과,5
속초시,2021,4/4,2021.4/4,가정의학과,5
속초시,2022,1/4,2022.1/4,가정의학과,4
속초시,2022,2/4,2022.2/4,가정의학과,4
속초시,2022,3/4,2022.3/4,가정의학과,5
속초시,2022,4/4,2022.4/4,가정의학과,5
속초시,2023,1/4,2023.1/4,가정의학과,5
속초시,2023,2/4,2023.2/4,가정의학과,5
속초시,2023,3/4,2023.3/4,가정의학과,4
속초시,2023,4/4,2023.4/4,가정의학과,4
속초시,2024,1/4,2024.1/4,가정의학과,4
속초시,2024,2/4,2024.2/4,가정의학과,4
속초시,2024,3/4,2024.3/4,가정의학과,4
속초시,2024,4/4,2024.4/4,가정의학과,4
속초시,2025,1/4,2025.1/4,가정의학과,4
속초시,2025,2/4,2025.2/4,가정의학과,5
속초시,2025,3/4,2025.3/4,가정의학과,5
속초시,2025,4/4,2025.4/4,가정의학과,5
속초시,2009,1/4,2009.1/4,결핵과,0
속초시,2009,2/4,2009.2/4,결핵과,0
속초시,2009,3/4,2009.3/4,결핵과,0
속초시,2009,4/4,2009.4/4,결핵과,0
속초시,2010,1/4,2010.1/4,결핵과,0
속초시,2010,2/4,2010.2/4,결핵과,0
속초시,2010,3/4,2010.3/4,결핵과,0
속초시,2010,4/4,2010.4/4,결핵과,0
속초시,2011,1/4,2011.1/4,결핵과,0
속초시,2011,2/4,2011.2/4,결핵과,0
속초시,2011,3/4,2011.3/4,결핵과,0
속초시,2011,4/4,2011.4/4,결핵과,0
속초시,2012,1/4,2012.1/4,결핵과,0
속초시,2012,2/4,2012.2/4,결핵과,0
속초시,2012,3/4,2012.3/4,결핵과,0
속초시,2012,4/4,2012.4/4,결핵과,0
속초시,2013,1/4,2013.1/4,결핵과,0
속초시,2013,2/4,2013.2/4,결핵과,0
속초시,2013,3/4,2013.3/4,결핵과,0
속초시,2013,4/4,2013.4/4,결핵과,0
속초시,2014,1/4,2014.1/4,결핵과,0
속초시,2014,2/4,2014.2/4,결핵과,0
속초시,2014,3/4,2014.3/4,결핵과,0
속초시,2014,4/4,2014.4/4,결핵과,0
속초시,2015,1/4,2015.1/4,결핵과,1
속초시,2015,2/4,2015.2/4,결핵과,1
속초시,2015,3/4,2015.3/4,결핵과,1
속초시,2015,4/4,2015.4/4,결핵과,0
속초시,2016,1/4,2016.1/4,결핵과,0
속초시,2016,2/4,2016.2/4,결핵과,0
속초시,2016,3/4,2016.3/4,결핵과,0
속초시,2016,4/4,2016.4/4,결핵과,0
속초시,2017,1/4,2017.1/4,결핵과,0
속초시,2017,2/4,2017.2/4,결핵과,0
속초시,2017,3/4,2017.3/4,결핵과,0
속초시,2017,4/4,2017.4/4,결핵과,0
속초시,2018,1/4,2018.1/4,결핵과,0
속초시,2018,2/4,2018.2/4,결핵과,0
속초시,2018,3/4,2018.3/4,결핵과,0
속초시,2018,4/4,2018.4/4,결핵과,0
속초시,2019,1/4,2019.1/4,결핵과,0
속초시,2019,2/4,2019.2/4,결핵과,0
속초시,2019,3/4,2019.3/4,결핵과,0
속초시,2019,4/4,2019.4/4,결핵과,0
속초시,2020,1/4,2020.1/4,결핵과,0
속초시,2020,2/4,2020.2/4,결핵과,0
속초시,2020,3/4,2020.3/4,결핵과,0
속초시,2020,4/4,2020.4/4,결핵과,0
속초시,2021,1/4,2021.1/4,결핵과,0
속초시,2021,2/4,2021.2/4,결핵과,0
속초시,2021,3/4,2021.3/4,결핵과,0
속초시,2021,4/4,2021.4/4,결핵과,0
속초시,2022,1/4,2022.1/4,결핵과,0
속초시,2022,2/4,2022.2/4,결핵과,0
속초시,2022,3/4,2022.3/4,결핵과,0
속초시,2022,4/4,2022.4/4,결핵과,0
속초시,2023,1/4,2023.1/4,결핵과,0
속초시,2023,2/4,2023.2/4,결핵과,0
속초시,2023,3/4,2023.3/4,결핵과,0
속초시,2023,4/4,2023.4/4,결핵과,0
속초시,2024,1/4,2024.1/4,결핵과,0
속초시,2024,2/4,2024.2/4,결핵과,0
속초시,2024,3/4,2024.3/4,결핵과,0
속초시,2024,4/4,2024.4/4,결핵과,0
속초시,2025,1/4,2025.1/4,결핵과,0
속초시,2025,2/4,2025.2/4,결핵과,0
속초시,2025,3/4,2025.3/4,결핵과,0
속초시,2025,4/4,2025.4/4,결핵과,0
속초시,2009,1/4,2009.1/4,내과,15
속초시,2009,2/4,2009.2/4,내과,16
속초시,2009,3/4,2009.3/4,내과,16
속초시,2009,4/4,2009.4/4,내과,16
속초시,2010,1/4,2010.1/4,내과,15
속초시,2010,2/4,2010.2/4,내과,18
속초시,2010,3/4,2010.3/4,내과,18
속초시,2010,4/4,2010.4/4,내과,19
속초시,2011,1/4,2011.1/4,내과,19
속초시,2011,2/4,2011.2/4,내과,17
속초시,2011,3/4,2011.3/4,내과,19
속초시,2011,4/4,2011.4/4,내과,19
속초시,2012,1/4,2012.1/4,내과,19
속초시,2012,2/4,2012.2/4,내과,19
속초시,2012,3/4,2012.3/4,내과,18
속초시,2012,4/4,2012.4/4,내과,18
속초시,2013,1/4,2013.1/4,내과,20
속초시,2013,2/4,2013.2/4,내과,20
속초시,2013,3/4,2013.3/4,내과,20
속초시,2013,4/4,2013.4/4,내과,20
속초시,2014,1/4,2014.1/4,내과,19
속초시,2014,2/4,2014.2/4,내과,18
속초시,2014,3/4,2014.3/4,내과,19
속초시,2014,4/4,2014.4/4,내과,19
속초시,2015,1/4,2015.1/4,내과,21
속초시,2015,2/4,2015.2/4,내과,20
속초시,2015,3/4,2015.3/4,내과,19
속초시,2015,4/4,2015.4/4,내과,20
속초시,2016,1/4,2016.1/4,내과,19
속초시,2016,2/4,2016.2/4,내과,21
속초시,2016,3/4,2016.3/4,내과,21
속초시,2016,4/4,2016.4/4,내과,21
속초시,2017,1/4,2017.1/4,내과,21
속초시,2017,2/4,2017.2/4,내과,20
속초시,2017,3/4,2017.3/4,내과,20
속초시,2017,4/4,2017.4/4,내과,19
속초시,2018,1/4,2018.1/4,내과,19
속초시,2018,2/4,2018.2/4,내과,18
속초시,2018,3/4,2018.3/4,내과,18
속초시,2018,4/4,2018.4/4,내과,18
속초시,2019,1/4,2019.1/4,내과,18
속초시,2019,2/4,2019.2/4,내과,17
속초시,2019,3/4,2019.3/4,내과,17
속초시,2019,4/4,2019.4/4,내과,17
속초시,2020,1/4,2020.1/4,내과,18
속초시,2020,2/4,2020.2/4,내과,19
속초시,2020,3/4,2020.3/4,내과,19
속초시,2020,4/4,2020.4/4,내과,19
속초시,2021,1/4,2021.1/4,내과,19
속초시,2021,2/4,2021.2/4,내과,20
속초시,2021,3/4,2021.3/4,내과,20
속초시,2021,4/4,2021.4/4,내과,20
속초시,2022,1/4,2022.1/4,내과,20
속초시,2022,2/4,2022.2/4,내과,20
속초시,2022,3/4,2022.3/4,내과,20
속초시,2022,4/4,2022.4/4,내과,20
속초시,2023,1/4,2023.1/4,내과,19
속초시,2023,2/4,2023.2/4,내과,21
속초시,2023,3/4,2023.3/4,내과,20
속초시,2023,4/4,2023.4/4,내과,21
속초시,2024,1/4,2024.1/4,내과,22
속초시,2024,2/4,2024.2/4,내과,23
속초시,2024,3/4,2024.3/4,내과,23
속초시,2024,4/4,2024.4/4,내과,23
속초시,2025,1/4,2025.1/4,내과,23
속초시,2025,2/4,2025.2/4,내과,21
속초시,2025,3/4,2025.3/4,내과,22
속초시,2025,4/4,2025.4/4,내과,23
속초시,2009,1/4,2009.1/4,마취통증의학과,5
속초시,2009,2/4,2009.2/4,마취통증의학과,5
속초시,2009,3/4,2009.3/4,마취통증의학과,5
속초시,2009,4/4,2009.4/4,마취통증의학과,5
속초시,2010,1/4,2010.1/4,마취통증의학과,6
속초시,2010,2/4,2010.2/4,마취통증의학과,7
속초시,2010,3/4,2010.3/4,마취통증의학과,7
속초시,2010,4/4,2010.4/4,마취통증의학과,7
속초시,2011,1/4,2011.1/4,마취통증의학과,7
속초시,2011,2/4,2011.2/4,마취통증의학과,7
속초시,2011,3/4,2011.3/4,마취통증의학과,7
속초시,2011,4/4,2011.4/4,마취통증의학과,7
속초시,2012,1/4,2012.1/4,마취통증의학과,8
속초시,2012,2/4,2012.2/4,마취통증의학과,8
속초시,2012,3/4,2012.3/4,마취통증의학과,6
속초시,2012,4/4,2012.4/4,마취통증의학과,8
속초시,2013,1/4,2013.1/4,마취통증의학과,8
속초시,2013,2/4,2013.2/4,마취통증의학과,8
속초시,2013,3/4,2013.3/4,마취통증의학과,9
속초시,2013,4/4,2013.4/4,마취통증의학과,8
속초시,2014,1/4,2014.1/4,마취통증의학과,8
속초시,2014,2/4,2014.2/4,마취통증의학과,8
속초시,2014,3/4,2014.3/4,마취통증의학과,8
속초시,2014,4/4,2014.4/4,마취통증의학과,8
속초시,2015,1/4,2015.1/4,마취통증의학과,9
속초시,2015,2/4,2015.2/4,마취통증의학과,8
속초시,2015,3/4,2015.3/4,마취통증의학과,9
속초시,2015,4/4,2015.4/4,마취통증의학과,9
속초시,2016,1/4,2016.1/4,마취통증의학과,8
속초시,2016,2/4,2016.2/4,마취통증의학과,8
속초시,2016,3/4,2016.3/4,마취통증의학과,8
속초시,2016,4/4,2016.4/4,마취통증의학과,7
속초시,2017,1/4,2017.1/4,마취통증의학과,8
속초시,2017,2/4,2017.2/4,마취통증의학과,7
속초시,2017,3/4,2017.3/4,마취통증의학과,7
속초시,2017,4/4,2017.4/4,마취통증의학과,7
속초시,2018,1/4,2018.1/4,마취통증의학과,7
속초시,2018,2/4,2018.2/4,마취통증의학과,7
속초시,2018,3/4,2018.3/4,마취통증의학과,7
속초시,2018,4/4,2018.4/4,마취통증의학과,7
속초시,2019,1/4,2019.1/4,마취통증의학과,6
속초시,2019,2/4,2019.2/4,마취통증의학과,6
속초시,2019,3/4,2019.3/4,마취통증의학과,6
속초시,2019,4/4,2019.4/4,마취통증의학과,6
속초시,2020,1/4,2020.1/4,마취통증의학과,6
속초시,2020,2/4,2020.2/4,마취통증의학과,8
속초시,2020,3/4,2020.3/4,마취통증의학과,8
속초시,2020,4/4,2020.4/4,마취통증의학과,8
속초시,2021,1/4,2021.1/4,마취통증의학과,10
속초시,2021,2/4,2021.2/4,마취통증의학과,11
속초시,2021,3/4,2021.3/4,마취통증의학과,10
속초시,2021,4/4,2021.4/4,마취통증의학과,10
속초시,2022,1/4,2022.1/4,마취통증의학과,9
속초시,2022,2/4,2022.2/4,마취통증의학과,9
속초시,2022,3/4,2022.3/4,마취통증의학과,9
속초시,2022,4/4,2022.4/4,마취통증의학과,9
속초시,2023,1/4,2023.1/4,마취통증의학과,9
속초시,2023,2/4,2023.2/4,마취통증의학과,8
속초시,2023,3/4,2023.3/4,마취통증의학과,8
속초시,2023,4/4,2023.4/4,마취통증의학과,8
속초시,2024,1/4,2024.1/4,마취통증의학과,8
속초시,2024,2/4,2024.2/4,마취통증의학과,8
속초시,2024,3/4,2024.3/4,마취통증의학과,8
속초시,2024,4/4,2024.4/4,마취통증의학과,8
속초시,2025,1/4,2025.1/4,마취통증의학과,7
속초시,2025,2/4,2025.2/4,마취통증의학과,7
속초시,2025,3/4,2025.3/4,마취통증의학과,7
속초시,2025,4/4,2025.4/4,마취통증의학과,7
속초시,2009,1/4,2009.1/4,방사선종양학과,0
속초시,2009,2/4,2009.2/4,방사선종양학과,0
속초시,2009,3/4,2009.3/4,방사선종양학과,0
속초시,2009,4/4,2009.4/4,방사선종양학과,0
속초시,2010,1/4,2010.1/4,방사선종양학과,0
속초시,2010,2/4,2010.2/4,방사선종양학과,0
속초시,2010,3/4,2010.3/4,방사선종양학과,0
속초시,2010,4/4,2010.4/4,방사선종양학과,0
속초시,2011,1/4,2011.1/4,방사선종양학과,0
속초시,2011,2/4,2011.2/4,방사선종양학과,0
속초시,2011,3/4,2011.3/4,방사선종양학과,0
속초시,2011,4/4,2011.4/4,방사선종양학과,0
속초시,2012,1/4,2012.1/4,방사선종양학과,0
속초시,2012,2/4,2012.2/4,방사선종양학과,0
속초시,2012,3/4,2012.3/4,방사선종양학과,0
속초시,2012,4/4,2012.4/4,방사선종양학과,0
속초시,2013,1/4,2013.1/4,방사선종양학과,0
속초시,2013,2/4,2013.2/4,방사선종양학과,0
속초시,2013,3/4,2013.3/4,방사선종양학과,0
속초시,2013,4/4,2013.4/4,방사선종양학과,0
속초시,2014,1/4,2014.1/4,방사선종양학과,0
속초시,2014,2/4,2014.2/4,방사선종양학과,0
속초시,2014,3/4,2014.3/4,방사선종양학과,0
속초시,2014,4/4,2014.4/4,방사선종양학과,0
속초시,2015,1/4,2015.1/4,방사선종양학과,0
속초시,2015,2/4,2015.2/4,방사선종양학과,0
속초시,2015,3/4,2015.3/4,방사선종양학과,0
속초시,2015,4/4,2015.4/4,방사선종양학과,0
속초시,2016,1/4,2016.1/4,방사선종양학과,0
속초시,2016,2/4,2016.2/4,방사선종양학과,0
속초시,2016,3/4,2016.3/4,방사선종양학과,0
속초시,2016,4/4,2016.4/4,방사선종양학과,0
속초시,2017,1/4,2017.1/4,방사선종양학과,0
속초시,2017,2/4,2017.2/4,방사선종양학과,0
속초시,2017,3/4,2017.3/4,방사선종양학과,0
속초시,2017,4/4,2017.4/4,방사선종양학과,0
속초시,2018,1/4,2018.1/4,방사선종양학과,0
속초시,2018,2/4,2018.2/4,방사선종양학과,0
속초시,2018,3/4,2018.3/4,방사선종양학과,0
속초시,2018,4/4,2018.4/4,방사선종양학과,0
속초시,2019,1/4,2019.1/4,방사선종양학과,0
속초시,2019,2/4,2019.2/4,방사선종양학과,0
속초시,2019,3/4,2019.3/4,방사선종양학과,0
속초시,2019,4/4,2019.4/4,방사선종양학과,0
속초시,2020,1/4,2020.1/4,방사선종양학과,0
속초시,2020,2/4,2020.2/4,방사선종양학과,0
속초시,2020,3/4,2020.3/4,방사선종양학과,0
속초시,2020,4/4,2020.4/4,방사선종양학과,0
속초시,2021,1/4,2021.1/4,방사선종양학과,0
속초시,2021,2/4,2021.2/4,방사선종양학과,0
속초시,2021,3/4,2021.3/4,방사선종양학과,0
속초시,2021,4/4,2021.4/4,방사선종양학과,0
속초시,2022,1/4,2022.1/4,방사선종양학과,0
속초시,2022,2/4,2022.2/4,방사선종양학과,0
속초시,2022,3/4,2022.3/4,방사선종양학과,0
속초시,2022,4/4,2022.4/4,방사선종양학과,0
속초시,2023,1/4,2023.1/4,방사선종양학과,0
속초시,2023,2/4,2023.2/4,방사선종양학과,0
속초시,2023,3/4,2023.3/4,방사선종양학과,0
속초시,2023,4/4,2023.4/4,방사선종양학과,0
속초시,2024,1/4,2024.1/4,방사선종양학과,0
속초시,2024,2/4,2024.2/4,방사선종양학과,0
속초시,2024,3/4,2024.3/4,방사선종양학과,0
속초시,2024,4/4,2024.4/4,방사선종양학과,0
속초시,2025,1/4,2025.1/4,방사선종양학과,0
속초시,2025,2/4,2025.2/4,방사선종양학과,0
속초시,2025,3/4,2025.3/4,방사선종양학과,0
속초시,2025,4/4,2025.4/4,방사선종양학과,0
속초시,2009,1/4,2009.1/4,병리과,0
속초시,2009,2/4,2009.2/4,병리과,0
속초시,2009,3/4,2009.3/4,병리과,0
속초시,2009,4/4,2009.4/4,병리과,0
속초시,2010,1/4,2010.1/4,병리과,0
속초시,2010,2/4,2010.2/4,병리과,0
속초시,2010,3/4,2010.3/4,병리과,0
속초시,2010,4/4,2010.4/4,병리과,0
속초시,2011,1/4,2011.1/4,병리과,0
속초시,2011,2/4,2011.2/4,병리과,0
속초시,2011,3/4,2011.3/4,병리과,0
속초시,2011,4/4,2011.4/4,병리과,0
속초시,2012,1/4,2012.1/4,병리과,0
속초시,2012,2/4,2012.2/4,병리과,0
속초시,2012,3/4,2012.3/4,병리과,0
속초시,2012,4/4,2012.4/4,병리과,0
속초시,2013,1/4,2013.1/4,병리과,0
속초시,2013,2/4,2013.2/4,병리과,0
속초시,2013,3/4,2013.3/4,병리과,0
속초시,2013,4/4,2013.4/4,병리과,0
속초시,2014,1/4,2014.1/4,병리과,0
속초시,2014,2/4,2014.2/4,병리과,0
속초시,2014,3/4,2014.3/4,병리과,0
속초시,2014,4/4,2014.4/4,병리과,0
속초시,2015,1/4,2015.1/4,병리과,0
속초시,2015,2/4,2015.2/4,병리과,0
속초시,2015,3/4,2015.3/4,병리과,0
속초시,2015,4/4,2015.4/4,병리과,0
속초시,2016,1/4,2016.1/4,병리과,0
속초시,2016,2/4,2016.2/4,병리과,0
속초시,2016,3/4,2016.3/4,병리과,0
속초시,2016,4/4,2016.4/4,병리과,0
속초시,2017,1/4,2017.1/4,병리과,0
속초시,2017,2/4,2017.2/4,병리과,0
속초시,2017,3/4,2017.3/4,병리과,0
속초시,2017,4/4,2017.4/4,병리과,0
속초시,2018,1/4,2018.1/4,병리과,0
속초시,2018,2/4,2018.2/4,병리과,0
속초시,2018,3/4,2018.3/4,병리과,1
속초시,2018,4/4,2018.4/4,병리과,1
속초시,2019,1/4,2019.1/4,병리과,1
속초시,2019,2/4,2019.2/4,병리과,1
속초시,2019,3/4,2019.3/4,병리과,1
속초시,2019,4/4,2019.4/4,병리과,1
속초시,2020,1/4,2020.1/4,병리과,1
속초시,2020,2/4,2020.2/4,병리과,0
속초시,2020,3/4,2020.3/4,병리과,0
속초시,2020,4/4,2020.4/4,병리과,0
속초시,2021,1/4,2021.1/4,병리과,0
속초시,2021,2/4,2021.2/4,병리과,1
속초시,2021,3/4,2021.3/4,병리과,0
속초시,2021,4/4,2021.4/4,병리과,0
속초시,2022,1/4,2022.1/4,병리과,0
속초시,2022,2/4,2022.2/4,병리과,0
속초시,2022,3/4,2022.3/4,병리과,0
속초시,2022,4/4,2022.4/4,병리과,0
속초시,2023,1/4,2023.1/4,병리과,0
속초시,2023,2/4,2023.2/4,병리과,0
속초시,2023,3/4,2023.3/4,병리과,0
속초시,2023,4/4,2023.4/4,병리과,0
속초시,2024,1/4,2024.1/4,병리과,0
속초시,2024,2/4,2024.2/4,병리과,0
속초시,2024,3/4,2024.3/4,병리과,0
속초시,2024,4/4,2024.4/4,병리과,0
속초시,2025,1/4,2025.1/4,병리과,0
속초시,2025,2/4,2025.2/4,병리과,0
속초시,2025,3/4,2025.3/4,병리과,0
속초시,2025,4/4,2025.4/4,병리과,0
속초시,2009,1/4,2009.1/4,비뇨의학과,4
속초시,2009,2/4,2009.2/4,비뇨의학과,4
속초시,2009,3/4,2009.3/4,비뇨의학과,4
속초시,2009,4/4,2009.4/4,비뇨의학과,4
속초시,2010,1/4,2010.1/4,비뇨의학과,4
속초시,2010,2/4,2010.2/4,비뇨의학과,4
속초시,2010,3/4,2010.3/4,비뇨의학과,4
속초시,2010,4/4,2010.4/4,비뇨의학과,4
속초시,2011,1/4,2011.1/4,비뇨의학과,4
속초시,2011,2/4,2011.2/4,비뇨의학과,4
속초시,2011,3/4,2011.3/4,비뇨의학과,4
속초시,2011,4/4,2011.4/4,비뇨의학과,4
속초시,2012,1/4,2012.1/4,비뇨의학과,3
속초시,2012,2/4,2012.2/4,비뇨의학과,3
속초시,2012,3/4,2012.3/4,비뇨의학과,3
속초시,2012,4/4,2012.4/4,비뇨의학과,4
속초시,2013,1/4,2013.1/4,비뇨의학과,4
속초시,2013,2/4,2013.2/4,비뇨의학과,4
속초시,2013,3/4,2013.3/4,비뇨의학과,4
속초시,2013,4/4,2013.4/4,비뇨의학과,3
속초시,2014,1/4,2014.1/4,비뇨의학과,3
속초시,2014,2/4,2014.2/4,비뇨의학과,4
속초시,2014,3/4,2014.3/4,비뇨의학과,4
속초시,2014,4/4,2014.4/4,비뇨의학과,4
속초시,2015,1/4,2015.1/4,비뇨의학과,5
속초시,2015,2/4,2015.2/4,비뇨의학과,5
속초시,2015,3/4,2015.3/4,비뇨의학과,5
속초시,2015,4/4,2015.4/4,비뇨의학과,5
속초시,2016,1/4,2016.1/4,비뇨의학과,5
속초시,2016,2/4,2016.2/4,비뇨의학과,5
속초시,2016,3/4,2016.3/4,비뇨의학과,5
속초시,2016,4/4,2016.4/4,비뇨의학과,5
속초시,2017,1/4,2017.1/4,비뇨의학과,5
속초시,2017,2/4,2017.2/4,비뇨의학과,4
속초시,2017,3/4,2017.3/4,비뇨의학과,4
속초시,2017,4/4,2017.4/4,비뇨의학과,4
속초시,2018,1/4,2018.1/4,비뇨의학과,4
속초시,2018,2/4,2018.2/4,비뇨의학과,4
속초시,2018,3/4,2018.3/4,비뇨의학과,5
속초시,2018,4/4,2018.4/4,비뇨의학과,5
속초시,2019,1/4,2019.1/4,비뇨의학과,4
속초시,2019,2/4,2019.2/4,비뇨의학과,4
속초시,2019,3/4,2019.3/4,비뇨의학과,4
속초시,2019,4/4,2019.4/4,비뇨의학과,4
속초시,2020,1/4,2020.1/4,비뇨의학과,5
속초시,2020,2/4,2020.2/4,비뇨의학과,5
속초시,2020,3/4,2020.3/4,비뇨의학과,5
속초시,2020,4/4,2020.4/4,비뇨의학과,5
속초시,2021,1/4,2021.1/4,비뇨의학과,5
속초시,2021,2/4,2021.2/4,비뇨의학과,5
속초시,2021,3/4,2021.3/4,비뇨의학과,5
속초시,2021,4/4,2021.4/4,비뇨의학과,5
속초시,2022,1/4,2022.1/4,비뇨의학과,5
속초시,2022,2/4,2022.2/4,비뇨의학과,5
속초시,2022,3/4,2022.3/4,비뇨의학과,4
속초시,2022,4/4,2022.4/4,비뇨의학과,4
속초시,2023,1/4,2023.1/4,비뇨의학과,5
속초시,2023,2/4,2023.2/4,비뇨의학과,5
속초시,2023,3/4,2023.3/4,비뇨의학과,5
속초시,2023,4/4,2023.4/4,비뇨의학과,5
속초시,2024,1/4,2024.1/4,비뇨의학과,5
속초시,2024,2/4,2024.2/4,비뇨의학과,5
속초시,2024,3/4,2024.3/4,비뇨의학과,5
속초시,2024,4/4,2024.4/4,비뇨의학과,5
속초시,2025,1/4,2025.1/4,비뇨의학과,5
속초시,2025,2/4,2025.2/4,비뇨의학과,5
속초시,2025,3/4,2025.3/4,비뇨의학과,5
속초시,2025,4/4,2025.4/4,비뇨의학과,5
속초시,2009,1/4,2009.1/4,산부인과,8
속초시,2009,2/4,2009.2/4,산부인과,9
속초시,2009,3/4,2009.3/4,산부인과,9
속초시,2009,4/4,2009.4/4,산부인과,8
속초시,2010,1/4,2010.1/4,산부인과,9
속초시,2010,2/4,2010.2/4,산부인과,10
속초시,2010,3/4,2010.3/4,산부인과,9
속초시,2010,4/4,2010.4/4,산부인과,9
속초시,2011,1/4,2011.1/4,산부인과,9
속초시,2011,2/4,2011.2/4,산부인과,9
속초시,2011,3/4,2011.3/4,산부인과,9
속초시,2011,4/4,2011.4/4,산부인과,9
속초시,2012,1/4,2012.1/4,산부인과,8
속초시,2012,2/4,2012.2/4,산부인과,8
속초시,2012,3/4,2012.3/4,산부인과,8
속초시,2012,4/4,2012.4/4,산부인과,9
속초시,2013,1/4,2013.1/4,산부인과,11
속초시,2013,2/4,2013.2/4,산부인과,11
속초시,2013,3/4,2013.3/4,산부인과,11
속초시,2013,4/4,2013.4/4,산부인과,10
속초시,2014,1/4,2014.1/4,산부인과,12
속초시,2014,2/4,2014.2/4,산부인과,11
속초시,2014,3/4,2014.3/4,산부인과,11
속초시,2014,4/4,2014.4/4,산부인과,11
속초시,2015,1/4,2015.1/4,산부인과,10
속초시,2015,2/4,2015.2/4,산부인과,10
속초시,2015,3/4,2015.3/4,산부인과,10
속초시,2015,4/4,2015.4/4,산부인과,9
속초시,2016,1/4,2016.1/4,산부인과,9
속초시,2016,2/4,2016.2/4,산부인과,9
속초시,2016,3/4,2016.3/4,산부인과,9
속초시,2016,4/4,2016.4/4,산부인과,9
속초시,2017,1/4,2017.1/4,산부인과,9
속초시,2017,2/4,2017.2/4,산부인과,9
속초시,2017,3/4,2017.3/4,산부인과,9
속초시,2017,4/4,2017.4/4,산부인과,9
속초시,2018,1/4,2018.1/4,산부인과,10
속초시,2018,2/4,2018.2/4,산부인과,9
속초시,2018,3/4,2018.3/4,산부인과,9
속초시,2018,4/4,2018.4/4,산부인과,10
속초시,2019,1/4,2019.1/4,산부인과,9
속초시,2019,2/4,2019.2/4,산부인과,9
속초시,2019,3/4,2019.3/4,산부인과,10
속초시,2019,4/4,2019.4/4,산부인과,10
속초시,2020,1/4,2020.1/4,산부인과,8
속초시,2020,2/4,2020.2/4,산부인과,8
속초시,2020,3/4,2020.3/4,산부인과,10
속초시,2020,4/4,2020.4/4,산부인과,10
속초시,2021,1/4,2021.1/4,산부인과,10
속초시,2021,2/4,2021.2/4,산부인과,9
속초시,2021,3/4,2021.3/4,산부인과,9
속초시,2021,4/4,2021.4/4,산부인과,9
속초시,2022,1/4,2022.1/4,산부인과,9
속초시,2022,2/4,2022.2/4,산부인과,9
속초시,2022,3/4,2022.3/4,산부인과,9
속초시,2022,4/4,2022.4/4,산부인과,9
속초시,2023,1/4,2023.1/4,산부인과,9
속초시,2023,2/4,2023.2/4,산부인과,9
속초시,2023,3/4,2023.3/4,산부인과,9
속초시,2023,4/4,2023.4/4,산부인과,9
속초시,2024,1/4,2024.1/4,산부인과,8
속초시,2024,2/4,2024.2/4,산부인과,8
속초시,2024,3/4,2024.3/4,산부인과,9
속초시,2024,4/4,2024.4/4,산부인과,8
속초시,2025,1/4,2025.1/4,산부인과,8
속초시,2025,2/4,2025.2/4,산부인과,9
속초시,2025,3/4,2025.3/4,산부인과,9
속초시,2025,4/4,2025.4/4,산부인과,8
속초시,2009,1/4,2009.1/4,성형외과,0
속초시,2009,2/4,2009.2/4,성형외과,0
속초시,2009,3/4,2009.3/4,성형외과,0
속초시,2009,4/4,2009.4/4,성형외과,0
속초시,2010,1/4,2010.1/4,성형외과,0
속초시,2010,2/4,2010.2/4,성형외과,1
속초시,2010,3/4,2010.3/4,성형외과,1
속초시,2010,4/4,2010.4/4,성형외과,1
속초시,2011,1/4,2011.1/4,성형외과,1
속초시,2011,2/4,2011.2/4,성형외과,1
속초시,2011,3/4,2011.3/4,성형외과,1
속초시,2011,4/4,2011.4/4,성형외과,1
속초시,2012,1/4,2012.1/4,성형외과,1
속초시,2012,2/4,2012.2/4,성형외과,1
속초시,2012,3/4,2012.3/4,성형외과,1
속초시,2012,4/4,2012.4/4,성형외과,1
속초시,2013,1/4,2013.1/4,성형외과,1
속초시,2013,2/4,2013.2/4,성형외과,2
속초시,2013,3/4,2013.3/4,성형외과,2
속초시,2013,4/4,2013.4/4,성형외과,2
속초시,2014,1/4,2014.1/4,성형외과,2
속초시,2014,2/4,2014.2/4,성형외과,2
속초시,2014,3/4,2014.3/4,성형외과,2
속초시,2014,4/4,2014.4/4,성형외과,2
속초시,2015,1/4,2015.1/4,성형외과,2
속초시,2015,2/4,2015.2/4,성형외과,3
속초시,2015,3/4,2015.3/4,성형외과,3
속초시,2015,4/4,2015.4/4,성형외과,3
속초시,2016,1/4,2016.1/4,성형외과,2
속초시,2016,2/4,2016.2/4,성형외과,2
속초시,2016,3/4,2016.3/4,성형외과,2
속초시,2016,4/4,2016.4/4,성형외과,2
속초시,2017,1/4,2017.1/4,성형외과,2
속초시,2017,2/4,2017.2/4,성형외과,2
속초시,2017,3/4,2017.3/4,성형외과,2
속초시,2017,4/4,2017.4/4,성형외과,2
속초시,2018,1/4,2018.1/4,성형외과,2
속초시,2018,2/4,2018.2/4,성형외과,1
속초시,2018,3/4,2018.3/4,성형외과,1
속초시,2018,4/4,2018.4/4,성형외과,1
속초시,2019,1/4,2019.1/4,성형외과,1
속초시,2019,2/4,2019.2/4,성형외과,2
속초시,2019,3/4,2019.3/4,성형외과,2
속초시,2019,4/4,2019.4/4,성형외과,2
속초시,2020,1/4,2020.1/4,성형외과,2
속초시,2020,2/4,2020.2/4,성형외과,2
속초시,2020,3/4,2020.3/4,성형외과,2
속초시,2020,4/4,2020.4/4,성형외과,2
속초시,2021,1/4,2021.1/4,성형외과,1
속초시,2021,2/4,2021.2/4,성형외과,1
속초시,2021,3/4,2021.3/4,성형외과,1
속초시,2021,4/4,2021.4/4,성형외과,1
속초시,2022,1/4,2022.1/4,성형외과,1
속초시,2022,2/4,2022.2/4,성형외과,1
속초시,2022,3/4,2022.3/4,성형외과,1
속초시,2022,4/4,2022.4/4,성형외과,1
속초시,2023,1/4,2023.1/4,성형외과,1
속초시,2023,2/4,2023.2/4,성형외과,2
속초시,2023,3/4,2023.3/4,성형외과,2
속초시,2023,4/4,2023.4/4,성형외과,2
속초시,2024,1/4,2024.1/4,성형외과,2
속초시,2024,2/4,2024.2/4,성형외과,2
속초시,2024,3/4,2024.3/4,성형외과,2
속초시,2024,4/4,2024.4/4,성형외과,2
속초시,2025,1/4,2025.1/4,성형외과,2
속초시,2025,2/4,2025.2/4,성형외과,3
속초시,2025,3/4,2025.3/4,성형외과,3
속초시,2025,4/4,2025.4/4,성형외과,3
속초시,2009,1/4,2009.1/4,소아청소년과,9
속초시,2009,2/4,2009.2/4,소아청소년과,8
속초시,2009,3/4,2009.3/4,소아청소년과,8
속초시,2009,4/4,2009.4/4,소아청소년과,9
속초시,2010,1/4,2010.1/4,소아청소년과,8
속초시,2010,2/4,2010.2/4,소아청소년과,9
속초시,2010,3/4,2010.3/4,소아청소년과,9
속초시,2010,4/4,2010.4/4,소아청소년과,8
속초시,2011,1/4,2011.1/4,소아청소년과,8
속초시,2011,2/4,2011.2/4,소아청소년과,8
속초시,2011,3/4,2011.3/4,소아청소년과,7
속초시,2011,4/4,2011.4/4,소아청소년과,7
속초시,2012,1/4,2012.1/4,소아청소년과,8
속초시,2012,2/4,2012.2/4,소아청소년과,8
속초시,2012,3/4,2012.3/4,소아청소년과,8
속초시,2012,4/4,2012.4/4,소아청소년과,8
속초시,2013,1/4,2013.1/4,소아청소년과,8
속초시,2013,2/4,2013.2/4,소아청소년과,9
속초시,2013,3/4,2013.3/4,소아청소년과,8
속초시,2013,4/4,2013.4/4,소아청소년과,8
속초시,2014,1/4,2014.1/4,소아청소년과,8
속초시,2014,2/4,2014.2/4,소아청소년과,8
속초시,2014,3/4,2014.3/4,소아청소년과,8
속초시,2014,4/4,2014.4/4,소아청소년과,8
속초시,2015,1/4,2015.1/4,소아청소년과,8
속초시,2015,2/4,2015.2/4,소아청소년과,8
속초시,2015,3/4,2015.3/4,소아청소년과,8
속초시,2015,4/4,2015.4/4,소아청소년과,7
속초시,2016,1/4,2016.1/4,소아청소년과,7
속초시,2016,2/4,2016.2/4,소아청소년과,7
속초시,2016,3/4,2016.3/4,소아청소년과,7
속초시,2016,4/4,2016.4/4,소아청소년과,7
속초시,2017,1/4,2017.1/4,소아청소년과,7
속초시,2017,2/4,2017.2/4,소아청소년과,7
속초시,2017,3/4,2017.3/4,소아청소년과,7
속초시,2017,4/4,2017.4/4,소아청소년과,7
속초시,2018,1/4,2018.1/4,소아청소년과,7
속초시,2018,2/4,2018.2/4,소아청소년과,7
속초시,2018,3/4,2018.3/4,소아청소년과,7
속초시,2018,4/4,2018.4/4,소아청소년과,7
속초시,2019,1/4,2019.1/4,소아청소년과,7
속초시,2019,2/4,2019.2/4,소아청소년과,9
속초시,2019,3/4,2019.3/4,소아청소년과,9
속초시,2019,4/4,2019.4/4,소아청소년과,9
속초시,2020,1/4,2020.1/4,소아청소년과,8
속초시,2020,2/4,2020.2/4,소아청소년과,9
속초시,2020,3/4,2020.3/4,소아청소년과,8
속초시,2020,4/4,2020.4/4,소아청소년과,8
속초시,2021,1/4,2021.1/4,소아청소년과,8
속초시,2021,2/4,2021.2/4,소아청소년과,8
속초시,2021,3/4,2021.3/4,소아청소년과,9
속초시,2021,4/4,2021.4/4,소아청소년과,9
속초시,2022,1/4,2022.1/4,소아청소년과,9
속초시,2022,2/4,2022.2/4,소아청소년과,8
속초시,2022,3/4,2022.3/4,소아청소년과,8
속초시,2022,4/4,2022.4/4,소아청소년과,8
속초시,2023,1/4,2023.1/4,소아청소년과,8
속초시,2023,2/4,2023.2/4,소아청소년과,8
속초시,2023,3/4,2023.3/4,소아청소년과,8
속초시,2023,4/4,2023.4/4,소아청소년과,8
속초시,2024,1/4,2024.1/4,소아청소년과,8
속초시,2024,2/4,2024.2/4,소아청소년과,8
속초시,2024,3/4,2024.3/4,소아청소년과,7
속초시,2024,4/4,2024.4/4,소아청소년과,8
속초시,2025,1/4,2025.1/4,소아청소년과,8
속초시,2025,2/4,2025.2/4,소아청소년과,8
속초시,2025,3/4,2025.3/4,소아청소년과,8
속초시,2025,4/4,2025.4/4,소아청소년과,9
속초시,2009,1/4,2009.1/4,신경과,0
속초시,2009,2/4,2009.2/4,신경과,0
속초시,2009,3/4,2009.3/4,신경과,0
속초시,2009,4/4,2009.4/4,신경과,0
속초시,2010,1/4,2010.1/4,신경과,0
속초시,2010,2/4,2010.2/4,신경과,0
속초시,2010,3/4,2010.3/4,신경과,0
속초시,2010,4/4,2010.4/4,신경과,0
속초시,2011,1/4,2011.1/4,신경과,0
속초시,2011,2/4,2011.2/4,신경과,0
속초시,2011,3/4,2011.3/4,신경과,0
속초시,2011,4/4,2011.4/4,신경과,0
속초시,2012,1/4,2012.1/4,신경과,1
속초시,2012,2/4,2012.2/4,신경과,1
속초시,2012,3/4,2012.3/4,신경과,1
속초시,2012,4/4,2012.4/4,신경과,1
속초시,2013,1/4,2013.1/4,신경과,1
속초시,2013,2/4,2013.2/4,신경과,1
속초시,2013,3/4,2013.3/4,신경과,1
속초시,2013,4/4,2013.4/4,신경과,1
속초시,2014,1/4,2014.1/4,신경과,1
속초시,2014,2/4,2014.2/4,신경과,1
속초시,2014,3/4,2014.3/4,신경과,1
속초시,2014,4/4,2014.4/4,신경과,1
속초시,2015,1/4,2015.1/4,신경과,1
속초시,2015,2/4,2015.2/4,신경과,1
속초시,2015,3/4,2015.3/4,신경과,1
속초시,2015,4/4,2015.4/4,신경과,1
속초시,2016,1/4,2016.1/4,신경과,1
속초시,2016,2/4,2016.2/4,신경과,1
속초시,2016,3/4,2016.3/4,신경과,1
속초시,2016,4/4,2016.4/4,신경과,1
속초시,2017,1/4,2017.1/4,신경과,1
속초시,2017,2/4,2017.2/4,신경과,1
속초시,2017,3/4,2017.3/4,신경과,1
속초시,2017,4/4,2017.4/4,신경과,1
속초시,2018,1/4,2018.1/4,신경과,1
속초시,2018,2/4,2018.2/4,신경과,1
속초시,2018,3/4,2018.3/4,신경과,1
속초시,2018,4/4,2018.4/4,신경과,1
속초시,2019,1/4,2019.1/4,신경과,0
속초시,2019,2/4,2019.2/4,신경과,0
속초시,2019,3/4,2019.3/4,신경과,0
속초시,2019,4/4,2019.4/4,신경과,0
속초시,2020,1/4,2020.1/4,신경과,0
속초시,2020,2/4,2020.2/4,신경과,0
속초시,2020,3/4,2020.3/4,신경과,0
속초시,2020,4/4,2020.4/4,신경과,0
속초시,2021,1/4,2021.1/4,신경과,1
속초시,2021,2/4,2021.2/4,신경과,1
속초시,2021,3/4,2021.3/4,신경과,1
속초시,2021,4/4,2021.4/4,신경과,1
속초시,2022,1/4,2022.1/4,신경과,1
속초시,2022,2/4,2022.2/4,신경과,1
속초시,2022,3/4,2022.3/4,신경과,1
속초시,2022,4/4,2022.4/4,신경과,1
속초시,2023,1/4,2023.1/4,신경과,1
속초시,2023,2/4,2023.2/4,신경과,1
속초시,2023,3/4,2023.3/4,신경과,1
속초시,2023,4/4,2023.4/4,신경과,1
속초시,2024,1/4,2024.1/4,신경과,1
속초시,2024,2/4,2024.2/4,신경과,1
속초시,2024,3/4,2024.3/4,신경과,1
속초시,2024,4/4,2024.4/4,신경과,1
속초시,2025,1/4,2025.1/4,신경과,0
속초시,2025,2/4,2025.2/4,신경과,1
속초시,2025,3/4,2025.3/4,신경과,1
속초시,2025,4/4,2025.4/4,신경과,1
속초시,2009,1/4,2009.1/4,신경외과,5
속초시,2009,2/4,2009.2/4,신경외과,6
속초시,2009,3/4,2009.3/4,신경외과,6
속초시,2009,4/4,2009.4/4,신경외과,5
속초시,2010,1/4,2010.1/4,신경외과,5
속초시,2010,2/4,2010.2/4,신경외과,7
속초시,2010,3/4,2010.3/4,신경외과,8
속초시,2010,4/4,2010.4/4,신경외과,7
속초시,2011,1/4,2011.1/4,신경외과,7
속초시,2011,2/4,2011.2/4,신경외과,5
속초시,2011,3/4,2011.3/4,신경외과,6
속초시,2011,4/4,2011.4/4,신경외과,6
속초시,2012,1/4,2012.1/4,신경외과,6
속초시,2012,2/4,2012.2/4,신경외과,7
속초시,2012,3/4,2012.3/4,신경외과,6
속초시,2012,4/4,2012.4/4,신경외과,6
속초시,2013,1/4,2013.1/4,신경외과,7
속초시,2013,2/4,2013.2/4,신경외과,6
속초시,2013,3/4,2013.3/4,신경외과,5
속초시,2013,4/4,2013.4/4,신경외과,5
속초시,2014,1/4,2014.1/4,신경외과,5
속초시,2014,2/4,2014.2/4,신경외과,5
속초시,2014,3/4,2014.3/4,신경외과,5
속초시,2014,4/4,2014.4/4,신경외과,5
속초시,2015,1/4,2015.1/4,신경외과,5
속초시,2015,2/4,2015.2/4,신경외과,5
속초시,2015,3/4,2015.3/4,신경외과,5
속초시,2015,4/4,2015.4/4,신경외과,4
속초시,2016,1/4,2016.1/4,신경외과,4
속초시,2016,2/4,2016.2/4,신경외과,4
속초시,2016,3/4,2016.3/4,신경외과,4
속초시,2016,4/4,2016.4/4,신경외과,4
속초시,2017,1/4,2017.1/4,신경외과,4
속초시,2017,2/4,2017.2/4,신경외과,4
속초시,2017,3/4,2017.3/4,신경외과,4
속초시,2017,4/4,2017.4/4,신경외과,4
속초시,2018,1/4,2018.1/4,신경외과,4
속초시,2018,2/4,2018.2/4,신경외과,4
속초시,2018,3/4,2018.3/4,신경외과,4
속초시,2018,4/4,2018.4/4,신경외과,4
속초시,2019,1/4,2019.1/4,신경외과,5
속초시,2019,2/4,2019.2/4,신경외과,5
속초시,2019,3/4,2019.3/4,신경외과,5
속초시,2019,4/4,2019.4/4,신경외과,5
속초시,2020,1/4,2020.1/4,신경외과,5
속초시,2020,2/4,2020.2/4,신경외과,5
속초시,2020,3/4,2020.3/4,신경외과,5
속초시,2020,4/4,2020.4/4,신경외과,6
속초시,2021,1/4,2021.1/4,신경외과,4
속초시,2021,2/4,2021.2/4,신경외과,4
속초시,2021,3/4,2021.3/4,신경외과,4
속초시,2021,4/4,2021.4/4,신경외과,4
속초시,2022,1/4,2022.1/4,신경외과,4
속초시,2022,2/4,2022.2/4,신경외과,4
속초시,2022,3/4,2022.3/4,신경외과,4
속초시,2022,4/4,2022.4/4,신경외과,4
속초시,2023,1/4,2023.1/4,신경외과,4
속초시,2023,2/4,2023.2/4,신경외과,4
속초시,2023,3/4,2023.3/4,신경외과,4
속초시,2023,4/4,2023.4/4,신경외과,4
속초시,2024,1/4,2024.1/4,신경외과,4
속초시,2024,2/4,2024.2/4,신경외과,5
속초시,2024,3/4,2024.3/4,신경외과,5
속초시,2024,4/4,2024.4/4,신경외과,5
속초시,2025,1/4,2025.1/4,신경외과,5
속초시,2025,2/4,2025.2/4,신경외과,5
속초시,2025,3/4,2025.3/4,신경외과,5
속초시,2025,4/4,2025.4/4,신경외과,5
속초시,2009,1/4,2009.1/4,심장혈관흉부외과,0
속초시,2009,2/4,2009.2/4,심장혈관흉부외과,0
속초시,2009,3/4,2009.3/4,심장혈관흉부외과,0
속초시,2009,4/4,2009.4/4,심장혈관흉부외과,0
속초시,2010,1/4,2010.1/4,심장혈관흉부외과,0
속초시,2010,2/4,2010.2/4,심장혈관흉부외과,0
속초시,2010,3/4,2010.3/4,심장혈관흉부외과,0
속초시,2010,4/4,2010.4/4,심장혈관흉부외과,0
속초시,2011,1/4,2011.1/4,심장혈관흉부외과,0
속초시,2011,2/4,2011.2/4,심장혈관흉부외과,1
속초시,2011,3/4,2011.3/4,심장혈관흉부외과,1
속초시,2011,4/4,2011.4/4,심장혈관흉부외과,1
속초시,2012,1/4,2012.1/4,심장혈관흉부외과,1
속초시,2012,2/4,2012.2/4,심장혈관흉부외과,2
속초시,2012,3/4,2012.3/4,심장혈관흉부외과,1
속초시,2012,4/4,2012.4/4,심장혈관흉부외과,1
속초시,2013,1/4,2013.1/4,심장혈관흉부외과,1
속초시,2013,2/4,2013.2/4,심장혈관흉부외과,1
속초시,2013,3/4,2013.3/4,심장혈관흉부외과,0
속초시,2013,4/4,2013.4/4,심장혈관흉부외과,0
속초시,2014,1/4,2014.1/4,심장혈관흉부외과,0
속초시,2014,2/4,2014.2/4,심장혈관흉부외과,0
속초시,2014,3/4,2014.3/4,심장혈관흉부외과,1
속초시,2014,4/4,2014.4/4,심장혈관흉부외과,1
속초시,2015,1/4,2015.1/4,심장혈관흉부외과,1
속초시,2015,2/4,2015.2/4,심장혈관흉부외과,1
속초시,2015,3/4,2015.3/4,심장혈관흉부외과,0
속초시,2015,4/4,2015.4/4,심장혈관흉부외과,0
속초시,2016,1/4,2016.1/4,심장혈관흉부외과,0
속초시,2016,2/4,2016.2/4,심장혈관흉부외과,0
속초시,2016,3/4,2016.3/4,심장혈관흉부외과,0
속초시,2016,4/4,2016.4/4,심장혈관흉부외과,0
속초시,2017,1/4,2017.1/4,심장혈관흉부외과,1
속초시,2017,2/4,2017.2/4,심장혈관흉부외과,1
속초시,2017,3/4,2017.3/4,심장혈관흉부외과,1
속초시,2017,4/4,2017.4/4,심장혈관흉부외과,1
속초시,2018,1/4,2018.1/4,심장혈관흉부외과,1
속초시,2018,2/4,2018.2/4,심장혈관흉부외과,1
속초시,2018,3/4,2018.3/4,심장혈관흉부외과,1
속초시,2018,4/4,2018.4/4,심장혈관흉부외과,1
속초시,2019,1/4,2019.1/4,심장혈관흉부외과,1
속초시,2019,2/4,2019.2/4,심장혈관흉부외과,1
속초시,2019,3/4,2019.3/4,심장혈관흉부외과,2
속초시,2019,4/4,2019.4/4,심장혈관흉부외과,2
속초시,2020,1/4,2020.1/4,심장혈관흉부외과,1
속초시,2020,2/4,2020.2/4,심장혈관흉부외과,1
속초시,2020,3/4,2020.3/4,심장혈관흉부외과,1
속초시,2020,4/4,2020.4/4,심장혈관흉부외과,1
속초시,2021,1/4,2021.1/4,심장혈관흉부외과,1
속초시,2021,2/4,2021.2/4,심장혈관흉부외과,0
속초시,2021,3/4,2021.3/4,심장혈관흉부외과,1
속초시,2021,4/4,2021.4/4,심장혈관흉부외과,1
속초시,2022,1/4,2022.1/4,심장혈관흉부외과,1
속초시,2022,2/4,2022.2/4,심장혈관흉부외과,1
속초시,2022,3/4,2022.3/4,심장혈관흉부외과,1
속초시,2022,4/4,2022.4/4,심장혈관흉부외과,1
속초시,2023,1/4,2023.1/4,심장혈관흉부외과,1
속초시,2023,2/4,2023.2/4,심장혈관흉부외과,1
속초시,2023,3/4,2023.3/4,심장혈관흉부외과,1
속초시,2023,4/4,2023.4/4,심장혈관흉부외과,1
속초시,2024,1/4,2024.1/4,심장혈관흉부외과,1
속초시,2024,2/4,2024.2/4,심장혈관흉부외과,1
속초시,2024,3/4,2024.3/4,심장혈관흉부외과,1
속초시,2024,4/4,2024.4/4,심장혈관흉부외과,1
속초시,2025,1/4,2025.1/4,심장혈관흉부외과,1
속초시,2025,2/4,2025.2/4,심장혈관흉부외과,1
속초시,2025,3/4,2025.3/4,심장혈관흉부외과,1
속초시,2025,4/4,2025.4/4,심장혈관흉부외과,1
속초시,2009,1/4,2009.1/4,안과,3
속초시,2009,2/4,2009.2/4,안과,3
속초시,2009,3/4,2009.3/4,안과,3
속초시,2009,4/4,2009.4/4,안과,3
속초시,2010,1/4,2010.1/4,안과,3
속초시,2010,2/4,2010.2/4,안과,3
속초시,2010,3/4,2010.3/4,안과,3
속초시,2010,4/4,2010.4/4,안과,4
속초시,2011,1/4,2011.1/4,안과,4
속초시,2011,2/4,2011.2/4,안과,4
속초시,2011,3/4,2011.3/4,안과,4
속초시,2011,4/4,2011.4/4,안과,4
속초시,2012,1/4,2012.1/4,안과,4
속초시,2012,2/4,2012.2/4,안과,4
속초시,2012,3/4,2012.3/4,안과,4
속초시,2012,4/4,2012.4/4,안과,4
속초시,2013,1/4,2013.1/4,안과,4
속초시,2013,2/4,2013.2/4,안과,4
속초시,2013,3/4,2013.3/4,안과,4
속초시,2013,4/4,2013.4/4,안과,4
속초시,2014,1/4,2014.1/4,안과,4
속초시,2014,2/4,2014.2/4,안과,4
속초시,2014,3/4,2014.3/4,안과,4
속초시,2014,4/4,2014.4/4,안과,4
속초시,2015,1/4,2015.1/4,안과,4
속초시,2015,2/4,2015.2/4,안과,4
속초시,2015,3/4,2015.3/4,안과,4
속초시,2015,4/4,2015.4/4,안과,4
속초시,2016,1/4,2016.1/4,안과,4
속초시,2016,2/4,2016.2/4,안과,4
속초시,2016,3/4,2016.3/4,안과,4
속초시,2016,4/4,2016.4/4,안과,4
속초시,2017,1/4,2017.1/4,안과,4
속초시,2017,2/4,2017.2/4,안과,5
속초시,2017,3/4,2017.3/4,안과,5
속초시,2017,4/4,2017.4/4,안과,5
속초시,2018,1/4,2018.1/4,안과,5
속초시,2018,2/4,2018.2/4,안과,5
속초시,2018,3/4,2018.3/4,안과,5
속초시,2018,4/4,2018.4/4,안과,5
속초시,2019,1/4,2019.1/4,안과,5
속초시,2019,2/4,2019.2/4,안과,4
속초시,2019,3/4,2019.3/4,안과,4
속초시,2019,4/4,2019.4/4,안과,4
속초시,2020,1/4,2020.1/4,안과,4
속초시,2020,2/4,2020.2/4,안과,4
속초시,2020,3/4,2020.3/4,안과,4
속초시,2020,4/4,2020.4/4,안과,4
속초시,2021,1/4,2021.1/4,안과,4
속초시,2021,2/4,2021.2/4,안과,4
속초시,2021,3/4,2021.3/4,안과,4
속초시,2021,4/4,2021.4/4,안과,4
속초시,2022,1/4,2022.1/4,안과,4
속초시,2022,2/4,2022.2/4,안과,4
속초시,2022,3/4,2022.3/4,안과,4
속초시,2022,4/4,2022.4/4,안과,4
속초시,2023,1/4,2023.1/4,안과,4
속초시,2023,2/4,2023.2/4,안과,4
속초시,2023,3/4,2023.3/4,안과,4
속초시,2023,4/4,2023.4/4,안과,4
속초시,2024,1/4,2024.1/4,안과,4
속초시,2024,2/4,2024.2/4,안과,4
속초시,2024,3/4,2024.3/4,안과,4
속초시,2024,4/4,2024.4/4,안과,4
속초시,2025,1/4,2025.1/4,안과,4
속초시,2025,2/4,2025.2/4,안과,4
속초시,2025,3/4,2025.3/4,안과,4
속초시,2025,4/4,2025.4/4,안과,4
속초시,2009,1/4,2009.1/4,영상의학과,4
속초시,2009,2/4,2009.2/4,영상의학과,5
속초시,2009,3/4,2009.3/4,영상의학과,5
속초시,2009,4/4,2009.4/4,영상의학과,5
속초시,2010,1/4,2010.1/4,영상의학과,5
속초시,2010,2/4,2010.2/4,영상의학과,6
속초시,2010,3/4,2010.3/4,영상의학과,7
속초시,2010,4/4,2010.4/4,영상의학과,6
속초시,2011,1/4,2011.1/4,영상의학과,6
속초시,2011,2/4,2011.2/4,영상의학과,6
속초시,2011,3/4,2011.3/4,영상의학과,6
속초시,2011,4/4,2011.4/4,영상의학과,7
속초시,2012,1/4,2012.1/4,영상의학과,7
속초시,2012,2/4,2012.2/4,영상의학과,5
속초시,2012,3/4,2012.3/4,영상의학과,5
속초시,2012,4/4,2012.4/4,영상의학과,5
속초시,2013,1/4,2013.1/4,영상의학과,5
속초시,2013,2/4,2013.2/4,영상의학과,5
속초시,2013,3/4,2013.3/4,영상의학과,3
속초시,2013,4/4,2013.4/4,영상의학과,3
속초시,2014,1/4,2014.1/4,영상의학과,3
속초시,2014,2/4,2014.2/4,영상의학과,3
속초시,2014,3/4,2014.3/4,영상의학과,3
속초시,2014,4/4,2014.4/4,영상의학과,3
속초시,2015,1/4,2015.1/4,영상의학과,3
속초시,2015,2/4,2015.2/4,영상의학과,3
속초시,2015,3/4,2015.3/4,영상의학과,3
속초시,2015,4/4,2015.4/4,영상의학과,3
속초시,2016,1/4,2016.1/4,영상의학과,3
속초시,2016,2/4,2016.2/4,영상의학과,3
속초시,2016,3/4,2016.3/4,영상의학과,3
속초시,2016,4/4,2016.4/4,영상의학과,3
속초시,2017,1/4,2017.1/4,영상의학과,3
속초시,2017,2/4,2017.2/4,영상의학과,3
속초시,2017,3/4,2017.3/4,영상의학과,3
속초시,2017,4/4,2017.4/4,영상의학과,3
속초시,2018,1/4,2018.1/4,영상의학과,3
속초시,2018,2/4,2018.2/4,영상의학과,3
속초시,2018,3/4,2018.3/4,영상의학과,3
속초시,2018,4/4,2018.4/4,영상의학과,4
속초시,2019,1/4,2019.1/4,영상의학과,4
속초시,2019,2/4,2019.2/4,영상의학과,5
속초시,2019,3/4,2019.3/4,영상의학과,5
속초시,2019,4/4,2019.4/4,영상의학과,5
속초시,2020,1/4,2020.1/4,영상의학과,5
속초시,2020,2/4,2020.2/4,영상의학과,5
속초시,2020,3/4,2020.3/4,영상의학과,5
속초시,2020,4/4,2020.4/4,영상의학과,5
속초시,2021,1/4,2021.1/4,영상의학과,5
속초시,2021,2/4,2021.2/4,영상의학과,5
속초시,2021,3/4,2021.3/4,영상의학과,5
속초시,2021,4/4,2021.4/4,영상의학과,5
속초시,2022,1/4,2022.1/4,영상의학과,5
속초시,2022,2/4,2022.2/4,영상의학과,5
속초시,2022,3/4,2022.3/4,영상의학과,5
속초시,2022,4/4,2022.4/4,영상의학과,5
속초시,2023,1/4,2023.1/4,영상의학과,5
속초시,2023,2/4,2023.2/4,영상의학과,5
속초시,2023,3/4,2023.3/4,영상의학과,5
속초시,2023,4/4,2023.4/4,영상의학과,5
속초시,2024,1/4,2024.1/4,영상의학과,5
속초시,2024,2/4,2024.2/4,영상의학과,5
속초시,2024,3/4,2024.3/4,영상의학과,5
속초시,2024,4/4,2024.4/4,영상의학과,5
속초시,2025,1/4,2025.1/4,영상의학과,5
속초시,2025,2/4,2025.2/4,영상의학과,5
속초시,2025,3/4,2025.3/4,영상의학과,5
속초시,2025,4/4,2025.4/4,영상의학과,5
속초시,2009,1/4,2009.1/4,예방의학과,0
속초시,2009,2/4,2009.2/4,예방의학과,0
속초시,2009,3/4,2009.3/4,예방의학과,0
속초시,2009,4/4,2009.4/4,예방의학과,0
속초시,2010,1/4,2010.1/4,예방의학과,0
속초시,2010,2/4,2010.2/4,예방의학과,0
속초시,2010,3/4,2010.3/4,예방의학과,0
속초시,2010,4/4,2010.4/4,예방의학과,0
속초시,2011,1/4,2011.1/4,예방의학과,0
속초시,2011,2/4,2011.2/4,예방의학과,0
속초시,2011,3/4,2011.3/4,예방의학과,0
속초시,2011,4/4,2011.4/4,예방의학과,0
속초시,2012,1/4,2012.1/4,예방의학과,0
속초시,2012,2/4,2012.2/4,예방의학과,0
속초시,2012,3/4,2012.3/4,예방의학과,0
속초시,2012,4/4,2012.4/4,예방의학과,0
속초시,2013,1/4,2013.1/4,예방의학과,0
속초시,2013,2/4,2013.2/4,예방의학과,0
속초시,2013,3/4,2013.3/4,예방의학과,0
속초시,2013,4/4,2013.4/4,예방의학과,0
속초시,2014,1/4,2014.1/4,예방의학과,0
속초시,2014,2/4,2014.2/4,예방의학과,0
속초시,2014,3/4,2014.3/4,예방의학과,0
속초시,2014,4/4,2014.4/4,예방의학과,0
속초시,2015,1/4,2015.1/4,예방의학과,0
속초시,2015,2/4,2015.2/4,예방의학과,0
속초시,2015,3/4,2015.3/4,예방의학과,0
속초시,2015,4/4,2015.4/4,예방의학과,0
속초시,2016,1/4,2016.1/4,예방의학과,0
속초시,2016,2/4,2016.2/4,예방의학과,0
속초시,2016,3/4,2016.3/4,예방의학과,0
속초시,2016,4/4,2016.4/4,예방의학과,0
속초시,2017,1/4,2017.1/4,예방의학과,0
속초시,2017,2/4,2017.2/4,예방의학과,0
속초시,2017,3/4,2017.3/4,예방의학과,0
속초시,2017,4/4,2017.4/4,예방의학과,0
속초시,2018,1/4,2018.1/4,예방의학과,0
속초시,2018,2/4,2018.2/4,예방의학과,0
속초시,2018,3/4,2018.3/4,예방의학과,0
속초시,2018,4/4,2018.4/4,예방의학과,0
속초시,2019,1/4,2019.1/4,예방의학과,0
속초시,2019,2/4,2019.2/4,예방의학과,0
속초시,2019,3/4,2019.3/4,예방의학과,0
속초시,2019,4/4,2019.4/4,예방의학과,0
속초시,2020,1/4,2020.1/4,예방의학과,0
속초시,2020,2/4,2020.2/4,예방의학과,0
속초시,2020,3/4,2020.3/4,예방의학과,0
속초시,2020,4/4,2020.4/4,예방의학과,0
속초시,2021,1/4,2021.1/4,예방의학과,0
속초시,2021,2/4,2021.2/4,예방의학과,0
속초시,2021,3/4,2021.3/4,예방의학과,0
속초시,2021,4/4,2021.4/4,예방의학과,0
속초시,2022,1/4,2022.1/4,예방의학과,0
속초시,2022,2/4,2022.2/4,예방의학과,0
속초시,2022,3/4,2022.3/4,예방의학과,0
속초시,2022,4/4,2022.4/4,예방의학과,0
속초시,2023,1/4,2023.1/4,예방의학과,0
속초시,2023,2/4,2023.2/4,예방의학과,0
속초시,2023,3/4,2023.3/4,예방의학과,0
속초시,2023,4/4,2023.4/4,예방의학과,0
속초시,2024,1/4,2024.1/4,예방의학과,0
속초시,2024,2/4,2024.2/4,예방의학과,0
속초시,2024,3/4,2024.3/4,예방의학과,0
속초시,2024,4/4,2024.4/4,예방의학과,0
속초시,2025,1/4,2025.1/4,예방의학과,0
속초시,2025,2/4,2025.2/4,예방의학과,0
속초시,2025,3/4,2025.3/4,예방의학과,0
속초시,2025,4/4,2025.4/4,예방의학과,0
속초시,2009,1/4,2009.1/4,외과,6
속초시,2009,2/4,2009.2/4,외과,6
속초시,2009,3/4,2009.3/4,외과,6
속초시,2009,4/4,2009.4/4,외과,6
속초시,2010,1/4,2010.1/4,외과,6
속초시,2010,2/4,2010.2/4,외과,8
속초시,2010,3/4,2010.3/4,외과,8
속초시,2010,4/4,2010.4/4,외과,8
속초시,2011,1/4,2011.1/4,외과,8
속초시,2011,2/4,2011.2/4,외과,9
속초시,2011,3/4,2011.3/4,외과,9
속초시,2011,4/4,2011.4/4,외과,9
속초시,2012,1/4,2012.1/4,외과,9
속초시,2012,2/4,2012.2/4,외과,9
속초시,2012,3/4,2012.3/4,외과,9
속초시,2012,4/4,2012.4/4,외과,9
속초시,2013,1/4,2013.1/4,외과,9
속초시,2013,2/4,2013.2/4,외과,9
속초시,2013,3/4,2013.3/4,외과,9
속초시,2013,4/4,2013.4/4,외과,9
속초시,2014,1/4,2014.1/4,외과,7
속초시,2014,2/4,2014.2/4,외과,7
속초시,2014,3/4,2014.3/4,외과,7
속초시,2014,4/4,2014.4/4,외과,7
속초시,2015,1/4,2015.1/4,외과,7
속초시,2015,2/4,2015.2/4,외과,7
속초시,2015,3/4,2015.3/4,외과,7
속초시,2015,4/4,2015.4/4,외과,7
속초시,2016,1/4,2016.1/4,외과,7
속초시,2016,2/4,2016.2/4,외과,7
속초시,2016,3/4,2016.3/4,외과,7
속초시,2016,4/4,2016.4/4,외과,7
속초시,2017,1/4,2017.1/4,외과,7
속초시,2017,2/4,2017.2/4,외과,8
속초시,2017,3/4,2017.3/4,외과,8
속초시,2017,4/4,2017.4/4,외과,9
속초시,2018,1/4,2018.1/4,외과,9
속초시,2018,2/4,2018.2/4,외과,10
속초시,2018,3/4,2018.3/4,외과,11
속초시,2018,4/4,2018.4/4,외과,11
속초시,2019,1/4,2019.1/4,외과,12
속초시,2019,2/4,2019.2/4,외과,11
속초시,2019,3/4,2019.3/4,외과,12
속초시,2019,4/4,2019.4/4,외과,12
속초시,2020,1/4,2020.1/4,외과,12
속초시,2020,2/4,2020.2/4,외과,12
속초시,2020,3/4,2020.3/4,외과,12
속초시,2020,4/4,2020.4/4,외과,13
속초시,2021,1/4,2021.1/4,외과,12
속초시,2021,2/4,2021.2/4,외과,11
속초시,2021,3/4,2021.3/4,외과,11
속초시,2021,4/4,2021.4/4,외과,13
속초시,2022,1/4,2022.1/4,외과,12
속초시,2022,2/4,2022.2/4,외과,11
속초시,2022,3/4,2022.3/4,외과,11
속초시,2022,4/4,2022.4/4,외과,11
속초시,2023,1/4,2023.1/4,외과,11
속초시,2023,2/4,2023.2/4,외과,10
속초시,2023,3/4,2023.3/4,외과,10
속초시,2023,4/4,2023.4/4,외과,9
속초시,2024,1/4,2024.1/4,외과,8
속초시,2024,2/4,2024.2/4,외과,7
속초시,2024,3/4,2024.3/4,외과,7
속초시,2024,4/4,2024.4/4,외과,7
속초시,2025,1/4,2025.1/4,외과,7
속초시,2025,2/4,2025.2/4,외과,9
속초시,2025,3/4,2025.3/4,외과,9
속초시,2025,4/4,2025.4/4,외과,9
속초시,2009,1/4,2009.1/4,응급의학과,1
속초시,2009,2/4,2009.2/4,응급의학과,1
속초시,2009,3/4,2009.3/4,응급의학과,1
속초시,2009,4/4,2009.4/4,응급의학과,1
속초시,2010,1/4,2010.1/4,응급의학과,1
속초시,2010,2/4,2010.2/4,응급의학과,1
속초시,2010,3/4,2010.3/4,응급의학과,1
속초시,2010,4/4,2010.4/4,응급의학과,1
속초시,2011,1/4,2011.1/4,응급의학과,1
속초시,2011,2/4,2011.2/4,응급의학과,0
속초시,2011,3/4,2011.3/4,응급의학과,0
속초시,2011,4/4,2011.4/4,응급의학과,0
속초시,2012,1/4,2012.1/4,응급의학과,0
속초시,2012,2/4,2012.2/4,응급의학과,1
속초시,2012,3/4,2012.3/4,응급의학과,2
속초시,2012,4/4,2012.4/4,응급의학과,2
속초시,2013,1/4,2013.1/4,응급의학과,2
속초시,2013,2/4,2013.2/4,응급의학과,2
속초시,2013,3/4,2013.3/4,응급의학과,2
속초시,2013,4/4,2013.4/4,응급의학과,2
속초시,2014,1/4,2014.1/4,응급의학과,2
속초시,2014,2/4,2014.2/4,응급의학과,2
속초시,2014,3/4,2014.3/4,응급의학과,2
속초시,2014,4/4,2014.4/4,응급의학과,2
속초시,2015,1/4,2015.1/4,응급의학과,3
속초시,2015,2/4,2015.2/4,응급의학과,4
속초시,2015,3/4,2015.3/4,응급의학과,4
속초시,2015,4/4,2015.4/4,응급의학과,4
속초시,2016,1/4,2016.1/4,응급의학과,4
속초시,2016,2/4,2016.2/4,응급의학과,5
속초시,2016,3/4,2016.3/4,응급의학과,5
속초시,2016,4/4,2016.4/4,응급의학과,5
속초시,2017,1/4,2017.1/4,응급의학과,4
속초시,2017,2/4,2017.2/4,응급의학과,4
속초시,2017,3/4,2017.3/4,응급의학과,4
속초시,2017,4/4,2017.4/4,응급의학과,4
속초시,2018,1/4,2018.1/4,응급의학과,4
속초시,2018,2/4,2018.2/4,응급의학과,4
속초시,2018,3/4,2018.3/4,응급의학과,4
속초시,2018,4/4,2018.4/4,응급의학과,4
속초시,2019,1/4,2019.1/4,응급의학과,4
속초시,2019,2/4,2019.2/4,응급의학과,4
속초시,2019,3/4,2019.3/4,응급의학과,4
속초시,2019,4/4,2019.4/4,응급의학과,4
속초시,2020,1/4,2020.1/4,응급의학과,4
속초시,2020,2/4,2020.2/4,응급의학과,5
속초시,2020,3/4,2020.3/4,응급의학과,5
속초시,2020,4/4,2020.4/4,응급의학과,5
속초시,2021,1/4,2021.1/4,응급의학과,5
속초시,2021,2/4,2021.2/4,응급의학과,4
속초시,2021,3/4,2021.3/4,응급의학과,5
속초시,2021,4/4,2021.4/4,응급의학과,5
속초시,2022,1/4,2022.1/4,응급의학과,5
속초시,2022,2/4,2022.2/4,응급의학과,5
속초시,2022,3/4,2022.3/4,응급의학과,5
속초시,2022,4/4,2022.4/4,응급의학과,5
속초시,2023,1/4,2023.1/4,응급의학과,2
속초시,2023,2/4,2023.2/4,응급의학과,4
속초시,2023,3/4,2023.3/4,응급의학과,5
속초시,2023,4/4,2023.4/4,응급의학과,5
속초시,2024,1/4,2024.1/4,응급의학과,5
속초시,2024,2/4,2024.2/4,응급의학과,6
속초시,2024,3/4,2024.3/4,응급의학과,5
속초시,2024,4/4,2024.4/4,응급의학과,5
속초시,2025,1/4,2025.1/4,응급의학과,3
속초시,2025,2/4,2025.2/4,응급의학과,2
속초시,2025,3/4,2025.3/4,응급의학과,3
속초시,2025,4/4,2025.4/4,응급의학과,3
속초시,2009,1/4,2009.1/4,이비인후과,3
속초시,2009,2/4,2009.2/4,이비인후과,4
속초시,2009,3/4,2009.3/4,이비인후과,4
속초시,2009,4/4,2009.4/4,이비인후과,4
속초시,2010,1/4,2010.1/4,이비인후과,4
속초시,2010,2/4,2010.2/4,이비인후과,4
속초시,2010,3/4,2010.3/4,이비인후과,4
속초시,2010,4/4,2010.4/4,이비인후과,4
속초시,2011,1/4,2011.1/4,이비인후과,4
속초시,2011,2/4,2011.2/4,이비인후과,4
속초시,2011,3/4,2011.3/4,이비인후과,5
속초시,2011,4/4,2011.4/4,이비인후과,5
속초시,2012,1/4,2012.1/4,이비인후과,4
속초시,2012,2/4,2012.2/4,이비인후과,3
속초시,2012,3/4,2012.3/4,이비인후과,3
속초시,2012,4/4,2012.4/4,이비인후과,3
속초시,2013,1/4,2013.1/4,이비인후과,3
속초시,2013,2/4,2013.2/4,이비인후과,3
속초시,2013,3/4,2013.3/4,이비인후과,3
속초시,2013,4/4,2013.4/4,이비인후과,3
속초시,2014,1/4,2014.1/4,이비인후과,3
속초시,2014,2/4,2014.2/4,이비인후과,3
속초시,2014,3/4,2014.3/4,이비인후과,3
속초시,2014,4/4,2014.4/4,이비인후과,3
속초시,2015,1/4,2015.1/4,이비인후과,3
속초시,2015,2/4,2015.2/4,이비인후과,3
속초시,2015,3/4,2015.3/4,이비인후과,3
속초시,2015,4/4,2015.4/4,이비인후과,3
속초시,2016,1/4,2016.1/4,이비인후과,3
속초시,2016,2/4,2016.2/4,이비인후과,3
속초시,2016,3/4,2016.3/4,이비인후과,3
속초시,2016,4/4,2016.4/4,이비인후과,3
속초시,2017,1/4,2017.1/4,이비인후과,4
속초시,2017,2/4,2017.2/4,이비인후과,4
속초시,2017,3/4,2017.3/4,이비인후과,4
속초시,2017,4/4,2017.4/4,이비인후과,4
속초시,2018,1/4,2018.1/4,이비인후과,4
속초시,2018,2/4,2018.2/4,이비인후과,4
속초시,2018,3/4,2018.3/4,이비인후과,4
속초시,2018,4/4,2018.4/4,이비인후과,5
속초시,2019,1/4,2019.1/4,이비인후과,5
속초시,2019,2/4,2019.2/4,이비인후과,5
속초시,2019,3/4,2019.3/4,이비인후과,5
속초시,2019,4/4,2019.4/4,이비인후과,5
속초시,2020,1/4,2020.1/4,이비인후과,5
속초시,2020,2/4,2020.2/4,이비인후과,5
속초시,2020,3/4,2020.3/4,이비인후과,5
속초시,2020,4/4,2020.4/4,이비인후과,5
속초시,2021,1/4,2021.1/4,이비인후과,5
속초시,2021,2/4,2021.2/4,이비인후과,5
속초시,2021,3/4,2021.3/4,이비인후과,5
속초시,2021,4/4,2021.4/4,이비인후과,5
속초시,2022,1/4,2022.1/4,이비인후과,5
속초시,2022,2/4,2022.2/4,이비인후과,5
속초시,2022,3/4,2022.3/4,이비인후과,4
속초시,2022,4/4,2022.4/4,이비인후과,4
속초시,2023,1/4,2023.1/4,이비인후과,4
속초시,2023,2/4,2023.2/4,이비인후과,4
속초시,2023,3/4,2023.3/4,이비인후과,4
속초시,2023,4/4,2023.4/4,이비인후과,4
속초시,2024,1/4,2024.1/4,이비인후과,5
속초시,2024,2/4,2024.2/4,이비인후과,5
속초시,2024,3/4,2024.3/4,이비인후과,4
속초시,2024,4/4,2024.4/4,이비인후과,4
속초시,2025,1/4,2025.1/4,이비인후과,4
속초시,2025,2/4,2025.2/4,이비인후과,4
속초시,2025,3/4,2025.3/4,이비인후과,4
속초시,2025,4/4,2025.4/4,이비인후과,4
속초시,2009,1/4,2009.1/4,재활의학과,0
속초시,2009,2/4,2009.2/4,재활의학과,0
속초시,2009,3/4,2009.3/4,재활의학과,0
속초시,2009,4/4,2009.4/4,재활의학과,0
속초시,2010,1/4,2010.1/4,재활의학과,0
속초시,2010,2/4,2010.2/4,재활의학과,1
속초시,2010,3/4,2010.3/4,재활의학과,1
속초시,2010,4/4,2010.4/4,재활의학과,1
속초시,2011,1/4,2011.1/4,재활의학과,1
속초시,2011,2/4,2011.2/4,재활의학과,1
속초시,2011,3/4,2011.3/4,재활의학과,1
속초시,2011,4/4,2011.4/4,재활의학과,1
속초시,2012,1/4,2012.1/4,재활의학과,1
속초시,2012,2/4,2012.2/4,재활의학과,1
속초시,2012,3/4,2012.3/4,재활의학과,1
속초시,2012,4/4,2012.4/4,재활의학과,1
속초시,2013,1/4,2013.1/4,재활의학과,1
속초시,2013,2/4,2013.2/4,재활의학과,2
속초시,2013,3/4,2013.3/4,재활의학과,2
속초시,2013,4/4,2013.4/4,재활의학과,2
속초시,2014,1/4,2014.1/4,재활의학과,2
속초시,2014,2/4,2014.2/4,재활의학과,2
속초시,2014,3/4,2014.3/4,재활의학과,2
속초시,2014,4/4,2014.4/4,재활의학과,2
속초시,2015,1/4,2015.1/4,재활의학과,2
속초시,2015,2/4,2015.2/4,재활의학과,2
속초시,2015,3/4,2015.3/4,재활의학과,2
속초시,2015,4/4,2015.4/4,재활의학과,2
속초시,2016,1/4,2016.1/4,재활의학과,2
속초시,2016,2/4,2016.2/4,재활의학과,2
속초시,2016,3/4,2016.3/4,재활의학과,2
속초시,2016,4/4,2016.4/4,재활의학과,2
속초시,2017,1/4,2017.1/4,재활의학과,1
속초시,2017,2/4,2017.2/4,재활의학과,2
속초시,2017,3/4,2017.3/4,재활의학과,2
속초시,2017,4/4,2017.4/4,재활의학과,2
속초시,2018,1/4,2018.1/4,재활의학과,2
속초시,2018,2/4,2018.2/4,재활의학과,2
속초시,2018,3/4,2018.3/4,재활의학과,2
속초시,2018,4/4,2018.4/4,재활의학과,2
속초시,2019,1/4,2019.1/4,재활의학과,2
속초시,2019,2/4,2019.2/4,재활의학과,2
속초시,2019,3/4,2019.3/4,재활의학과,2
속초시,2019,4/4,2019.4/4,재활의학과,2
속초시,2020,1/4,2020.1/4,재활의학과,3
속초시,2020,2/4,2020.2/4,재활의학과,3
속초시,2020,3/4,2020.3/4,재활의학과,3
속초시,2020,4/4,2020.4/4,재활의학과,3
속초시,2021,1/4,2021.1/4,재활의학과,2
속초시,2021,2/4,2021.2/4,재활의학과,3
속초시,2021,3/4,2021.3/4,재활의학과,3
속초시,2021,4/4,2021.4/4,재활의학과,3
속초시,2022,1/4,2022.1/4,재활의학과,4
속초시,2022,2/4,2022.2/4,재활의학과,3
속초시,2022,3/4,2022.3/4,재활의학과,3
속초시,2022,4/4,2022.4/4,재활의학과,3
속초시,2023,1/4,2023.1/4,재활의학과,3
속초시,2023,2/4,2023.2/4,재활의학과,2
속초시,2023,3/4,2023.3/4,재활의학과,2
속초시,2023,4/4,2023.4/4,재활의학과,2
속초시,2024,1/4,2024.1/4,재활의학과,2
속초시,2024,2/4,2024.2/4,재활의학과,2
속초시,2024,3/4,2024.3/4,재활의학과,2
속초시,2024,4/4,2024.4/4,재활의학과,2
속초시,2025,1/4,2025.1/4,재활의학과,2
속초시,2025,2/4,2025.2/4,재활의학과,2
속초시,2025,3/4,2025.3/4,재활의학과,3
속초시,2025,4/4,2025.4/4,재활의학과,3
속초시,2009,1/4,2009.1/4,정신건강의학과,1
속초시,2009,2/4,2009.2/4,정신건강의학과,1
속초시,2009,3/4,2009.3/4,정신건강의학과,1
속초시,2009,4/4,2009.4/4,정신건강의학과,1
속초시,2010,1/4,2010.1/4,정신건강의학과,1
속초시,2010,2/4,2010.2/4,정신건강의학과,1
속초시,2010,3/4,2010.3/4,정신건강의학과,1
속초시,2010,4/4,2010.4/4,정신건강의학과,1
속초시,2011,1/4,2011.1/4,정신건강의학과,2
속초시,2011,2/4,2011.2/4,정신건강의학과,4
속초시,2011,3/4,2011.3/4,정신건강의학과,4
속초시,2011,4/4,2011.4/4,정신건강의학과,4
속초시,2012,1/4,2012.1/4,정신건강의학과,5
속초시,2012,2/4,2012.2/4,정신건강의학과,5
속초시,2012,3/4,2012.3/4,정신건강의학과,5
속초시,2012,4/4,2012.4/4,정신건강의학과,5
속초시,2013,1/4,2013.1/4,정신건강의학과,5
속초시,2013,2/4,2013.2/4,정신건강의학과,5
속초시,2013,3/4,2013.3/4,정신건강의학과,5
속초시,2013,4/4,2013.4/4,정신건강의학과,5
속초시,2014,1/4,2014.1/4,정신건강의학과,4
속초시,2014,2/4,2014.2/4,정신건강의학과,4
속초시,2014,3/4,2014.3/4,정신건강의학과,4
속초시,2014,4/4,2014.4/4,정신건강의학과,4
속초시,2015,1/4,2015.1/4,정신건강의학과,4
속초시,2015,2/4,2015.2/4,정신건강의학과,4
속초시,2015,3/4,2015.3/4,정신건강의학과,4
속초시,2015,4/4,2015.4/4,정신건강의학과,4
속초시,2016,1/4,2016.1/4,정신건강의학과,4
속초시,2016,2/4,2016.2/4,정신건강의학과,4
속초시,2016,3/4,2016.3/4,정신건강의학과,4
속초시,2016,4/4,2016.4/4,정신건강의학과,4
속초시,2017,1/4,2017.1/4,정신건강의학과,4
속초시,2017,2/4,2017.2/4,정신건강의학과,4
속초시,2017,3/4,2017.3/4,정신건강의학과,4
속초시,2017,4/4,2017.4/4,정신건강의학과,4
속초시,2018,1/4,2018.1/4,정신건강의학과,4
속초시,2018,2/4,2018.2/4,정신건강의학과,4
속초시,2018,3/4,2018.3/4,정신건강의학과,4
속초시,2018,4/4,2018.4/4,정신건강의학과,4
속초시,2019,1/4,2019.1/4,정신건강의학과,3
속초시,2019,2/4,2019.2/4,정신건강의학과,3
속초시,2019,3/4,2019.3/4,정신건강의학과,2
속초시,2019,4/4,2019.4/4,정신건강의학과,2
속초시,2020,1/4,2020.1/4,정신건강의학과,2
속초시,2020,2/4,2020.2/4,정신건강의학과,3
속초시,2020,3/4,2020.3/4,정신건강의학과,2
속초시,2020,4/4,2020.4/4,정신건강의학과,3
속초시,2021,1/4,2021.1/4,정신건강의학과,3
속초시,2021,2/4,2021.2/4,정신건강의학과,3
속초시,2021,3/4,2021.3/4,정신건강의학과,2
속초시,2021,4/4,2021.4/4,정신건강의학과,2
속초시,2022,1/4,2022.1/4,정신건강의학과,2
속초시,2022,2/4,2022.2/4,정신건강의학과,2
속초시,2022,3/4,2022.3/4,정신건강의학과,2
속초시,2022,4/4,2022.4/4,정신건강의학과,2
속초시,2023,1/4,2023.1/4,정신건강의학과,2
속초시,2023,2/4,2023.2/4,정신건강의학과,4
속초시,2023,3/4,2023.3/4,정신건강의학과,4
속초시,2023,4/4,2023.4/4,정신건강의학과,4
속초시,2024,1/4,2024.1/4,정신건강의학과,4
속초시,2024,2/4,2024.2/4,정신건강의학과,3
속초시,2024,3/4,2024.3/4,정신건강의학과,3
속초시,2024,4/4,2024.4/4,정신건강의학과,3
속초시,2025,1/4,2025.1/4,정신건강의학과,3
속초시,2025,2/4,2025.2/4,정신건강의학과,3
속초시,2025,3/4,2025.3/4,정신건강의학과,3
속초시,2025,4/4,2025.4/4,정신건강의학과,3
속초시,2009,1/4,2009.1/4,정형외과,5
속초시,2009,2/4,2009.2/4,정형외과,6
속초시,2009,3/4,2009.3/4,정형외과,7
속초시,2009,4/4,2009.4/4,정형외과,8
속초시,2010,1/4,2010.1/4,정형외과,7
속초시,2010,2/4,2010.2/4,정형외과,9
속초시,2010,3/4,2010.3/4,정형외과,8
속초시,2010,4/4,2010.4/4,정형외과,8
속초시,2011,1/4,2011.1/4,정형외과,10
속초시,2011,2/4,2011.2/4,정형외과,8
속초시,2011,3/4,2011.3/4,정형외과,7
속초시,2011,4/4,2011.4/4,정형외과,10
속초시,2012,1/4,2012.1/4,정형외과,9
속초시,2012,2/4,2012.2/4,정형외과,7
속초시,2012,3/4,2012.3/4,정형외과,7
속초시,2012,4/4,2012.4/4,정형외과,8
속초시,2013,1/4,2013.1/4,정형외과,8
속초시,2013,2/4,2013.2/4,정형외과,8
속초시,2013,3/4,2013.3/4,정형외과,8
속초시,2013,4/4,2013.4/4,정형외과,7
속초시,2014,1/4,2014.1/4,정형외과,7
속초시,2014,2/4,2014.2/4,정형외과,7
속초시,2014,3/4,2014.3/4,정형외과,7
속초시,2014,4/4,2014.4/4,정형외과,7
속초시,2015,1/4,2015.1/4,정형외과,7
속초시,2015,2/4,2015.2/4,정형외과,8
속초시,2015,3/4,2015.3/4,정형외과,7
속초시,2015,4/4,2015.4/4,정형외과,6
속초시,2016,1/4,2016.1/4,정형외과,6
속초시,2016,2/4,2016.2/4,정형외과,6
속초시,2016,3/4,2016.3/4,정형외과,7
속초시,2016,4/4,2016.4/4,정형외과,7
속초시,2017,1/4,2017.1/4,정형외과,7
속초시,2017,2/4,2017.2/4,정형외과,8
속초시,2017,3/4,2017.3/4,정형외과,8
속초시,2017,4/4,2017.4/4,정형외과,8
속초시,2018,1/4,2018.1/4,정형외과,9
속초시,2018,2/4,2018.2/4,정형외과,8
속초시,2018,3/4,2018.3/4,정형외과,8
속초시,2018,4/4,2018.4/4,정형외과,8
속초시,2019,1/4,2019.1/4,정형외과,8
속초시,2019,2/4,2019.2/4,정형외과,8
속초시,2019,3/4,2019.3/4,정형외과,8
속초시,2019,4/4,2019.4/4,정형외과,9
속초시,2020,1/4,2020.1/4,정형외과,9
속초시,2020,2/4,2020.2/4,정형외과,9
속초시,2020,3/4,2020.3/4,정형외과,9
속초시,2020,4/4,2020.4/4,정형외과,10
속초시,2021,1/4,2021.1/4,정형외과,9
속초시,2021,2/4,2021.2/4,정형외과,9
속초시,2021,3/4,2021.3/4,정형외과,10
속초시,2021,4/4,2021.4/4,정형외과,10
속초시,2022,1/4,2022.1/4,정형외과,10
속초시,2022,2/4,2022.2/4,정형외과,10
속초시,2022,3/4,2022.3/4,정형외과,11
속초시,2022,4/4,2022.4/4,정형외과,10
속초시,2023,1/4,2023.1/4,정형외과,10
속초시,2023,2/4,2023.2/4,정형외과,10
속초시,2023,3/4,2023.3/4,정형외과,8
속초시,2023,4/4,2023.4/4,정형외과,9
속초시,2024,1/4,2024.1/4,정형외과,10
속초시,2024,2/4,2024.2/4,정형외과,10
속초시,2024,3/4,2024.3/4,정형외과,11
속초시,2024,4/4,2024.4/4,정형외과,11
속초시,2025,1/4,2025.1/4,정형외과,11
속초시,2025,2/4,2025.2/4,정형외과,12
속초시,2025,3/4,2025.3/4,정형외과,12
속초시,2025,4/4,2025.4/4,정형외과,10
속초시,2009,1/4,2009.1/4,직업환경의학과,0
속초시,2009,2/4,2009.2/4,직업환경의학과,0
속초시,2009,3/4,2009.3/4,직업환경의학과,0
속초시,2009,4/4,2009.4/4,직업환경의학과,0
속초시,2010,1/4,2010.1/4,직업환경의학과,0
속초시,2010,2/4,2010.2/4,직업환경의학과,0
속초시,2010,3/4,2010.3/4,직업환경의학과,0
속초시,2010,4/4,2010.4/4,직업환경의학과,0
속초시,2011,1/4,2011.1/4,직업환경의학과,0
속초시,2011,2/4,2011.2/4,직업환경의학과,0
속초시,2011,3/4,2011.3/4,직업환경의학과,0
속초시,2011,4/4,2011.4/4,직업환경의학과,0
속초시,2012,1/4,2012.1/4,직업환경의학과,0
속초시,2012,2/4,2012.2/4,직업환경의학과,0
속초시,2012,3/4,2012.3/4,직업환경의학과,0
속초시,2012,4/4,2012.4/4,직업환경의학과,0
속초시,2013,1/4,2013.1/4,직업환경의학과,0
속초시,2013,2/4,2013.2/4,직업환경의학과,0
속초시,2013,3/4,2013.3/4,직업환경의학과,0
속초시,2013,4/4,2013.4/4,직업환경의학과,0
속초시,2014,1/4,2014.1/4,직업환경의학과,0
속초시,2014,2/4,2014.2/4,직업환경의학과,0
속초시,2014,3/4,2014.3/4,직업환경의학과,0
속초시,2014,4/4,2014.4/4,직업환경의학과,0
속초시,2015,1/4,2015.1/4,직업환경의학과,0
속초시,2015,2/4,2015.2/4,직업환경의학과,0
속초시,2015,3/4,2015.3/4,직업환경의학과,0
속초시,2015,4/4,2015.4/4,직업환경의학과,0
속초시,2016,1/4,2016.1/4,직업환경의학과,0
속초시,2016,2/4,2016.2/4,직업환경의학과,0
속초시,2016,3/4,2016.3/4,직업환경의학과,0
속초시,2016,4/4,2016.4/4,직업환경의학과,0
속초시,2017,1/4,2017.1/4,직업환경의학과,0
속초시,2017,2/4,2017.2/4,직업환경의학과,0
속초시,2017,3/4,2017.3/4,직업환경의학과,0
속초시,2017,4/4,2017.4/4,직업환경의학과,0
속초시,2018,1/4,2018.1/4,직업환경의학과,0
속초시,2018,2/4,2018.2/4,직업환경의학과,0
속초시,2018,3/4,2018.3/4,직업환경의학과,0
속초시,2018,4/4,2018.4/4,직업환경의학과,0
속초시,2019,1/4,2019.1/4,직업환경의학과,0
속초시,2019,2/4,2019.2/4,직업환경의학과,0
속초시,2019,3/4,2019.3/4,직업환경의학과,0
속초시,2019,4/4,2019.4/4,직업환경의학과,0
속초시,2020,1/4,2020.1/4,직업환경의학과,0
속초시,2020,2/4,2020.2/4,직업환경의학과,0
속초시,2020,3/4,2020.3/4,직업환경의학과,0
속초시,2020,4/4,2020.4/4,직업환경의학과,0
속초시,2021,1/4,2021.1/4,직업환경의학과,0
속초시,2021,2/4,2021.2/4,직업환경의학과,0
속초시,2021,3/4,2021.3/4,직업환경의학과,0
속초시,2021,4/4,2021.4/4,직업환경의학과,0
속초시,2022,1/4,2022.1/4,직업환경의학과,0
속초시,2022,2/4,2022.2/4,직업환경의학과,0
속초시,2022,3/4,2022.3/4,직업환경의학과,0
속초시,2022,4/4,2022.4/4,직업환경의학과,0
속초시,2023,1/4,2023.1/4,직업환경의학과,0
속초시,2023,2/4,2023.2/4,직업환경의학과,0
속초시,2023,3/4,2023.3/4,직업환경의학과,0
속초시,2023,4/4,2023.4/4,직업환경의학과,0
속초시,2024,1/4,2024.1/4,직업환경의학과,0
속초시,2024,2/4,2024.2/4,직업환경의학과,0
속초시,2024,3/4,2024.3/4,직업환경의학과,0
속초시,2024,4/4,2024.4/4,직업환경의학과,0
속초시,2025,1/4,2025.1/4,직업환경의학과,0
속초시,2025,2/4,2025.2/4,직업환경의학과,0
속초시,2025,3/4,2025.3/4,직업환경의학과,0
속초시,2025,4/4,2025.4/4,직업환경의학과,0
속초시,2009,1/4,2009.1/4,진단검사의학과,1
속초시,2009,2/4,2009.2/4,진단검사의학과,1
속초시,2009,3/4,2009.3/4,진단검사의학과,1
속초시,2009,4/4,2009.4/4,진단검사의학과,1
속초시,2010,1/4,2010.1/4,진단검사의학과,1
속초시,2010,2/4,2010.2/4,진단검사의학과,1
속초시,2010,3/4,2010.3/4,진단검사의학과,1
속초시,2010,4/4,2010.4/4,진단검사의학과,1
속초시,2011,1/4,2011.1/4,진단검사의학과,0
속초시,2011,2/4,2011.2/4,진단검사의학과,1
속초시,2011,3/4,2011.3/4,진단검사의학과,1
속초시,2011,4/4,2011.4/4,진단검사의학과,1
속초시,2012,1/4,2012.1/4,진단검사의학과,1
속초시,2012,2/4,2012.2/4,진단검사의학과,1
속초시,2012,3/4,2012.3/4,진단검사의학과,2
속초시,2012,4/4,2012.4/4,진단검사의학과,2
속초시,2013,1/4,2013.1/4,진단검사의학과,2
속초시,2013,2/4,2013.2/4,진단검사의학과,1
속초시,2013,3/4,2013.3/4,진단검사의학과,1
속초시,2013,4/4,2013.4/4,진단검사의학과,1
속초시,2014,1/4,2014.1/4,진단검사의학과,2
속초시,2014,2/4,2014.2/4,진단검사의학과,2
속초시,2014,3/4,2014.3/4,진단검사의학과,2
속초시,2014,4/4,2014.4/4,진단검사의학과,2
속초시,2015,1/4,2015.1/4,진단검사의학과,2
속초시,2015,2/4,2015.2/4,진단검사의학과,2
속초시,2015,3/4,2015.3/4,진단검사의학과,2
속초시,2015,4/4,2015.4/4,진단검사의학과,1
속초시,2016,1/4,2016.1/4,진단검사의학과,2
속초시,2016,2/4,2016.2/4,진단검사의학과,2
속초시,2016,3/4,2016.3/4,진단검사의학과,2
속초시,2016,4/4,2016.4/4,진단검사의학과,2
속초시,2017,1/4,2017.1/4,진단검사의학과,2
속초시,2017,2/4,2017.2/4,진단검사의학과,2
속초시,2017,3/4,2017.3/4,진단검사의학과,2
속초시,2017,4/4,2017.4/4,진단검사의학과,2
속초시,2018,1/4,2018.1/4,진단검사의학과,2
속초시,2018,2/4,2018.2/4,진단검사의학과,2
속초시,2018,3/4,2018.3/4,진단검사의학과,2
속초시,2018,4/4,2018.4/4,진단검사의학과,2
속초시,2019,1/4,2019.1/4,진단검사의학과,2
속초시,2019,2/4,2019.2/4,진단검사의학과,2
속초시,2019,3/4,2019.3/4,진단검사의학과,2
속초시,2019,4/4,2019.4/4,진단검사의학과,2
속초시,2020,1/4,2020.1/4,진단검사의학과,2
속초시,2020,2/4,2020.2/4,진단검사의학과,2
속초시,2020,3/4,2020.3/4,진단검사의학과,2
속초시,2020,4/4,2020.4/4,진단검사의학과,2
속초시,2021,1/4,2021.1/4,진단검사의학과,2
속초시,2021,2/4,2021.2/4,진단검사의학과,1
속초시,2021,3/4,2021.3/4,진단검사의학과,2
속초시,2021,4/4,2021.4/4,진단검사의학과,2
속초시,2022,1/4,2022.1/4,진단검사의학과,2
속초시,2022,2/4,2022.2/4,진단검사의학과,2
속초시,2022,3/4,2022.3/4,진단검사의학과,2
속초시,2022,4/4,2022.4/4,진단검사의학과,2
속초시,2023,1/4,2023.1/4,진단검사의학과,2
속초시,2023,2/4,2023.2/4,진단검사의학과,2
속초시,2023,3/4,2023.3/4,진단검사의학과,2
속초시,2023,4/4,2023.4/4,진단검사의학과,2
속초시,2024,1/4,2024.1/4,진단검사의학과,2
속초시,2024,2/4,2024.2/4,진단검사의학과,2
속초시,2024,3/4,2024.3/4,진단검사의학과,2
속초시,2024,4/4,2024.4/4,진단검사의학과,2
속초시,2025,1/4,2025.1/4,진단검사의학과,2
속초시,2025,2/4,2025.2/4,진단검사의학과,2
속초시,2025,3/4,2025.3/4,진단검사의학과,2
속초시,2025,4/4,2025.4/4,진단검사의학과,2
속초시,2009,1/4,2009.1/4,피부과,2
속초시,2009,2/4,2009.2/4,피부과,2
속초시,2009,3/4,2009.3/4,피부과,2
속초시,2009,4/4,2009.4/4,피부과,2
속초시,2010,1/4,2010.1/4,피부과,2
속초시,2010,2/4,2010.2/4,피부과,2
속초시,2010,3/4,2010.3/4,피부과,2
속초시,2010,4/4,2010.4/4,피부과,2
속초시,2011,1/4,2011.1/4,피부과,2
속초시,2011,2/4,2011.2/4,피부과,2
속초시,2011,3/4,2011.3/4,피부과,2
속초시,2011,4/4,2011.4/4,피부과,2
속초시,2012,1/4,2012.1/4,피부과,2
속초시,2012,2/4,2012.2/4,피부과,2
속초시,2012,3/4,2012.3/4,피부과,2
속초시,2012,4/4,2012.4/4,피부과,2
속초시,2013,1/4,2013.1/4,피부과,2
속초시,2013,2/4,2013.2/4,피부과,2
속초시,2013,3/4,2013.3/4,피부과,2
속초시,2013,4/4,2013.4/4,피부과,2
속초시,2014,1/4,2014.1/4,피부과,2
속초시,2014,2/4,2014.2/4,피부과,2
속초시,2014,3/4,2014.3/4,피부과,2
속초시,2014,4/4,2014.4/4,피부과,2
속초시,2015,1/4,2015.1/4,피부과,2
속초시,2015,2/4,2015.2/4,피부과,2
속초시,2015,3/4,2015.3/4,피부과,2
속초시,2015,4/4,2015.4/4,피부과,2
속초시,2016,1/4,2016.1/4,피부과,2
속초시,2016,2/4,2016.2/4,피부과,2
속초시,2016,3/4,2016.3/4,피부과,2
속초시,2016,4/4,2016.4/4,피부과,2
속초시,2017,1/4,2017.1/4,피부과,2
속초시,2017,2/4,2017.2/4,피부과,2
속초시,2017,3/4,2017.3/4,피부과,2
속초시,2017,4/4,2017.4/4,피부과,2
속초시,2018,1/4,2018.1/4,피부과,2
속초시,2018,2/4,2018.2/4,피부과,2
속초시,2018,3/4,2018.3/4,피부과,2
속초시,2018,4/4,2018.4/4,피부과,2
속초시,2019,1/4,2019.1/4,피부과,2
속초시,2019,2/4,2019.2/4,피부과,2
속초시,2019,3/4,2019.3/4,피부과,2
속초시,2019,4/4,2019.4/4,피부과,2
속초시,2020,1/4,2020.1/4,피부과,2
속초시,2020,2/4,2020.2/4,피부과,2
속초시,2020,3/4,2020.3/4,피부과,2
속초시,2020,4/4,2020.4/4,피부과,2
속초시,2021,1/4,2021.1/4,피부과,2
속초시,2021,2/4,2021.2/4,피부과,2
속초시,2021,3/4,2021.3/4,피부과,2
속초시,2021,4/4,2021.4/4,피부과,2
속초시,2022,1/4,2022.1/4,피부과,2
속초시,2022,2/4,2022.2/4,피부과,2
속초시,2022,3/4,2022.3/4,피부과,2
속초시,2022,4/4,2022.4/4,피부과,2
속초시,2023,1/4,2023.1/4,피부과,2
속초시,2023,2/4,2023.2/4,피부과,2
속초시,2023,3/4,2023.3/4,피부과,2
속초시,2023,4/4,2023.4/4,피부과,2
속초시,2024,1/4,2024.1/4,피부과,2
속초시,2024,2/4,2024.2/4,피부과,2
속초시,2024,3/4,2024.3/4,피부과,2
속초시,2024,4/4,2024.4/4,피부과,2
속초시,2025,1/4,2025.1/4,피부과,2
속초시,2025,2/4,2025.2/4,피부과,2
속초시,2025,3/4,2025.3/4,피부과,2
속초시,2025,4/4,2025.4/4,피부과,2
속초시,2009,1/4,2009.1/4,핵의학과,0
속초시,2009,2/4,2009.2/4,핵의학과,0
속초시,2009,3/4,2009.3/4,핵의학과,0
속초시,2009,4/4,2009.4/4,핵의학과,0
속초시,2010,1/4,2010.1/4,핵의학과,0
속초시,2010,2/4,2010.2/4,핵의학과,0
속초시,2010,3/4,2010.3/4,핵의학과,0
속초시,2010,4/4,2010.4/4,핵의학과,0
속초시,2011,1/4,2011.1/4,핵의학과,0
속초시,2011,2/4,2011.2/4,핵의학과,0
속초시,2011,3/4,2011.3/4,핵의학과,0
속초시,2011,4/4,2011.4/4,핵의학과,0
속초시,2012,1/4,2012.1/4,핵의학과,0
속초시,2012,2/4,2012.2/4,핵의학과,0
속초시,2012,3/4,2012.3/4,핵의학과,0
속초시,2012,4/4,2012.4/4,핵의학과,0
속초시,2013,1/4,2013.1/4,핵의학과,0
속초시,2013,2/4,2013.2/4,핵의학과,0
속초시,2013,3/4,2013.3/4,핵의학과,0
속초시,2013,4/4,2013.4/4,핵의학과,0
속초시,2014,1/4,2014.1/4,핵의학과,0
속초시,2014,2/4,2014.2/4,핵의학과,0
속초시,2014,3/4,2014.3/4,핵의학과,0
속초시,2014,4/4,2014.4/4,핵의학과,0
속초시,2015,1/4,2015.1/4,핵의학과,0
속초시,2015,2/4,2015.2/4,핵의학과,0
속초시,2015,3/4,2015.3/4,핵의학과,0
속초시,2015,4/4,2015.4/4,핵의학과,0
속초시,2016,1/4,2016.1/4,핵의학과,0
속초시,2016,2/4,2016.2/4,핵의학과,0
속초시,2016,3/4,2016.3/4,핵의학과,0
속초시,2016,4/4,2016.4/4,핵의학과,0
속초시,2017,1/4,2017.1/4,핵의학과,0
속초시,2017,2/4,2017.2/4,핵의학과,0
속초시,2017,3/4,2017.3/4,핵의학과,0
속초시,2017,4/4,2017.4/4,핵의학과,0
속초시,2018,1/4,2018.1/4,핵의학과,0
속초시,2018,2/4,2018.2/4,핵의학과,0
속초시,2018,3/4,2018.3/4,핵의학과,0
속초시,2018,4/4,2018.4/4,핵의학과,0
속초시,2019,1/4,2019.1/4,핵의학과,0
속초시,2019,2/4,2019.2/4,핵의학과,0
속초시,2019,3/4,2019.3/4,핵의학과,0
속초시,2019,4/4,2019.4/4,핵의학과,0
속초시,2020,1/4,2020.1/4,핵의학과,0
속초시,2020,2/4,2020.2/4,핵의학과,0
속초시,2020,3/4,2020.3/4,핵의학과,0
속초시,2020,4/4,2020.4/4,핵의학과,0
속초시,2021,1/4,2021.1/4,핵의학과,0
속초시,2021,2/4,2021.2/4,핵의학과,0
속초시,2021,3/4,2021.3/4,핵의학과,0
속초시,2021,4/4,2021.4/4,핵의학과,0
속초시,2022,1/4,2022.1/4,핵의학과,0
속초시,2022,2/4,2022.2/4,핵의학과,0
속초시,2022,3/4,2022.3/4,핵의학과,0
속초시,2022,4/4,2022.4/4,핵의학과,0
속초시,2023,1/4,2023.1/4,핵의학과,0
속초시,2023,2/4,2023.2/4,핵의학과,0
속초시,2023,3/4,2023.3/4,핵의학과,0
속초시,2023,4/4,2023.4/4,핵의학과,0
속초시,2024,1/4,2024.1/4,핵의학과,0
속초시,2024,2/4,2024.2/4,핵의학과,0
속초시,2024,3/4,2024.3/4,핵의학과,0
속초시,2024,4/4,2024.4/4,핵의학과,0
속초시,2025,1/4,2025.1/4,핵의학과,0
속초시,2025,2/4,2025.2/4,핵의학과,0
속초시,2025,3/4,2025.3/4,핵의학과,0
속초시,2025,4/4,2025.4/4,핵의학과,0
양구군,2009,1/4,2009.1/4,가정의학과,0
양구군,2009,2/4,2009.2/4,가정의학과,0
양구군,2009,3/4,2009.3/4,가정의학과,0
양구군,2009,4/4,2009.4/4,가정의학과,0
양구군,2010,1/4,2010.1/4,가정의학과,0
양구군,2010,2/4,2010.2/4,가정의학과,0
양구군,2010,3/4,2010.3/4,가정의학과,0
양구군,2010,4/4,2010.4/4,가정의학과,0
양구군,2011,1/4,2011.1/4,가정의학과,0
양구군,2011,2/4,2011.2/4,가정의학과,0
양구군,2011,3/4,2011.3/4,가정의학과,0
양구군,2011,4/4,2011.4/4,가정의학과,0
양구군,2012,1/4,2012.1/4,가정의학과,0
양구군,2012,2/4,2012.2/4,가정의학과,0
양구군,2012,3/4,2012.3/4,가정의학과,0
양구군,2012,4/4,2012.4/4,가정의학과,0
양구군,2013,1/4,2013.1/4,가정의학과,1
양구군,2013,2/4,2013.2/4,가정의학과,1
양구군,2013,3/4,2013.3/4,가정의학과,1
양구군,2013,4/4,2013.4/4,가정의학과,1
양구군,2014,1/4,2014.1/4,가정의학과,1
양구군,2014,2/4,2014.2/4,가정의학과,2
양구군,2014,3/4,2014.3/4,가정의학과,2
양구군,2014,4/4,2014.4/4,가정의학과,2
양구군,2015,1/4,2015.1/4,가정의학과,3
양구군,2015,2/4,2015.2/4,가정의학과,2
양구군,2015,3/4,2015.3/4,가정의학과,2
양구군,2015,4/4,2015.4/4,가정의학과,2
양구군,2016,1/4,2016.1/4,가정의학과,2
양구군,2016,2/4,2016.2/4,가정의학과,2
양구군,2016,3/4,2016.3/4,가정의학과,2
양구군,2016,4/4,2016.4/4,가정의학과,2
양구군,2017,1/4,2017.1/4,가정의학과,3
양구군,2017,2/4,2017.2/4,가정의학과,1
양구군,2017,3/4,2017.3/4,가정의학과,1
양구군,2017,4/4,2017.4/4,가정의학과,1
양구군,2018,1/4,2018.1/4,가정의학과,1
양구군,2018,2/4,2018.2/4,가정의학과,1
양구군,2018,3/4,2018.3/4,가정의학과,1
양구군,2018,4/4,2018.4/4,가정의학과,1
양구군,2019,1/4,2019.1/4,가정의학과,1
양구군,2019,2/4,2019.2/4,가정의학과,1
양구군,2019,3/4,2019.3/4,가정의학과,1
양구군,2019,4/4,2019.4/4,가정의학과,2
양구군,2020,1/4,2020.1/4,가정의학과,2
양구군,2020,2/4,2020.2/4,가정의학과,2
양구군,2020,3/4,2020.3/4,가정의학과,2
양구군,2020,4/4,2020.4/4,가정의학과,1
양구군,2021,1/4,2021.1/4,가정의학과,1
양구군,2021,2/4,2021.2/4,가정의학과,1
양구군,2021,3/4,2021.3/4,가정의학과,2
양구군,2021,4/4,2021.4/4,가정의학과,2
양구군,2022,1/4,2022.1/4,가정의학과,2
양구군,2022,2/4,2022.2/4,가정의학과,2
양구군,2022,3/4,2022.3/4,가정의학과,2
양구군,2022,4/4,2022.4/4,가정의학과,1
양구군,2023,1/4,2023.1/4,가정의학과,2
양구군,2023,2/4,2023.2/4,가정의학과,1
양구군,2023,3/4,2023.3/4,가정의학과,1
양구군,2023,4/4,2023.4/4,가정의학과,1
양구군,2024,1/4,2024.1/4,가정의학과,1
양구군,2024,2/4,2024.2/4,가정의학과,1
양구군,2024,3/4,2024.3/4,가정의학과,1
양구군,2024,4/4,2024.4/4,가정의학과,1
양구군,2025,1/4,2025.1/4,가정의학과,2
양구군,2025,2/4,2025.2/4,가정의학과,1
양구군,2025,3/4,2025.3/4,가정의학과,1
양구군,2025,4/4,2025.4/4,가정의학과,1
양구군,2009,1/4,2009.1/4,결핵과,0
양구군,2009,2/4,2009.2/4,결핵과,0
양구군,2009,3/4,2009.3/4,결핵과,0
양구군,2009,4/4,2009.4/4,결핵과,0
양구군,2010,1/4,2010.1/4,결핵과,0
양구군,2010,2/4,2010.2/4,결핵과,0
양구군,2010,3/4,2010.3/4,결핵과,0
양구군,2010,4/4,2010.4/4,결핵과,0
양구군,2011,1/4,2011.1/4,결핵과,0
양구군,2011,2/4,2011.2/4,결핵과,0
양구군,2011,3/4,2011.3/4,결핵과,0
양구군,2011,4/4,2011.4/4,결핵과,0
양구군,2012,1/4,2012.1/4,결핵과,0
양구군,2012,2/4,2012.2/4,결핵과,0
양구군,2012,3/4,2012.3/4,결핵과,0
양구군,2012,4/4,2012.4/4,결핵과,0
양구군,2013,1/4,2013.1/4,결핵과,0
양구군,2013,2/4,2013.2/4,결핵과,0
양구군,2013,3/4,2013.3/4,결핵과,0
양구군,2013,4/4,2013.4/4,결핵과,0
양구군,2014,1/4,2014.1/4,결핵과,0
양구군,2014,2/4,2014.2/4,결핵과,0
양구군,2014,3/4,2014.3/4,결핵과,0
양구군,2014,4/4,2014.4/4,결핵과,0
양구군,2015,1/4,2015.1/4,결핵과,0
양구군,2015,2/4,2015.2/4,결핵과,0
양구군,2015,3/4,2015.3/4,결핵과,0
양구군,2015,4/4,2015.4/4,결핵과,0
양구군,2016,1/4,2016.1/4,결핵과,0
양구군,2016,2/4,2016.2/4,결핵과,0
양구군,2016,3/4,2016.3/4,결핵과,0
양구군,2016,4/4,2016.4/4,결핵과,0
양구군,2017,1/4,2017.1/4,결핵과,0
양구군,2017,2/4,2017.2/4,결핵과,0
양구군,2017,3/4,2017.3/4,결핵과,0
양구군,2017,4/4,2017.4/4,결핵과,0
양구군,2018,1/4,2018.1/4,결핵과,0
양구군,2018,2/4,2018.2/4,결핵과,0
양구군,2018,3/4,2018.3/4,결핵과,0
양구군,2018,4/4,2018.4/4,결핵과,0
양구군,2019,1/4,2019.1/4,결핵과,0
양구군,2019,2/4,2019.2/4,결핵과,0
양구군,2019,3/4,2019.3/4,결핵과,0
양구군,2019,4/4,2019.4/4,결핵과,0
양구군,2020,1/4,2020.1/4,결핵과,0
양구군,2020,2/4,2020.2/4,결핵과,0
양구군,2020,3/4,2020.3/4,결핵과,0
양구군,2020,4/4,2020.4/4,결핵과,0
양구군,2021,1/4,2021.1/4,결핵과,0
양구군,2021,2/4,2021.2/4,결핵과,0
양구군,2021,3/4,2021.3/4,결핵과,0
양구군,2021,4/4,2021.4/4,결핵과,0
양구군,2022,1/4,2022.1/4,결핵과,0
양구군,2022,2/4,2022.2/4,결핵과,0
양구군,2022,3/4,2022.3/4,결핵과,0
양구군,2022,4/4,2022.4/4,결핵과,0
양구군,2023,1/4,2023.1/4,결핵과,0
양구군,2023,2/4,2023.2/4,결핵과,0
양구군,2023,3/4,2023.3/4,결핵과,0
양구군,2023,4/4,2023.4/4,결핵과,0
양구군,2024,1/4,2024.1/4,결핵과,0
양구군,2024,2/4,2024.2/4,결핵과,0
양구군,2024,3/4,2024.3/4,결핵과,0
양구군,2024,4/4,2024.4/4,결핵과,0
양구군,2025,1/4,2025.1/4,결핵과,0
양구군,2025,2/4,2025.2/4,결핵과,0
양구군,2025,3/4,2025.3/4,결핵과,0
양구군,2025,4/4,2025.4/4,결핵과,0
양구군,2009,1/4,2009.1/4,내과,3
양구군,2009,2/4,2009.2/4,내과,4
양구군,2009,3/4,2009.3/4,내과,4
양구군,2009,4/4,2009.4/4,내과,4
양구군,2010,1/4,2010.1/4,내과,4
양구군,2010,2/4,2010.2/4,내과,5
양구군,2010,3/4,2010.3/4,내과,5
양구군,2010,4/4,2010.4/4,내과,5
양구군,2011,1/4,2011.1/4,내과,4
양구군,2011,2/4,2011.2/4,내과,4
양구군,2011,3/4,2011.3/4,내과,4
양구군,2011,4/4,2011.4/4,내과,4
양구군,2012,1/4,2012.1/4,내과,4
양구군,2012,2/4,2012.2/4,내과,4
양구군,2012,3/4,2012.3/4,내과,4
양구군,2012,4/4,2012.4/4,내과,4
양구군,2013,1/4,2013.1/4,내과,5
양구군,2013,2/4,2013.2/4,내과,4
양구군,2013,3/4,2013.3/4,내과,4
양구군,2013,4/4,2013.4/4,내과,4
양구군,2014,1/4,2014.1/4,내과,4
양구군,2014,2/4,2014.2/4,내과,3
양구군,2014,3/4,2014.3/4,내과,3
양구군,2014,4/4,2014.4/4,내과,3
양구군,2015,1/4,2015.1/4,내과,3
양구군,2015,2/4,2015.2/4,내과,3
양구군,2015,3/4,2015.3/4,내과,3
양구군,2015,4/4,2015.4/4,내과,3
양구군,2016,1/4,2016.1/4,내과,3
양구군,2016,2/4,2016.2/4,내과,3
양구군,2016,3/4,2016.3/4,내과,3
양구군,2016,4/4,2016.4/4,내과,3
양구군,2017,1/4,2017.1/4,내과,3
양구군,2017,2/4,2017.2/4,내과,3
양구군,2017,3/4,2017.3/4,내과,3
양구군,2017,4/4,2017.4/4,내과,3
양구군,2018,1/4,2018.1/4,내과,3
양구군,2018,2/4,2018.2/4,내과,2
양구군,2018,3/4,2018.3/4,내과,2
양구군,2018,4/4,2018.4/4,내과,2
양구군,2019,1/4,2019.1/4,내과,3
양구군,2019,2/4,2019.2/4,내과,3
양구군,2019,3/4,2019.3/4,내과,2
양구군,2019,4/4,2019.4/4,내과,2
양구군,2020,1/4,2020.1/4,내과,2
양구군,2020,2/4,2020.2/4,내과,2
양구군,2020,3/4,2020.3/4,내과,2
양구군,2020,4/4,2020.4/4,내과,2
양구군,2021,1/4,2021.1/4,내과,2
양구군,2021,2/4,2021.2/4,내과,2
양구군,2021,3/4,2021.3/4,내과,2
양구군,2021,4/4,2021.4/4,내과,2
양구군,2022,1/4,2022.1/4,내과,2
양구군,2022,2/4,2022.2/4,내과,2
양구군,2022,3/4,2022.3/4,내과,2
양구군,2022,4/4,2022.4/4,내과,2
양구군,2023,1/4,2023.1/4,내과,1
양구군,2023,2/4,2023.2/4,내과,2
양구군,2023,3/4,2023.3/4,내과,2
양구군,2023,4/4,2023.4/4,내과,2
양구군,2024,1/4,2024.1/4,내과,2
양구군,2024,2/4,2024.2/4,내과,2
양구군,2024,3/4,2024.3/4,내과,2
양구군,2024,4/4,2024.4/4,내과,2
양구군,2025,1/4,2025.1/4,내과,3
양구군,2025,2/4,2025.2/4,내과,3
양구군,2025,3/4,2025.3/4,내과,3
양구군,2025,4/4,2025.4/4,내과,4
양구군,2009,1/4,2009.1/4,마취통증의학과,2
양구군,2009,2/4,2009.2/4,마취통증의학과,0
양구군,2009,3/4,2009.3/4,마취통증의학과,0
양구군,2009,4/4,2009.4/4,마취통증의학과,0
양구군,2010,1/4,2010.1/4,마취통증의학과,0
양구군,2010,2/4,2010.2/4,마취통증의학과,0
양구군,2010,3/4,2010.3/4,마취통증의학과,1
양구군,2010,4/4,2010.4/4,마취통증의학과,1
양구군,2011,1/4,2011.1/4,마취통증의학과,1
양구군,2011,2/4,2011.2/4,마취통증의학과,0
양구군,2011,3/4,2011.3/4,마취통증의학과,0
양구군,2011,4/4,2011.4/4,마취통증의학과,0
양구군,2012,1/4,2012.1/4,마취통증의학과,0
양구군,2012,2/4,2012.2/4,마취통증의학과,0
양구군,2012,3/4,2012.3/4,마취통증의학과,0
양구군,2012,4/4,2012.4/4,마취통증의학과,0
양구군,2013,1/4,2013.1/4,마취통증의학과,0
양구군,2013,2/4,2013.2/4,마취통증의학과,0
양구군,2013,3/4,2013.3/4,마취통증의학과,0
양구군,2013,4/4,2013.4/4,마취통증의학과,0
양구군,2014,1/4,2014.1/4,마취통증의학과,0
양구군,2014,2/4,2014.2/4,마취통증의학과,1
양구군,2014,3/4,2014.3/4,마취통증의학과,2
양구군,2014,4/4,2014.4/4,마취통증의학과,2
양구군,2015,1/4,2015.1/4,마취통증의학과,1
양구군,2015,2/4,2015.2/4,마취통증의학과,0
양구군,2015,3/4,2015.3/4,마취통증의학과,0
양구군,2015,4/4,2015.4/4,마취통증의학과,0
양구군,2016,1/4,2016.1/4,마취통증의학과,0
양구군,2016,2/4,2016.2/4,마취통증의학과,0
양구군,2016,3/4,2016.3/4,마취통증의학과,0
양구군,2016,4/4,2016.4/4,마취통증의학과,0
양구군,2017,1/4,2017.1/4,마취통증의학과,0
양구군,2017,2/4,2017.2/4,마취통증의학과,0
양구군,2017,3/4,2017.3/4,마취통증의학과,0
양구군,2017,4/4,2017.4/4,마취통증의학과,0
양구군,2018,1/4,2018.1/4,마취통증의학과,0
양구군,2018,2/4,2018.2/4,마취통증의학과,1
양구군,2018,3/4,2018.3/4,마취통증의학과,1
양구군,2018,4/4,2018.4/4,마취통증의학과,1
양구군,2019,1/4,2019.1/4,마취통증의학과,1
양구군,2019,2/4,2019.2/4,마취통증의학과,1
양구군,2019,3/4,2019.3/4,마취통증의학과,1
양구군,2019,4/4,2019.4/4,마취통증의학과,1
양구군,2020,1/4,2020.1/4,마취통증의학과,1
양구군,2020,2/4,2020.2/4,마취통증의학과,1
양구군,2020,3/4,2020.3/4,마취통증의학과,1
양구군,2020,4/4,2020.4/4,마취통증의학과,1
양구군,2021,1/4,2021.1/4,마취통증의학과,1
양구군,2021,2/4,2021.2/4,마취통증의학과,0
양구군,2021,3/4,2021.3/4,마취통증의학과,0
양구군,2021,4/4,2021.4/4,마취통증의학과,0
양구군,2022,1/4,2022.1/4,마취통증의학과,0
양구군,2022,2/4,2022.2/4,마취통증의학과,0
양구군,2022,3/4,2022.3/4,마취통증의학과,0
양구군,2022,4/4,2022.4/4,마취통증의학과,0
양구군,2023,1/4,2023.1/4,마취통증의학과,0
양구군,2023,2/4,2023.2/4,마취통증의학과,0
양구군,2023,3/4,2023.3/4,마취통증의학과,0
양구군,2023,4/4,2023.4/4,마취통증의학과,0
양구군,2024,1/4,2024.1/4,마취통증의학과,0
양구군,2024,2/4,2024.2/4,마취통증의학과,0
양구군,2024,3/4,2024.3/4,마취통증의학과,0
양구군,2024,4/4,2024.4/4,마취통증의학과,0
양구군,2025,1/4,2025.1/4,마취통증의학과,2
양구군,2025,2/4,2025.2/4,마취통증의학과,3
양구군,2025,3/4,2025.3/4,마취통증의학과,3
양구군,2025,4/4,2025.4/4,마취통증의학과,3
양구군,2009,1/4,2009.1/4,방사선종양학과,0
양구군,2009,2/4,2009.2/4,방사선종양학과,0
양구군,2009,3/4,2009.3/4,방사선종양학과,0
양구군,2009,4/4,2009.4/4,방사선종양학과,0
양구군,2010,1/4,2010.1/4,방사선종양학과,0
양구군,2010,2/4,2010.2/4,방사선종양학과,0
양구군,2010,3/4,2010.3/4,방사선종양학과,0
양구군,2010,4/4,2010.4/4,방사선종양학과,0
양구군,2011,1/4,2011.1/4,방사선종양학과,0
양구군,2011,2/4,2011.2/4,방사선종양학과,0
양구군,2011,3/4,2011.3/4,방사선종양학과,0
양구군,2011,4/4,2011.4/4,방사선종양학과,0
양구군,2012,1/4,2012.1/4,방사선종양학과,0
양구군,2012,2/4,2012.2/4,방사선종양학과,0
양구군,2012,3/4,2012.3/4,방사선종양학과,0
양구군,2012,4/4,2012.4/4,방사선종양학과,0
양구군,2013,1/4,2013.1/4,방사선종양학과,0
양구군,2013,2/4,2013.2/4,방사선종양학과,0
양구군,2013,3/4,2013.3/4,방사선종양학과,0
양구군,2013,4/4,2013.4/4,방사선종양학과,0
양구군,2014,1/4,2014.1/4,방사선종양학과,0
양구군,2014,2/4,2014.2/4,방사선종양학과,0
양구군,2014,3/4,2014.3/4,방사선종양학과,0
양구군,2014,4/4,2014.4/4,방사선종양학과,0
양구군,2015,1/4,2015.1/4,방사선종양학과,0
양구군,2015,2/4,2015.2/4,방사선종양학과,0
양구군,2015,3/4,2015.3/4,방사선종양학과,0
양구군,2015,4/4,2015.4/4,방사선종양학과,0
양구군,2016,1/4,2016.1/4,방사선종양학과,0
양구군,2016,2/4,2016.2/4,방사선종양학과,0
양구군,2016,3/4,2016.3/4,방사선종양학과,0
양구군,2016,4/4,2016.4/4,방사선종양학과,0
양구군,2017,1/4,2017.1/4,방사선종양학과,0
양구군,2017,2/4,2017.2/4,방사선종양학과,0
양구군,2017,3/4,2017.3/4,방사선종양학과,0
양구군,2017,4/4,2017.4/4,방사선종양학과,0
양구군,2018,1/4,2018.1/4,방사선종양학과,0
양구군,2018,2/4,2018.2/4,방사선종양학과,0
양구군,2018,3/4,2018.3/4,방사선종양학과,0
양구군,2018,4/4,2018.4/4,방사선종양학과,0
양구군,2019,1/4,2019.1/4,방사선종양학과,0
양구군,2019,2/4,2019.2/4,방사선종양학과,0
양구군,2019,3/4,2019.3/4,방사선종양학과,0
양구군,2019,4/4,2019.4/4,방사선종양학과,0
양구군,2020,1/4,2020.1/4,방사선종양학과,0
양구군,2020,2/4,2020.2/4,방사선종양학과,0
양구군,2020,3/4,2020.3/4,방사선종양학과,0
양구군,2020,4/4,2020.4/4,방사선종양학과,0
양구군,2021,1/4,2021.1/4,방사선종양학과,0
양구군,2021,2/4,2021.2/4,방사선종양학과,0
양구군,2021,3/4,2021.3/4,방사선종양학과,0
양구군,2021,4/4,2021.4/4,방사선종양학과,0
양구군,2022,1/4,2022.1/4,방사선종양학과,0
양구군,2022,2/4,2022.2/4,방사선종양학과,0
양구군,2022,3/4,2022.3/4,방사선종양학과,0
양구군,2022,4/4,2022.4/4,방사선종양학과,0
양구군,2023,1/4,2023.1/4,방사선종양학과,0
양구군,2023,2/4,2023.2/4,방사선종양학과,0
양구군,2023,3/4,2023.3/4,방사선종양학과,0
양구군,2023,4/4,2023.4/4,방사선종양학과,0
양구군,2024,1/4,2024.1/4,방사선종양학과,0
양구군,2024,2/4,2024.2/4,방사선종양학과,0
양구군,2024,3/4,2024.3/4,방사선종양학과,0
양구군,2024,4/4,2024.4/4,방사선종양학과,0
양구군,2025,1/4,2025.1/4,방사선종양학과,0
양구군,2025,2/4,2025.2/4,방사선종양학과,0
양구군,2025,3/4,2025.3/4,방사선종양학과,0
양구군,2025,4/4,2025.4/4,방사선종양학과,0
양구군,2009,1/4,2009.1/4,병리과,0
양구군,2009,2/4,2009.2/4,병리과,0
양구군,2009,3/4,2009.3/4,병리과,0
양구군,2009,4/4,2009.4/4,병리과,0
양구군,2010,1/4,2010.1/4,병리과,0
양구군,2010,2/4,2010.2/4,병리과,0
양구군,2010,3/4,2010.3/4,병리과,0
양구군,2010,4/4,2010.4/4,병리과,0
양구군,2011,1/4,2011.1/4,병리과,0
양구군,2011,2/4,2011.2/4,병리과,0
양구군,2011,3/4,2011.3/4,병리과,0
양구군,2011,4/4,2011.4/4,병리과,0
양구군,2012,1/4,2012.1/4,병리과,0
양구군,2012,2/4,2012.2/4,병리과,0
양구군,2012,3/4,2012.3/4,병리과,0
양구군,2012,4/4,2012.4/4,병리과,0
양구군,2013,1/4,2013.1/4,병리과,0
양구군,2013,2/4,2013.2/4,병리과,0
양구군,2013,3/4,2013.3/4,병리과,0
양구군,2013,4/4,2013.4/4,병리과,0
양구군,2014,1/4,2014.1/4,병리과,0
양구군,2014,2/4,2014.2/4,병리과,0
양구군,2014,3/4,2014.3/4,병리과,0
양구군,2014,4/4,2014.4/4,병리과,0
양구군,2015,1/4,2015.1/4,병리과,0
양구군,2015,2/4,2015.2/4,병리과,0
양구군,2015,3/4,2015.3/4,병리과,0
양구군,2015,4/4,2015.4/4,병리과,0
양구군,2016,1/4,2016.1/4,병리과,0
양구군,2016,2/4,2016.2/4,병리과,0
양구군,2016,3/4,2016.3/4,병리과,0
양구군,2016,4/4,2016.4/4,병리과,0
양구군,2017,1/4,2017.1/4,병리과,0
양구군,2017,2/4,2017.2/4,병리과,0
양구군,2017,3/4,2017.3/4,병리과,0
양구군,2017,4/4,2017.4/4,병리과,0
양구군,2018,1/4,2018.1/4,병리과,0
양구군,2018,2/4,2018.2/4,병리과,0
양구군,2018,3/4,2018.3/4,병리과,0
양구군,2018,4/4,2018.4/4,병리과,0
양구군,2019,1/4,2019.1/4,병리과,0
양구군,2019,2/4,2019.2/4,병리과,0
양구군,2019,3/4,2019.3/4,병리과,0
양구군,2019,4/4,2019.4/4,병리과,0
양구군,2020,1/4,2020.1/4,병리과,0
양구군,2020,2/4,2020.2/4,병리과,0
양구군,2020,3/4,2020.3/4,병리과,0
양구군,2020,4/4,2020.4/4,병리과,0
양구군,2021,1/4,2021.1/4,병리과,0
양구군,2021,2/4,2021.2/4,병리과,0
양구군,2021,3/4,2021.3/4,병리과,0
양구군,2021,4/4,2021.4/4,병리과,0
양구군,2022,1/4,2022.1/4,병리과,0
양구군,2022,2/4,2022.2/4,병리과,0
양구군,2022,3/4,2022.3/4,병리과,0
양구군,2022,4/4,2022.4/4,병리과,0
양구군,2023,1/4,2023.1/4,병리과,0
양구군,2023,2/4,2023.2/4,병리과,0
양구군,2023,3/4,2023.3/4,병리과,0
양구군,2023,4/4,2023.4/4,병리과,0
양구군,2024,1/4,2024.1/4,병리과,0
양구군,2024,2/4,2024.2/4,병리과,0
양구군,2024,3/4,2024.3/4,병리과,0
양구군,2024,4/4,2024.4/4,병리과,0
양구군,2025,1/4,2025.1/4,병리과,0
양구군,2025,2/4,2025.2/4,병리과,0
양구군,2025,3/4,2025.3/4,병리과,0
양구군,2025,4/4,2025.4/4,병리과,0
양구군,2009,1/4,2009.1/4,비뇨의학과,1
양구군,2009,2/4,2009.2/4,비뇨의학과,2
양구군,2009,3/4,2009.3/4,비뇨의학과,2
양구군,2009,4/4,2009.4/4,비뇨의학과,2
양구군,2010,1/4,2010.1/4,비뇨의학과,2
양구군,2010,2/4,2010.2/4,비뇨의학과,1
양구군,2010,3/4,2010.3/4,비뇨의학과,1
양구군,2010,4/4,2010.4/4,비뇨의학과,1
양구군,2011,1/4,2011.1/4,비뇨의학과,1
양구군,2011,2/4,2011.2/4,비뇨의학과,1
양구군,2011,3/4,2011.3/4,비뇨의학과,1
양구군,2011,4/4,2011.4/4,비뇨의학과,1
양구군,2012,1/4,2012.1/4,비뇨의학과,1
양구군,2012,2/4,2012.2/4,비뇨의학과,0
양구군,2012,3/4,2012.3/4,비뇨의학과,0
양구군,2012,4/4,2012.4/4,비뇨의학과,0
양구군,2013,1/4,2013.1/4,비뇨의학과,0
양구군,2013,2/4,2013.2/4,비뇨의학과,0
양구군,2013,3/4,2013.3/4,비뇨의학과,0
양구군,2013,4/4,2013.4/4,비뇨의학과,0
양구군,2014,1/4,2014.1/4,비뇨의학과,0
양구군,2014,2/4,2014.2/4,비뇨의학과,0
양구군,2014,3/4,2014.3/4,비뇨의학과,0
양구군,2014,4/4,2014.4/4,비뇨의학과,0
양구군,2015,1/4,2015.1/4,비뇨의학과,0
양구군,2015,2/4,2015.2/4,비뇨의학과,0
양구군,2015,3/4,2015.3/4,비뇨의학과,0
양구군,2015,4/4,2015.4/4,비뇨의학과,0
양구군,2016,1/4,2016.1/4,비뇨의학과,0
양구군,2016,2/4,2016.2/4,비뇨의학과,0
양구군,2016,3/4,2016.3/4,비뇨의학과,0
양구군,2016,4/4,2016.4/4,비뇨의학과,0
양구군,2017,1/4,2017.1/4,비뇨의학과,0
양구군,2017,2/4,2017.2/4,비뇨의학과,1
양구군,2017,3/4,2017.3/4,비뇨의학과,1
양구군,2017,4/4,2017.4/4,비뇨의학과,1
양구군,2018,1/4,2018.1/4,비뇨의학과,1
양구군,2018,2/4,2018.2/4,비뇨의학과,1
양구군,2018,3/4,2018.3/4,비뇨의학과,1
양구군,2018,4/4,2018.4/4,비뇨의학과,1
양구군,2019,1/4,2019.1/4,비뇨의학과,1
양구군,2019,2/4,2019.2/4,비뇨의학과,1
양구군,2019,3/4,2019.3/4,비뇨의학과,1
양구군,2019,4/4,2019.4/4,비뇨의학과,1
양구군,2020,1/4,2020.1/4,비뇨의학과,1
양구군,2020,2/4,2020.2/4,비뇨의학과,0
양구군,2020,3/4,2020.3/4,비뇨의학과,0
양구군,2020,4/4,2020.4/4,비뇨의학과,0
양구군,2021,1/4,2021.1/4,비뇨의학과,0
양구군,2021,2/4,2021.2/4,비뇨의학과,0
양구군,2021,3/4,2021.3/4,비뇨의학과,0
양구군,2021,4/4,2021.4/4,비뇨의학과,0
양구군,2022,1/4,2022.1/4,비뇨의학과,0
양구군,2022,2/4,2022.2/4,비뇨의학과,0
양구군,2022,3/4,2022.3/4,비뇨의학과,0
양구군,2022,4/4,2022.4/4,비뇨의학과,0
양구군,2023,1/4,2023.1/4,비뇨의학과,0
양구군,2023,2/4,2023.2/4,비뇨의학과,0
양구군,2023,3/4,2023.3/4,비뇨의학과,0
양구군,2023,4/4,2023.4/4,비뇨의학과,0
양구군,2024,1/4,2024.1/4,비뇨의학과,0
양구군,2024,2/4,2024.2/4,비뇨의학과,0
양구군,2024,3/4,2024.3/4,비뇨의학과,0
양구군,2024,4/4,2024.4/4,비뇨의학과,0
양구군,2025,1/4,2025.1/4,비뇨의학과,0
양구군,2025,2/4,2025.2/4,비뇨의학과,0
양구군,2025,3/4,2025.3/4,비뇨의학과,0
양구군,2025,4/4,2025.4/4,비뇨의학과,0
양구군,2009,1/4,2009.1/4,산부인과,1
양구군,2009,2/4,2009.2/4,산부인과,1
양구군,2009,3/4,2009.3/4,산부인과,1
양구군,2009,4/4,2009.4/4,산부인과,1
양구군,2010,1/4,2010.1/4,산부인과,1
양구군,2010,2/4,2010.2/4,산부인과,0
양구군,2010,3/4,2010.3/4,산부인과,0
양구군,2010,4/4,2010.4/4,산부인과,0
양구군,2011,1/4,2011.1/4,산부인과,0
양구군,2011,2/4,2011.2/4,산부인과,0
양구군,2011,3/4,2011.3/4,산부인과,0
양구군,2011,4/4,2011.4/4,산부인과,0
양구군,2012,1/4,2012.1/4,산부인과,0
양구군,2012,2/4,2012.2/4,산부인과,0
양구군,2012,3/4,2012.3/4,산부인과,0
양구군,2012,4/4,2012.4/4,산부인과,0
양구군,2013,1/4,2013.1/4,산부인과,1
양구군,2013,2/4,2013.2/4,산부인과,1
양구군,2013,3/4,2013.3/4,산부인과,1
양구군,2013,4/4,2013.4/4,산부인과,1
양구군,2014,1/4,2014.1/4,산부인과,1
양구군,2014,2/4,2014.2/4,산부인과,0
양구군,2014,3/4,2014.3/4,산부인과,1
양구군,2014,4/4,2014.4/4,산부인과,1
양구군,2015,1/4,2015.1/4,산부인과,1
양구군,2015,2/4,2015.2/4,산부인과,1
양구군,2015,3/4,2015.3/4,산부인과,0
양구군,2015,4/4,2015.4/4,산부인과,1
양구군,2016,1/4,2016.1/4,산부인과,1
양구군,2016,2/4,2016.2/4,산부인과,2
양구군,2016,3/4,2016.3/4,산부인과,1
양구군,2016,4/4,2016.4/4,산부인과,1
양구군,2017,1/4,2017.1/4,산부인과,1
양구군,2017,2/4,2017.2/4,산부인과,1
양구군,2017,3/4,2017.3/4,산부인과,1
양구군,2017,4/4,2017.4/4,산부인과,1
양구군,2018,1/4,2018.1/4,산부인과,1
양구군,2018,2/4,2018.2/4,산부인과,1
양구군,2018,3/4,2018.3/4,산부인과,1
양구군,2018,4/4,2018.4/4,산부인과,1
양구군,2019,1/4,2019.1/4,산부인과,1
양구군,2019,2/4,2019.2/4,산부인과,1
양구군,2019,3/4,2019.3/4,산부인과,1
양구군,2019,4/4,2019.4/4,산부인과,1
양구군,2020,1/4,2020.1/4,산부인과,2
양구군,2020,2/4,2020.2/4,산부인과,2
양구군,2020,3/4,2020.3/4,산부인과,1
양구군,2020,4/4,2020.4/4,산부인과,2
양구군,2021,1/4,2021.1/4,산부인과,2
양구군,2021,2/4,2021.2/4,산부인과,2
양구군,2021,3/4,2021.3/4,산부인과,2
양구군,2021,4/4,2021.4/4,산부인과,2
양구군,2022,1/4,2022.1/4,산부인과,2
양구군,2022,2/4,2022.2/4,산부인과,2
양구군,2022,3/4,2022.3/4,산부인과,2
양구군,2022,4/4,2022.4/4,산부인과,1
양구군,2023,1/4,2023.1/4,산부인과,1
양구군,2023,2/4,2023.2/4,산부인과,1
양구군,2023,3/4,2023.3/4,산부인과,1
양구군,2023,4/4,2023.4/4,산부인과,1
양구군,2024,1/4,2024.1/4,산부인과,1
양구군,2024,2/4,2024.2/4,산부인과,1
양구군,2024,3/4,2024.3/4,산부인과,1
양구군,2024,4/4,2024.4/4,산부인과,1
양구군,2025,1/4,2025.1/4,산부인과,1
양구군,2025,2/4,2025.2/4,산부인과,1
양구군,2025,3/4,2025.3/4,산부인과,1
양구군,2025,4/4,2025.4/4,산부인과,1
양구군,2009,1/4,2009.1/4,성형외과,0
양구군,2009,2/4,2009.2/4,성형외과,0
양구군,2009,3/4,2009.3/4,성형외과,0
양구군,2009,4/4,2009.4/4,성형외과,0
양구군,2010,1/4,2010.1/4,성형외과,0
양구군,2010,2/4,2010.2/4,성형외과,0
양구군,2010,3/4,2010.3/4,성형외과,0
양구군,2010,4/4,2010.4/4,성형외과,0
양구군,2011,1/4,2011.1/4,성형외과,0
양구군,2011,2/4,2011.2/4,성형외과,1
양구군,2011,3/4,2011.3/4,성형외과,1
양구군,2011,4/4,2011.4/4,성형외과,1
양구군,2012,1/4,2012.1/4,성형외과,1
양구군,2012,2/4,2012.2/4,성형외과,1
양구군,2012,3/4,2012.3/4,성형외과,1
양구군,2012,4/4,2012.4/4,성형외과,1
양구군,2013,1/4,2013.1/4,성형외과,1
양구군,2013,2/4,2013.2/4,성형외과,1
양구군,2013,3/4,2013.3/4,성형외과,1
양구군,2013,4/4,2013.4/4,성형외과,1
양구군,2014,1/4,2014.1/4,성형외과,1
양구군,2014,2/4,2014.2/4,성형외과,1
양구군,2014,3/4,2014.3/4,성형외과,1
양구군,2014,4/4,2014.4/4,성형외과,1
양구군,2015,1/4,2015.1/4,성형외과,1
양구군,2015,2/4,2015.2/4,성형외과,1
양구군,2015,3/4,2015.3/4,성형외과,1
양구군,2015,4/4,2015.4/4,성형외과,1
양구군,2016,1/4,2016.1/4,성형외과,1
양구군,2016,2/4,2016.2/4,성형외과,2
양구군,2016,3/4,2016.3/4,성형외과,2
양구군,2016,4/4,2016.4/4,성형외과,2
양구군,2017,1/4,2017.1/4,성형외과,2
양구군,2017,2/4,2017.2/4,성형외과,0
양구군,2017,3/4,2017.3/4,성형외과,0
양구군,2017,4/4,2017.4/4,성형외과,0
양구군,2018,1/4,2018.1/4,성형외과,0
양구군,2018,2/4,2018.2/4,성형외과,0
양구군,2018,3/4,2018.3/4,성형외과,0
양구군,2018,4/4,2018.4/4,성형외과,0
양구군,2019,1/4,2019.1/4,성형외과,0
양구군,2019,2/4,2019.2/4,성형외과,0
양구군,2019,3/4,2019.3/4,성형외과,0
양구군,2019,4/4,2019.4/4,성형외과,0
양구군,2020,1/4,2020.1/4,성형외과,0
양구군,2020,2/4,2020.2/4,성형외과,0
양구군,2020,3/4,2020.3/4,성형외과,0
양구군,2020,4/4,2020.4/4,성형외과,0
양구군,2021,1/4,2021.1/4,성형외과,0
양구군,2021,2/4,2021.2/4,성형외과,0
양구군,2021,3/4,2021.3/4,성형외과,0
양구군,2021,4/4,2021.4/4,성형외과,0
양구군,2022,1/4,2022.1/4,성형외과,0
양구군,2022,2/4,2022.2/4,성형외과,0
양구군,2022,3/4,2022.3/4,성형외과,0
양구군,2022,4/4,2022.4/4,성형외과,0
양구군,2023,1/4,2023.1/4,성형외과,0
양구군,2023,2/4,2023.2/4,성형외과,1
양구군,2023,3/4,2023.3/4,성형외과,1
양구군,2023,4/4,2023.4/4,성형외과,1
양구군,2024,1/4,2024.1/4,성형외과,1
양구군,2024,2/4,2024.2/4,성형외과,1
양구군,2024,3/4,2024.3/4,성형외과,1
양구군,2024,4/4,2024.4/4,성형외과,1
양구군,2025,1/4,2025.1/4,성형외과,1
양구군,2025,2/4,2025.2/4,성형외과,1
양구군,2025,3/4,2025.3/4,성형외과,1
양구군,2025,4/4,2025.4/4,성형외과,1
양구군,2009,1/4,2009.1/4,소아청소년과,1
양구군,2009,2/4,2009.2/4,소아청소년과,1
양구군,2009,3/4,2009.3/4,소아청소년과,1
양구군,2009,4/4,2009.4/4,소아청소년과,1
양구군,2010,1/4,2010.1/4,소아청소년과,1
양구군,2010,2/4,2010.2/4,소아청소년과,1
양구군,2010,3/4,2010.3/4,소아청소년과,1
양구군,2010,4/4,2010.4/4,소아청소년과,1
양구군,2011,1/4,2011.1/4,소아청소년과,1
양구군,2011,2/4,2011.2/4,소아청소년과,1
양구군,2011,3/4,2011.3/4,소아청소년과,1
양구군,2011,4/4,2011.4/4,소아청소년과,1
양구군,2012,1/4,2012.1/4,소아청소년과,1
양구군,2012,2/4,2012.2/4,소아청소년과,0
양구군,2012,3/4,2012.3/4,소아청소년과,0
양구군,2012,4/4,2012.4/4,소아청소년과,0
양구군,2013,1/4,2013.1/4,소아청소년과,0
양구군,2013,2/4,2013.2/4,소아청소년과,1
양구군,2013,3/4,2013.3/4,소아청소년과,1
양구군,2013,4/4,2013.4/4,소아청소년과,1
양구군,2014,1/4,2014.1/4,소아청소년과,1
양구군,2014,2/4,2014.2/4,소아청소년과,1
양구군,2014,3/4,2014.3/4,소아청소년과,1
양구군,2014,4/4,2014.4/4,소아청소년과,1
양구군,2015,1/4,2015.1/4,소아청소년과,1
양구군,2015,2/4,2015.2/4,소아청소년과,1
양구군,2015,3/4,2015.3/4,소아청소년과,1
양구군,2015,4/4,2015.4/4,소아청소년과,1
양구군,2016,1/4,2016.1/4,소아청소년과,1
양구군,2016,2/4,2016.2/4,소아청소년과,1
양구군,2016,3/4,2016.3/4,소아청소년과,1
양구군,2016,4/4,2016.4/4,소아청소년과,1
양구군,2017,1/4,2017.1/4,소아청소년과,1
양구군,2017,2/4,2017.2/4,소아청소년과,1
양구군,2017,3/4,2017.3/4,소아청소년과,1
양구군,2017,4/4,2017.4/4,소아청소년과,1
양구군,2018,1/4,2018.1/4,소아청소년과,1
양구군,2018,2/4,2018.2/4,소아청소년과,1
양구군,2018,3/4,2018.3/4,소아청소년과,1
양구군,2018,4/4,2018.4/4,소아청소년과,1
양구군,2019,1/4,2019.1/4,소아청소년과,1
양구군,2019,2/4,2019.2/4,소아청소년과,2
양구군,2019,3/4,2019.3/4,소아청소년과,2
양구군,2019,4/4,2019.4/4,소아청소년과,2
양구군,2020,1/4,2020.1/4,소아청소년과,2
양구군,2020,2/4,2020.2/4,소아청소년과,2
양구군,2020,3/4,2020.3/4,소아청소년과,2
양구군,2020,4/4,2020.4/4,소아청소년과,3
양구군,2021,1/4,2021.1/4,소아청소년과,3
양구군,2021,2/4,2021.2/4,소아청소년과,3
양구군,2021,3/4,2021.3/4,소아청소년과,2
양구군,2021,4/4,2021.4/4,소아청소년과,2
양구군,2022,1/4,2022.1/4,소아청소년과,3
양구군,2022,2/4,2022.2/4,소아청소년과,2
양구군,2022,3/4,2022.3/4,소아청소년과,2
양구군,2022,4/4,2022.4/4,소아청소년과,3
양구군,2023,1/4,2023.1/4,소아청소년과,3
양구군,2023,2/4,2023.2/4,소아청소년과,2
양구군,2023,3/4,2023.3/4,소아청소년과,2
양구군,2023,4/4,2023.4/4,소아청소년과,2
양구군,2024,1/4,2024.1/4,소아청소년과,2
양구군,2024,2/4,2024.2/4,소아청소년과,2
양구군,2024,3/4,2024.3/4,소아청소년과,2
양구군,2024,4/4,2024.4/4,소아청소년과,2
양구군,2025,1/4,2025.1/4,소아청소년과,3
양구군,2025,2/4,2025.2/4,소아청소년과,3
양구군,2025,3/4,2025.3/4,소아청소년과,3
양구군,2025,4/4,2025.4/4,소아청소년과,3
양구군,2009,1/4,2009.1/4,신경과,0
양구군,2009,2/4,2009.2/4,신경과,0
양구군,2009,3/4,2009.3/4,신경과,0
양구군,2009,4/4,2009.4/4,신경과,0
양구군,2010,1/4,2010.1/4,신경과,0
양구군,2010,2/4,2010.2/4,신경과,1
양구군,2010,3/4,2010.3/4,신경과,0
양구군,2010,4/4,2010.4/4,신경과,0
양구군,2011,1/4,2011.1/4,신경과,0
양구군,2011,2/4,2011.2/4,신경과,0
양구군,2011,3/4,2011.3/4,신경과,0
양구군,2011,4/4,2011.4/4,신경과,0
양구군,2012,1/4,2012.1/4,신경과,0
양구군,2012,2/4,2012.2/4,신경과,0
양구군,2012,3/4,2012.3/4,신경과,0
양구군,2012,4/4,2012.4/4,신경과,0
양구군,2013,1/4,2013.1/4,신경과,0
양구군,2013,2/4,2013.2/4,신경과,0
양구군,2013,3/4,2013.3/4,신경과,0
양구군,2013,4/4,2013.4/4,신경과,0
양구군,2014,1/4,2014.1/4,신경과,0
양구군,2014,2/4,2014.2/4,신경과,0
양구군,2014,3/4,2014.3/4,신경과,0
양구군,2014,4/4,2014.4/4,신경과,0
양구군,2015,1/4,2015.1/4,신경과,0
양구군,2015,2/4,2015.2/4,신경과,0
양구군,2015,3/4,2015.3/4,신경과,0
양구군,2015,4/4,2015.4/4,신경과,0
양구군,2016,1/4,2016.1/4,신경과,0
양구군,2016,2/4,2016.2/4,신경과,0
양구군,2016,3/4,2016.3/4,신경과,0
양구군,2016,4/4,2016.4/4,신경과,0
양구군,2017,1/4,2017.1/4,신경과,0
양구군,2017,2/4,2017.2/4,신경과,0
양구군,2017,3/4,2017.3/4,신경과,0
양구군,2017,4/4,2017.4/4,신경과,0
양구군,2018,1/4,2018.1/4,신경과,0
양구군,2018,2/4,2018.2/4,신경과,0
양구군,2018,3/4,2018.3/4,신경과,0
양구군,2018,4/4,2018.4/4,신경과,0
양구군,2019,1/4,2019.1/4,신경과,0
양구군,2019,2/4,2019.2/4,신경과,0
양구군,2019,3/4,2019.3/4,신경과,0
양구군,2019,4/4,2019.4/4,신경과,0
양구군,2020,1/4,2020.1/4,신경과,0
양구군,2020,2/4,2020.2/4,신경과,0
양구군,2020,3/4,2020.3/4,신경과,0
양구군,2020,4/4,2020.4/4,신경과,0
양구군,2021,1/4,2021.1/4,신경과,0
양구군,2021,2/4,2021.2/4,신경과,0
양구군,2021,3/4,2021.3/4,신경과,0
양구군,2021,4/4,2021.4/4,신경과,0
양구군,2022,1/4,2022.1/4,신경과,0
양구군,2022,2/4,2022.2/4,신경과,0
양구군,2022,3/4,2022.3/4,신경과,0
양구군,2022,4/4,2022.4/4,신경과,0
양구군,2023,1/4,2023.1/4,신경과,0
양구군,2023,2/4,2023.2/4,신경과,0
양구군,2023,3/4,2023.3/4,신경과,0
양구군,2023,4/4,2023.4/4,신경과,0
양구군,2024,1/4,2024.1/4,신경과,0
양구군,2024,2/4,2024.2/4,신경과,0
양구군,2024,3/4,2024.3/4,신경과,0
양구군,2024,4/4,2024.4/4,신경과,0
양구군,2025,1/4,2025.1/4,신경과,0
양구군,2025,2/4,2025.2/4,신경과,0
양구군,2025,3/4,2025.3/4,신경과,0
양구군,2025,4/4,2025.4/4,신경과,0
양구군,2009,1/4,2009.1/4,신경외과,0
양구군,2009,2/4,2009.2/4,신경외과,1
양구군,2009,3/4,2009.3/4,신경외과,1
양구군,2009,4/4,2009.4/4,신경외과,1
양구군,2010,1/4,2010.1/4,신경외과,1
양구군,2010,2/4,2010.2/4,신경외과,1
양구군,2010,3/4,2010.3/4,신경외과,1
양구군,2010,4/4,2010.4/4,신경외과,1
양구군,2011,1/4,2011.1/4,신경외과,1
양구군,2011,2/4,2011.2/4,신경외과,1
양구군,2011,3/4,2011.3/4,신경외과,1
양구군,2011,4/4,2011.4/4,신경외과,1
양구군,2012,1/4,2012.1/4,신경외과,1
양구군,2012,2/4,2012.2/4,신경외과,0
양구군,2012,3/4,2012.3/4,신경외과,0
양구군,2012,4/4,2012.4/4,신경외과,0
양구군,2013,1/4,2013.1/4,신경외과,0
양구군,2013,2/4,2013.2/4,신경외과,0
양구군,2013,3/4,2013.3/4,신경외과,0
양구군,2013,4/4,2013.4/4,신경외과,0
양구군,2014,1/4,2014.1/4,신경외과,0
양구군,2014,2/4,2014.2/4,신경외과,0
양구군,2014,3/4,2014.3/4,신경외과,0
양구군,2014,4/4,2014.4/4,신경외과,0
양구군,2015,1/4,2015.1/4,신경외과,0
양구군,2015,2/4,2015.2/4,신경외과,0
양구군,2015,3/4,2015.3/4,신경외과,0
양구군,2015,4/4,2015.4/4,신경외과,0
양구군,2016,1/4,2016.1/4,신경외과,0
양구군,2016,2/4,2016.2/4,신경외과,0
양구군,2016,3/4,2016.3/4,신경외과,0
양구군,2016,4/4,2016.4/4,신경외과,0
양구군,2017,1/4,2017.1/4,신경외과,0
양구군,2017,2/4,2017.2/4,신경외과,0
양구군,2017,3/4,2017.3/4,신경외과,0
양구군,2017,4/4,2017.4/4,신경외과,0
양구군,2018,1/4,2018.1/4,신경외과,0
양구군,2018,2/4,2018.2/4,신경외과,0
양구군,2018,3/4,2018.3/4,신경외과,0
양구군,2018,4/4,2018.4/4,신경외과,0
양구군,2019,1/4,2019.1/4,신경외과,0
양구군,2019,2/4,2019.2/4,신경외과,0
양구군,2019,3/4,2019.3/4,신경외과,0
양구군,2019,4/4,2019.4/4,신경외과,0
양구군,2020,1/4,2020.1/4,신경외과,0
양구군,2020,2/4,2020.2/4,신경외과,0
양구군,2020,3/4,2020.3/4,신경외과,0
양구군,2020,4/4,2020.4/4,신경외과,0
양구군,2021,1/4,2021.1/4,신경외과,0
양구군,2021,2/4,2021.2/4,신경외과,0
양구군,2021,3/4,2021.3/4,신경외과,0
양구군,2021,4/4,2021.4/4,신경외과,0
양구군,2022,1/4,2022.1/4,신경외과,0
양구군,2022,2/4,2022.2/4,신경외과,0
양구군,2022,3/4,2022.3/4,신경외과,0
양구군,2022,4/4,2022.4/4,신경외과,0
양구군,2023,1/4,2023.1/4,신경외과,0
양구군,2023,2/4,2023.2/4,신경외과,0
양구군,2023,3/4,2023.3/4,신경외과,0
양구군,2023,4/4,2023.4/4,신경외과,0
양구군,2024,1/4,2024.1/4,신경외과,0
양구군,2024,2/4,2024.2/4,신경외과,0
양구군,2024,3/4,2024.3/4,신경외과,0
양구군,2024,4/4,2024.4/4,신경외과,0
양구군,2025,1/4,2025.1/4,신경외과,2
양구군,2025,2/4,2025.2/4,신경외과,0
양구군,2025,3/4,2025.3/4,신경외과,0
양구군,2025,4/4,2025.4/4,신경외과,0
양구군,2009,1/4,2009.1/4,심장혈관흉부외과,0
양구군,2009,2/4,2009.2/4,심장혈관흉부외과,0
양구군,2009,3/4,2009.3/4,심장혈관흉부외과,0
양구군,2009,4/4,2009.4/4,심장혈관흉부외과,0
양구군,2010,1/4,2010.1/4,심장혈관흉부외과,0
양구군,2010,2/4,2010.2/4,심장혈관흉부외과,0
양구군,2010,3/4,2010.3/4,심장혈관흉부외과,0
양구군,2010,4/4,2010.4/4,심장혈관흉부외과,0
양구군,2011,1/4,2011.1/4,심장혈관흉부외과,0
양구군,2011,2/4,2011.2/4,심장혈관흉부외과,0
양구군,2011,3/4,2011.3/4,심장혈관흉부외과,0
양구군,2011,4/4,2011.4/4,심장혈관흉부외과,0
양구군,2012,1/4,2012.1/4,심장혈관흉부외과,0
양구군,2012,2/4,2012.2/4,심장혈관흉부외과,0
양구군,2012,3/4,2012.3/4,심장혈관흉부외과,0
양구군,2012,4/4,2012.4/4,심장혈관흉부외과,0
양구군,2013,1/4,2013.1/4,심장혈관흉부외과,0
양구군,2013,2/4,2013.2/4,심장혈관흉부외과,1
양구군,2013,3/4,2013.3/4,심장혈관흉부외과,1
양구군,2013,4/4,2013.4/4,심장혈관흉부외과,1
양구군,2014,1/4,2014.1/4,심장혈관흉부외과,1
양구군,2014,2/4,2014.2/4,심장혈관흉부외과,1
양구군,2014,3/4,2014.3/4,심장혈관흉부외과,1
양구군,2014,4/4,2014.4/4,심장혈관흉부외과,1
양구군,2015,1/4,2015.1/4,심장혈관흉부외과,1
양구군,2015,2/4,2015.2/4,심장혈관흉부외과,1
양구군,2015,3/4,2015.3/4,심장혈관흉부외과,1
양구군,2015,4/4,2015.4/4,심장혈관흉부외과,1
양구군,2016,1/4,2016.1/4,심장혈관흉부외과,1
양구군,2016,2/4,2016.2/4,심장혈관흉부외과,0
양구군,2016,3/4,2016.3/4,심장혈관흉부외과,0
양구군,2016,4/4,2016.4/4,심장혈관흉부외과,0
양구군,2017,1/4,2017.1/4,심장혈관흉부외과,0
양구군,2017,2/4,2017.2/4,심장혈관흉부외과,0
양구군,2017,3/4,2017.3/4,심장혈관흉부외과,0
양구군,2017,4/4,2017.4/4,심장혈관흉부외과,0
양구군,2018,1/4,2018.1/4,심장혈관흉부외과,0
양구군,2018,2/4,2018.2/4,심장혈관흉부외과,0
양구군,2018,3/4,2018.3/4,심장혈관흉부외과,0
양구군,2018,4/4,2018.4/4,심장혈관흉부외과,0
양구군,2019,1/4,2019.1/4,심장혈관흉부외과,0
양구군,2019,2/4,2019.2/4,심장혈관흉부외과,0
양구군,2019,3/4,2019.3/4,심장혈관흉부외과,0
양구군,2019,4/4,2019.4/4,심장혈관흉부외과,0
양구군,2020,1/4,2020.1/4,심장혈관흉부외과,0
양구군,2020,2/4,2020.2/4,심장혈관흉부외과,0
양구군,2020,3/4,2020.3/4,심장혈관흉부외과,0
양구군,2020,4/4,2020.4/4,심장혈관흉부외과,0
양구군,2021,1/4,2021.1/4,심장혈관흉부외과,0
양구군,2021,2/4,2021.2/4,심장혈관흉부외과,0
양구군,2021,3/4,2021.3/4,심장혈관흉부외과,0
양구군,2021,4/4,2021.4/4,심장혈관흉부외과,0
양구군,2022,1/4,2022.1/4,심장혈관흉부외과,0
양구군,2022,2/4,2022.2/4,심장혈관흉부외과,0
양구군,2022,3/4,2022.3/4,심장혈관흉부외과,0
양구군,2022,4/4,2022.4/4,심장혈관흉부외과,0
양구군,2023,1/4,2023.1/4,심장혈관흉부외과,0
양구군,2023,2/4,2023.2/4,심장혈관흉부외과,0
양구군,2023,3/4,2023.3/4,심장혈관흉부외과,0
양구군,2023,4/4,2023.4/4,심장혈관흉부외과,0
양구군,2024,1/4,2024.1/4,심장혈관흉부외과,0
양구군,2024,2/4,2024.2/4,심장혈관흉부외과,0
양구군,2024,3/4,2024.3/4,심장혈관흉부외과,0
양구군,2024,4/4,2024.4/4,심장혈관흉부외과,0
양구군,2025,1/4,2025.1/4,심장혈관흉부외과,0
양구군,2025,2/4,2025.2/4,심장혈관흉부외과,0
양구군,2025,3/4,2025.3/4,심장혈관흉부외과,0
양구군,2025,4/4,2025.4/4,심장혈관흉부외과,0
양구군,2009,1/4,2009.1/4,안과,1
양구군,2009,2/4,2009.2/4,안과,1
양구군,2009,3/4,2009.3/4,안과,1
양구군,2009,4/4,2009.4/4,안과,1
양구군,2010,1/4,2010.1/4,안과,1
양구군,2010,2/4,2010.2/4,안과,1
양구군,2010,3/4,2010.3/4,안과,1
양구군,2010,4/4,2010.4/4,안과,1
양구군,2011,1/4,2011.1/4,안과,1
양구군,2011,2/4,2011.2/4,안과,1
양구군,2011,3/4,2011.3/4,안과,1
양구군,2011,4/4,2011.4/4,안과,1
양구군,2012,1/4,2012.1/4,안과,1
양구군,2012,2/4,2012.2/4,안과,1
양구군,2012,3/4,2012.3/4,안과,1
양구군,2012,4/4,2012.4/4,안과,1
양구군,2013,1/4,2013.1/4,안과,1
양구군,2013,2/4,2013.2/4,안과,1
양구군,2013,3/4,2013.3/4,안과,1
양구군,2013,4/4,2013.4/4,안과,1
양구군,2014,1/4,2014.1/4,안과,1
양구군,2014,2/4,2014.2/4,안과,1
양구군,2014,3/4,2014.3/4,안과,1
양구군,2014,4/4,2014.4/4,안과,1
양구군,2015,1/4,2015.1/4,안과,1
양구군,2015,2/4,2015.2/4,안과,1
양구군,2015,3/4,2015.3/4,안과,1
양구군,2015,4/4,2015.4/4,안과,1
양구군,2016,1/4,2016.1/4,안과,1
양구군,2016,2/4,2016.2/4,안과,1
양구군,2016,3/4,2016.3/4,안과,1
양구군,2016,4/4,2016.4/4,안과,1
양구군,2017,1/4,2017.1/4,안과,1
양구군,2017,2/4,2017.2/4,안과,0
양구군,2017,3/4,2017.3/4,안과,0
양구군,2017,4/4,2017.4/4,안과,0
양구군,2018,1/4,2018.1/4,안과,0
양구군,2018,2/4,2018.2/4,안과,0
양구군,2018,3/4,2018.3/4,안과,0
양구군,2018,4/4,2018.4/4,안과,0
양구군,2019,1/4,2019.1/4,안과,0
양구군,2019,2/4,2019.2/4,안과,0
양구군,2019,3/4,2019.3/4,안과,0
양구군,2019,4/4,2019.4/4,안과,0
양구군,2020,1/4,2020.1/4,안과,0
양구군,2020,2/4,2020.2/4,안과,0
양구군,2020,3/4,2020.3/4,안과,0
양구군,2020,4/4,2020.4/4,안과,0
양구군,2021,1/4,2021.1/4,안과,0
양구군,2021,2/4,2021.2/4,안과,0
양구군,2021,3/4,2021.3/4,안과,0
양구군,2021,4/4,2021.4/4,안과,0
양구군,2022,1/4,2022.1/4,안과,0
양구군,2022,2/4,2022.2/4,안과,0
양구군,2022,3/4,2022.3/4,안과,0
양구군,2022,4/4,2022.4/4,안과,0
양구군,2023,1/4,2023.1/4,안과,0
양구군,2023,2/4,2023.2/4,안과,0
양구군,2023,3/4,2023.3/4,안과,0
양구군,2023,4/4,2023.4/4,안과,0
양구군,2024,1/4,2024.1/4,안과,0
양구군,2024,2/4,2024.2/4,안과,0
양구군,2024,3/4,2024.3/4,안과,0
양구군,2024,4/4,2024.4/4,안과,0
양구군,2025,1/4,2025.1/4,안과,1
양구군,2025,2/4,2025.2/4,안과,0
양구군,2025,3/4,2025.3/4,안과,0
양구군,2025,4/4,2025.4/4,안과,0
양구군,2009,1/4,2009.1/4,영상의학과,0
양구군,2009,2/4,2009.2/4,영상의학과,0
양구군,2009,3/4,2009.3/4,영상의학과,0
양구군,2009,4/4,2009.4/4,영상의학과,0
양구군,2010,1/4,2010.1/4,영상의학과,0
양구군,2010,2/4,2010.2/4,영상의학과,0
양구군,2010,3/4,2010.3/4,영상의학과,0
양구군,2010,4/4,2010.4/4,영상의학과,0
양구군,2011,1/4,2011.1/4,영상의학과,0
양구군,2011,2/4,2011.2/4,영상의학과,0
양구군,2011,3/4,2011.3/4,영상의학과,0
양구군,2011,4/4,2011.4/4,영상의학과,0
양구군,2012,1/4,2012.1/4,영상의학과,0
양구군,2012,2/4,2012.2/4,영상의학과,0
양구군,2012,3/4,2012.3/4,영상의학과,0
양구군,2012,4/4,2012.4/4,영상의학과,0
양구군,2013,1/4,2013.1/4,영상의학과,0
양구군,2013,2/4,2013.2/4,영상의학과,0
양구군,2013,3/4,2013.3/4,영상의학과,0
양구군,2013,4/4,2013.4/4,영상의학과,0
양구군,2014,1/4,2014.1/4,영상의학과,0
양구군,2014,2/4,2014.2/4,영상의학과,0
양구군,2014,3/4,2014.3/4,영상의학과,0
양구군,2014,4/4,2014.4/4,영상의학과,0
양구군,2015,1/4,2015.1/4,영상의학과,0
양구군,2015,2/4,2015.2/4,영상의학과,0
양구군,2015,3/4,2015.3/4,영상의학과,0
양구군,2015,4/4,2015.4/4,영상의학과,0
양구군,2016,1/4,2016.1/4,영상의학과,0
양구군,2016,2/4,2016.2/4,영상의학과,0
양구군,2016,3/4,2016.3/4,영상의학과,0
양구군,2016,4/4,2016.4/4,영상의학과,0
양구군,2017,1/4,2017.1/4,영상의학과,0
양구군,2017,2/4,2017.2/4,영상의학과,0
양구군,2017,3/4,2017.3/4,영상의학과,0
양구군,2017,4/4,2017.4/4,영상의학과,0
양구군,2018,1/4,2018.1/4,영상의학과,0
양구군,2018,2/4,2018.2/4,영상의학과,0
양구군,2018,3/4,2018.3/4,영상의학과,0
양구군,2018,4/4,2018.4/4,영상의학과,0
양구군,2019,1/4,2019.1/4,영상의학과,0
양구군,2019,2/4,2019.2/4,영상의학과,0
양구군,2019,3/4,2019.3/4,영상의학과,0
양구군,2019,4/4,2019.4/4,영상의학과,0
양구군,2020,1/4,2020.1/4,영상의학과,0
양구군,2020,2/4,2020.2/4,영상의학과,0
양구군,2020,3/4,2020.3/4,영상의학과,0
양구군,2020,4/4,2020.4/4,영상의학과,0
양구군,2021,1/4,2021.1/4,영상의학과,0
양구군,2021,2/4,2021.2/4,영상의학과,0
양구군,2021,3/4,2021.3/4,영상의학과,0
양구군,2021,4/4,2021.4/4,영상의학과,0
양구군,2022,1/4,2022.1/4,영상의학과,0
양구군,2022,2/4,2022.2/4,영상의학과,0
양구군,2022,3/4,2022.3/4,영상의학과,0
양구군,2022,4/4,2022.4/4,영상의학과,0
양구군,2023,1/4,2023.1/4,영상의학과,0
양구군,2023,2/4,2023.2/4,영상의학과,0
양구군,2023,3/4,2023.3/4,영상의학과,0
양구군,2023,4/4,2023.4/4,영상의학과,0
양구군,2024,1/4,2024.1/4,영상의학과,0
양구군,2024,2/4,2024.2/4,영상의학과,0
양구군,2024,3/4,2024.3/4,영상의학과,0
양구군,2024,4/4,2024.4/4,영상의학과,0
양구군,2025,1/4,2025.1/4,영상의학과,0
양구군,2025,2/4,2025.2/4,영상의학과,0
양구군,2025,3/4,2025.3/4,영상의학과,0
양구군,2025,4/4,2025.4/4,영상의학과,0
양구군,2009,1/4,2009.1/4,예방의학과,0
양구군,2009,2/4,2009.2/4,예방의학과,0
양구군,2009,3/4,2009.3/4,예방의학과,0
양구군,2009,4/4,2009.4/4,예방의학과,0
양구군,2010,1/4,2010.1/4,예방의학과,0
양구군,2010,2/4,2010.2/4,예방의학과,0
양구군,2010,3/4,2010.3/4,예방의학과,0
양구군,2010,4/4,2010.4/4,예방의학과,0
양구군,2011,1/4,2011.1/4,예방의학과,0
양구군,2011,2/4,2011.2/4,예방의학과,0
양구군,2011,3/4,2011.3/4,예방의학과,0
양구군,2011,4/4,2011.4/4,예방의학과,0
양구군,2012,1/4,2012.1/4,예방의학과,0
양구군,2012,2/4,2012.2/4,예방의학과,0
양구군,2012,3/4,2012.3/4,예방의학과,0
양구군,2012,4/4,2012.4/4,예방의학과,0
양구군,2013,1/4,2013.1/4,예방의학과,0
양구군,2013,2/4,2013.2/4,예방의학과,0
양구군,2013,3/4,2013.3/4,예방의학과,0
양구군,2013,4/4,2013.4/4,예방의학과,0
양구군,2014,1/4,2014.1/4,예방의학과,0
양구군,2014,2/4,2014.2/4,예방의학과,0
양구군,2014,3/4,2014.3/4,예방의학과,0
양구군,2014,4/4,2014.4/4,예방의학과,0
양구군,2015,1/4,2015.1/4,예방의학과,0
양구군,2015,2/4,2015.2/4,예방의학과,0
양구군,2015,3/4,2015.3/4,예방의학과,0
양구군,2015,4/4,2015.4/4,예방의학과,0
양구군,2016,1/4,2016.1/4,예방의학과,0
양구군,2016,2/4,2016.2/4,예방의학과,0
양구군,2016,3/4,2016.3/4,예방의학과,0
양구군,2016,4/4,2016.4/4,예방의학과,0
양구군,2017,1/4,2017.1/4,예방의학과,0
양구군,2017,2/4,2017.2/4,예방의학과,0
양구군,2017,3/4,2017.3/4,예방의학과,0
양구군,2017,4/4,2017.4/4,예방의학과,0
양구군,2018,1/4,2018.1/4,예방의학과,0
양구군,2018,2/4,2018.2/4,예방의학과,0
양구군,2018,3/4,2018.3/4,예방의학과,0
양구군,2018,4/4,2018.4/4,예방의학과,0
양구군,2019,1/4,2019.1/4,예방의학과,0
양구군,2019,2/4,2019.2/4,예방의학과,0
양구군,2019,3/4,2019.3/4,예방의학과,0
양구군,2019,4/4,2019.4/4,예방의학과,0
양구군,2020,1/4,2020.1/4,예방의학과,0
양구군,2020,2/4,2020.2/4,예방의학과,0
양구군,2020,3/4,2020.3/4,예방의학과,0
양구군,2020,4/4,2020.4/4,예방의학과,0
양구군,2021,1/4,2021.1/4,예방의학과,0
양구군,2021,2/4,2021.2/4,예방의학과,0
양구군,2021,3/4,2021.3/4,예방의학과,0
양구군,2021,4/4,2021.4/4,예방의학과,0
양구군,2022,1/4,2022.1/4,예방의학과,0
양구군,2022,2/4,2022.2/4,예방의학과,0
양구군,2022,3/4,2022.3/4,예방의학과,0
양구군,2022,4/4,2022.4/4,예방의학과,0
양구군,2023,1/4,2023.1/4,예방의학과,0
양구군,2023,2/4,2023.2/4,예방의학과,0
양구군,2023,3/4,2023.3/4,예방의학과,0
양구군,2023,4/4,2023.4/4,예방의학과,0
양구군,2024,1/4,2024.1/4,예방의학과,0
양구군,2024,2/4,2024.2/4,예방의학과,0
양구군,2024,3/4,2024.3/4,예방의학과,0
양구군,2024,4/4,2024.4/4,예방의학과,0
양구군,2025,1/4,2025.1/4,예방의학과,0
양구군,2025,2/4,2025.2/4,예방의학과,0
양구군,2025,3/4,2025.3/4,예방의학과,0
양구군,2025,4/4,2025.4/4,예방의학과,0
양구군,2009,1/4,2009.1/4,외과,2
양구군,2009,2/4,2009.2/4,외과,3
양구군,2009,3/4,2009.3/4,외과,3
양구군,2009,4/4,2009.4/4,외과,3
양구군,2010,1/4,2010.1/4,외과,3
양구군,2010,2/4,2010.2/4,외과,3
양구군,2010,3/4,2010.3/4,외과,3
양구군,2010,4/4,2010.4/4,외과,3
양구군,2011,1/4,2011.1/4,외과,3
양구군,2011,2/4,2011.2/4,외과,2
양구군,2011,3/4,2011.3/4,외과,2
양구군,2011,4/4,2011.4/4,외과,2
양구군,2012,1/4,2012.1/4,외과,1
양구군,2012,2/4,2012.2/4,외과,2
양구군,2012,3/4,2012.3/4,외과,2
양구군,2012,4/4,2012.4/4,외과,2
양구군,2013,1/4,2013.1/4,외과,2
양구군,2013,2/4,2013.2/4,외과,1
양구군,2013,3/4,2013.3/4,외과,1
양구군,2013,4/4,2013.4/4,외과,1
양구군,2014,1/4,2014.1/4,외과,1
양구군,2014,2/4,2014.2/4,외과,3
양구군,2014,3/4,2014.3/4,외과,2
양구군,2014,4/4,2014.4/4,외과,2
양구군,2015,1/4,2015.1/4,외과,2
양구군,2015,2/4,2015.2/4,외과,2
양구군,2015,3/4,2015.3/4,외과,2
양구군,2015,4/4,2015.4/4,외과,2
양구군,2016,1/4,2016.1/4,외과,3
양구군,2016,2/4,2016.2/4,외과,2
양구군,2016,3/4,2016.3/4,외과,2
양구군,2016,4/4,2016.4/4,외과,2
양구군,2017,1/4,2017.1/4,외과,2
양구군,2017,2/4,2017.2/4,외과,2
양구군,2017,3/4,2017.3/4,외과,2
양구군,2017,4/4,2017.4/4,외과,2
양구군,2018,1/4,2018.1/4,외과,2
양구군,2018,2/4,2018.2/4,외과,2
양구군,2018,3/4,2018.3/4,외과,2
양구군,2018,4/4,2018.4/4,외과,2
양구군,2019,1/4,2019.1/4,외과,2
양구군,2019,2/4,2019.2/4,외과,3
양구군,2019,3/4,2019.3/4,외과,3
양구군,2019,4/4,2019.4/4,외과,3
양구군,2020,1/4,2020.1/4,외과,4
양구군,2020,2/4,2020.2/4,외과,3
양구군,2020,3/4,2020.3/4,외과,3
양구군,2020,4/4,2020.4/4,외과,3
양구군,2021,1/4,2021.1/4,외과,3
양구군,2021,2/4,2021.2/4,외과,3
양구군,2021,3/4,2021.3/4,외과,3
양구군,2021,4/4,2021.4/4,외과,3
양구군,2022,1/4,2022.1/4,외과,2
양구군,2022,2/4,2022.2/4,외과,2
양구군,2022,3/4,2022.3/4,외과,2
양구군,2022,4/4,2022.4/4,외과,2
양구군,2023,1/4,2023.1/4,외과,2
양구군,2023,2/4,2023.2/4,외과,2
양구군,2023,3/4,2023.3/4,외과,2
양구군,2023,4/4,2023.4/4,외과,2
양구군,2024,1/4,2024.1/4,외과,2
양구군,2024,2/4,2024.2/4,외과,2
양구군,2024,3/4,2024.3/4,외과,2
양구군,2024,4/4,2024.4/4,외과,2
양구군,2025,1/4,2025.1/4,외과,3
양구군,2025,2/4,2025.2/4,외과,2
양구군,2025,3/4,2025.3/4,외과,2
양구군,2025,4/4,2025.4/4,외과,2
양구군,2009,1/4,2009.1/4,응급의학과,0
양구군,2009,2/4,2009.2/4,응급의학과,0
양구군,2009,3/4,2009.3/4,응급의학과,0
양구군,2009,4/4,2009.4/4,응급의학과,0
양구군,2010,1/4,2010.1/4,응급의학과,0
양구군,2010,2/4,2010.2/4,응급의학과,0
양구군,2010,3/4,2010.3/4,응급의학과,0
양구군,2010,4/4,2010.4/4,응급의학과,0
양구군,2011,1/4,2011.1/4,응급의학과,0
양구군,2011,2/4,2011.2/4,응급의학과,1
양구군,2011,3/4,2011.3/4,응급의학과,1
양구군,2011,4/4,2011.4/4,응급의학과,1
양구군,2012,1/4,2012.1/4,응급의학과,1
양구군,2012,2/4,2012.2/4,응급의학과,1
양구군,2012,3/4,2012.3/4,응급의학과,1
양구군,2012,4/4,2012.4/4,응급의학과,1
양구군,2013,1/4,2013.1/4,응급의학과,1
양구군,2013,2/4,2013.2/4,응급의학과,3
양구군,2013,3/4,2013.3/4,응급의학과,3
양구군,2013,4/4,2013.4/4,응급의학과,3
양구군,2014,1/4,2014.1/4,응급의학과,3
양구군,2014,2/4,2014.2/4,응급의학과,2
양구군,2014,3/4,2014.3/4,응급의학과,2
양구군,2014,4/4,2014.4/4,응급의학과,2
양구군,2015,1/4,2015.1/4,응급의학과,2
양구군,2015,2/4,2015.2/4,응급의학과,1
양구군,2015,3/4,2015.3/4,응급의학과,1
양구군,2015,4/4,2015.4/4,응급의학과,1
양구군,2016,1/4,2016.1/4,응급의학과,1
양구군,2016,2/4,2016.2/4,응급의학과,2
양구군,2016,3/4,2016.3/4,응급의학과,2
양구군,2016,4/4,2016.4/4,응급의학과,2
양구군,2017,1/4,2017.1/4,응급의학과,2
양구군,2017,2/4,2017.2/4,응급의학과,1
양구군,2017,3/4,2017.3/4,응급의학과,1
양구군,2017,4/4,2017.4/4,응급의학과,1
양구군,2018,1/4,2018.1/4,응급의학과,1
양구군,2018,2/4,2018.2/4,응급의학과,2
양구군,2018,3/4,2018.3/4,응급의학과,2
양구군,2018,4/4,2018.4/4,응급의학과,2
양구군,2019,1/4,2019.1/4,응급의학과,2
양구군,2019,2/4,2019.2/4,응급의학과,0
양구군,2019,3/4,2019.3/4,응급의학과,0
양구군,2019,4/4,2019.4/4,응급의학과,0
양구군,2020,1/4,2020.1/4,응급의학과,0
양구군,2020,2/4,2020.2/4,응급의학과,0
양구군,2020,3/4,2020.3/4,응급의학과,0
양구군,2020,4/4,2020.4/4,응급의학과,0
양구군,2021,1/4,2021.1/4,응급의학과,0
양구군,2021,2/4,2021.2/4,응급의학과,0
양구군,2021,3/4,2021.3/4,응급의학과,0
양구군,2021,4/4,2021.4/4,응급의학과,0
양구군,2022,1/4,2022.1/4,응급의학과,0
양구군,2022,2/4,2022.2/4,응급의학과,0
양구군,2022,3/4,2022.3/4,응급의학과,0
양구군,2022,4/4,2022.4/4,응급의학과,0
양구군,2023,1/4,2023.1/4,응급의학과,0
양구군,2023,2/4,2023.2/4,응급의학과,0
양구군,2023,3/4,2023.3/4,응급의학과,0
양구군,2023,4/4,2023.4/4,응급의학과,0
양구군,2024,1/4,2024.1/4,응급의학과,0
양구군,2024,2/4,2024.2/4,응급의학과,0
양구군,2024,3/4,2024.3/4,응급의학과,0
양구군,2024,4/4,2024.4/4,응급의학과,0
양구군,2025,1/4,2025.1/4,응급의학과,0
양구군,2025,2/4,2025.2/4,응급의학과,1
양구군,2025,3/4,2025.3/4,응급의학과,1
양구군,2025,4/4,2025.4/4,응급의학과,1
양구군,2009,1/4,2009.1/4,이비인후과,1
양구군,2009,2/4,2009.2/4,이비인후과,2
양구군,2009,3/4,2009.3/4,이비인후과,2
양구군,2009,4/4,2009.4/4,이비인후과,2
양구군,2010,1/4,2010.1/4,이비인후과,2
양구군,2010,2/4,2010.2/4,이비인후과,2
양구군,2010,3/4,2010.3/4,이비인후과,2
양구군,2010,4/4,2010.4/4,이비인후과,2
양구군,2011,1/4,2011.1/4,이비인후과,2
양구군,2011,2/4,2011.2/4,이비인후과,2
양구군,2011,3/4,2011.3/4,이비인후과,2
양구군,2011,4/4,2011.4/4,이비인후과,2
양구군,2012,1/4,2012.1/4,이비인후과,2
양구군,2012,2/4,2012.2/4,이비인후과,2
양구군,2012,3/4,2012.3/4,이비인후과,2
양구군,2012,4/4,2012.4/4,이비인후과,2
양구군,2013,1/4,2013.1/4,이비인후과,2
양구군,2013,2/4,2013.2/4,이비인후과,2
양구군,2013,3/4,2013.3/4,이비인후과,2
양구군,2013,4/4,2013.4/4,이비인후과,2
양구군,2014,1/4,2014.1/4,이비인후과,2
양구군,2014,2/4,2014.2/4,이비인후과,2
양구군,2014,3/4,2014.3/4,이비인후과,2
양구군,2014,4/4,2014.4/4,이비인후과,2
양구군,2015,1/4,2015.1/4,이비인후과,2
양구군,2015,2/4,2015.2/4,이비인후과,1
양구군,2015,3/4,2015.3/4,이비인후과,1
양구군,2015,4/4,2015.4/4,이비인후과,1
양구군,2016,1/4,2016.1/4,이비인후과,1
양구군,2016,2/4,2016.2/4,이비인후과,1
양구군,2016,3/4,2016.3/4,이비인후과,1
양구군,2016,4/4,2016.4/4,이비인후과,1
양구군,2017,1/4,2017.1/4,이비인후과,1
양구군,2017,2/4,2017.2/4,이비인후과,1
양구군,2017,3/4,2017.3/4,이비인후과,1
양구군,2017,4/4,2017.4/4,이비인후과,1
양구군,2018,1/4,2018.1/4,이비인후과,1
양구군,2018,2/4,2018.2/4,이비인후과,1
양구군,2018,3/4,2018.3/4,이비인후과,1
양구군,2018,4/4,2018.4/4,이비인후과,1
양구군,2019,1/4,2019.1/4,이비인후과,1
양구군,2019,2/4,2019.2/4,이비인후과,2
양구군,2019,3/4,2019.3/4,이비인후과,2
양구군,2019,4/4,2019.4/4,이비인후과,2
양구군,2020,1/4,2020.1/4,이비인후과,2
양구군,2020,2/4,2020.2/4,이비인후과,0
양구군,2020,3/4,2020.3/4,이비인후과,0
양구군,2020,4/4,2020.4/4,이비인후과,0
양구군,2021,1/4,2021.1/4,이비인후과,0
양구군,2021,2/4,2021.2/4,이비인후과,0
양구군,2021,3/4,2021.3/4,이비인후과,0
양구군,2021,4/4,2021.4/4,이비인후과,0
양구군,2022,1/4,2022.1/4,이비인후과,0
양구군,2022,2/4,2022.2/4,이비인후과,0
양구군,2022,3/4,2022.3/4,이비인후과,0
양구군,2022,4/4,2022.4/4,이비인후과,0
양구군,2023,1/4,2023.1/4,이비인후과,0
양구군,2023,2/4,2023.2/4,이비인후과,0
양구군,2023,3/4,2023.3/4,이비인후과,0
양구군,2023,4/4,2023.4/4,이비인후과,0
양구군,2024,1/4,2024.1/4,이비인후과,0
양구군,2024,2/4,2024.2/4,이비인후과,0
양구군,2024,3/4,2024.3/4,이비인후과,0
양구군,2024,4/4,2024.4/4,이비인후과,0
양구군,2025,1/4,2025.1/4,이비인후과,2
양구군,2025,2/4,2025.2/4,이비인후과,1
양구군,2025,3/4,2025.3/4,이비인후과,1
양구군,2025,4/4,2025.4/4,이비인후과,1
양구군,2009,1/4,2009.1/4,재활의학과,0
양구군,2009,2/4,2009.2/4,재활의학과,0
양구군,2009,3/4,2009.3/4,재활의학과,0
양구군,2009,4/4,2009.4/4,재활의학과,0
양구군,2010,1/4,2010.1/4,재활의학과,0
양구군,2010,2/4,2010.2/4,재활의학과,0
양구군,2010,3/4,2010.3/4,재활의학과,0
양구군,2010,4/4,2010.4/4,재활의학과,0
양구군,2011,1/4,2011.1/4,재활의학과,0
양구군,2011,2/4,2011.2/4,재활의학과,0
양구군,2011,3/4,2011.3/4,재활의학과,0
양구군,2011,4/4,2011.4/4,재활의학과,0
양구군,2012,1/4,2012.1/4,재활의학과,0
양구군,2012,2/4,2012.2/4,재활의학과,0
양구군,2012,3/4,2012.3/4,재활의학과,0
양구군,2012,4/4,2012.4/4,재활의학과,0
양구군,2013,1/4,2013.1/4,재활의학과,0
양구군,2013,2/4,2013.2/4,재활의학과,0
양구군,2013,3/4,2013.3/4,재활의학과,0
양구군,2013,4/4,2013.4/4,재활의학과,0
양구군,2014,1/4,2014.1/4,재활의학과,0
양구군,2014,2/4,2014.2/4,재활의학과,0
양구군,2014,3/4,2014.3/4,재활의학과,0
양구군,2014,4/4,2014.4/4,재활의학과,0
양구군,2015,1/4,2015.1/4,재활의학과,0
양구군,2015,2/4,2015.2/4,재활의학과,0
양구군,2015,3/4,2015.3/4,재활의학과,0
양구군,2015,4/4,2015.4/4,재활의학과,0
양구군,2016,1/4,2016.1/4,재활의학과,0
양구군,2016,2/4,2016.2/4,재활의학과,0
양구군,2016,3/4,2016.3/4,재활의학과,0
양구군,2016,4/4,2016.4/4,재활의학과,0
양구군,2017,1/4,2017.1/4,재활의학과,0
양구군,2017,2/4,2017.2/4,재활의학과,0
양구군,2017,3/4,2017.3/4,재활의학과,0
양구군,2017,4/4,2017.4/4,재활의학과,0
양구군,2018,1/4,2018.1/4,재활의학과,0
양구군,2018,2/4,2018.2/4,재활의학과,0
양구군,2018,3/4,2018.3/4,재활의학과,0
양구군,2018,4/4,2018.4/4,재활의학과,0
양구군,2019,1/4,2019.1/4,재활의학과,0
양구군,2019,2/4,2019.2/4,재활의학과,0
양구군,2019,3/4,2019.3/4,재활의학과,0
양구군,2019,4/4,2019.4/4,재활의학과,0
양구군,2020,1/4,2020.1/4,재활의학과,0
양구군,2020,2/4,2020.2/4,재활의학과,0
양구군,2020,3/4,2020.3/4,재활의학과,0
양구군,2020,4/4,2020.4/4,재활의학과,0
양구군,2021,1/4,2021.1/4,재활의학과,0
양구군,2021,2/4,2021.2/4,재활의학과,0
양구군,2021,3/4,2021.3/4,재활의학과,0
양구군,2021,4/4,2021.4/4,재활의학과,0
양구군,2022,1/4,2022.1/4,재활의학과,0
양구군,2022,2/4,2022.2/4,재활의학과,0
양구군,2022,3/4,2022.3/4,재활의학과,0
양구군,2022,4/4,2022.4/4,재활의학과,0
양구군,2023,1/4,2023.1/4,재활의학과,0
양구군,2023,2/4,2023.2/4,재활의학과,0
양구군,2023,3/4,2023.3/4,재활의학과,0
양구군,2023,4/4,2023.4/4,재활의학과,0
양구군,2024,1/4,2024.1/4,재활의학과,0
양구군,2024,2/4,2024.2/4,재활의학과,0
양구군,2024,3/4,2024.3/4,재활의학과,0
양구군,2024,4/4,2024.4/4,재활의학과,0
양구군,2025,1/4,2025.1/4,재활의학과,0
양구군,2025,2/4,2025.2/4,재활의학과,0
양구군,2025,3/4,2025.3/4,재활의학과,0
양구군,2025,4/4,2025.4/4,재활의학과,0
양구군,2009,1/4,2009.1/4,정신건강의학과,0
양구군,2009,2/4,2009.2/4,정신건강의학과,0
양구군,2009,3/4,2009.3/4,정신건강의학과,0
양구군,2009,4/4,2009.4/4,정신건강의학과,0
양구군,2010,1/4,2010.1/4,정신건강의학과,0
양구군,2010,2/4,2010.2/4,정신건강의학과,1
양구군,2010,3/4,2010.3/4,정신건강의학과,1
양구군,2010,4/4,2010.4/4,정신건강의학과,1
양구군,2011,1/4,2011.1/4,정신건강의학과,1
양구군,2011,2/4,2011.2/4,정신건강의학과,1
양구군,2011,3/4,2011.3/4,정신건강의학과,1
양구군,2011,4/4,2011.4/4,정신건강의학과,1
양구군,2012,1/4,2012.1/4,정신건강의학과,1
양구군,2012,2/4,2012.2/4,정신건강의학과,1
양구군,2012,3/4,2012.3/4,정신건강의학과,1
양구군,2012,4/4,2012.4/4,정신건강의학과,1
양구군,2013,1/4,2013.1/4,정신건강의학과,1
양구군,2013,2/4,2013.2/4,정신건강의학과,1
양구군,2013,3/4,2013.3/4,정신건강의학과,1
양구군,2013,4/4,2013.4/4,정신건강의학과,1
양구군,2014,1/4,2014.1/4,정신건강의학과,1
양구군,2014,2/4,2014.2/4,정신건강의학과,1
양구군,2014,3/4,2014.3/4,정신건강의학과,1
양구군,2014,4/4,2014.4/4,정신건강의학과,1
양구군,2015,1/4,2015.1/4,정신건강의학과,1
양구군,2015,2/4,2015.2/4,정신건강의학과,1
양구군,2015,3/4,2015.3/4,정신건강의학과,1
양구군,2015,4/4,2015.4/4,정신건강의학과,1
양구군,2016,1/4,2016.1/4,정신건강의학과,1
양구군,2016,2/4,2016.2/4,정신건강의학과,1
양구군,2016,3/4,2016.3/4,정신건강의학과,1
양구군,2016,4/4,2016.4/4,정신건강의학과,1
양구군,2017,1/4,2017.1/4,정신건강의학과,1
양구군,2017,2/4,2017.2/4,정신건강의학과,0
양구군,2017,3/4,2017.3/4,정신건강의학과,0
양구군,2017,4/4,2017.4/4,정신건강의학과,0
양구군,2018,1/4,2018.1/4,정신건강의학과,0
양구군,2018,2/4,2018.2/4,정신건강의학과,1
양구군,2018,3/4,2018.3/4,정신건강의학과,1
양구군,2018,4/4,2018.4/4,정신건강의학과,1
양구군,2019,1/4,2019.1/4,정신건강의학과,1
양구군,2019,2/4,2019.2/4,정신건강의학과,1
양구군,2019,3/4,2019.3/4,정신건강의학과,1
양구군,2019,4/4,2019.4/4,정신건강의학과,1
양구군,2020,1/4,2020.1/4,정신건강의학과,1
양구군,2020,2/4,2020.2/4,정신건강의학과,0
양구군,2020,3/4,2020.3/4,정신건강의학과,0
양구군,2020,4/4,2020.4/4,정신건강의학과,0
양구군,2021,1/4,2021.1/4,정신건강의학과,0
양구군,2021,2/4,2021.2/4,정신건강의학과,0
양구군,2021,3/4,2021.3/4,정신건강의학과,0
양구군,2021,4/4,2021.4/4,정신건강의학과,0
양구군,2022,1/4,2022.1/4,정신건강의학과,0
양구군,2022,2/4,2022.2/4,정신건강의학과,0
양구군,2022,3/4,2022.3/4,정신건강의학과,0
양구군,2022,4/4,2022.4/4,정신건강의학과,0
양구군,2023,1/4,2023.1/4,정신건강의학과,0
양구군,2023,2/4,2023.2/4,정신건강의학과,0
양구군,2023,3/4,2023.3/4,정신건강의학과,0
양구군,2023,4/4,2023.4/4,정신건강의학과,0
양구군,2024,1/4,2024.1/4,정신건강의학과,0
양구군,2024,2/4,2024.2/4,정신건강의학과,0
양구군,2024,3/4,2024.3/4,정신건강의학과,0
양구군,2024,4/4,2024.4/4,정신건강의학과,0
양구군,2025,1/4,2025.1/4,정신건강의학과,1
양구군,2025,2/4,2025.2/4,정신건강의학과,0
양구군,2025,3/4,2025.3/4,정신건강의학과,0
양구군,2025,4/4,2025.4/4,정신건강의학과,0
양구군,2009,1/4,2009.1/4,정형외과,2
양구군,2009,2/4,2009.2/4,정형외과,3
양구군,2009,3/4,2009.3/4,정형외과,3
양구군,2009,4/4,2009.4/4,정형외과,3
양구군,2010,1/4,2010.1/4,정형외과,3
양구군,2010,2/4,2010.2/4,정형외과,3
양구군,2010,3/4,2010.3/4,정형외과,3
양구군,2010,4/4,2010.4/4,정형외과,3
양구군,2011,1/4,2011.1/4,정형외과,2
양구군,2011,2/4,2011.2/4,정형외과,1
양구군,2011,3/4,2011.3/4,정형외과,1
양구군,2011,4/4,2011.4/4,정형외과,2
양구군,2012,1/4,2012.1/4,정형외과,2
양구군,2012,2/4,2012.2/4,정형외과,3
양구군,2012,3/4,2012.3/4,정형외과,3
양구군,2012,4/4,2012.4/4,정형외과,3
양구군,2013,1/4,2013.1/4,정형외과,3
양구군,2013,2/4,2013.2/4,정형외과,3
양구군,2013,3/4,2013.3/4,정형외과,3
양구군,2013,4/4,2013.4/4,정형외과,3
양구군,2014,1/4,2014.1/4,정형외과,3
양구군,2014,2/4,2014.2/4,정형외과,3
양구군,2014,3/4,2014.3/4,정형외과,3
양구군,2014,4/4,2014.4/4,정형외과,3
양구군,2015,1/4,2015.1/4,정형외과,3
양구군,2015,2/4,2015.2/4,정형외과,2
양구군,2015,3/4,2015.3/4,정형외과,2
양구군,2015,4/4,2015.4/4,정형외과,2
양구군,2016,1/4,2016.1/4,정형외과,2
양구군,2016,2/4,2016.2/4,정형외과,2
양구군,2016,3/4,2016.3/4,정형외과,2
양구군,2016,4/4,2016.4/4,정형외과,2
양구군,2017,1/4,2017.1/4,정형외과,2
양구군,2017,2/4,2017.2/4,정형외과,1
양구군,2017,3/4,2017.3/4,정형외과,2
양구군,2017,4/4,2017.4/4,정형외과,2
양구군,2018,1/4,2018.1/4,정형외과,2
양구군,2018,2/4,2018.2/4,정형외과,1
양구군,2018,3/4,2018.3/4,정형외과,1
양구군,2018,4/4,2018.4/4,정형외과,1
양구군,2019,1/4,2019.1/4,정형외과,1
양구군,2019,2/4,2019.2/4,정형외과,4
양구군,2019,3/4,2019.3/4,정형외과,4
양구군,2019,4/4,2019.4/4,정형외과,4
양구군,2020,1/4,2020.1/4,정형외과,3
양구군,2020,2/4,2020.2/4,정형외과,3
양구군,2020,3/4,2020.3/4,정형외과,3
양구군,2020,4/4,2020.4/4,정형외과,3
양구군,2021,1/4,2021.1/4,정형외과,3
양구군,2021,2/4,2021.2/4,정형외과,3
양구군,2021,3/4,2021.3/4,정형외과,3
양구군,2021,4/4,2021.4/4,정형외과,3
양구군,2022,1/4,2022.1/4,정형외과,2
양구군,2022,2/4,2022.2/4,정형외과,2
양구군,2022,3/4,2022.3/4,정형외과,2
양구군,2022,4/4,2022.4/4,정형외과,2
양구군,2023,1/4,2023.1/4,정형외과,2
양구군,2023,2/4,2023.2/4,정형외과,2
양구군,2023,3/4,2023.3/4,정형외과,2
양구군,2023,4/4,2023.4/4,정형외과,2
양구군,2024,1/4,2024.1/4,정형외과,1
양구군,2024,2/4,2024.2/4,정형외과,2
양구군,2024,3/4,2024.3/4,정형외과,2
양구군,2024,4/4,2024.4/4,정형외과,2
양구군,2025,1/4,2025.1/4,정형외과,4
양구군,2025,2/4,2025.2/4,정형외과,4
양구군,2025,3/4,2025.3/4,정형외과,3
양구군,2025,4/4,2025.4/4,정형외과,3
양구군,2009,1/4,2009.1/4,직업환경의학과,0
양구군,2009,2/4,2009.2/4,직업환경의학과,0
양구군,2009,3/4,2009.3/4,직업환경의학과,0
양구군,2009,4/4,2009.4/4,직업환경의학과,0
양구군,2010,1/4,2010.1/4,직업환경의학과,0
양구군,2010,2/4,2010.2/4,직업환경의학과,0
양구군,2010,3/4,2010.3/4,직업환경의학과,0
양구군,2010,4/4,2010.4/4,직업환경의학과,0
양구군,2011,1/4,2011.1/4,직업환경의학과,0
양구군,2011,2/4,2011.2/4,직업환경의학과,0
양구군,2011,3/4,2011.3/4,직업환경의학과,0
양구군,2011,4/4,2011.4/4,직업환경의학과,0
양구군,2012,1/4,2012.1/4,직업환경의학과,0
양구군,2012,2/4,2012.2/4,직업환경의학과,0
양구군,2012,3/4,2012.3/4,직업환경의학과,0
양구군,2012,4/4,2012.4/4,직업환경의학과,0
양구군,2013,1/4,2013.1/4,직업환경의학과,0
양구군,2013,2/4,2013.2/4,직업환경의학과,0
양구군,2013,3/4,2013.3/4,직업환경의학과,0
양구군,2013,4/4,2013.4/4,직업환경의학과,0
양구군,2014,1/4,2014.1/4,직업환경의학과,0
양구군,2014,2/4,2014.2/4,직업환경의학과,0
양구군,2014,3/4,2014.3/4,직업환경의학과,0
양구군,2014,4/4,2014.4/4,직업환경의학과,0
양구군,2015,1/4,2015.1/4,직업환경의학과,0
양구군,2015,2/4,2015.2/4,직업환경의학과,0
양구군,2015,3/4,2015.3/4,직업환경의학과,0
양구군,2015,4/4,2015.4/4,직업환경의학과,0
양구군,2016,1/4,2016.1/4,직업환경의학과,0
양구군,2016,2/4,2016.2/4,직업환경의학과,0
양구군,2016,3/4,2016.3/4,직업환경의학과,0
양구군,2016,4/4,2016.4/4,직업환경의학과,0
양구군,2017,1/4,2017.1/4,직업환경의학과,0
양구군,2017,2/4,2017.2/4,직업환경의학과,0
양구군,2017,3/4,2017.3/4,직업환경의학과,0
양구군,2017,4/4,2017.4/4,직업환경의학과,0
양구군,2018,1/4,2018.1/4,직업환경의학과,0
양구군,2018,2/4,2018.2/4,직업환경의학과,0
양구군,2018,3/4,2018.3/4,직업환경의학과,0
양구군,2018,4/4,2018.4/4,직업환경의학과,0
양구군,2019,1/4,2019.1/4,직업환경의학과,0
양구군,2019,2/4,2019.2/4,직업환경의학과,0
양구군,2019,3/4,2019.3/4,직업환경의학과,0
양구군,2019,4/4,2019.4/4,직업환경의학과,0
양구군,2020,1/4,2020.1/4,직업환경의학과,0
양구군,2020,2/4,2020.2/4,직업환경의학과,0
양구군,2020,3/4,2020.3/4,직업환경의학과,0
양구군,2020,4/4,2020.4/4,직업환경의학과,0
양구군,2021,1/4,2021.1/4,직업환경의학과,0
양구군,2021,2/4,2021.2/4,직업환경의학과,0
양구군,2021,3/4,2021.3/4,직업환경의학과,0
양구군,2021,4/4,2021.4/4,직업환경의학과,0
양구군,2022,1/4,2022.1/4,직업환경의학과,0
양구군,2022,2/4,2022.2/4,직업환경의학과,0
양구군,2022,3/4,2022.3/4,직업환경의학과,0
양구군,2022,4/4,2022.4/4,직업환경의학과,0
양구군,2023,1/4,2023.1/4,직업환경의학과,0
양구군,2023,2/4,2023.2/4,직업환경의학과,0
양구군,2023,3/4,2023.3/4,직업환경의학과,0
양구군,2023,4/4,2023.4/4,직업환경의학과,0
양구군,2024,1/4,2024.1/4,직업환경의학과,0
양구군,2024,2/4,2024.2/4,직업환경의학과,0
양구군,2024,3/4,2024.3/4,직업환경의학과,0
양구군,2024,4/4,2024.4/4,직업환경의학과,0
양구군,2025,1/4,2025.1/4,직업환경의학과,0
양구군,2025,2/4,2025.2/4,직업환경의학과,0
양구군,2025,3/4,2025.3/4,직업환경의학과,0
양구군,2025,4/4,2025.4/4,직업환경의학과,0
양구군,2009,1/4,2009.1/4,진단검사의학과,0
양구군,2009,2/4,2009.2/4,진단검사의학과,0
양구군,2009,3/4,2009.3/4,진단검사의학과,0
양구군,2009,4/4,2009.4/4,진단검사의학과,0
양구군,2010,1/4,2010.1/4,진단검사의학과,0
양구군,2010,2/4,2010.2/4,진단검사의학과,0
양구군,2010,3/4,2010.3/4,진단검사의학과,0
양구군,2010,4/4,2010.4/4,진단검사의학과,0
양구군,2011,1/4,2011.1/4,진단검사의학과,0
양구군,2011,2/4,2011.2/4,진단검사의학과,0
양구군,2011,3/4,2011.3/4,진단검사의학과,0
양구군,2011,4/4,2011.4/4,진단검사의학과,0
양구군,2012,1/4,2012.1/4,진단검사의학과,0
양구군,2012,2/4,2012.2/4,진단검사의학과,0
양구군,2012,3/4,2012.3/4,진단검사의학과,0
양구군,2012,4/4,2012.4/4,진단검사의학과,0
양구군,2013,1/4,2013.1/4,진단검사의학과,0
양구군,2013,2/4,2013.2/4,진단검사의학과,0
양구군,2013,3/4,2013.3/4,진단검사의학과,0
양구군,2013,4/4,2013.4/4,진단검사의학과,0
양구군,2014,1/4,2014.1/4,진단검사의학과,0
양구군,2014,2/4,2014.2/4,진단검사의학과,0
양구군,2014,3/4,2014.3/4,진단검사의학과,0
양구군,2014,4/4,2014.4/4,진단검사의학과,0
양구군,2015,1/4,2015.1/4,진단검사의학과,0
양구군,2015,2/4,2015.2/4,진단검사의학과,0
양구군,2015,3/4,2015.3/4,진단검사의학과,0
양구군,2015,4/4,2015.4/4,진단검사의학과,0
양구군,2016,1/4,2016.1/4,진단검사의학과,0
양구군,2016,2/4,2016.2/4,진단검사의학과,0
양구군,2016,3/4,2016.3/4,진단검사의학과,0
양구군,2016,4/4,2016.4/4,진단검사의학과,0
양구군,2017,1/4,2017.1/4,진단검사의학과,0
양구군,2017,2/4,2017.2/4,진단검사의학과,0
양구군,2017,3/4,2017.3/4,진단검사의학과,0
양구군,2017,4/4,2017.4/4,진단검사의학과,0
양구군,2018,1/4,2018.1/4,진단검사의학과,0
양구군,2018,2/4,2018.2/4,진단검사의학과,0
양구군,2018,3/4,2018.3/4,진단검사의학과,0
양구군,2018,4/4,2018.4/4,진단검사의학과,0
양구군,2019,1/4,2019.1/4,진단검사의학과,0
양구군,2019,2/4,2019.2/4,진단검사의학과,0
양구군,2019,3/4,2019.3/4,진단검사의학과,0
양구군,2019,4/4,2019.4/4,진단검사의학과,0
양구군,2020,1/4,2020.1/4,진단검사의학과,0
양구군,2020,2/4,2020.2/4,진단검사의학과,0
양구군,2020,3/4,2020.3/4,진단검사의학과,0
양구군,2020,4/4,2020.4/4,진단검사의학과,0
양구군,2021,1/4,2021.1/4,진단검사의학과,0
양구군,2021,2/4,2021.2/4,진단검사의학과,0
양구군,2021,3/4,2021.3/4,진단검사의학과,0
양구군,2021,4/4,2021.4/4,진단검사의학과,0
양구군,2022,1/4,2022.1/4,진단검사의학과,0
양구군,2022,2/4,2022.2/4,진단검사의학과,0
양구군,2022,3/4,2022.3/4,진단검사의학과,0
양구군,2022,4/4,2022.4/4,진단검사의학과,0
양구군,2023,1/4,2023.1/4,진단검사의학과,0
양구군,2023,2/4,2023.2/4,진단검사의학과,0
양구군,2023,3/4,2023.3/4,진단검사의학과,0
양구군,2023,4/4,2023.4/4,진단검사의학과,0
양구군,2024,1/4,2024.1/4,진단검사의학과,0
양구군,2024,2/4,2024.2/4,진단검사의학과,0
양구군,2024,3/4,2024.3/4,진단검사의학과,0
양구군,2024,4/4,2024.4/4,진단검사의학과,0
양구군,2025,1/4,2025.1/4,진단검사의학과,0
양구군,2025,2/4,2025.2/4,진단검사의학과,0
양구군,2025,3/4,2025.3/4,진단검사의학과,0
양구군,2025,4/4,2025.4/4,진단검사의학과,0
양구군,2009,1/4,2009.1/4,피부과,0
양구군,2009,2/4,2009.2/4,피부과,0
양구군,2009,3/4,2009.3/4,피부과,0
양구군,2009,4/4,2009.4/4,피부과,0
양구군,2010,1/4,2010.1/4,피부과,0
양구군,2010,2/4,2010.2/4,피부과,1
양구군,2010,3/4,2010.3/4,피부과,1
양구군,2010,4/4,2010.4/4,피부과,1
양구군,2011,1/4,2011.1/4,피부과,1
양구군,2011,2/4,2011.2/4,피부과,1
양구군,2011,3/4,2011.3/4,피부과,1
양구군,2011,4/4,2011.4/4,피부과,1
양구군,2012,1/4,2012.1/4,피부과,0
양구군,2012,2/4,2012.2/4,피부과,1
양구군,2012,3/4,2012.3/4,피부과,1
양구군,2012,4/4,2012.4/4,피부과,1
양구군,2013,1/4,2013.1/4,피부과,1
양구군,2013,2/4,2013.2/4,피부과,2
양구군,2013,3/4,2013.3/4,피부과,2
양구군,2013,4/4,2013.4/4,피부과,2
양구군,2014,1/4,2014.1/4,피부과,2
양구군,2014,2/4,2014.2/4,피부과,2
양구군,2014,3/4,2014.3/4,피부과,2
양구군,2014,4/4,2014.4/4,피부과,2
양구군,2015,1/4,2015.1/4,피부과,2
양구군,2015,2/4,2015.2/4,피부과,1
양구군,2015,3/4,2015.3/4,피부과,1
양구군,2015,4/4,2015.4/4,피부과,1
양구군,2016,1/4,2016.1/4,피부과,1
양구군,2016,2/4,2016.2/4,피부과,1
양구군,2016,3/4,2016.3/4,피부과,1
양구군,2016,4/4,2016.4/4,피부과,1
양구군,2017,1/4,2017.1/4,피부과,1
양구군,2017,2/4,2017.2/4,피부과,0
양구군,2017,3/4,2017.3/4,피부과,0
양구군,2017,4/4,2017.4/4,피부과,0
양구군,2018,1/4,2018.1/4,피부과,0
양구군,2018,2/4,2018.2/4,피부과,1
양구군,2018,3/4,2018.3/4,피부과,1
양구군,2018,4/4,2018.4/4,피부과,1
양구군,2019,1/4,2019.1/4,피부과,1
양구군,2019,2/4,2019.2/4,피부과,0
양구군,2019,3/4,2019.3/4,피부과,0
양구군,2019,4/4,2019.4/4,피부과,0
양구군,2020,1/4,2020.1/4,피부과,0
양구군,2020,2/4,2020.2/4,피부과,0
양구군,2020,3/4,2020.3/4,피부과,0
양구군,2020,4/4,2020.4/4,피부과,0
양구군,2021,1/4,2021.1/4,피부과,0
양구군,2021,2/4,2021.2/4,피부과,0
양구군,2021,3/4,2021.3/4,피부과,0
양구군,2021,4/4,2021.4/4,피부과,0
양구군,2022,1/4,2022.1/4,피부과,0
양구군,2022,2/4,2022.2/4,피부과,0
양구군,2022,3/4,2022.3/4,피부과,0
양구군,2022,4/4,2022.4/4,피부과,0
양구군,2023,1/4,2023.1/4,피부과,0
양구군,2023,2/4,2023.2/4,피부과,0
양구군,2023,3/4,2023.3/4,피부과,0
양구군,2023,4/4,2023.4/4,피부과,0
양구군,2024,1/4,2024.1/4,피부과,0
양구군,2024,2/4,2024.2/4,피부과,0
양구군,2024,3/4,2024.3/4,피부과,0
양구군,2024,4/4,2024.4/4,피부과,0
양구군,2025,1/4,2025.1/4,피부과,0
양구군,2025,2/4,2025.2/4,피부과,0
양구군,2025,3/4,2025.3/4,피부과,0
양구군,2025,4/4,2025.4/4,피부과,0
양구군,2009,1/4,2009.1/4,핵의학과,0
양구군,2009,2/4,2009.2/4,핵의학과,0
양구군,2009,3/4,2009.3/4,핵의학과,0
양구군,2009,4/4,2009.4/4,핵의학과,0
양구군,2010,1/4,2010.1/4,핵의학과,0
양구군,2010,2/4,2010.2/4,핵의학과,0
양구군,2010,3/4,2010.3/4,핵의학과,0
양구군,2010,4/4,2010.4/4,핵의학과,0
양구군,2011,1/4,2011.1/4,핵의학과,0
양구군,2011,2/4,2011.2/4,핵의학과,0
양구군,2011,3/4,2011.3/4,핵의학과,0
양구군,2011,4/4,2011.4/4,핵의학과,0
양구군,2012,1/4,2012.1/4,핵의학과,0
양구군,2012,2/4,2012.2/4,핵의학과,0
양구군,2012,3/4,2012.3/4,핵의학과,0
양구군,2012,4/4,2012.4/4,핵의학과,0
양구군,2013,1/4,2013.1/4,핵의학과,0
양구군,2013,2/4,2013.2/4,핵의학과,0
양구군,2013,3/4,2013.3/4,핵의학과,0
양구군,2013,4/4,2013.4/4,핵의학과,0
양구군,2014,1/4,2014.1/4,핵의학과,0
양구군,2014,2/4,2014.2/4,핵의학과,0
양구군,2014,3/4,2014.3/4,핵의학과,0
양구군,2014,4/4,2014.4/4,핵의학과,0
양구군,2015,1/4,2015.1/4,핵의학과,0
양구군,2015,2/4,2015.2/4,핵의학과,0
양구군,2015,3/4,2015.3/4,핵의학과,0
양구군,2015,4/4,2015.4/4,핵의학과,0
양구군,2016,1/4,2016.1/4,핵의학과,0
양구군,2016,2/4,2016.2/4,핵의학과,0
양구군,2016,3/4,2016.3/4,핵의학과,0
양구군,2016,4/4,2016.4/4,핵의학과,0
양구군,2017,1/4,2017.1/4,핵의학과,0
양구군,2017,2/4,2017.2/4,핵의학과,0
양구군,2017,3/4,2017.3/4,핵의학과,0
양구군,2017,4/4,2017.4/4,핵의학과,0
양구군,2018,1/4,2018.1/4,핵의학과,0
양구군,2018,2/4,2018.2/4,핵의학과,0
양구군,2018,3/4,2018.3/4,핵의학과,0
양구군,2018,4/4,2018.4/4,핵의학과,0
양구군,2019,1/4,2019.1/4,핵의학과,0
양구군,2019,2/4,2019.2/4,핵의학과,0
양구군,2019,3/4,2019.3/4,핵의학과,0
양구군,2019,4/4,2019.4/4,핵의학과,0
양구군,2020,1/4,2020.1/4,핵의학과,0
양구군,2020,2/4,2020.2/4,핵의학과,0
양구군,2020,3/4,2020.3/4,핵의학과,0
양구군,2020,4/4,2020.4/4,핵의학과,0
양구군,2021,1/4,2021.1/4,핵의학과,0
양구군,2021,2/4,2021.2/4,핵의학과,0
양구군,2021,3/4,2021.3/4,핵의학과,0
양구군,2021,4/4,2021.4/4,핵의학과,0
양구군,2022,1/4,2022.1/4,핵의학과,0
양구군,2022,2/4,2022.2/4,핵의학과,0
양구군,2022,3/4,2022.3/4,핵의학과,0
양구군,2022,4/4,2022.4/4,핵의학과,0
양구군,2023,1/4,2023.1/4,핵의학과,0
양구군,2023,2/4,2023.2/4,핵의학과,0
양구군,2023,3/4,2023.3/4,핵의학과,0
양구군,2023,4/4,2023.4/4,핵의학과,0
양구군,2024,1/4,2024.1/4,핵의학과,0
양구군,2024,2/4,2024.2/4,핵의학과,0
양구군,2024,3/4,2024.3/4,핵의학과,0
양구군,2024,4/4,2024.4/4,핵의학과,0
양구군,2025,1/4,2025.1/4,핵의학과,0
양구군,2025,2/4,2025.2/4,핵의학과,0
양구군,2025,3/4,2025.3/4,핵의학과,0
양구군,2025,4/4,2025.4/4,핵의학과,0
양양군,2009,1/4,2009.1/4,가정의학과,0
양양군,2009,2/4,2009.2/4,가정의학과,0
양양군,2009,3/4,2009.3/4,가정의학과,0
양양군,2009,4/4,2009.4/4,가정의학과,0
양양군,2010,1/4,2010.1/4,가정의학과,0
양양군,2010,2/4,2010.2/4,가정의학과,0
양양군,2010,3/4,2010.3/4,가정의학과,0
양양군,2010,4/4,2010.4/4,가정의학과,0
양양군,2011,1/4,2011.1/4,가정의학과,0
양양군,2011,2/4,2011.2/4,가정의학과,0
양양군,2011,3/4,2011.3/4,가정의학과,0
양양군,2011,4/4,2011.4/4,가정의학과,0
양양군,2012,1/4,2012.1/4,가정의학과,0
양양군,2012,2/4,2012.2/4,가정의학과,0
양양군,2012,3/4,2012.3/4,가정의학과,0
양양군,2012,4/4,2012.4/4,가정의학과,0
양양군,2013,1/4,2013.1/4,가정의학과,0
양양군,2013,2/4,2013.2/4,가정의학과,0
양양군,2013,3/4,2013.3/4,가정의학과,0
양양군,2013,4/4,2013.4/4,가정의학과,0
양양군,2014,1/4,2014.1/4,가정의학과,0
양양군,2014,2/4,2014.2/4,가정의학과,0
양양군,2014,3/4,2014.3/4,가정의학과,0
양양군,2014,4/4,2014.4/4,가정의학과,0
양양군,2015,1/4,2015.1/4,가정의학과,0
양양군,2015,2/4,2015.2/4,가정의학과,0
양양군,2015,3/4,2015.3/4,가정의학과,0
양양군,2015,4/4,2015.4/4,가정의학과,0
양양군,2016,1/4,2016.1/4,가정의학과,0
양양군,2016,2/4,2016.2/4,가정의학과,0
양양군,2016,3/4,2016.3/4,가정의학과,0
양양군,2016,4/4,2016.4/4,가정의학과,0
양양군,2017,1/4,2017.1/4,가정의학과,0
양양군,2017,2/4,2017.2/4,가정의학과,0
양양군,2017,3/4,2017.3/4,가정의학과,0
양양군,2017,4/4,2017.4/4,가정의학과,0
양양군,2018,1/4,2018.1/4,가정의학과,0
양양군,2018,2/4,2018.2/4,가정의학과,0
양양군,2018,3/4,2018.3/4,가정의학과,0
양양군,2018,4/4,2018.4/4,가정의학과,0
양양군,2019,1/4,2019.1/4,가정의학과,0
양양군,2019,2/4,2019.2/4,가정의학과,0
양양군,2019,3/4,2019.3/4,가정의학과,0
양양군,2019,4/4,2019.4/4,가정의학과,0
양양군,2020,1/4,2020.1/4,가정의학과,0
양양군,2020,2/4,2020.2/4,가정의학과,0
양양군,2020,3/4,2020.3/4,가정의학과,0
양양군,2020,4/4,2020.4/4,가정의학과,0
양양군,2021,1/4,2021.1/4,가정의학과,0
양양군,2021,2/4,2021.2/4,가정의학과,0
양양군,2021,3/4,2021.3/4,가정의학과,0
양양군,2021,4/4,2021.4/4,가정의학과,0
양양군,2022,1/4,2022.1/4,가정의학과,0
양양군,2022,2/4,2022.2/4,가정의학과,0
양양군,2022,3/4,2022.3/4,가정의학과,0
양양군,2022,4/4,2022.4/4,가정의학과,0
양양군,2023,1/4,2023.1/4,가정의학과,0
양양군,2023,2/4,2023.2/4,가정의학과,0
양양군,2023,3/4,2023.3/4,가정의학과,0
양양군,2023,4/4,2023.4/4,가정의학과,0
양양군,2024,1/4,2024.1/4,가정의학과,0
양양군,2024,2/4,2024.2/4,가정의학과,0
양양군,2024,3/4,2024.3/4,가정의학과,0
양양군,2024,4/4,2024.4/4,가정의학과,0
양양군,2025,1/4,2025.1/4,가정의학과,0
양양군,2025,2/4,2025.2/4,가정의학과,0
양양군,2025,3/4,2025.3/4,가정의학과,0
양양군,2025,4/4,2025.4/4,가정의학과,0
양양군,2009,1/4,2009.1/4,결핵과,0
양양군,2009,2/4,2009.2/4,결핵과,0
양양군,2009,3/4,2009.3/4,결핵과,0
양양군,2009,4/4,2009.4/4,결핵과,0
양양군,2010,1/4,2010.1/4,결핵과,0
양양군,2010,2/4,2010.2/4,결핵과,0
양양군,2010,3/4,2010.3/4,결핵과,0
양양군,2010,4/4,2010.4/4,결핵과,0
양양군,2011,1/4,2011.1/4,결핵과,0
양양군,2011,2/4,2011.2/4,결핵과,0
양양군,2011,3/4,2011.3/4,결핵과,0
양양군,2011,4/4,2011.4/4,결핵과,0
양양군,2012,1/4,2012.1/4,결핵과,0
양양군,2012,2/4,2012.2/4,결핵과,0
양양군,2012,3/4,2012.3/4,결핵과,0
양양군,2012,4/4,2012.4/4,결핵과,0
양양군,2013,1/4,2013.1/4,결핵과,0
양양군,2013,2/4,2013.2/4,결핵과,0
양양군,2013,3/4,2013.3/4,결핵과,0
양양군,2013,4/4,2013.4/4,결핵과,0
양양군,2014,1/4,2014.1/4,결핵과,0
양양군,2014,2/4,2014.2/4,결핵과,0
양양군,2014,3/4,2014.3/4,결핵과,0
양양군,2014,4/4,2014.4/4,결핵과,0
양양군,2015,1/4,2015.1/4,결핵과,0
양양군,2015,2/4,2015.2/4,결핵과,0
양양군,2015,3/4,2015.3/4,결핵과,0
양양군,2015,4/4,2015.4/4,결핵과,0
양양군,2016,1/4,2016.1/4,결핵과,0
양양군,2016,2/4,2016.2/4,결핵과,0
양양군,2016,3/4,2016.3/4,결핵과,0
양양군,2016,4/4,2016.4/4,결핵과,0
양양군,2017,1/4,2017.1/4,결핵과,0
양양군,2017,2/4,2017.2/4,결핵과,0
양양군,2017,3/4,2017.3/4,결핵과,0
양양군,2017,4/4,2017.4/4,결핵과,0
양양군,2018,1/4,2018.1/4,결핵과,0
양양군,2018,2/4,2018.2/4,결핵과,0
양양군,2018,3/4,2018.3/4,결핵과,0
양양군,2018,4/4,2018.4/4,결핵과,0
양양군,2019,1/4,2019.1/4,결핵과,0
양양군,2019,2/4,2019.2/4,결핵과,0
양양군,2019,3/4,2019.3/4,결핵과,0
양양군,2019,4/4,2019.4/4,결핵과,0
양양군,2020,1/4,2020.1/4,결핵과,0
양양군,2020,2/4,2020.2/4,결핵과,0
양양군,2020,3/4,2020.3/4,결핵과,0
양양군,2020,4/4,2020.4/4,결핵과,0
양양군,2021,1/4,2021.1/4,결핵과,0
양양군,2021,2/4,2021.2/4,결핵과,0
양양군,2021,3/4,2021.3/4,결핵과,0
양양군,2021,4/4,2021.4/4,결핵과,0
양양군,2022,1/4,2022.1/4,결핵과,0
양양군,2022,2/4,2022.2/4,결핵과,0
양양군,2022,3/4,2022.3/4,결핵과,0
양양군,2022,4/4,2022.4/4,결핵과,0
양양군,2023,1/4,2023.1/4,결핵과,0
양양군,2023,2/4,2023.2/4,결핵과,0
양양군,2023,3/4,2023.3/4,결핵과,0
양양군,2023,4/4,2023.4/4,결핵과,0
양양군,2024,1/4,2024.1/4,결핵과,0
양양군,2024,2/4,2024.2/4,결핵과,0
양양군,2024,3/4,2024.3/4,결핵과,0
양양군,2024,4/4,2024.4/4,결핵과,0
양양군,2025,1/4,2025.1/4,결핵과,0
양양군,2025,2/4,2025.2/4,결핵과,0
양양군,2025,3/4,2025.3/4,결핵과,0
양양군,2025,4/4,2025.4/4,결핵과,0
양양군,2009,1/4,2009.1/4,내과,1
양양군,2009,2/4,2009.2/4,내과,1
양양군,2009,3/4,2009.3/4,내과,1
양양군,2009,4/4,2009.4/4,내과,1
양양군,2010,1/4,2010.1/4,내과,1
양양군,2010,2/4,2010.2/4,내과,2
양양군,2010,3/4,2010.3/4,내과,2
양양군,2010,4/4,2010.4/4,내과,2
양양군,2011,1/4,2011.1/4,내과,2
양양군,2011,2/4,2011.2/4,내과,2
양양군,2011,3/4,2011.3/4,내과,2
양양군,2011,4/4,2011.4/4,내과,2
양양군,2012,1/4,2012.1/4,내과,2
양양군,2012,2/4,2012.2/4,내과,2
양양군,2012,3/4,2012.3/4,내과,2
양양군,2012,4/4,2012.4/4,내과,2
양양군,2013,1/4,2013.1/4,내과,2
양양군,2013,2/4,2013.2/4,내과,2
양양군,2013,3/4,2013.3/4,내과,2
양양군,2013,4/4,2013.4/4,내과,2
양양군,2014,1/4,2014.1/4,내과,2
양양군,2014,2/4,2014.2/4,내과,2
양양군,2014,3/4,2014.3/4,내과,2
양양군,2014,4/4,2014.4/4,내과,2
양양군,2015,1/4,2015.1/4,내과,2
양양군,2015,2/4,2015.2/4,내과,2
양양군,2015,3/4,2015.3/4,내과,2
양양군,2015,4/4,2015.4/4,내과,2
양양군,2016,1/4,2016.1/4,내과,2
양양군,2016,2/4,2016.2/4,내과,2
양양군,2016,3/4,2016.3/4,내과,2
양양군,2016,4/4,2016.4/4,내과,2
양양군,2017,1/4,2017.1/4,내과,2
양양군,2017,2/4,2017.2/4,내과,2
양양군,2017,3/4,2017.3/4,내과,2
양양군,2017,4/4,2017.4/4,내과,2
양양군,2018,1/4,2018.1/4,내과,2
양양군,2018,2/4,2018.2/4,내과,1
양양군,2018,3/4,2018.3/4,내과,1
양양군,2018,4/4,2018.4/4,내과,1
양양군,2019,1/4,2019.1/4,내과,1
양양군,2019,2/4,2019.2/4,내과,1
양양군,2019,3/4,2019.3/4,내과,1
양양군,2019,4/4,2019.4/4,내과,1
양양군,2020,1/4,2020.1/4,내과,1
양양군,2020,2/4,2020.2/4,내과,1
양양군,2020,3/4,2020.3/4,내과,1
양양군,2020,4/4,2020.4/4,내과,1
양양군,2021,1/4,2021.1/4,내과,1
양양군,2021,2/4,2021.2/4,내과,1
양양군,2021,3/4,2021.3/4,내과,1
양양군,2021,4/4,2021.4/4,내과,1
양양군,2022,1/4,2022.1/4,내과,1
양양군,2022,2/4,2022.2/4,내과,1
양양군,2022,3/4,2022.3/4,내과,1
양양군,2022,4/4,2022.4/4,내과,1
양양군,2023,1/4,2023.1/4,내과,1
양양군,2023,2/4,2023.2/4,내과,1
양양군,2023,3/4,2023.3/4,내과,1
양양군,2023,4/4,2023.4/4,내과,1
양양군,2024,1/4,2024.1/4,내과,1
양양군,2024,2/4,2024.2/4,내과,1
양양군,2024,3/4,2024.3/4,내과,1
양양군,2024,4/4,2024.4/4,내과,1
양양군,2025,1/4,2025.1/4,내과,1
양양군,2025,2/4,2025.2/4,내과,1
양양군,2025,3/4,2025.3/4,내과,1
양양군,2025,4/4,2025.4/4,내과,1
양양군,2009,1/4,2009.1/4,마취통증의학과,0
양양군,2009,2/4,2009.2/4,마취통증의학과,0
양양군,2009,3/4,2009.3/4,마취통증의학과,0
양양군,2009,4/4,2009.4/4,마취통증의학과,0
양양군,2010,1/4,2010.1/4,마취통증의학과,0
양양군,2010,2/4,2010.2/4,마취통증의학과,0
양양군,2010,3/4,2010.3/4,마취통증의학과,0
양양군,2010,4/4,2010.4/4,마취통증의학과,0
양양군,2011,1/4,2011.1/4,마취통증의학과,0
양양군,2011,2/4,2011.2/4,마취통증의학과,0
양양군,2011,3/4,2011.3/4,마취통증의학과,0
양양군,2011,4/4,2011.4/4,마취통증의학과,0
양양군,2012,1/4,2012.1/4,마취통증의학과,0
양양군,2012,2/4,2012.2/4,마취통증의학과,0
양양군,2012,3/4,2012.3/4,마취통증의학과,0
양양군,2012,4/4,2012.4/4,마취통증의학과,0
양양군,2013,1/4,2013.1/4,마취통증의학과,0
양양군,2013,2/4,2013.2/4,마취통증의학과,0
양양군,2013,3/4,2013.3/4,마취통증의학과,0
양양군,2013,4/4,2013.4/4,마취통증의학과,0
양양군,2014,1/4,2014.1/4,마취통증의학과,0
양양군,2014,2/4,2014.2/4,마취통증의학과,0
양양군,2014,3/4,2014.3/4,마취통증의학과,0
양양군,2014,4/4,2014.4/4,마취통증의학과,0
양양군,2015,1/4,2015.1/4,마취통증의학과,0
양양군,2015,2/4,2015.2/4,마취통증의학과,0
양양군,2015,3/4,2015.3/4,마취통증의학과,0
양양군,2015,4/4,2015.4/4,마취통증의학과,0
양양군,2016,1/4,2016.1/4,마취통증의학과,0
양양군,2016,2/4,2016.2/4,마취통증의학과,0
양양군,2016,3/4,2016.3/4,마취통증의학과,0
양양군,2016,4/4,2016.4/4,마취통증의학과,0
양양군,2017,1/4,2017.1/4,마취통증의학과,0
양양군,2017,2/4,2017.2/4,마취통증의학과,0
양양군,2017,3/4,2017.3/4,마취통증의학과,0
양양군,2017,4/4,2017.4/4,마취통증의학과,0
양양군,2018,1/4,2018.1/4,마취통증의학과,0
양양군,2018,2/4,2018.2/4,마취통증의학과,0
양양군,2018,3/4,2018.3/4,마취통증의학과,0
양양군,2018,4/4,2018.4/4,마취통증의학과,0
양양군,2019,1/4,2019.1/4,마취통증의학과,0
양양군,2019,2/4,2019.2/4,마취통증의학과,0
양양군,2019,3/4,2019.3/4,마취통증의학과,0
양양군,2019,4/4,2019.4/4,마취통증의학과,0
양양군,2020,1/4,2020.1/4,마취통증의학과,0
양양군,2020,2/4,2020.2/4,마취통증의학과,0
양양군,2020,3/4,2020.3/4,마취통증의학과,0
양양군,2020,4/4,2020.4/4,마취통증의학과,0
양양군,2021,1/4,2021.1/4,마취통증의학과,0
양양군,2021,2/4,2021.2/4,마취통증의학과,1
양양군,2021,3/4,2021.3/4,마취통증의학과,1
양양군,2021,4/4,2021.4/4,마취통증의학과,1
양양군,2022,1/4,2022.1/4,마취통증의학과,1
양양군,2022,2/4,2022.2/4,마취통증의학과,1
양양군,2022,3/4,2022.3/4,마취통증의학과,1
양양군,2022,4/4,2022.4/4,마취통증의학과,1
양양군,2023,1/4,2023.1/4,마취통증의학과,0
양양군,2023,2/4,2023.2/4,마취통증의학과,0
양양군,2023,3/4,2023.3/4,마취통증의학과,0
양양군,2023,4/4,2023.4/4,마취통증의학과,0
양양군,2024,1/4,2024.1/4,마취통증의학과,0
양양군,2024,2/4,2024.2/4,마취통증의학과,0
양양군,2024,3/4,2024.3/4,마취통증의학과,0
양양군,2024,4/4,2024.4/4,마취통증의학과,0
양양군,2025,1/4,2025.1/4,마취통증의학과,0
양양군,2025,2/4,2025.2/4,마취통증의학과,0
양양군,2025,3/4,2025.3/4,마취통증의학과,0
양양군,2025,4/4,2025.4/4,마취통증의학과,0
양양군,2009,1/4,2009.1/4,방사선종양학과,0
양양군,2009,2/4,2009.2/4,방사선종양학과,0
양양군,2009,3/4,2009.3/4,방사선종양학과,0
양양군,2009,4/4,2009.4/4,방사선종양학과,0
양양군,2010,1/4,2010.1/4,방사선종양학과,0
양양군,2010,2/4,2010.2/4,방사선종양학과,0
양양군,2010,3/4,2010.3/4,방사선종양학과,0
양양군,2010,4/4,2010.4/4,방사선종양학과,0
양양군,2011,1/4,2011.1/4,방사선종양학과,0
양양군,2011,2/4,2011.2/4,방사선종양학과,0
양양군,2011,3/4,2011.3/4,방사선종양학과,0
양양군,2011,4/4,2011.4/4,방사선종양학과,0
양양군,2012,1/4,2012.1/4,방사선종양학과,0
양양군,2012,2/4,2012.2/4,방사선종양학과,0
양양군,2012,3/4,2012.3/4,방사선종양학과,0
양양군,2012,4/4,2012.4/4,방사선종양학과,0
양양군,2013,1/4,2013.1/4,방사선종양학과,0
양양군,2013,2/4,2013.2/4,방사선종양학과,0
양양군,2013,3/4,2013.3/4,방사선종양학과,0
양양군,2013,4/4,2013.4/4,방사선종양학과,0
양양군,2014,1/4,2014.1/4,방사선종양학과,0
양양군,2014,2/4,2014.2/4,방사선종양학과,0
양양군,2014,3/4,2014.3/4,방사선종양학과,0
양양군,2014,4/4,2014.4/4,방사선종양학과,0
양양군,2015,1/4,2015.1/4,방사선종양학과,0
양양군,2015,2/4,2015.2/4,방사선종양학과,0
양양군,2015,3/4,2015.3/4,방사선종양학과,0
양양군,2015,4/4,2015.4/4,방사선종양학과,0
양양군,2016,1/4,2016.1/4,방사선종양학과,0
양양군,2016,2/4,2016.2/4,방사선종양학과,0
양양군,2016,3/4,2016.3/4,방사선종양학과,0
양양군,2016,4/4,2016.4/4,방사선종양학과,0
양양군,2017,1/4,2017.1/4,방사선종양학과,0
양양군,2017,2/4,2017.2/4,방사선종양학과,0
양양군,2017,3/4,2017.3/4,방사선종양학과,0
양양군,2017,4/4,2017.4/4,방사선종양학과,0
양양군,2018,1/4,2018.1/4,방사선종양학과,0
양양군,2018,2/4,2018.2/4,방사선종양학과,0
양양군,2018,3/4,2018.3/4,방사선종양학과,0
양양군,2018,4/4,2018.4/4,방사선종양학과,0
양양군,2019,1/4,2019.1/4,방사선종양학과,0
양양군,2019,2/4,2019.2/4,방사선종양학과,0
양양군,2019,3/4,2019.3/4,방사선종양학과,0
양양군,2019,4/4,2019.4/4,방사선종양학과,0
양양군,2020,1/4,2020.1/4,방사선종양학과,0
양양군,2020,2/4,2020.2/4,방사선종양학과,0
양양군,2020,3/4,2020.3/4,방사선종양학과,0
양양군,2020,4/4,2020.4/4,방사선종양학과,0
양양군,2021,1/4,2021.1/4,방사선종양학과,0
양양군,2021,2/4,2021.2/4,방사선종양학과,0
양양군,2021,3/4,2021.3/4,방사선종양학과,0
양양군,2021,4/4,2021.4/4,방사선종양학과,0
양양군,2022,1/4,2022.1/4,방사선종양학과,0
양양군,2022,2/4,2022.2/4,방사선종양학과,0
양양군,2022,3/4,2022.3/4,방사선종양학과,0
양양군,2022,4/4,2022.4/4,방사선종양학과,0
양양군,2023,1/4,2023.1/4,방사선종양학과,0
양양군,2023,2/4,2023.2/4,방사선종양학과,0
양양군,2023,3/4,2023.3/4,방사선종양학과,0
양양군,2023,4/4,2023.4/4,방사선종양학과,0
양양군,2024,1/4,2024.1/4,방사선종양학과,0
양양군,2024,2/4,2024.2/4,방사선종양학과,0
양양군,2024,3/4,2024.3/4,방사선종양학과,0
양양군,2024,4/4,2024.4/4,방사선종양학과,0
양양군,2025,1/4,2025.1/4,방사선종양학과,0
양양군,2025,2/4,2025.2/4,방사선종양학과,0
양양군,2025,3/4,2025.3/4,방사선종양학과,0
양양군,2025,4/4,2025.4/4,방사선종양학과,0
양양군,2009,1/4,2009.1/4,병리과,0
양양군,2009,2/4,2009.2/4,병리과,0
양양군,2009,3/4,2009.3/4,병리과,0
양양군,2009,4/4,2009.4/4,병리과,0
양양군,2010,1/4,2010.1/4,병리과,0
양양군,2010,2/4,2010.2/4,병리과,0
양양군,2010,3/4,2010.3/4,병리과,0
양양군,2010,4/4,2010.4/4,병리과,0
양양군,2011,1/4,2011.1/4,병리과,0
양양군,2011,2/4,2011.2/4,병리과,0
양양군,2011,3/4,2011.3/4,병리과,0
양양군,2011,4/4,2011.4/4,병리과,0
양양군,2012,1/4,2012.1/4,병리과,0
양양군,2012,2/4,2012.2/4,병리과,0
양양군,2012,3/4,2012.3/4,병리과,0
양양군,2012,4/4,2012.4/4,병리과,0
양양군,2013,1/4,2013.1/4,병리과,0
양양군,2013,2/4,2013.2/4,병리과,0
양양군,2013,3/4,2013.3/4,병리과,0
양양군,2013,4/4,2013.4/4,병리과,0
양양군,2014,1/4,2014.1/4,병리과,0
양양군,2014,2/4,2014.2/4,병리과,0
양양군,2014,3/4,2014.3/4,병리과,0
양양군,2014,4/4,2014.4/4,병리과,0
양양군,2015,1/4,2015.1/4,병리과,0
양양군,2015,2/4,2015.2/4,병리과,0
양양군,2015,3/4,2015.3/4,병리과,0
양양군,2015,4/4,2015.4/4,병리과,0
양양군,2016,1/4,2016.1/4,병리과,0
양양군,2016,2/4,2016.2/4,병리과,0
양양군,2016,3/4,2016.3/4,병리과,0
양양군,2016,4/4,2016.4/4,병리과,0
양양군,2017,1/4,2017.1/4,병리과,0
양양군,2017,2/4,2017.2/4,병리과,0
양양군,2017,3/4,2017.3/4,병리과,0
양양군,2017,4/4,2017.4/4,병리과,0
양양군,2018,1/4,2018.1/4,병리과,0
양양군,2018,2/4,2018.2/4,병리과,0
양양군,2018,3/4,2018.3/4,병리과,0
양양군,2018,4/4,2018.4/4,병리과,0
양양군,2019,1/4,2019.1/4,병리과,0
양양군,2019,2/4,2019.2/4,병리과,0
양양군,2019,3/4,2019.3/4,병리과,0
양양군,2019,4/4,2019.4/4,병리과,0
양양군,2020,1/4,2020.1/4,병리과,0
양양군,2020,2/4,2020.2/4,병리과,0
양양군,2020,3/4,2020.3/4,병리과,0
양양군,2020,4/4,2020.4/4,병리과,0
양양군,2021,1/4,2021.1/4,병리과,0
양양군,2021,2/4,2021.2/4,병리과,0
양양군,2021,3/4,2021.3/4,병리과,0
양양군,2021,4/4,2021.4/4,병리과,0
양양군,2022,1/4,2022.1/4,병리과,0
양양군,2022,2/4,2022.2/4,병리과,0
양양군,2022,3/4,2022.3/4,병리과,0
양양군,2022,4/4,2022.4/4,병리과,0
양양군,2023,1/4,2023.1/4,병리과,0
양양군,2023,2/4,2023.2/4,병리과,0
양양군,2023,3/4,2023.3/4,병리과,0
양양군,2023,4/4,2023.4/4,병리과,0
양양군,2024,1/4,2024.1/4,병리과,0
양양군,2024,2/4,2024.2/4,병리과,0
양양군,2024,3/4,2024.3/4,병리과,0
양양군,2024,4/4,2024.4/4,병리과,0
양양군,2025,1/4,2025.1/4,병리과,0
양양군,2025,2/4,2025.2/4,병리과,0
양양군,2025,3/4,2025.3/4,병리과,0
양양군,2025,4/4,2025.4/4,병리과,0
양양군,2009,1/4,2009.1/4,비뇨의학과,0
양양군,2009,2/4,2009.2/4,비뇨의학과,0
양양군,2009,3/4,2009.3/4,비뇨의학과,0
양양군,2009,4/4,2009.4/4,비뇨의학과,0
양양군,2010,1/4,2010.1/4,비뇨의학과,0
양양군,2010,2/4,2010.2/4,비뇨의학과,0
양양군,2010,3/4,2010.3/4,비뇨의학과,0
양양군,2010,4/4,2010.4/4,비뇨의학과,0
양양군,2011,1/4,2011.1/4,비뇨의학과,0
양양군,2011,2/4,2011.2/4,비뇨의학과,0
양양군,2011,3/4,2011.3/4,비뇨의학과,0
양양군,2011,4/4,2011.4/4,비뇨의학과,0
양양군,2012,1/4,2012.1/4,비뇨의학과,0
양양군,2012,2/4,2012.2/4,비뇨의학과,0
양양군,2012,3/4,2012.3/4,비뇨의학과,0
양양군,2012,4/4,2012.4/4,비뇨의학과,0
양양군,2013,1/4,2013.1/4,비뇨의학과,0
양양군,2013,2/4,2013.2/4,비뇨의학과,0
양양군,2013,3/4,2013.3/4,비뇨의학과,0
양양군,2013,4/4,2013.4/4,비뇨의학과,0
양양군,2014,1/4,2014.1/4,비뇨의학과,0
양양군,2014,2/4,2014.2/4,비뇨의학과,0
양양군,2014,3/4,2014.3/4,비뇨의학과,0
양양군,2014,4/4,2014.4/4,비뇨의학과,0
양양군,2015,1/4,2015.1/4,비뇨의학과,0
양양군,2015,2/4,2015.2/4,비뇨의학과,0
양양군,2015,3/4,2015.3/4,비뇨의학과,0
양양군,2015,4/4,2015.4/4,비뇨의학과,0
양양군,2016,1/4,2016.1/4,비뇨의학과,0
양양군,2016,2/4,2016.2/4,비뇨의학과,0
양양군,2016,3/4,2016.3/4,비뇨의학과,0
양양군,2016,4/4,2016.4/4,비뇨의학과,0
양양군,2017,1/4,2017.1/4,비뇨의학과,0
양양군,2017,2/4,2017.2/4,비뇨의학과,0
양양군,2017,3/4,2017.3/4,비뇨의학과,0
양양군,2017,4/4,2017.4/4,비뇨의학과,0
양양군,2018,1/4,2018.1/4,비뇨의학과,0
양양군,2018,2/4,2018.2/4,비뇨의학과,0
양양군,2018,3/4,2018.3/4,비뇨의학과,0
양양군,2018,4/4,2018.4/4,비뇨의학과,0
양양군,2019,1/4,2019.1/4,비뇨의학과,0
양양군,2019,2/4,2019.2/4,비뇨의학과,0
양양군,2019,3/4,2019.3/4,비뇨의학과,0
양양군,2019,4/4,2019.4/4,비뇨의학과,0
양양군,2020,1/4,2020.1/4,비뇨의학과,0
양양군,2020,2/4,2020.2/4,비뇨의학과,0
양양군,2020,3/4,2020.3/4,비뇨의학과,0
양양군,2020,4/4,2020.4/4,비뇨의학과,0
양양군,2021,1/4,2021.1/4,비뇨의학과,0
양양군,2021,2/4,2021.2/4,비뇨의학과,0
양양군,2021,3/4,2021.3/4,비뇨의학과,0
양양군,2021,4/4,2021.4/4,비뇨의학과,0
양양군,2022,1/4,2022.1/4,비뇨의학과,0
양양군,2022,2/4,2022.2/4,비뇨의학과,0
양양군,2022,3/4,2022.3/4,비뇨의학과,0
양양군,2022,4/4,2022.4/4,비뇨의학과,0
양양군,2023,1/4,2023.1/4,비뇨의학과,0
양양군,2023,2/4,2023.2/4,비뇨의학과,0
양양군,2023,3/4,2023.3/4,비뇨의학과,0
양양군,2023,4/4,2023.4/4,비뇨의학과,0
양양군,2024,1/4,2024.1/4,비뇨의학과,0
양양군,2024,2/4,2024.2/4,비뇨의학과,0
양양군,2024,3/4,2024.3/4,비뇨의학과,0
양양군,2024,4/4,2024.4/4,비뇨의학과,0
양양군,2025,1/4,2025.1/4,비뇨의학과,0
양양군,2025,2/4,2025.2/4,비뇨의학과,0
양양군,2025,3/4,2025.3/4,비뇨의학과,0
양양군,2025,4/4,2025.4/4,비뇨의학과,0
양양군,2009,1/4,2009.1/4,산부인과,0
양양군,2009,2/4,2009.2/4,산부인과,0
양양군,2009,3/4,2009.3/4,산부인과,0
양양군,2009,4/4,2009.4/4,산부인과,0
양양군,2010,1/4,2010.1/4,산부인과,0
양양군,2010,2/4,2010.2/4,산부인과,0
양양군,2010,3/4,2010.3/4,산부인과,0
양양군,2010,4/4,2010.4/4,산부인과,0
양양군,2011,1/4,2011.1/4,산부인과,0
양양군,2011,2/4,2011.2/4,산부인과,0
양양군,2011,3/4,2011.3/4,산부인과,0
양양군,2011,4/4,2011.4/4,산부인과,0
양양군,2012,1/4,2012.1/4,산부인과,0
양양군,2012,2/4,2012.2/4,산부인과,0
양양군,2012,3/4,2012.3/4,산부인과,0
양양군,2012,4/4,2012.4/4,산부인과,0
양양군,2013,1/4,2013.1/4,산부인과,0
양양군,2013,2/4,2013.2/4,산부인과,0
양양군,2013,3/4,2013.3/4,산부인과,0
양양군,2013,4/4,2013.4/4,산부인과,0
양양군,2014,1/4,2014.1/4,산부인과,0
양양군,2014,2/4,2014.2/4,산부인과,0
양양군,2014,3/4,2014.3/4,산부인과,0
양양군,2014,4/4,2014.4/4,산부인과,0
양양군,2015,1/4,2015.1/4,산부인과,0
양양군,2015,2/4,2015.2/4,산부인과,0
양양군,2015,3/4,2015.3/4,산부인과,0
양양군,2015,4/4,2015.4/4,산부인과,0
양양군,2016,1/4,2016.1/4,산부인과,0
양양군,2016,2/4,2016.2/4,산부인과,0
양양군,2016,3/4,2016.3/4,산부인과,0
양양군,2016,4/4,2016.4/4,산부인과,0
양양군,2017,1/4,2017.1/4,산부인과,0
양양군,2017,2/4,2017.2/4,산부인과,0
양양군,2017,3/4,2017.3/4,산부인과,0
양양군,2017,4/4,2017.4/4,산부인과,0
양양군,2018,1/4,2018.1/4,산부인과,0
양양군,2018,2/4,2018.2/4,산부인과,0
양양군,2018,3/4,2018.3/4,산부인과,0
양양군,2018,4/4,2018.4/4,산부인과,0
양양군,2019,1/4,2019.1/4,산부인과,0
양양군,2019,2/4,2019.2/4,산부인과,0
양양군,2019,3/4,2019.3/4,산부인과,0
양양군,2019,4/4,2019.4/4,산부인과,0
양양군,2020,1/4,2020.1/4,산부인과,0
양양군,2020,2/4,2020.2/4,산부인과,0
양양군,2020,3/4,2020.3/4,산부인과,0
양양군,2020,4/4,2020.4/4,산부인과,0
양양군,2021,1/4,2021.1/4,산부인과,0
양양군,2021,2/4,2021.2/4,산부인과,0
양양군,2021,3/4,2021.3/4,산부인과,0
양양군,2021,4/4,2021.4/4,산부인과,0
양양군,2022,1/4,2022.1/4,산부인과,0
양양군,2022,2/4,2022.2/4,산부인과,0
양양군,2022,3/4,2022.3/4,산부인과,0
양양군,2022,4/4,2022.4/4,산부인과,0
양양군,2023,1/4,2023.1/4,산부인과,0
양양군,2023,2/4,2023.2/4,산부인과,0
양양군,2023,3/4,2023.3/4,산부인과,1
양양군,2023,4/4,2023.4/4,산부인과,1
양양군,2024,1/4,2024.1/4,산부인과,1
양양군,2024,2/4,2024.2/4,산부인과,1
양양군,2024,3/4,2024.3/4,산부인과,1
양양군,2024,4/4,2024.4/4,산부인과,1
양양군,2025,1/4,2025.1/4,산부인과,1
양양군,2025,2/4,2025.2/4,산부인과,1
양양군,2025,3/4,2025.3/4,산부인과,1
양양군,2025,4/4,2025.4/4,산부인과,1
양양군,2009,1/4,2009.1/4,성형외과,0
양양군,2009,2/4,2009.2/4,성형외과,0
양양군,2009,3/4,2009.3/4,성형외과,0
양양군,2009,4/4,2009.4/4,성형외과,0
양양군,2010,1/4,2010.1/4,성형외과,0
양양군,2010,2/4,2010.2/4,성형외과,0
양양군,2010,3/4,2010.3/4,성형외과,0
양양군,2010,4/4,2010.4/4,성형외과,0
양양군,2011,1/4,2011.1/4,성형외과,0
양양군,2011,2/4,2011.2/4,성형외과,0
양양군,2011,3/4,2011.3/4,성형외과,0
양양군,2011,4/4,2011.4/4,성형외과,0
양양군,2012,1/4,2012.1/4,성형외과,0
양양군,2012,2/4,2012.2/4,성형외과,0
양양군,2012,3/4,2012.3/4,성형외과,0
양양군,2012,4/4,2012.4/4,성형외과,0
양양군,2013,1/4,2013.1/4,성형외과,0
양양군,2013,2/4,2013.2/4,성형외과,0
양양군,2013,3/4,2013.3/4,성형외과,0
양양군,2013,4/4,2013.4/4,성형외과,0
양양군,2014,1/4,2014.1/4,성형외과,0
양양군,2014,2/4,2014.2/4,성형외과,0
양양군,2014,3/4,2014.3/4,성형외과,0
양양군,2014,4/4,2014.4/4,성형외과,0
양양군,2015,1/4,2015.1/4,성형외과,0
양양군,2015,2/4,2015.2/4,성형외과,0
양양군,2015,3/4,2015.3/4,성형외과,0
양양군,2015,4/4,2015.4/4,성형외과,0
양양군,2016,1/4,2016.1/4,성형외과,0
양양군,2016,2/4,2016.2/4,성형외과,0
양양군,2016,3/4,2016.3/4,성형외과,0
양양군,2016,4/4,2016.4/4,성형외과,0
양양군,2017,1/4,2017.1/4,성형외과,0
양양군,2017,2/4,2017.2/4,성형외과,0
양양군,2017,3/4,2017.3/4,성형외과,0
양양군,2017,4/4,2017.4/4,성형외과,0
양양군,2018,1/4,2018.1/4,성형외과,0
양양군,2018,2/4,2018.2/4,성형외과,0
양양군,2018,3/4,2018.3/4,성형외과,0
양양군,2018,4/4,2018.4/4,성형외과,0
양양군,2019,1/4,2019.1/4,성형외과,0
양양군,2019,2/4,2019.2/4,성형외과,0
양양군,2019,3/4,2019.3/4,성형외과,0
양양군,2019,4/4,2019.4/4,성형외과,0
양양군,2020,1/4,2020.1/4,성형외과,0
양양군,2020,2/4,2020.2/4,성형외과,0
양양군,2020,3/4,2020.3/4,성형외과,0
양양군,2020,4/4,2020.4/4,성형외과,0
양양군,2021,1/4,2021.1/4,성형외과,0
양양군,2021,2/4,2021.2/4,성형외과,0
양양군,2021,3/4,2021.3/4,성형외과,0
양양군,2021,4/4,2021.4/4,성형외과,0
양양군,2022,1/4,2022.1/4,성형외과,0
양양군,2022,2/4,2022.2/4,성형외과,0
양양군,2022,3/4,2022.3/4,성형외과,0
양양군,2022,4/4,2022.4/4,성형외과,0
양양군,2023,1/4,2023.1/4,성형외과,0
양양군,2023,2/4,2023.2/4,성형외과,0
양양군,2023,3/4,2023.3/4,성형외과,0
양양군,2023,4/4,2023.4/4,성형외과,0
양양군,2024,1/4,2024.1/4,성형외과,0
양양군,2024,2/4,2024.2/4,성형외과,0
양양군,2024,3/4,2024.3/4,성형외과,0
양양군,2024,4/4,2024.4/4,성형외과,0
양양군,2025,1/4,2025.1/4,성형외과,0
양양군,2025,2/4,2025.2/4,성형외과,0
양양군,2025,3/4,2025.3/4,성형외과,0
양양군,2025,4/4,2025.4/4,성형외과,0
양양군,2009,1/4,2009.1/4,소아청소년과,0
양양군,2009,2/4,2009.2/4,소아청소년과,0
양양군,2009,3/4,2009.3/4,소아청소년과,0
양양군,2009,4/4,2009.4/4,소아청소년과,0
양양군,2010,1/4,2010.1/4,소아청소년과,0
양양군,2010,2/4,2010.2/4,소아청소년과,0
양양군,2010,3/4,2010.3/4,소아청소년과,0
양양군,2010,4/4,2010.4/4,소아청소년과,0
양양군,2011,1/4,2011.1/4,소아청소년과,0
양양군,2011,2/4,2011.2/4,소아청소년과,0
양양군,2011,3/4,2011.3/4,소아청소년과,0
양양군,2011,4/4,2011.4/4,소아청소년과,0
양양군,2012,1/4,2012.1/4,소아청소년과,0
양양군,2012,2/4,2012.2/4,소아청소년과,0
양양군,2012,3/4,2012.3/4,소아청소년과,0
양양군,2012,4/4,2012.4/4,소아청소년과,0
양양군,2013,1/4,2013.1/4,소아청소년과,0
양양군,2013,2/4,2013.2/4,소아청소년과,0
양양군,2013,3/4,2013.3/4,소아청소년과,0
양양군,2013,4/4,2013.4/4,소아청소년과,0
양양군,2014,1/4,2014.1/4,소아청소년과,0
양양군,2014,2/4,2014.2/4,소아청소년과,0
양양군,2014,3/4,2014.3/4,소아청소년과,0
양양군,2014,4/4,2014.4/4,소아청소년과,0
양양군,2015,1/4,2015.1/4,소아청소년과,0
양양군,2015,2/4,2015.2/4,소아청소년과,0
양양군,2015,3/4,2015.3/4,소아청소년과,0
양양군,2015,4/4,2015.4/4,소아청소년과,0
양양군,2016,1/4,2016.1/4,소아청소년과,0
양양군,2016,2/4,2016.2/4,소아청소년과,0
양양군,2016,3/4,2016.3/4,소아청소년과,0
양양군,2016,4/4,2016.4/4,소아청소년과,0
양양군,2017,1/4,2017.1/4,소아청소년과,0
양양군,2017,2/4,2017.2/4,소아청소년과,0
양양군,2017,3/4,2017.3/4,소아청소년과,0
양양군,2017,4/4,2017.4/4,소아청소년과,0
양양군,2018,1/4,2018.1/4,소아청소년과,0
양양군,2018,2/4,2018.2/4,소아청소년과,0
양양군,2018,3/4,2018.3/4,소아청소년과,0
양양군,2018,4/4,2018.4/4,소아청소년과,0
양양군,2019,1/4,2019.1/4,소아청소년과,0
양양군,2019,2/4,2019.2/4,소아청소년과,0
양양군,2019,3/4,2019.3/4,소아청소년과,0
양양군,2019,4/4,2019.4/4,소아청소년과,0
양양군,2020,1/4,2020.1/4,소아청소년과,0
양양군,2020,2/4,2020.2/4,소아청소년과,0
양양군,2020,3/4,2020.3/4,소아청소년과,0
양양군,2020,4/4,2020.4/4,소아청소년과,0
양양군,2021,1/4,2021.1/4,소아청소년과,0
양양군,2021,2/4,2021.2/4,소아청소년과,0
양양군,2021,3/4,2021.3/4,소아청소년과,0
양양군,2021,4/4,2021.4/4,소아청소년과,0
양양군,2022,1/4,2022.1/4,소아청소년과,0
양양군,2022,2/4,2022.2/4,소아청소년과,0
양양군,2022,3/4,2022.3/4,소아청소년과,0
양양군,2022,4/4,2022.4/4,소아청소년과,0
양양군,2023,1/4,2023.1/4,소아청소년과,0
양양군,2023,2/4,2023.2/4,소아청소년과,0
양양군,2023,3/4,2023.3/4,소아청소년과,0
양양군,2023,4/4,2023.4/4,소아청소년과,0
양양군,2024,1/4,2024.1/4,소아청소년과,0
양양군,2024,2/4,2024.2/4,소아청소년과,0
양양군,2024,3/4,2024.3/4,소아청소년과,0
양양군,2024,4/4,2024.4/4,소아청소년과,0
양양군,2025,1/4,2025.1/4,소아청소년과,0
양양군,2025,2/4,2025.2/4,소아청소년과,0
양양군,2025,3/4,2025.3/4,소아청소년과,0
양양군,2025,4/4,2025.4/4,소아청소년과,0
양양군,2009,1/4,2009.1/4,신경과,0
양양군,2009,2/4,2009.2/4,신경과,0
양양군,2009,3/4,2009.3/4,신경과,0
양양군,2009,4/4,2009.4/4,신경과,0
양양군,2010,1/4,2010.1/4,신경과,0
양양군,2010,2/4,2010.2/4,신경과,0
양양군,2010,3/4,2010.3/4,신경과,0
양양군,2010,4/4,2010.4/4,신경과,0
양양군,2011,1/4,2011.1/4,신경과,0
양양군,2011,2/4,2011.2/4,신경과,0
양양군,2011,3/4,2011.3/4,신경과,0
양양군,2011,4/4,2011.4/4,신경과,0
양양군,2012,1/4,2012.1/4,신경과,0
양양군,2012,2/4,2012.2/4,신경과,0
양양군,2012,3/4,2012.3/4,신경과,0
양양군,2012,4/4,2012.4/4,신경과,0
양양군,2013,1/4,2013.1/4,신경과,0
양양군,2013,2/4,2013.2/4,신경과,0
양양군,2013,3/4,2013.3/4,신경과,0
양양군,2013,4/4,2013.4/4,신경과,0
양양군,2014,1/4,2014.1/4,신경과,0
양양군,2014,2/4,2014.2/4,신경과,0
양양군,2014,3/4,2014.3/4,신경과,0
양양군,2014,4/4,2014.4/4,신경과,0
양양군,2015,1/4,2015.1/4,신경과,0
양양군,2015,2/4,2015.2/4,신경과,0
양양군,2015,3/4,2015.3/4,신경과,0
양양군,2015,4/4,2015.4/4,신경과,0
양양군,2016,1/4,2016.1/4,신경과,0
양양군,2016,2/4,2016.2/4,신경과,0
양양군,2016,3/4,2016.3/4,신경과,0
양양군,2016,4/4,2016.4/4,신경과,0
양양군,2017,1/4,2017.1/4,신경과,0
양양군,2017,2/4,2017.2/4,신경과,0
양양군,2017,3/4,2017.3/4,신경과,0
양양군,2017,4/4,2017.4/4,신경과,0
양양군,2018,1/4,2018.1/4,신경과,0
양양군,2018,2/4,2018.2/4,신경과,0
양양군,2018,3/4,2018.3/4,신경과,0
양양군,2018,4/4,2018.4/4,신경과,0
양양군,2019,1/4,2019.1/4,신경과,0
양양군,2019,2/4,2019.2/4,신경과,0
양양군,2019,3/4,2019.3/4,신경과,0
양양군,2019,4/4,2019.4/4,신경과,0
양양군,2020,1/4,2020.1/4,신경과,0
양양군,2020,2/4,2020.2/4,신경과,0
양양군,2020,3/4,2020.3/4,신경과,0
양양군,2020,4/4,2020.4/4,신경과,0
양양군,2021,1/4,2021.1/4,신경과,0
양양군,2021,2/4,2021.2/4,신경과,0
양양군,2021,3/4,2021.3/4,신경과,0
양양군,2021,4/4,2021.4/4,신경과,0
양양군,2022,1/4,2022.1/4,신경과,0
양양군,2022,2/4,2022.2/4,신경과,0
양양군,2022,3/4,2022.3/4,신경과,0
양양군,2022,4/4,2022.4/4,신경과,0
양양군,2023,1/4,2023.1/4,신경과,0
양양군,2023,2/4,2023.2/4,신경과,0
양양군,2023,3/4,2023.3/4,신경과,0
양양군,2023,4/4,2023.4/4,신경과,0
양양군,2024,1/4,2024.1/4,신경과,0
양양군,2024,2/4,2024.2/4,신경과,0
양양군,2024,3/4,2024.3/4,신경과,0
양양군,2024,4/4,2024.4/4,신경과,0
양양군,2025,1/4,2025.1/4,신경과,0
양양군,2025,2/4,2025.2/4,신경과,0
양양군,2025,3/4,2025.3/4,신경과,0
양양군,2025,4/4,2025.4/4,신경과,0
양양군,2009,1/4,2009.1/4,신경외과,0
양양군,2009,2/4,2009.2/4,신경외과,0
양양군,2009,3/4,2009.3/4,신경외과,0
양양군,2009,4/4,2009.4/4,신경외과,0
양양군,2010,1/4,2010.1/4,신경외과,0
양양군,2010,2/4,2010.2/4,신경외과,0
양양군,2010,3/4,2010.3/4,신경외과,0
양양군,2010,4/4,2010.4/4,신경외과,0
양양군,2011,1/4,2011.1/4,신경외과,0
양양군,2011,2/4,2011.2/4,신경외과,0
양양군,2011,3/4,2011.3/4,신경외과,0
양양군,2011,4/4,2011.4/4,신경외과,0
양양군,2012,1/4,2012.1/4,신경외과,0
양양군,2012,2/4,2012.2/4,신경외과,0
양양군,2012,3/4,2012.3/4,신경외과,0
양양군,2012,4/4,2012.4/4,신경외과,0
양양군,2013,1/4,2013.1/4,신경외과,0
양양군,2013,2/4,2013.2/4,신경외과,0
양양군,2013,3/4,2013.3/4,신경외과,0
양양군,2013,4/4,2013.4/4,신경외과,0
양양군,2014,1/4,2014.1/4,신경외과,0
양양군,2014,2/4,2014.2/4,신경외과,0
양양군,2014,3/4,2014.3/4,신경외과,0
양양군,2014,4/4,2014.4/4,신경외과,0
양양군,2015,1/4,2015.1/4,신경외과,0
양양군,2015,2/4,2015.2/4,신경외과,0
양양군,2015,3/4,2015.3/4,신경외과,0
양양군,2015,4/4,2015.4/4,신경외과,0
양양군,2016,1/4,2016.1/4,신경외과,0
양양군,2016,2/4,2016.2/4,신경외과,0
양양군,2016,3/4,2016.3/4,신경외과,0
양양군,2016,4/4,2016.4/4,신경외과,0
양양군,2017,1/4,2017.1/4,신경외과,0
양양군,2017,2/4,2017.2/4,신경외과,0
양양군,2017,3/4,2017.3/4,신경외과,0
양양군,2017,4/4,2017.4/4,신경외과,0
양양군,2018,1/4,2018.1/4,신경외과,0
양양군,2018,2/4,2018.2/4,신경외과,0
양양군,2018,3/4,2018.3/4,신경외과,0
양양군,2018,4/4,2018.4/4,신경외과,0
양양군,2019,1/4,2019.1/4,신경외과,0
양양군,2019,2/4,2019.2/4,신경외과,0
양양군,2019,3/4,2019.3/4,신경외과,0
양양군,2019,4/4,2019.4/4,신경외과,0
양양군,2020,1/4,2020.1/4,신경외과,0
양양군,2020,2/4,2020.2/4,신경외과,0
양양군,2020,3/4,2020.3/4,신경외과,0
양양군,2020,4/4,2020.4/4,신경외과,0
양양군,2021,1/4,2021.1/4,신경외과,0
양양군,2021,2/4,2021.2/4,신경외과,0
양양군,2021,3/4,2021.3/4,신경외과,0
양양군,2021,4/4,2021.4/4,신경외과,0
양양군,2022,1/4,2022.1/4,신경외과,0
양양군,2022,2/4,2022.2/4,신경외과,0
양양군,2022,3/4,2022.3/4,신경외과,0
양양군,2022,4/4,2022.4/4,신경외과,0
양양군,2023,1/4,2023.1/4,신경외과,0
양양군,2023,2/4,2023.2/4,신경외과,0
양양군,2023,3/4,2023.3/4,신경외과,0
양양군,2023,4/4,2023.4/4,신경외과,0
양양군,2024,1/4,2024.1/4,신경외과,0
양양군,2024,2/4,2024.2/4,신경외과,0
양양군,2024,3/4,2024.3/4,신경외과,0
양양군,2024,4/4,2024.4/4,신경외과,0
양양군,2025,1/4,2025.1/4,신경외과,0
양양군,2025,2/4,2025.2/4,신경외과,0
양양군,2025,3/4,2025.3/4,신경외과,0
양양군,2025,4/4,2025.4/4,신경외과,0
양양군,2009,1/4,2009.1/4,심장혈관흉부외과,0
양양군,2009,2/4,2009.2/4,심장혈관흉부외과,0
양양군,2009,3/4,2009.3/4,심장혈관흉부외과,0
양양군,2009,4/4,2009.4/4,심장혈관흉부외과,0
양양군,2010,1/4,2010.1/4,심장혈관흉부외과,0
양양군,2010,2/4,2010.2/4,심장혈관흉부외과,0
양양군,2010,3/4,2010.3/4,심장혈관흉부외과,0
양양군,2010,4/4,2010.4/4,심장혈관흉부외과,0
양양군,2011,1/4,2011.1/4,심장혈관흉부외과,0
양양군,2011,2/4,2011.2/4,심장혈관흉부외과,0
양양군,2011,3/4,2011.3/4,심장혈관흉부외과,0
양양군,2011,4/4,2011.4/4,심장혈관흉부외과,0
양양군,2012,1/4,2012.1/4,심장혈관흉부외과,0
양양군,2012,2/4,2012.2/4,심장혈관흉부외과,0
양양군,2012,3/4,2012.3/4,심장혈관흉부외과,0
양양군,2012,4/4,2012.4/4,심장혈관흉부외과,0
양양군,2013,1/4,2013.1/4,심장혈관흉부외과,0
양양군,2013,2/4,2013.2/4,심장혈관흉부외과,0
양양군,2013,3/4,2013.3/4,심장혈관흉부외과,0
양양군,2013,4/4,2013.4/4,심장혈관흉부외과,0
양양군,2014,1/4,2014.1/4,심장혈관흉부외과,0
양양군,2014,2/4,2014.2/4,심장혈관흉부외과,0
양양군,2014,3/4,2014.3/4,심장혈관흉부외과,0
양양군,2014,4/4,2014.4/4,심장혈관흉부외과,0
양양군,2015,1/4,2015.1/4,심장혈관흉부외과,0
양양군,2015,2/4,2015.2/4,심장혈관흉부외과,0
양양군,2015,3/4,2015.3/4,심장혈관흉부외과,0
양양군,2015,4/4,2015.4/4,심장혈관흉부외과,0
양양군,2016,1/4,2016.1/4,심장혈관흉부외과,0
양양군,2016,2/4,2016.2/4,심장혈관흉부외과,0
양양군,2016,3/4,2016.3/4,심장혈관흉부외과,0
양양군,2016,4/4,2016.4/4,심장혈관흉부외과,0
양양군,2017,1/4,2017.1/4,심장혈관흉부외과,0
양양군,2017,2/4,2017.2/4,심장혈관흉부외과,0
양양군,2017,3/4,2017.3/4,심장혈관흉부외과,0
양양군,2017,4/4,2017.4/4,심장혈관흉부외과,0
양양군,2018,1/4,2018.1/4,심장혈관흉부외과,0
양양군,2018,2/4,2018.2/4,심장혈관흉부외과,0
양양군,2018,3/4,2018.3/4,심장혈관흉부외과,0
양양군,2018,4/4,2018.4/4,심장혈관흉부외과,0
양양군,2019,1/4,2019.1/4,심장혈관흉부외과,0
양양군,2019,2/4,2019.2/4,심장혈관흉부외과,0
양양군,2019,3/4,2019.3/4,심장혈관흉부외과,0
양양군,2019,4/4,2019.4/4,심장혈관흉부외과,0
양양군,2020,1/4,2020.1/4,심장혈관흉부외과,0
양양군,2020,2/4,2020.2/4,심장혈관흉부외과,0
양양군,2020,3/4,2020.3/4,심장혈관흉부외과,0
양양군,2020,4/4,2020.4/4,심장혈관흉부외과,0
양양군,2021,1/4,2021.1/4,심장혈관흉부외과,0
양양군,2021,2/4,2021.2/4,심장혈관흉부외과,0
양양군,2021,3/4,2021.3/4,심장혈관흉부외과,0
양양군,2021,4/4,2021.4/4,심장혈관흉부외과,0
양양군,2022,1/4,2022.1/4,심장혈관흉부외과,0
양양군,2022,2/4,2022.2/4,심장혈관흉부외과,0
양양군,2022,3/4,2022.3/4,심장혈관흉부외과,0
양양군,2022,4/4,2022.4/4,심장혈관흉부외과,0
양양군,2023,1/4,2023.1/4,심장혈관흉부외과,0
양양군,2023,2/4,2023.2/4,심장혈관흉부외과,0
양양군,2023,3/4,2023.3/4,심장혈관흉부외과,0
양양군,2023,4/4,2023.4/4,심장혈관흉부외과,0
양양군,2024,1/4,2024.1/4,심장혈관흉부외과,0
양양군,2024,2/4,2024.2/4,심장혈관흉부외과,0
양양군,2024,3/4,2024.3/4,심장혈관흉부외과,0
양양군,2024,4/4,2024.4/4,심장혈관흉부외과,0
양양군,2025,1/4,2025.1/4,심장혈관흉부외과,0
양양군,2025,2/4,2025.2/4,심장혈관흉부외과,0
양양군,2025,3/4,2025.3/4,심장혈관흉부외과,0
양양군,2025,4/4,2025.4/4,심장혈관흉부외과,0
양양군,2009,1/4,2009.1/4,안과,0
양양군,2009,2/4,2009.2/4,안과,0
양양군,2009,3/4,2009.3/4,안과,0
양양군,2009,4/4,2009.4/4,안과,0
양양군,2010,1/4,2010.1/4,안과,0
양양군,2010,2/4,2010.2/4,안과,0
양양군,2010,3/4,2010.3/4,안과,0
양양군,2010,4/4,2010.4/4,안과,0
양양군,2011,1/4,2011.1/4,안과,0
양양군,2011,2/4,2011.2/4,안과,0
양양군,2011,3/4,2011.3/4,안과,0
양양군,2011,4/4,2011.4/4,안과,0
양양군,2012,1/4,2012.1/4,안과,0
양양군,2012,2/4,2012.2/4,안과,0
양양군,2012,3/4,2012.3/4,안과,0
양양군,2012,4/4,2012.4/4,안과,0
양양군,2013,1/4,2013.1/4,안과,0
양양군,2013,2/4,2013.2/4,안과,1
양양군,2013,3/4,2013.3/4,안과,1
양양군,2013,4/4,2013.4/4,안과,1
양양군,2014,1/4,2014.1/4,안과,1
양양군,2014,2/4,2014.2/4,안과,1
양양군,2014,3/4,2014.3/4,안과,1
양양군,2014,4/4,2014.4/4,안과,1
양양군,2015,1/4,2015.1/4,안과,1
양양군,2015,2/4,2015.2/4,안과,1
양양군,2015,3/4,2015.3/4,안과,1
양양군,2015,4/4,2015.4/4,안과,1
양양군,2016,1/4,2016.1/4,안과,1
양양군,2016,2/4,2016.2/4,안과,1
양양군,2016,3/4,2016.3/4,안과,1
양양군,2016,4/4,2016.4/4,안과,1
양양군,2017,1/4,2017.1/4,안과,1
양양군,2017,2/4,2017.2/4,안과,1
양양군,2017,3/4,2017.3/4,안과,1
양양군,2017,4/4,2017.4/4,안과,1
양양군,2018,1/4,2018.1/4,안과,1
양양군,2018,2/4,2018.2/4,안과,1
양양군,2018,3/4,2018.3/4,안과,1
양양군,2018,4/4,2018.4/4,안과,1
양양군,2019,1/4,2019.1/4,안과,1
양양군,2019,2/4,2019.2/4,안과,1
양양군,2019,3/4,2019.3/4,안과,1
양양군,2019,4/4,2019.4/4,안과,1
양양군,2020,1/4,2020.1/4,안과,1
양양군,2020,2/4,2020.2/4,안과,1
양양군,2020,3/4,2020.3/4,안과,1
양양군,2020,4/4,2020.4/4,안과,1
양양군,2021,1/4,2021.1/4,안과,1
양양군,2021,2/4,2021.2/4,안과,2
양양군,2021,3/4,2021.3/4,안과,2
양양군,2021,4/4,2021.4/4,안과,2
양양군,2022,1/4,2022.1/4,안과,2
양양군,2022,2/4,2022.2/4,안과,2
양양군,2022,3/4,2022.3/4,안과,2
양양군,2022,4/4,2022.4/4,안과,2
양양군,2023,1/4,2023.1/4,안과,0
양양군,2023,2/4,2023.2/4,안과,1
양양군,2023,3/4,2023.3/4,안과,1
양양군,2023,4/4,2023.4/4,안과,1
양양군,2024,1/4,2024.1/4,안과,1
양양군,2024,2/4,2024.2/4,안과,1
양양군,2024,3/4,2024.3/4,안과,1
양양군,2024,4/4,2024.4/4,안과,1
양양군,2025,1/4,2025.1/4,안과,1
양양군,2025,2/4,2025.2/4,안과,1
양양군,2025,3/4,2025.3/4,안과,1
양양군,2025,4/4,2025.4/4,안과,1
양양군,2009,1/4,2009.1/4,영상의학과,0
양양군,2009,2/4,2009.2/4,영상의학과,0
양양군,2009,3/4,2009.3/4,영상의학과,0
양양군,2009,4/4,2009.4/4,영상의학과,0
양양군,2010,1/4,2010.1/4,영상의학과,0
양양군,2010,2/4,2010.2/4,영상의학과,0
양양군,2010,3/4,2010.3/4,영상의학과,0
양양군,2010,4/4,2010.4/4,영상의학과,0
양양군,2011,1/4,2011.1/4,영상의학과,0
양양군,2011,2/4,2011.2/4,영상의학과,0
양양군,2011,3/4,2011.3/4,영상의학과,0
양양군,2011,4/4,2011.4/4,영상의학과,0
양양군,2012,1/4,2012.1/4,영상의학과,0
양양군,2012,2/4,2012.2/4,영상의학과,0
양양군,2012,3/4,2012.3/4,영상의학과,0
양양군,2012,4/4,2012.4/4,영상의학과,0
양양군,2013,1/4,2013.1/4,영상의학과,0
양양군,2013,2/4,2013.2/4,영상의학과,0
양양군,2013,3/4,2013.3/4,영상의학과,0
양양군,2013,4/4,2013.4/4,영상의학과,0
양양군,2014,1/4,2014.1/4,영상의학과,0
양양군,2014,2/4,2014.2/4,영상의학과,0
양양군,2014,3/4,2014.3/4,영상의학과,0
양양군,2014,4/4,2014.4/4,영상의학과,0
양양군,2015,1/4,2015.1/4,영상의학과,0
양양군,2015,2/4,2015.2/4,영상의학과,0
양양군,2015,3/4,2015.3/4,영상의학과,0
양양군,2015,4/4,2015.4/4,영상의학과,0
양양군,2016,1/4,2016.1/4,영상의학과,0
양양군,2016,2/4,2016.2/4,영상의학과,0
양양군,2016,3/4,2016.3/4,영상의학과,0
양양군,2016,4/4,2016.4/4,영상의학과,0
양양군,2017,1/4,2017.1/4,영상의학과,0
양양군,2017,2/4,2017.2/4,영상의학과,0
양양군,2017,3/4,2017.3/4,영상의학과,0
양양군,2017,4/4,2017.4/4,영상의학과,0
양양군,2018,1/4,2018.1/4,영상의학과,0
양양군,2018,2/4,2018.2/4,영상의학과,0
양양군,2018,3/4,2018.3/4,영상의학과,0
양양군,2018,4/4,2018.4/4,영상의학과,0
양양군,2019,1/4,2019.1/4,영상의학과,0
양양군,2019,2/4,2019.2/4,영상의학과,0
양양군,2019,3/4,2019.3/4,영상의학과,0
양양군,2019,4/4,2019.4/4,영상의학과,0
양양군,2020,1/4,2020.1/4,영상의학과,0
양양군,2020,2/4,2020.2/4,영상의학과,0
양양군,2020,3/4,2020.3/4,영상의학과,0
양양군,2020,4/4,2020.4/4,영상의학과,0
양양군,2021,1/4,2021.1/4,영상의학과,0
양양군,2021,2/4,2021.2/4,영상의학과,0
양양군,2021,3/4,2021.3/4,영상의학과,0
양양군,2021,4/4,2021.4/4,영상의학과,0
양양군,2022,1/4,2022.1/4,영상의학과,0
양양군,2022,2/4,2022.2/4,영상의학과,0
양양군,2022,3/4,2022.3/4,영상의학과,0
양양군,2022,4/4,2022.4/4,영상의학과,0
양양군,2023,1/4,2023.1/4,영상의학과,0
양양군,2023,2/4,2023.2/4,영상의학과,0
양양군,2023,3/4,2023.3/4,영상의학과,0
양양군,2023,4/4,2023.4/4,영상의학과,0
양양군,2024,1/4,2024.1/4,영상의학과,0
양양군,2024,2/4,2024.2/4,영상의학과,0
양양군,2024,3/4,2024.3/4,영상의학과,0
양양군,2024,4/4,2024.4/4,영상의학과,0
양양군,2025,1/4,2025.1/4,영상의학과,0
양양군,2025,2/4,2025.2/4,영상의학과,0
양양군,2025,3/4,2025.3/4,영상의학과,0
양양군,2025,4/4,2025.4/4,영상의학과,0
양양군,2009,1/4,2009.1/4,예방의학과,0
양양군,2009,2/4,2009.2/4,예방의학과,0
양양군,2009,3/4,2009.3/4,예방의학과,0
양양군,2009,4/4,2009.4/4,예방의학과,0
양양군,2010,1/4,2010.1/4,예방의학과,0
양양군,2010,2/4,2010.2/4,예방의학과,0
양양군,2010,3/4,2010.3/4,예방의학과,0
양양군,2010,4/4,2010.4/4,예방의학과,0
양양군,2011,1/4,2011.1/4,예방의학과,0
양양군,2011,2/4,2011.2/4,예방의학과,0
양양군,2011,3/4,2011.3/4,예방의학과,0
양양군,2011,4/4,2011.4/4,예방의학과,0
양양군,2012,1/4,2012.1/4,예방의학과,0
양양군,2012,2/4,2012.2/4,예방의학과,0
양양군,2012,3/4,2012.3/4,예방의학과,0
양양군,2012,4/4,2012.4/4,예방의학과,0
양양군,2013,1/4,2013.1/4,예방의학과,0
양양군,2013,2/4,2013.2/4,예방의학과,0
양양군,2013,3/4,2013.3/4,예방의학과,0
양양군,2013,4/4,2013.4/4,예방의학과,0
양양군,2014,1/4,2014.1/4,예방의학과,0
양양군,2014,2/4,2014.2/4,예방의학과,0
양양군,2014,3/4,2014.3/4,예방의학과,0
양양군,2014,4/4,2014.4/4,예방의학과,0
양양군,2015,1/4,2015.1/4,예방의학과,0
양양군,2015,2/4,2015.2/4,예방의학과,0
양양군,2015,3/4,2015.3/4,예방의학과,0
양양군,2015,4/4,2015.4/4,예방의학과,0
양양군,2016,1/4,2016.1/4,예방의학과,0
양양군,2016,2/4,2016.2/4,예방의학과,0
양양군,2016,3/4,2016.3/4,예방의학과,0
양양군,2016,4/4,2016.4/4,예방의학과,0
양양군,2017,1/4,2017.1/4,예방의학과,0
양양군,2017,2/4,2017.2/4,예방의학과,0
양양군,2017,3/4,2017.3/4,예방의학과,0
양양군,2017,4/4,2017.4/4,예방의학과,0
양양군,2018,1/4,2018.1/4,예방의학과,0
양양군,2018,2/4,2018.2/4,예방의학과,0
양양군,2018,3/4,2018.3/4,예방의학과,0
양양군,2018,4/4,2018.4/4,예방의학과,0
양양군,2019,1/4,2019.1/4,예방의학과,0
양양군,2019,2/4,2019.2/4,예방의학과,0
양양군,2019,3/4,2019.3/4,예방의학과,0
양양군,2019,4/4,2019.4/4,예방의학과,0
양양군,2020,1/4,2020.1/4,예방의학과,0
양양군,2020,2/4,2020.2/4,예방의학과,0
양양군,2020,3/4,2020.3/4,예방의학과,0
양양군,2020,4/4,2020.4/4,예방의학과,0
양양군,2021,1/4,2021.1/4,예방의학과,0
양양군,2021,2/4,2021.2/4,예방의학과,0
양양군,2021,3/4,2021.3/4,예방의학과,0
양양군,2021,4/4,2021.4/4,예방의학과,0
양양군,2022,1/4,2022.1/4,예방의학과,0
양양군,2022,2/4,2022.2/4,예방의학과,0
양양군,2022,3/4,2022.3/4,예방의학과,0
양양군,2022,4/4,2022.4/4,예방의학과,0
양양군,2023,1/4,2023.1/4,예방의학과,0
양양군,2023,2/4,2023.2/4,예방의학과,0
양양군,2023,3/4,2023.3/4,예방의학과,0
양양군,2023,4/4,2023.4/4,예방의학과,0
양양군,2024,1/4,2024.1/4,예방의학과,0
양양군,2024,2/4,2024.2/4,예방의학과,0
양양군,2024,3/4,2024.3/4,예방의학과,0
양양군,2024,4/4,2024.4/4,예방의학과,0
양양군,2025,1/4,2025.1/4,예방의학과,0
양양군,2025,2/4,2025.2/4,예방의학과,0
양양군,2025,3/4,2025.3/4,예방의학과,0
양양군,2025,4/4,2025.4/4,예방의학과,0
양양군,2009,1/4,2009.1/4,외과,1
양양군,2009,2/4,2009.2/4,외과,1
양양군,2009,3/4,2009.3/4,외과,1
양양군,2009,4/4,2009.4/4,외과,1
양양군,2010,1/4,2010.1/4,외과,1
양양군,2010,2/4,2010.2/4,외과,1
양양군,2010,3/4,2010.3/4,외과,1
양양군,2010,4/4,2010.4/4,외과,1
양양군,2011,1/4,2011.1/4,외과,1
양양군,2011,2/4,2011.2/4,외과,1
양양군,2011,3/4,2011.3/4,외과,1
양양군,2011,4/4,2011.4/4,외과,1
양양군,2012,1/4,2012.1/4,외과,1
양양군,2012,2/4,2012.2/4,외과,1
양양군,2012,3/4,2012.3/4,외과,1
양양군,2012,4/4,2012.4/4,외과,1
양양군,2013,1/4,2013.1/4,외과,1
양양군,2013,2/4,2013.2/4,외과,1
양양군,2013,3/4,2013.3/4,외과,1
양양군,2013,4/4,2013.4/4,외과,1
양양군,2014,1/4,2014.1/4,외과,1
양양군,2014,2/4,2014.2/4,외과,1
양양군,2014,3/4,2014.3/4,외과,1
양양군,2014,4/4,2014.4/4,외과,1
양양군,2015,1/4,2015.1/4,외과,1
양양군,2015,2/4,2015.2/4,외과,1
양양군,2015,3/4,2015.3/4,외과,1
양양군,2015,4/4,2015.4/4,외과,1
양양군,2016,1/4,2016.1/4,외과,1
양양군,2016,2/4,2016.2/4,외과,1
양양군,2016,3/4,2016.3/4,외과,1
양양군,2016,4/4,2016.4/4,외과,1
양양군,2017,1/4,2017.1/4,외과,1
양양군,2017,2/4,2017.2/4,외과,1
양양군,2017,3/4,2017.3/4,외과,1
양양군,2017,4/4,2017.4/4,외과,1
양양군,2018,1/4,2018.1/4,외과,1
양양군,2018,2/4,2018.2/4,외과,1
양양군,2018,3/4,2018.3/4,외과,1
양양군,2018,4/4,2018.4/4,외과,1
양양군,2019,1/4,2019.1/4,외과,1
양양군,2019,2/4,2019.2/4,외과,1
양양군,2019,3/4,2019.3/4,외과,1
양양군,2019,4/4,2019.4/4,외과,1
양양군,2020,1/4,2020.1/4,외과,1
양양군,2020,2/4,2020.2/4,외과,1
양양군,2020,3/4,2020.3/4,외과,1
양양군,2020,4/4,2020.4/4,외과,1
양양군,2021,1/4,2021.1/4,외과,1
양양군,2021,2/4,2021.2/4,외과,2
양양군,2021,3/4,2021.3/4,외과,2
양양군,2021,4/4,2021.4/4,외과,2
양양군,2022,1/4,2022.1/4,외과,2
양양군,2022,2/4,2022.2/4,외과,2
양양군,2022,3/4,2022.3/4,외과,2
양양군,2022,4/4,2022.4/4,외과,2
양양군,2023,1/4,2023.1/4,외과,1
양양군,2023,2/4,2023.2/4,외과,1
양양군,2023,3/4,2023.3/4,외과,1
양양군,2023,4/4,2023.4/4,외과,1
양양군,2024,1/4,2024.1/4,외과,1
양양군,2024,2/4,2024.2/4,외과,1
양양군,2024,3/4,2024.3/4,외과,1
양양군,2024,4/4,2024.4/4,외과,1
양양군,2025,1/4,2025.1/4,외과,1
양양군,2025,2/4,2025.2/4,외과,1
양양군,2025,3/4,2025.3/4,외과,1
양양군,2025,4/4,2025.4/4,외과,1
양양군,2009,1/4,2009.1/4,응급의학과,0
양양군,2009,2/4,2009.2/4,응급의학과,0
양양군,2009,3/4,2009.3/4,응급의학과,0
양양군,2009,4/4,2009.4/4,응급의학과,0
양양군,2010,1/4,2010.1/4,응급의학과,0
양양군,2010,2/4,2010.2/4,응급의학과,0
양양군,2010,3/4,2010.3/4,응급의학과,0
양양군,2010,4/4,2010.4/4,응급의학과,0
양양군,2011,1/4,2011.1/4,응급의학과,0
양양군,2011,2/4,2011.2/4,응급의학과,0
양양군,2011,3/4,2011.3/4,응급의학과,0
양양군,2011,4/4,2011.4/4,응급의학과,0
양양군,2012,1/4,2012.1/4,응급의학과,0
양양군,2012,2/4,2012.2/4,응급의학과,0
양양군,2012,3/4,2012.3/4,응급의학과,0
양양군,2012,4/4,2012.4/4,응급의학과,0
양양군,2013,1/4,2013.1/4,응급의학과,0
양양군,2013,2/4,2013.2/4,응급의학과,0
양양군,2013,3/4,2013.3/4,응급의학과,0
양양군,2013,4/4,2013.4/4,응급의학과,0
양양군,2014,1/4,2014.1/4,응급의학과,0
양양군,2014,2/4,2014.2/4,응급의학과,0
양양군,2014,3/4,2014.3/4,응급의학과,0
양양군,2014,4/4,2014.4/4,응급의학과,0
양양군,2015,1/4,2015.1/4,응급의학과,0
양양군,2015,2/4,2015.2/4,응급의학과,0
양양군,2015,3/4,2015.3/4,응급의학과,0
양양군,2015,4/4,2015.4/4,응급의학과,0
양양군,2016,1/4,2016.1/4,응급의학과,0
양양군,2016,2/4,2016.2/4,응급의학과,0
양양군,2016,3/4,2016.3/4,응급의학과,0
양양군,2016,4/4,2016.4/4,응급의학과,0
양양군,2017,1/4,2017.1/4,응급의학과,0
양양군,2017,2/4,2017.2/4,응급의학과,0
양양군,2017,3/4,2017.3/4,응급의학과,0
양양군,2017,4/4,2017.4/4,응급의학과,0
양양군,2018,1/4,2018.1/4,응급의학과,0
양양군,2018,2/4,2018.2/4,응급의학과,0
양양군,2018,3/4,2018.3/4,응급의학과,0
양양군,2018,4/4,2018.4/4,응급의학과,0
양양군,2019,1/4,2019.1/4,응급의학과,0
양양군,2019,2/4,2019.2/4,응급의학과,0
양양군,2019,3/4,2019.3/4,응급의학과,0
양양군,2019,4/4,2019.4/4,응급의학과,0
양양군,2020,1/4,2020.1/4,응급의학과,0
양양군,2020,2/4,2020.2/4,응급의학과,0
양양군,2020,3/4,2020.3/4,응급의학과,0
양양군,2020,4/4,2020.4/4,응급의학과,0
양양군,2021,1/4,2021.1/4,응급의학과,0
양양군,2021,2/4,2021.2/4,응급의학과,0
양양군,2021,3/4,2021.3/4,응급의학과,0
양양군,2021,4/4,2021.4/4,응급의학과,0
양양군,2022,1/4,2022.1/4,응급의학과,0
양양군,2022,2/4,2022.2/4,응급의학과,0
양양군,2022,3/4,2022.3/4,응급의학과,0
양양군,2022,4/4,2022.4/4,응급의학과,0
양양군,2023,1/4,2023.1/4,응급의학과,0
양양군,2023,2/4,2023.2/4,응급의학과,0
양양군,2023,3/4,2023.3/4,응급의학과,0
양양군,2023,4/4,2023.4/4,응급의학과,0
양양군,2024,1/4,2024.1/4,응급의학과,0
양양군,2024,2/4,2024.2/4,응급의학과,0
양양군,2024,3/4,2024.3/4,응급의학과,0
양양군,2024,4/4,2024.4/4,응급의학과,0
양양군,2025,1/4,2025.1/4,응급의학과,0
양양군,2025,2/4,2025.2/4,응급의학과,0
양양군,2025,3/4,2025.3/4,응급의학과,0
양양군,2025,4/4,2025.4/4,응급의학과,0
양양군,2009,1/4,2009.1/4,이비인후과,0
양양군,2009,2/4,2009.2/4,이비인후과,0
양양군,2009,3/4,2009.3/4,이비인후과,0
양양군,2009,4/4,2009.4/4,이비인후과,0
양양군,2010,1/4,2010.1/4,이비인후과,0
양양군,2010,2/4,2010.2/4,이비인후과,0
양양군,2010,3/4,2010.3/4,이비인후과,0
양양군,2010,4/4,2010.4/4,이비인후과,0
양양군,2011,1/4,2011.1/4,이비인후과,0
양양군,2011,2/4,2011.2/4,이비인후과,1
양양군,2011,3/4,2011.3/4,이비인후과,1
양양군,2011,4/4,2011.4/4,이비인후과,1
양양군,2012,1/4,2012.1/4,이비인후과,1
양양군,2012,2/4,2012.2/4,이비인후과,1
양양군,2012,3/4,2012.3/4,이비인후과,1
양양군,2012,4/4,2012.4/4,이비인후과,1
양양군,2013,1/4,2013.1/4,이비인후과,1
양양군,2013,2/4,2013.2/4,이비인후과,1
양양군,2013,3/4,2013.3/4,이비인후과,1
양양군,2013,4/4,2013.4/4,이비인후과,1
양양군,2014,1/4,2014.1/4,이비인후과,1
양양군,2014,2/4,2014.2/4,이비인후과,1
양양군,2014,3/4,2014.3/4,이비인후과,1
양양군,2014,4/4,2014.4/4,이비인후과,1
양양군,2015,1/4,2015.1/4,이비인후과,1
양양군,2015,2/4,2015.2/4,이비인후과,1
양양군,2015,3/4,2015.3/4,이비인후과,1
양양군,2015,4/4,2015.4/4,이비인후과,1
양양군,2016,1/4,2016.1/4,이비인후과,1
양양군,2016,2/4,2016.2/4,이비인후과,1
양양군,2016,3/4,2016.3/4,이비인후과,1
양양군,2016,4/4,2016.4/4,이비인후과,1
양양군,2017,1/4,2017.1/4,이비인후과,1
양양군,2017,2/4,2017.2/4,이비인후과,1
양양군,2017,3/4,2017.3/4,이비인후과,1
양양군,2017,4/4,2017.4/4,이비인후과,1
양양군,2018,1/4,2018.1/4,이비인후과,1
양양군,2018,2/4,2018.2/4,이비인후과,0
양양군,2018,3/4,2018.3/4,이비인후과,0
양양군,2018,4/4,2018.4/4,이비인후과,0
양양군,2019,1/4,2019.1/4,이비인후과,0
양양군,2019,2/4,2019.2/4,이비인후과,0
양양군,2019,3/4,2019.3/4,이비인후과,0
양양군,2019,4/4,2019.4/4,이비인후과,0
양양군,2020,1/4,2020.1/4,이비인후과,0
양양군,2020,2/4,2020.2/4,이비인후과,0
양양군,2020,3/4,2020.3/4,이비인후과,0
양양군,2020,4/4,2020.4/4,이비인후과,0
양양군,2021,1/4,2021.1/4,이비인후과,0
양양군,2021,2/4,2021.2/4,이비인후과,0
양양군,2021,3/4,2021.3/4,이비인후과,0
양양군,2021,4/4,2021.4/4,이비인후과,0
양양군,2022,1/4,2022.1/4,이비인후과,0
양양군,2022,2/4,2022.2/4,이비인후과,0
양양군,2022,3/4,2022.3/4,이비인후과,0
양양군,2022,4/4,2022.4/4,이비인후과,0
양양군,2023,1/4,2023.1/4,이비인후과,0
양양군,2023,2/4,2023.2/4,이비인후과,0
양양군,2023,3/4,2023.3/4,이비인후과,0
양양군,2023,4/4,2023.4/4,이비인후과,0
양양군,2024,1/4,2024.1/4,이비인후과,0
양양군,2024,2/4,2024.2/4,이비인후과,0
양양군,2024,3/4,2024.3/4,이비인후과,0
양양군,2024,4/4,2024.4/4,이비인후과,0
양양군,2025,1/4,2025.1/4,이비인후과,0
양양군,2025,2/4,2025.2/4,이비인후과,0
양양군,2025,3/4,2025.3/4,이비인후과,0
양양군,2025,4/4,2025.4/4,이비인후과,0
양양군,2009,1/4,2009.1/4,재활의학과,0
양양군,2009,2/4,2009.2/4,재활의학과,0
양양군,2009,3/4,2009.3/4,재활의학과,0
양양군,2009,4/4,2009.4/4,재활의학과,0
양양군,2010,1/4,2010.1/4,재활의학과,0
양양군,2010,2/4,2010.2/4,재활의학과,0
양양군,2010,3/4,2010.3/4,재활의학과,0
양양군,2010,4/4,2010.4/4,재활의학과,0
양양군,2011,1/4,2011.1/4,재활의학과,0
양양군,2011,2/4,2011.2/4,재활의학과,0
양양군,2011,3/4,2011.3/4,재활의학과,0
양양군,2011,4/4,2011.4/4,재활의학과,0
양양군,2012,1/4,2012.1/4,재활의학과,0
양양군,2012,2/4,2012.2/4,재활의학과,0
양양군,2012,3/4,2012.3/4,재활의학과,0
양양군,2012,4/4,2012.4/4,재활의학과,0
양양군,2013,1/4,2013.1/4,재활의학과,0
양양군,2013,2/4,2013.2/4,재활의학과,0
양양군,2013,3/4,2013.3/4,재활의학과,0
양양군,2013,4/4,2013.4/4,재활의학과,0
양양군,2014,1/4,2014.1/4,재활의학과,0
양양군,2014,2/4,2014.2/4,재활의학과,1
양양군,2014,3/4,2014.3/4,재활의학과,1
양양군,2014,4/4,2014.4/4,재활의학과,1
양양군,2015,1/4,2015.1/4,재활의학과,1
양양군,2015,2/4,2015.2/4,재활의학과,1
양양군,2015,3/4,2015.3/4,재활의학과,1
양양군,2015,4/4,2015.4/4,재활의학과,1
양양군,2016,1/4,2016.1/4,재활의학과,1
양양군,2016,2/4,2016.2/4,재활의학과,1
양양군,2016,3/4,2016.3/4,재활의학과,1
양양군,2016,4/4,2016.4/4,재활의학과,1
양양군,2017,1/4,2017.1/4,재활의학과,1
양양군,2017,2/4,2017.2/4,재활의학과,1
양양군,2017,3/4,2017.3/4,재활의학과,1
양양군,2017,4/4,2017.4/4,재활의학과,1
양양군,2018,1/4,2018.1/4,재활의학과,1
양양군,2018,2/4,2018.2/4,재활의학과,1
양양군,2018,3/4,2018.3/4,재활의학과,1
양양군,2018,4/4,2018.4/4,재활의학과,1
양양군,2019,1/4,2019.1/4,재활의학과,1
양양군,2019,2/4,2019.2/4,재활의학과,0
양양군,2019,3/4,2019.3/4,재활의학과,0
양양군,2019,4/4,2019.4/4,재활의학과,0
양양군,2020,1/4,2020.1/4,재활의학과,0
양양군,2020,2/4,2020.2/4,재활의학과,0
양양군,2020,3/4,2020.3/4,재활의학과,0
양양군,2020,4/4,2020.4/4,재활의학과,0
양양군,2021,1/4,2021.1/4,재활의학과,0
양양군,2021,2/4,2021.2/4,재활의학과,0
양양군,2021,3/4,2021.3/4,재활의학과,0
양양군,2021,4/4,2021.4/4,재활의학과,0
양양군,2022,1/4,2022.1/4,재활의학과,0
양양군,2022,2/4,2022.2/4,재활의학과,0
양양군,2022,3/4,2022.3/4,재활의학과,0
양양군,2022,4/4,2022.4/4,재활의학과,0
양양군,2023,1/4,2023.1/4,재활의학과,0
양양군,2023,2/4,2023.2/4,재활의학과,0
양양군,2023,3/4,2023.3/4,재활의학과,0
양양군,2023,4/4,2023.4/4,재활의학과,0
양양군,2024,1/4,2024.1/4,재활의학과,0
양양군,2024,2/4,2024.2/4,재활의학과,0
양양군,2024,3/4,2024.3/4,재활의학과,0
양양군,2024,4/4,2024.4/4,재활의학과,0
양양군,2025,1/4,2025.1/4,재활의학과,0
양양군,2025,2/4,2025.2/4,재활의학과,0
양양군,2025,3/4,2025.3/4,재활의학과,0
양양군,2025,4/4,2025.4/4,재활의학과,0
양양군,2009,1/4,2009.1/4,정신건강의학과,0
양양군,2009,2/4,2009.2/4,정신건강의학과,0
양양군,2009,3/4,2009.3/4,정신건강의학과,0
양양군,2009,4/4,2009.4/4,정신건강의학과,0
양양군,2010,1/4,2010.1/4,정신건강의학과,0
양양군,2010,2/4,2010.2/4,정신건강의학과,0
양양군,2010,3/4,2010.3/4,정신건강의학과,0
양양군,2010,4/4,2010.4/4,정신건강의학과,0
양양군,2011,1/4,2011.1/4,정신건강의학과,0
양양군,2011,2/4,2011.2/4,정신건강의학과,0
양양군,2011,3/4,2011.3/4,정신건강의학과,0
양양군,2011,4/4,2011.4/4,정신건강의학과,0
양양군,2012,1/4,2012.1/4,정신건강의학과,0
양양군,2012,2/4,2012.2/4,정신건강의학과,0
양양군,2012,3/4,2012.3/4,정신건강의학과,0
양양군,2012,4/4,2012.4/4,정신건강의학과,0
양양군,2013,1/4,2013.1/4,정신건강의학과,0
양양군,2013,2/4,2013.2/4,정신건강의학과,0
양양군,2013,3/4,2013.3/4,정신건강의학과,0
양양군,2013,4/4,2013.4/4,정신건강의학과,0
양양군,2014,1/4,2014.1/4,정신건강의학과,0
양양군,2014,2/4,2014.2/4,정신건강의학과,0
양양군,2014,3/4,2014.3/4,정신건강의학과,0
양양군,2014,4/4,2014.4/4,정신건강의학과,0
양양군,2015,1/4,2015.1/4,정신건강의학과,0
양양군,2015,2/4,2015.2/4,정신건강의학과,0
양양군,2015,3/4,2015.3/4,정신건강의학과,0
양양군,2015,4/4,2015.4/4,정신건강의학과,0
양양군,2016,1/4,2016.1/4,정신건강의학과,0
양양군,2016,2/4,2016.2/4,정신건강의학과,0
양양군,2016,3/4,2016.3/4,정신건강의학과,0
양양군,2016,4/4,2016.4/4,정신건강의학과,0
양양군,2017,1/4,2017.1/4,정신건강의학과,0
양양군,2017,2/4,2017.2/4,정신건강의학과,0
양양군,2017,3/4,2017.3/4,정신건강의학과,0
양양군,2017,4/4,2017.4/4,정신건강의학과,0
양양군,2018,1/4,2018.1/4,정신건강의학과,0
양양군,2018,2/4,2018.2/4,정신건강의학과,0
양양군,2018,3/4,2018.3/4,정신건강의학과,0
양양군,2018,4/4,2018.4/4,정신건강의학과,0
양양군,2019,1/4,2019.1/4,정신건강의학과,0
양양군,2019,2/4,2019.2/4,정신건강의학과,0
양양군,2019,3/4,2019.3/4,정신건강의학과,0
양양군,2019,4/4,2019.4/4,정신건강의학과,0
양양군,2020,1/4,2020.1/4,정신건강의학과,0
양양군,2020,2/4,2020.2/4,정신건강의학과,0
양양군,2020,3/4,2020.3/4,정신건강의학과,0
양양군,2020,4/4,2020.4/4,정신건강의학과,0
양양군,2021,1/4,2021.1/4,정신건강의학과,0
양양군,2021,2/4,2021.2/4,정신건강의학과,0
양양군,2021,3/4,2021.3/4,정신건강의학과,0
양양군,2021,4/4,2021.4/4,정신건강의학과,0
양양군,2022,1/4,2022.1/4,정신건강의학과,0
양양군,2022,2/4,2022.2/4,정신건강의학과,0
양양군,2022,3/4,2022.3/4,정신건강의학과,0
양양군,2022,4/4,2022.4/4,정신건강의학과,0
양양군,2023,1/4,2023.1/4,정신건강의학과,0
양양군,2023,2/4,2023.2/4,정신건강의학과,0
양양군,2023,3/4,2023.3/4,정신건강의학과,0
양양군,2023,4/4,2023.4/4,정신건강의학과,0
양양군,2024,1/4,2024.1/4,정신건강의학과,0
양양군,2024,2/4,2024.2/4,정신건강의학과,0
양양군,2024,3/4,2024.3/4,정신건강의학과,0
양양군,2024,4/4,2024.4/4,정신건강의학과,0
양양군,2025,1/4,2025.1/4,정신건강의학과,0
양양군,2025,2/4,2025.2/4,정신건강의학과,0
양양군,2025,3/4,2025.3/4,정신건강의학과,0
양양군,2025,4/4,2025.4/4,정신건강의학과,0
양양군,2009,1/4,2009.1/4,정형외과,1
양양군,2009,2/4,2009.2/4,정형외과,1
양양군,2009,3/4,2009.3/4,정형외과,1
양양군,2009,4/4,2009.4/4,정형외과,1
양양군,2010,1/4,2010.1/4,정형외과,1
양양군,2010,2/4,2010.2/4,정형외과,1
양양군,2010,3/4,2010.3/4,정형외과,1
양양군,2010,4/4,2010.4/4,정형외과,1
양양군,2011,1/4,2011.1/4,정형외과,1
양양군,2011,2/4,2011.2/4,정형외과,1
양양군,2011,3/4,2011.3/4,정형외과,1
양양군,2011,4/4,2011.4/4,정형외과,1
양양군,2012,1/4,2012.1/4,정형외과,1
양양군,2012,2/4,2012.2/4,정형외과,1
양양군,2012,3/4,2012.3/4,정형외과,1
양양군,2012,4/4,2012.4/4,정형외과,1
양양군,2013,1/4,2013.1/4,정형외과,1
양양군,2013,2/4,2013.2/4,정형외과,1
양양군,2013,3/4,2013.3/4,정형외과,1
양양군,2013,4/4,2013.4/4,정형외과,1
양양군,2014,1/4,2014.1/4,정형외과,1
양양군,2014,2/4,2014.2/4,정형외과,1
양양군,2014,3/4,2014.3/4,정형외과,1
양양군,2014,4/4,2014.4/4,정형외과,1
양양군,2015,1/4,2015.1/4,정형외과,1
양양군,2015,2/4,2015.2/4,정형외과,1
양양군,2015,3/4,2015.3/4,정형외과,1
양양군,2015,4/4,2015.4/4,정형외과,1
양양군,2016,1/4,2016.1/4,정형외과,1
양양군,2016,2/4,2016.2/4,정형외과,1
양양군,2016,3/4,2016.3/4,정형외과,1
양양군,2016,4/4,2016.4/4,정형외과,1
양양군,2017,1/4,2017.1/4,정형외과,1
양양군,2017,2/4,2017.2/4,정형외과,1
양양군,2017,3/4,2017.3/4,정형외과,1
양양군,2017,4/4,2017.4/4,정형외과,1
양양군,2018,1/4,2018.1/4,정형외과,1
양양군,2018,2/4,2018.2/4,정형외과,1
양양군,2018,3/4,2018.3/4,정형외과,1
양양군,2018,4/4,2018.4/4,정형외과,1
양양군,2019,1/4,2019.1/4,정형외과,1
양양군,2019,2/4,2019.2/4,정형외과,1
양양군,2019,3/4,2019.3/4,정형외과,1
양양군,2019,4/4,2019.4/4,정형외과,1
양양군,2020,1/4,2020.1/4,정형외과,1
양양군,2020,2/4,2020.2/4,정형외과,1
양양군,2020,3/4,2020.3/4,정형외과,1
양양군,2020,4/4,2020.4/4,정형외과,1
양양군,2021,1/4,2021.1/4,정형외과,1
양양군,2021,2/4,2021.2/4,정형외과,1
양양군,2021,3/4,2021.3/4,정형외과,1
양양군,2021,4/4,2021.4/4,정형외과,1
양양군,2022,1/4,2022.1/4,정형외과,1
양양군,2022,2/4,2022.2/4,정형외과,2
양양군,2022,3/4,2022.3/4,정형외과,2
양양군,2022,4/4,2022.4/4,정형외과,2
양양군,2023,1/4,2023.1/4,정형외과,1
양양군,2023,2/4,2023.2/4,정형외과,1
양양군,2023,3/4,2023.3/4,정형외과,1
양양군,2023,4/4,2023.4/4,정형외과,1
양양군,2024,1/4,2024.1/4,정형외과,1
양양군,2024,2/4,2024.2/4,정형외과,1
양양군,2024,3/4,2024.3/4,정형외과,1
양양군,2024,4/4,2024.4/4,정형외과,1
양양군,2025,1/4,2025.1/4,정형외과,1
양양군,2025,2/4,2025.2/4,정형외과,1
양양군,2025,3/4,2025.3/4,정형외과,1
양양군,2025,4/4,2025.4/4,정형외과,1
양양군,2009,1/4,2009.1/4,직업환경의학과,0
양양군,2009,2/4,2009.2/4,직업환경의학과,0
양양군,2009,3/4,2009.3/4,직업환경의학과,0
양양군,2009,4/4,2009.4/4,직업환경의학과,0
양양군,2010,1/4,2010.1/4,직업환경의학과,0
양양군,2010,2/4,2010.2/4,직업환경의학과,0
양양군,2010,3/4,2010.3/4,직업환경의학과,0
양양군,2010,4/4,2010.4/4,직업환경의학과,0
양양군,2011,1/4,2011.1/4,직업환경의학과,0
양양군,2011,2/4,2011.2/4,직업환경의학과,0
양양군,2011,3/4,2011.3/4,직업환경의학과,0
양양군,2011,4/4,2011.4/4,직업환경의학과,0
양양군,2012,1/4,2012.1/4,직업환경의학과,0
양양군,2012,2/4,2012.2/4,직업환경의학과,0
양양군,2012,3/4,2012.3/4,직업환경의학과,0
양양군,2012,4/4,2012.4/4,직업환경의학과,0
양양군,2013,1/4,2013.1/4,직업환경의학과,0
양양군,2013,2/4,2013.2/4,직업환경의학과,0
양양군,2013,3/4,2013.3/4,직업환경의학과,0
양양군,2013,4/4,2013.4/4,직업환경의학과,0
양양군,2014,1/4,2014.1/4,직업환경의학과,0
양양군,2014,2/4,2014.2/4,직업환경의학과,0
양양군,2014,3/4,2014.3/4,직업환경의학과,0
양양군,2014,4/4,2014.4/4,직업환경의학과,0
양양군,2015,1/4,2015.1/4,직업환경의학과,0
양양군,2015,2/4,2015.2/4,직업환경의학과,0
양양군,2015,3/4,2015.3/4,직업환경의학과,0
양양군,2015,4/4,2015.4/4,직업환경의학과,0
양양군,2016,1/4,2016.1/4,직업환경의학과,0
양양군,2016,2/4,2016.2/4,직업환경의학과,0
양양군,2016,3/4,2016.3/4,직업환경의학과,0
양양군,2016,4/4,2016.4/4,직업환경의학과,0
양양군,2017,1/4,2017.1/4,직업환경의학과,0
양양군,2017,2/4,2017.2/4,직업환경의학과,0
양양군,2017,3/4,2017.3/4,직업환경의학과,0
양양군,2017,4/4,2017.4/4,직업환경의학과,0
양양군,2018,1/4,2018.1/4,직업환경의학과,0
양양군,2018,2/4,2018.2/4,직업환경의학과,0
양양군,2018,3/4,2018.3/4,직업환경의학과,0
양양군,2018,4/4,2018.4/4,직업환경의학과,0
양양군,2019,1/4,2019.1/4,직업환경의학과,0
양양군,2019,2/4,2019.2/4,직업환경의학과,0
양양군,2019,3/4,2019.3/4,직업환경의학과,0
양양군,2019,4/4,2019.4/4,직업환경의학과,0
양양군,2020,1/4,2020.1/4,직업환경의학과,0
양양군,2020,2/4,2020.2/4,직업환경의학과,0
양양군,2020,3/4,2020.3/4,직업환경의학과,0
양양군,2020,4/4,2020.4/4,직업환경의학과,0
양양군,2021,1/4,2021.1/4,직업환경의학과,0
양양군,2021,2/4,2021.2/4,직업환경의학과,0
양양군,2021,3/4,2021.3/4,직업환경의학과,0
양양군,2021,4/4,2021.4/4,직업환경의학과,0
양양군,2022,1/4,2022.1/4,직업환경의학과,0
양양군,2022,2/4,2022.2/4,직업환경의학과,1
양양군,2022,3/4,2022.3/4,직업환경의학과,1
양양군,2022,4/4,2022.4/4,직업환경의학과,1
양양군,2023,1/4,2023.1/4,직업환경의학과,1
양양군,2023,2/4,2023.2/4,직업환경의학과,1
양양군,2023,3/4,2023.3/4,직업환경의학과,1
양양군,2023,4/4,2023.4/4,직업환경의학과,1
양양군,2024,1/4,2024.1/4,직업환경의학과,1
양양군,2024,2/4,2024.2/4,직업환경의학과,0
양양군,2024,3/4,2024.3/4,직업환경의학과,0
양양군,2024,4/4,2024.4/4,직업환경의학과,0
양양군,2025,1/4,2025.1/4,직업환경의학과,0
양양군,2025,2/4,2025.2/4,직업환경의학과,0
양양군,2025,3/4,2025.3/4,직업환경의학과,0
양양군,2025,4/4,2025.4/4,직업환경의학과,0
양양군,2009,1/4,2009.1/4,진단검사의학과,0
양양군,2009,2/4,2009.2/4,진단검사의학과,0
양양군,2009,3/4,2009.3/4,진단검사의학과,0
양양군,2009,4/4,2009.4/4,진단검사의학과,0
양양군,2010,1/4,2010.1/4,진단검사의학과,0
양양군,2010,2/4,2010.2/4,진단검사의학과,0
양양군,2010,3/4,2010.3/4,진단검사의학과,0
양양군,2010,4/4,2010.4/4,진단검사의학과,0
양양군,2011,1/4,2011.1/4,진단검사의학과,0
양양군,2011,2/4,2011.2/4,진단검사의학과,0
양양군,2011,3/4,2011.3/4,진단검사의학과,0
양양군,2011,4/4,2011.4/4,진단검사의학과,0
양양군,2012,1/4,2012.1/4,진단검사의학과,0
양양군,2012,2/4,2012.2/4,진단검사의학과,0
양양군,2012,3/4,2012.3/4,진단검사의학과,0
양양군,2012,4/4,2012.4/4,진단검사의학과,0
양양군,2013,1/4,2013.1/4,진단검사의학과,0
양양군,2013,2/4,2013.2/4,진단검사의학과,0
양양군,2013,3/4,2013.3/4,진단검사의학과,0
양양군,2013,4/4,2013.4/4,진단검사의학과,0
양양군,2014,1/4,2014.1/4,진단검사의학과,0
양양군,2014,2/4,2014.2/4,진단검사의학과,0
양양군,2014,3/4,2014.3/4,진단검사의학과,0
양양군,2014,4/4,2014.4/4,진단검사의학과,0
양양군,2015,1/4,2015.1/4,진단검사의학과,0
양양군,2015,2/4,2015.2/4,진단검사의학과,0
양양군,2015,3/4,2015.3/4,진단검사의학과,0
양양군,2015,4/4,2015.4/4,진단검사의학과,0
양양군,2016,1/4,2016.1/4,진단검사의학과,0
양양군,2016,2/4,2016.2/4,진단검사의학과,0
양양군,2016,3/4,2016.3/4,진단검사의학과,0
양양군,2016,4/4,2016.4/4,진단검사의학과,0
양양군,2017,1/4,2017.1/4,진단검사의학과,0
양양군,2017,2/4,2017.2/4,진단검사의학과,0
양양군,2017,3/4,2017.3/4,진단검사의학과,0
양양군,2017,4/4,2017.4/4,진단검사의학과,0
양양군,2018,1/4,2018.1/4,진단검사의학과,0
양양군,2018,2/4,2018.2/4,진단검사의학과,0
양양군,2018,3/4,2018.3/4,진단검사의학과,0
양양군,2018,4/4,2018.4/4,진단검사의학과,0
양양군,2019,1/4,2019.1/4,진단검사의학과,0
양양군,2019,2/4,2019.2/4,진단검사의학과,0
양양군,2019,3/4,2019.3/4,진단검사의학과,0
양양군,2019,4/4,2019.4/4,진단검사의학과,0
양양군,2020,1/4,2020.1/4,진단검사의학과,0
양양군,2020,2/4,2020.2/4,진단검사의학과,0
양양군,2020,3/4,2020.3/4,진단검사의학과,0
양양군,2020,4/4,2020.4/4,진단검사의학과,0
양양군,2021,1/4,2021.1/4,진단검사의학과,0
양양군,2021,2/4,2021.2/4,진단검사의학과,0
양양군,2021,3/4,2021.3/4,진단검사의학과,0
양양군,2021,4/4,2021.4/4,진단검사의학과,0
양양군,2022,1/4,2022.1/4,진단검사의학과,0
양양군,2022,2/4,2022.2/4,진단검사의학과,0
양양군,2022,3/4,2022.3/4,진단검사의학과,0
양양군,2022,4/4,2022.4/4,진단검사의학과,0
양양군,2023,1/4,2023.1/4,진단검사의학과,0
양양군,2023,2/4,2023.2/4,진단검사의학과,0
양양군,2023,3/4,2023.3/4,진단검사의학과,0
양양군,2023,4/4,2023.4/4,진단검사의학과,0
양양군,2024,1/4,2024.1/4,진단검사의학과,0
양양군,2024,2/4,2024.2/4,진단검사의학과,0
양양군,2024,3/4,2024.3/4,진단검사의학과,0
양양군,2024,4/4,2024.4/4,진단검사의학과,0
양양군,2025,1/4,2025.1/4,진단검사의학과,0
양양군,2025,2/4,2025.2/4,진단검사의학과,0
양양군,2025,3/4,2025.3/4,진단검사의학과,0
양양군,2025,4/4,2025.4/4,진단검사의학과,0
양양군,2009,1/4,2009.1/4,피부과,0
양양군,2009,2/4,2009.2/4,피부과,0
양양군,2009,3/4,2009.3/4,피부과,0
양양군,2009,4/4,2009.4/4,피부과,0
양양군,2010,1/4,2010.1/4,피부과,0
양양군,2010,2/4,2010.2/4,피부과,0
양양군,2010,3/4,2010.3/4,피부과,0
양양군,2010,4/4,2010.4/4,피부과,0
양양군,2011,1/4,2011.1/4,피부과,0
양양군,2011,2/4,2011.2/4,피부과,0
양양군,2011,3/4,2011.3/4,피부과,0
양양군,2011,4/4,2011.4/4,피부과,0
양양군,2012,1/4,2012.1/4,피부과,0
양양군,2012,2/4,2012.2/4,피부과,0
양양군,2012,3/4,2012.3/4,피부과,0
양양군,2012,4/4,2012.4/4,피부과,0
양양군,2013,1/4,2013.1/4,피부과,0
양양군,2013,2/4,2013.2/4,피부과,0
양양군,2013,3/4,2013.3/4,피부과,0
양양군,2013,4/4,2013.4/4,피부과,0
양양군,2014,1/4,2014.1/4,피부과,0
양양군,2014,2/4,2014.2/4,피부과,0
양양군,2014,3/4,2014.3/4,피부과,0
양양군,2014,4/4,2014.4/4,피부과,0
양양군,2015,1/4,2015.1/4,피부과,0
양양군,2015,2/4,2015.2/4,피부과,0
양양군,2015,3/4,2015.3/4,피부과,0
양양군,2015,4/4,2015.4/4,피부과,0
양양군,2016,1/4,2016.1/4,피부과,0
양양군,2016,2/4,2016.2/4,피부과,0
양양군,2016,3/4,2016.3/4,피부과,0
양양군,2016,4/4,2016.4/4,피부과,0
양양군,2017,1/4,2017.1/4,피부과,0
양양군,2017,2/4,2017.2/4,피부과,0
양양군,2017,3/4,2017.3/4,피부과,0
양양군,2017,4/4,2017.4/4,피부과,0
양양군,2018,1/4,2018.1/4,피부과,0
양양군,2018,2/4,2018.2/4,피부과,0
양양군,2018,3/4,2018.3/4,피부과,0
양양군,2018,4/4,2018.4/4,피부과,0
양양군,2019,1/4,2019.1/4,피부과,0
양양군,2019,2/4,2019.2/4,피부과,0
양양군,2019,3/4,2019.3/4,피부과,0
양양군,2019,4/4,2019.4/4,피부과,0
양양군,2020,1/4,2020.1/4,피부과,0
양양군,2020,2/4,2020.2/4,피부과,0
양양군,2020,3/4,2020.3/4,피부과,0
양양군,2020,4/4,2020.4/4,피부과,0
양양군,2021,1/4,2021.1/4,피부과,0
양양군,2021,2/4,2021.2/4,피부과,0
양양군,2021,3/4,2021.3/4,피부과,0
양양군,2021,4/4,2021.4/4,피부과,0
양양군,2022,1/4,2022.1/4,피부과,0
양양군,2022,2/4,2022.2/4,피부과,0
양양군,2022,3/4,2022.3/4,피부과,0
양양군,2022,4/4,2022.4/4,피부과,0
양양군,2023,1/4,2023.1/4,피부과,0
양양군,2023,2/4,2023.2/4,피부과,0
양양군,2023,3/4,2023.3/4,피부과,0
양양군,2023,4/4,2023.4/4,피부과,0
양양군,2024,1/4,2024.1/4,피부과,0
양양군,2024,2/4,2024.2/4,피부과,0
양양군,2024,3/4,2024.3/4,피부과,0
양양군,2024,4/4,2024.4/4,피부과,0
양양군,2025,1/4,2025.1/4,피부과,0
양양군,2025,2/4,2025.2/4,피부과,0
양양군,2025,3/4,2025.3/4,피부과,0
양양군,2025,4/4,2025.4/4,피부과,0
양양군,2009,1/4,2009.1/4,핵의학과,0
양양군,2009,2/4,2009.2/4,핵의학과,0
양양군,2009,3/4,2009.3/4,핵의학과,0
양양군,2009,4/4,2009.4/4,핵의학과,0
양양군,2010,1/4,2010.1/4,핵의학과,0
양양군,2010,2/4,2010.2/4,핵의학과,0
양양군,2010,3/4,2010.3/4,핵의학과,0
양양군,2010,4/4,2010.4/4,핵의학과,0
양양군,2011,1/4,2011.1/4,핵의학과,0
양양군,2011,2/4,2011.2/4,핵의학과,0
양양군,2011,3/4,2011.3/4,핵의학과,0
양양군,2011,4/4,2011.4/4,핵의학과,0
양양군,2012,1/4,2012.1/4,핵의학과,0
양양군,2012,2/4,2012.2/4,핵의학과,0
양양군,2012,3/4,2012.3/4,핵의학과,0
양양군,2012,4/4,2012.4/4,핵의학과,0
양양군,2013,1/4,2013.1/4,핵의학과,0
양양군,2013,2/4,2013.2/4,핵의학과,0
양양군,2013,3/4,2013.3/4,핵의학과,0
양양군,2013,4/4,2013.4/4,핵의학과,0
양양군,2014,1/4,2014.1/4,핵의학과,0
양양군,2014,2/4,2014.2/4,핵의학과,0
양양군,2014,3/4,2014.3/4,핵의학과,0
양양군,2014,4/4,2014.4/4,핵의학과,0
양양군,2015,1/4,2015.1/4,핵의학과,0
양양군,2015,2/4,2015.2/4,핵의학과,0
양양군,2015,3/4,2015.3/4,핵의학과,0
양양군,2015,4/4,2015.4/4,핵의학과,0
양양군,2016,1/4,2016.1/4,핵의학과,0
양양군,2016,2/4,2016.2/4,핵의학과,0
양양군,2016,3/4,2016.3/4,핵의학과,0
양양군,2016,4/4,2016.4/4,핵의학과,0
양양군,2017,1/4,2017.1/4,핵의학과,0
양양군,2017,2/4,2017.2/4,핵의학과,0
양양군,2017,3/4,2017.3/4,핵의학과,0
양양군,2017,4/4,2017.4/4,핵의학과,0
양양군,2018,1/4,2018.1/4,핵의학과,0
양양군,2018,2/4,2018.2/4,핵의학과,0
양양군,2018,3/4,2018.3/4,핵의학과,0
양양군,2018,4/4,2018.4/4,핵의학과,0
양양군,2019,1/4,2019.1/4,핵의학과,0
양양군,2019,2/4,2019.2/4,핵의학과,0
양양군,2019,3/4,2019.3/4,핵의학과,0
양양군,2019,4/4,2019.4/4,핵의학과,0
양양군,2020,1/4,2020.1/4,핵의학과,0
양양군,2020,2/4,2020.2/4,핵의학과,0
양양군,2020,3/4,2020.3/4,핵의학과,0
양양군,2020,4/4,2020.4/4,핵의학과,0
양양군,2021,1/4,2021.1/4,핵의학과,0
양양군,2021,2/4,2021.2/4,핵의학과,0
양양군,2021,3/4,2021.3/4,핵의학과,0
양양군,2021,4/4,2021.4/4,핵의학과,0
양양군,2022,1/4,2022.1/4,핵의학과,0
양양군,2022,2/4,2022.2/4,핵의학과,0
양양군,2022,3/4,2022.3/4,핵의학과,0
양양군,2022,4/4,2022.4/4,핵의학과,0
양양군,2023,1/4,2023.1/4,핵의학과,0
양양군,2023,2/4,2023.2/4,핵의학과,0
양양군,2023,3/4,2023.3/4,핵의학과,0
양양군,2023,4/4,2023.4/4,핵의학과,0
양양군,2024,1/4,2024.1/4,핵의학과,0
양양군,2024,2/4,2024.2/4,핵의학과,0
양양군,2024,3/4,2024.3/4,핵의학과,0
양양군,2024,4/4,2024.4/4,핵의학과,0
양양군,2025,1/4,2025.1/4,핵의학과,0
양양군,2025,2/4,2025.2/4,핵의학과,0
양양군,2025,3/4,2025.3/4,핵의학과,0
양양군,2025,4/4,2025.4/4,핵의학과,0
영월군,2009,1/4,2009.1/4,가정의학과,3
영월군,2009,2/4,2009.2/4,가정의학과,4
영월군,2009,3/4,2009.3/4,가정의학과,3
영월군,2009,4/4,2009.4/4,가정의학과,3
영월군,2010,1/4,2010.1/4,가정의학과,3
영월군,2010,2/4,2010.2/4,가정의학과,3
영월군,2010,3/4,2010.3/4,가정의학과,3
영월군,2010,4/4,2010.4/4,가정의학과,3
영월군,2011,1/4,2011.1/4,가정의학과,3
영월군,2011,2/4,2011.2/4,가정의학과,3
영월군,2011,3/4,2011.3/4,가정의학과,3
영월군,2011,4/4,2011.4/4,가정의학과,3
영월군,2012,1/4,2012.1/4,가정의학과,3
영월군,2012,2/4,2012.2/4,가정의학과,3
영월군,2012,3/4,2012.3/4,가정의학과,3
영월군,2012,4/4,2012.4/4,가정의학과,3
영월군,2013,1/4,2013.1/4,가정의학과,3
영월군,2013,2/4,2013.2/4,가정의학과,3
영월군,2013,3/4,2013.3/4,가정의학과,3
영월군,2013,4/4,2013.4/4,가정의학과,3
영월군,2014,1/4,2014.1/4,가정의학과,3
영월군,2014,2/4,2014.2/4,가정의학과,2
영월군,2014,3/4,2014.3/4,가정의학과,2
영월군,2014,4/4,2014.4/4,가정의학과,2
영월군,2015,1/4,2015.1/4,가정의학과,2
영월군,2015,2/4,2015.2/4,가정의학과,3
영월군,2015,3/4,2015.3/4,가정의학과,3
영월군,2015,4/4,2015.4/4,가정의학과,3
영월군,2016,1/4,2016.1/4,가정의학과,2
영월군,2016,2/4,2016.2/4,가정의학과,2
영월군,2016,3/4,2016.3/4,가정의학과,2
영월군,2016,4/4,2016.4/4,가정의학과,2
영월군,2017,1/4,2017.1/4,가정의학과,2
영월군,2017,2/4,2017.2/4,가정의학과,2
영월군,2017,3/4,2017.3/4,가정의학과,2
영월군,2017,4/4,2017.4/4,가정의학과,2
영월군,2018,1/4,2018.1/4,가정의학과,2
영월군,2018,2/4,2018.2/4,가정의학과,1
영월군,2018,3/4,2018.3/4,가정의학과,1
영월군,2018,4/4,2018.4/4,가정의학과,1
영월군,2019,1/4,2019.1/4,가정의학과,1
영월군,2019,2/4,2019.2/4,가정의학과,1
영월군,2019,3/4,2019.3/4,가정의학과,1
영월군,2019,4/4,2019.4/4,가정의학과,1
영월군,2020,1/4,2020.1/4,가정의학과,1
영월군,2020,2/4,2020.2/4,가정의학과,1
영월군,2020,3/4,2020.3/4,가정의학과,1
영월군,2020,4/4,2020.4/4,가정의학과,1
영월군,2021,1/4,2021.1/4,가정의학과,1
영월군,2021,2/4,2021.2/4,가정의학과,1
영월군,2021,3/4,2021.3/4,가정의학과,0
영월군,2021,4/4,2021.4/4,가정의학과,0
영월군,2022,1/4,2022.1/4,가정의학과,0
영월군,2022,2/4,2022.2/4,가정의학과,0
영월군,2022,3/4,2022.3/4,가정의학과,0
영월군,2022,4/4,2022.4/4,가정의학과,0
영월군,2023,1/4,2023.1/4,가정의학과,0
영월군,2023,2/4,2023.2/4,가정의학과,0
영월군,2023,3/4,2023.3/4,가정의학과,0
영월군,2023,4/4,2023.4/4,가정의학과,0
영월군,2024,1/4,2024.1/4,가정의학과,0
영월군,2024,2/4,2024.2/4,가정의학과,0
영월군,2024,3/4,2024.3/4,가정의학과,0
영월군,2024,4/4,2024.4/4,가정의학과,0
영월군,2025,1/4,2025.1/4,가정의학과,0
영월군,2025,2/4,2025.2/4,가정의학과,0
영월군,2025,3/4,2025.3/4,가정의학과,0
영월군,2025,4/4,2025.4/4,가정의학과,1
영월군,2009,1/4,2009.1/4,결핵과,0
영월군,2009,2/4,2009.2/4,결핵과,0
영월군,2009,3/4,2009.3/4,결핵과,0
영월군,2009,4/4,2009.4/4,결핵과,0
영월군,2010,1/4,2010.1/4,결핵과,0
영월군,2010,2/4,2010.2/4,결핵과,0
영월군,2010,3/4,2010.3/4,결핵과,0
영월군,2010,4/4,2010.4/4,결핵과,0
영월군,2011,1/4,2011.1/4,결핵과,0
영월군,2011,2/4,2011.2/4,결핵과,0
영월군,2011,3/4,2011.3/4,결핵과,0
영월군,2011,4/4,2011.4/4,결핵과,0
영월군,2012,1/4,2012.1/4,결핵과,0
영월군,2012,2/4,2012.2/4,결핵과,0
영월군,2012,3/4,2012.3/4,결핵과,0
영월군,2012,4/4,2012.4/4,결핵과,0
영월군,2013,1/4,2013.1/4,결핵과,0
영월군,2013,2/4,2013.2/4,결핵과,0
영월군,2013,3/4,2013.3/4,결핵과,0
영월군,2013,4/4,2013.4/4,결핵과,0
영월군,2014,1/4,2014.1/4,결핵과,0
영월군,2014,2/4,2014.2/4,결핵과,0
영월군,2014,3/4,2014.3/4,결핵과,0
영월군,2014,4/4,2014.4/4,결핵과,0
영월군,2015,1/4,2015.1/4,결핵과,0
영월군,2015,2/4,2015.2/4,결핵과,0
영월군,2015,3/4,2015.3/4,결핵과,0
영월군,2015,4/4,2015.4/4,결핵과,0
영월군,2016,1/4,2016.1/4,결핵과,0
영월군,2016,2/4,2016.2/4,결핵과,0
영월군,2016,3/4,2016.3/4,결핵과,0
영월군,2016,4/4,2016.4/4,결핵과,0
영월군,2017,1/4,2017.1/4,결핵과,0
영월군,2017,2/4,2017.2/4,결핵과,0
영월군,2017,3/4,2017.3/4,결핵과,0
영월군,2017,4/4,2017.4/4,결핵과,0
영월군,2018,1/4,2018.1/4,결핵과,0
영월군,2018,2/4,2018.2/4,결핵과,0
영월군,2018,3/4,2018.3/4,결핵과,0
영월군,2018,4/4,2018.4/4,결핵과,0
영월군,2019,1/4,2019.1/4,결핵과,0
영월군,2019,2/4,2019.2/4,결핵과,0
영월군,2019,3/4,2019.3/4,결핵과,0
영월군,2019,4/4,2019.4/4,결핵과,0
영월군,2020,1/4,2020.1/4,결핵과,0
영월군,2020,2/4,2020.2/4,결핵과,0
영월군,2020,3/4,2020.3/4,결핵과,0
영월군,2020,4/4,2020.4/4,결핵과,0
영월군,2021,1/4,2021.1/4,결핵과,0
영월군,2021,2/4,2021.2/4,결핵과,0
영월군,2021,3/4,2021.3/4,결핵과,0
영월군,2021,4/4,2021.4/4,결핵과,0
영월군,2022,1/4,2022.1/4,결핵과,0
영월군,2022,2/4,2022.2/4,결핵과,0
영월군,2022,3/4,2022.3/4,결핵과,0
영월군,2022,4/4,2022.4/4,결핵과,0
영월군,2023,1/4,2023.1/4,결핵과,0
영월군,2023,2/4,2023.2/4,결핵과,0
영월군,2023,3/4,2023.3/4,결핵과,0
영월군,2023,4/4,2023.4/4,결핵과,0
영월군,2024,1/4,2024.1/4,결핵과,0
영월군,2024,2/4,2024.2/4,결핵과,0
영월군,2024,3/4,2024.3/4,결핵과,0
영월군,2024,4/4,2024.4/4,결핵과,0
영월군,2025,1/4,2025.1/4,결핵과,0
영월군,2025,2/4,2025.2/4,결핵과,0
영월군,2025,3/4,2025.3/4,결핵과,0
영월군,2025,4/4,2025.4/4,결핵과,0
영월군,2009,1/4,2009.1/4,내과,7
영월군,2009,2/4,2009.2/4,내과,6
영월군,2009,3/4,2009.3/4,내과,6
영월군,2009,4/4,2009.4/4,내과,6
영월군,2010,1/4,2010.1/4,내과,6
영월군,2010,2/4,2010.2/4,내과,7
영월군,2010,3/4,2010.3/4,내과,7
영월군,2010,4/4,2010.4/4,내과,7
영월군,2011,1/4,2011.1/4,내과,7
영월군,2011,2/4,2011.2/4,내과,6
영월군,2011,3/4,2011.3/4,내과,6
영월군,2011,4/4,2011.4/4,내과,5
영월군,2012,1/4,2012.1/4,내과,5
영월군,2012,2/4,2012.2/4,내과,5
영월군,2012,3/4,2012.3/4,내과,5
영월군,2012,4/4,2012.4/4,내과,5
영월군,2013,1/4,2013.1/4,내과,5
영월군,2013,2/4,2013.2/4,내과,6
영월군,2013,3/4,2013.3/4,내과,6
영월군,2013,4/4,2013.4/4,내과,6
영월군,2014,1/4,2014.1/4,내과,6
영월군,2014,2/4,2014.2/4,내과,6
영월군,2014,3/4,2014.3/4,내과,6
영월군,2014,4/4,2014.4/4,내과,6
영월군,2015,1/4,2015.1/4,내과,6
영월군,2015,2/4,2015.2/4,내과,7
영월군,2015,3/4,2015.3/4,내과,6
영월군,2015,4/4,2015.4/4,내과,6
영월군,2016,1/4,2016.1/4,내과,6
영월군,2016,2/4,2016.2/4,내과,6
영월군,2016,3/4,2016.3/4,내과,6
영월군,2016,4/4,2016.4/4,내과,6
영월군,2017,1/4,2017.1/4,내과,7
영월군,2017,2/4,2017.2/4,내과,7
영월군,2017,3/4,2017.3/4,내과,7
영월군,2017,4/4,2017.4/4,내과,7
영월군,2018,1/4,2018.1/4,내과,7
영월군,2018,2/4,2018.2/4,내과,7
영월군,2018,3/4,2018.3/4,내과,7
영월군,2018,4/4,2018.4/4,내과,7
영월군,2019,1/4,2019.1/4,내과,7
영월군,2019,2/4,2019.2/4,내과,7
영월군,2019,3/4,2019.3/4,내과,7
영월군,2019,4/4,2019.4/4,내과,7
영월군,2020,1/4,2020.1/4,내과,7
영월군,2020,2/4,2020.2/4,내과,7
영월군,2020,3/4,2020.3/4,내과,7
영월군,2020,4/4,2020.4/4,내과,7
영월군,2021,1/4,2021.1/4,내과,7
영월군,2021,2/4,2021.2/4,내과,7
영월군,2021,3/4,2021.3/4,내과,7
영월군,2021,4/4,2021.4/4,내과,6
영월군,2022,1/4,2022.1/4,내과,8
영월군,2022,2/4,2022.2/4,내과,8
영월군,2022,3/4,2022.3/4,내과,7
영월군,2022,4/4,2022.4/4,내과,7
영월군,2023,1/4,2023.1/4,내과,7
영월군,2023,2/4,2023.2/4,내과,7
영월군,2023,3/4,2023.3/4,내과,7
영월군,2023,4/4,2023.4/4,내과,7
영월군,2024,1/4,2024.1/4,내과,7
영월군,2024,2/4,2024.2/4,내과,7
영월군,2024,3/4,2024.3/4,내과,7
영월군,2024,4/4,2024.4/4,내과,6
영월군,2025,1/4,2025.1/4,내과,6
영월군,2025,2/4,2025.2/4,내과,7
영월군,2025,3/4,2025.3/4,내과,7
영월군,2025,4/4,2025.4/4,내과,7
영월군,2009,1/4,2009.1/4,마취통증의학과,1
영월군,2009,2/4,2009.2/4,마취통증의학과,1
영월군,2009,3/4,2009.3/4,마취통증의학과,1
영월군,2009,4/4,2009.4/4,마취통증의학과,1
영월군,2010,1/4,2010.1/4,마취통증의학과,1
영월군,2010,2/4,2010.2/4,마취통증의학과,1
영월군,2010,3/4,2010.3/4,마취통증의학과,1
영월군,2010,4/4,2010.4/4,마취통증의학과,1
영월군,2011,1/4,2011.1/4,마취통증의학과,1
영월군,2011,2/4,2011.2/4,마취통증의학과,1
영월군,2011,3/4,2011.3/4,마취통증의학과,1
영월군,2011,4/4,2011.4/4,마취통증의학과,1
영월군,2012,1/4,2012.1/4,마취통증의학과,1
영월군,2012,2/4,2012.2/4,마취통증의학과,2
영월군,2012,3/4,2012.3/4,마취통증의학과,2
영월군,2012,4/4,2012.4/4,마취통증의학과,2
영월군,2013,1/4,2013.1/4,마취통증의학과,2
영월군,2013,2/4,2013.2/4,마취통증의학과,1
영월군,2013,3/4,2013.3/4,마취통증의학과,1
영월군,2013,4/4,2013.4/4,마취통증의학과,1
영월군,2014,1/4,2014.1/4,마취통증의학과,1
영월군,2014,2/4,2014.2/4,마취통증의학과,2
영월군,2014,3/4,2014.3/4,마취통증의학과,2
영월군,2014,4/4,2014.4/4,마취통증의학과,2
영월군,2015,1/4,2015.1/4,마취통증의학과,2
영월군,2015,2/4,2015.2/4,마취통증의학과,2
영월군,2015,3/4,2015.3/4,마취통증의학과,2
영월군,2015,4/4,2015.4/4,마취통증의학과,2
영월군,2016,1/4,2016.1/4,마취통증의학과,2
영월군,2016,2/4,2016.2/4,마취통증의학과,2
영월군,2016,3/4,2016.3/4,마취통증의학과,2
영월군,2016,4/4,2016.4/4,마취통증의학과,2
영월군,2017,1/4,2017.1/4,마취통증의학과,2
영월군,2017,2/4,2017.2/4,마취통증의학과,1
영월군,2017,3/4,2017.3/4,마취통증의학과,1
영월군,2017,4/4,2017.4/4,마취통증의학과,1
영월군,2018,1/4,2018.1/4,마취통증의학과,1
영월군,2018,2/4,2018.2/4,마취통증의학과,1
영월군,2018,3/4,2018.3/4,마취통증의학과,1
영월군,2018,4/4,2018.4/4,마취통증의학과,1
영월군,2019,1/4,2019.1/4,마취통증의학과,1
영월군,2019,2/4,2019.2/4,마취통증의학과,1
영월군,2019,3/4,2019.3/4,마취통증의학과,1
영월군,2019,4/4,2019.4/4,마취통증의학과,1
영월군,2020,1/4,2020.1/4,마취통증의학과,1
영월군,2020,2/4,2020.2/4,마취통증의학과,1
영월군,2020,3/4,2020.3/4,마취통증의학과,1
영월군,2020,4/4,2020.4/4,마취통증의학과,1
영월군,2021,1/4,2021.1/4,마취통증의학과,1
영월군,2021,2/4,2021.2/4,마취통증의학과,1
영월군,2021,3/4,2021.3/4,마취통증의학과,1
영월군,2021,4/4,2021.4/4,마취통증의학과,1
영월군,2022,1/4,2022.1/4,마취통증의학과,1
영월군,2022,2/4,2022.2/4,마취통증의학과,2
영월군,2022,3/4,2022.3/4,마취통증의학과,2
영월군,2022,4/4,2022.4/4,마취통증의학과,2
영월군,2023,1/4,2023.1/4,마취통증의학과,2
영월군,2023,2/4,2023.2/4,마취통증의학과,2
영월군,2023,3/4,2023.3/4,마취통증의학과,2
영월군,2023,4/4,2023.4/4,마취통증의학과,2
영월군,2024,1/4,2024.1/4,마취통증의학과,2
영월군,2024,2/4,2024.2/4,마취통증의학과,2
영월군,2024,3/4,2024.3/4,마취통증의학과,2
영월군,2024,4/4,2024.4/4,마취통증의학과,2
영월군,2025,1/4,2025.1/4,마취통증의학과,2
영월군,2025,2/4,2025.2/4,마취통증의학과,1
영월군,2025,3/4,2025.3/4,마취통증의학과,1
영월군,2025,4/4,2025.4/4,마취통증의학과,1
영월군,2009,1/4,2009.1/4,방사선종양학과,0
영월군,2009,2/4,2009.2/4,방사선종양학과,0
영월군,2009,3/4,2009.3/4,방사선종양학과,0
영월군,2009,4/4,2009.4/4,방사선종양학과,0
영월군,2010,1/4,2010.1/4,방사선종양학과,0
영월군,2010,2/4,2010.2/4,방사선종양학과,0
영월군,2010,3/4,2010.3/4,방사선종양학과,0
영월군,2010,4/4,2010.4/4,방사선종양학과,0
영월군,2011,1/4,2011.1/4,방사선종양학과,0
영월군,2011,2/4,2011.2/4,방사선종양학과,0
영월군,2011,3/4,2011.3/4,방사선종양학과,0
영월군,2011,4/4,2011.4/4,방사선종양학과,0
영월군,2012,1/4,2012.1/4,방사선종양학과,0
영월군,2012,2/4,2012.2/4,방사선종양학과,0
영월군,2012,3/4,2012.3/4,방사선종양학과,0
영월군,2012,4/4,2012.4/4,방사선종양학과,0
영월군,2013,1/4,2013.1/4,방사선종양학과,0
영월군,2013,2/4,2013.2/4,방사선종양학과,0
영월군,2013,3/4,2013.3/4,방사선종양학과,0
영월군,2013,4/4,2013.4/4,방사선종양학과,0
영월군,2014,1/4,2014.1/4,방사선종양학과,0
영월군,2014,2/4,2014.2/4,방사선종양학과,0
영월군,2014,3/4,2014.3/4,방사선종양학과,0
영월군,2014,4/4,2014.4/4,방사선종양학과,0
영월군,2015,1/4,2015.1/4,방사선종양학과,0
영월군,2015,2/4,2015.2/4,방사선종양학과,0
영월군,2015,3/4,2015.3/4,방사선종양학과,0
영월군,2015,4/4,2015.4/4,방사선종양학과,0
영월군,2016,1/4,2016.1/4,방사선종양학과,0
영월군,2016,2/4,2016.2/4,방사선종양학과,0
영월군,2016,3/4,2016.3/4,방사선종양학과,0
영월군,2016,4/4,2016.4/4,방사선종양학과,0
영월군,2017,1/4,2017.1/4,방사선종양학과,0
영월군,2017,2/4,2017.2/4,방사선종양학과,0
영월군,2017,3/4,2017.3/4,방사선종양학과,0
영월군,2017,4/4,2017.4/4,방사선종양학과,0
영월군,2018,1/4,2018.1/4,방사선종양학과,0
영월군,2018,2/4,2018.2/4,방사선종양학과,0
영월군,2018,3/4,2018.3/4,방사선종양학과,0
영월군,2018,4/4,2018.4/4,방사선종양학과,0
영월군,2019,1/4,2019.1/4,방사선종양학과,0
영월군,2019,2/4,2019.2/4,방사선종양학과,0
영월군,2019,3/4,2019.3/4,방사선종양학과,0
영월군,2019,4/4,2019.4/4,방사선종양학과,0
영월군,2020,1/4,2020.1/4,방사선종양학과,0
영월군,2020,2/4,2020.2/4,방사선종양학과,0
영월군,2020,3/4,2020.3/4,방사선종양학과,0
영월군,2020,4/4,2020.4/4,방사선종양학과,0
영월군,2021,1/4,2021.1/4,방사선종양학과,0
영월군,2021,2/4,2021.2/4,방사선종양학과,0
영월군,2021,3/4,2021.3/4,방사선종양학과,0
영월군,2021,4/4,2021.4/4,방사선종양학과,0
영월군,2022,1/4,2022.1/4,방사선종양학과,0
영월군,2022,2/4,2022.2/4,방사선종양학과,0
영월군,2022,3/4,2022.3/4,방사선종양학과,0
영월군,2022,4/4,2022.4/4,방사선종양학과,0
영월군,2023,1/4,2023.1/4,방사선종양학과,0
영월군,2023,2/4,2023.2/4,방사선종양학과,0
영월군,2023,3/4,2023.3/4,방사선종양학과,0
영월군,2023,4/4,2023.4/4,방사선종양학과,0
영월군,2024,1/4,2024.1/4,방사선종양학과,0
영월군,2024,2/4,2024.2/4,방사선종양학과,0
영월군,2024,3/4,2024.3/4,방사선종양학과,0
영월군,2024,4/4,2024.4/4,방사선종양학과,0
영월군,2025,1/4,2025.1/4,방사선종양학과,0
영월군,2025,2/4,2025.2/4,방사선종양학과,0
영월군,2025,3/4,2025.3/4,방사선종양학과,0
영월군,2025,4/4,2025.4/4,방사선종양학과,0
영월군,2009,1/4,2009.1/4,병리과,0
영월군,2009,2/4,2009.2/4,병리과,0
영월군,2009,3/4,2009.3/4,병리과,0
영월군,2009,4/4,2009.4/4,병리과,0
영월군,2010,1/4,2010.1/4,병리과,0
영월군,2010,2/4,2010.2/4,병리과,0
영월군,2010,3/4,2010.3/4,병리과,0
영월군,2010,4/4,2010.4/4,병리과,0
영월군,2011,1/4,2011.1/4,병리과,0
영월군,2011,2/4,2011.2/4,병리과,0
영월군,2011,3/4,2011.3/4,병리과,0
영월군,2011,4/4,2011.4/4,병리과,0
영월군,2012,1/4,2012.1/4,병리과,0
영월군,2012,2/4,2012.2/4,병리과,0
영월군,2012,3/4,2012.3/4,병리과,0
영월군,2012,4/4,2012.4/4,병리과,0
영월군,2013,1/4,2013.1/4,병리과,0
영월군,2013,2/4,2013.2/4,병리과,0
영월군,2013,3/4,2013.3/4,병리과,0
영월군,2013,4/4,2013.4/4,병리과,0
영월군,2014,1/4,2014.1/4,병리과,0
영월군,2014,2/4,2014.2/4,병리과,0
영월군,2014,3/4,2014.3/4,병리과,0
영월군,2014,4/4,2014.4/4,병리과,0
영월군,2015,1/4,2015.1/4,병리과,0
영월군,2015,2/4,2015.2/4,병리과,0
영월군,2015,3/4,2015.3/4,병리과,0
영월군,2015,4/4,2015.4/4,병리과,0
영월군,2016,1/4,2016.1/4,병리과,0
영월군,2016,2/4,2016.2/4,병리과,0
영월군,2016,3/4,2016.3/4,병리과,0
영월군,2016,4/4,2016.4/4,병리과,0
영월군,2017,1/4,2017.1/4,병리과,0
영월군,2017,2/4,2017.2/4,병리과,0
영월군,2017,3/4,2017.3/4,병리과,0
영월군,2017,4/4,2017.4/4,병리과,0
영월군,2018,1/4,2018.1/4,병리과,0
영월군,2018,2/4,2018.2/4,병리과,0
영월군,2018,3/4,2018.3/4,병리과,0
영월군,2018,4/4,2018.4/4,병리과,0
영월군,2019,1/4,2019.1/4,병리과,0
영월군,2019,2/4,2019.2/4,병리과,0
영월군,2019,3/4,2019.3/4,병리과,0
영월군,2019,4/4,2019.4/4,병리과,0
영월군,2020,1/4,2020.1/4,병리과,0
영월군,2020,2/4,2020.2/4,병리과,0
영월군,2020,3/4,2020.3/4,병리과,0
영월군,2020,4/4,2020.4/4,병리과,0
영월군,2021,1/4,2021.1/4,병리과,0
영월군,2021,2/4,2021.2/4,병리과,0
영월군,2021,3/4,2021.3/4,병리과,0
영월군,2021,4/4,2021.4/4,병리과,0
영월군,2022,1/4,2022.1/4,병리과,0
영월군,2022,2/4,2022.2/4,병리과,0
영월군,2022,3/4,2022.3/4,병리과,0
영월군,2022,4/4,2022.4/4,병리과,0
영월군,2023,1/4,2023.1/4,병리과,0
영월군,2023,2/4,2023.2/4,병리과,0
영월군,2023,3/4,2023.3/4,병리과,0
영월군,2023,4/4,2023.4/4,병리과,0
영월군,2024,1/4,2024.1/4,병리과,0
영월군,2024,2/4,2024.2/4,병리과,0
영월군,2024,3/4,2024.3/4,병리과,0
영월군,2024,4/4,2024.4/4,병리과,0
영월군,2025,1/4,2025.1/4,병리과,0
영월군,2025,2/4,2025.2/4,병리과,0
영월군,2025,3/4,2025.3/4,병리과,0
영월군,2025,4/4,2025.4/4,병리과,0
영월군,2009,1/4,2009.1/4,비뇨의학과,0
영월군,2009,2/4,2009.2/4,비뇨의학과,0
영월군,2009,3/4,2009.3/4,비뇨의학과,0
영월군,2009,4/4,2009.4/4,비뇨의학과,0
영월군,2010,1/4,2010.1/4,비뇨의학과,0
영월군,2010,2/4,2010.2/4,비뇨의학과,1
영월군,2010,3/4,2010.3/4,비뇨의학과,1
영월군,2010,4/4,2010.4/4,비뇨의학과,1
영월군,2011,1/4,2011.1/4,비뇨의학과,1
영월군,2011,2/4,2011.2/4,비뇨의학과,1
영월군,2011,3/4,2011.3/4,비뇨의학과,1
영월군,2011,4/4,2011.4/4,비뇨의학과,1
영월군,2012,1/4,2012.1/4,비뇨의학과,1
영월군,2012,2/4,2012.2/4,비뇨의학과,1
영월군,2012,3/4,2012.3/4,비뇨의학과,1
영월군,2012,4/4,2012.4/4,비뇨의학과,1
영월군,2013,1/4,2013.1/4,비뇨의학과,1
영월군,2013,2/4,2013.2/4,비뇨의학과,3
영월군,2013,3/4,2013.3/4,비뇨의학과,3
영월군,2013,4/4,2013.4/4,비뇨의학과,4
영월군,2014,1/4,2014.1/4,비뇨의학과,4
영월군,2014,2/4,2014.2/4,비뇨의학과,4
영월군,2014,3/4,2014.3/4,비뇨의학과,4
영월군,2014,4/4,2014.4/4,비뇨의학과,4
영월군,2015,1/4,2015.1/4,비뇨의학과,4
영월군,2015,2/4,2015.2/4,비뇨의학과,4
영월군,2015,3/4,2015.3/4,비뇨의학과,4
영월군,2015,4/4,2015.4/4,비뇨의학과,4
영월군,2016,1/4,2016.1/4,비뇨의학과,4
영월군,2016,2/4,2016.2/4,비뇨의학과,2
영월군,2016,3/4,2016.3/4,비뇨의학과,2
영월군,2016,4/4,2016.4/4,비뇨의학과,2
영월군,2017,1/4,2017.1/4,비뇨의학과,2
영월군,2017,2/4,2017.2/4,비뇨의학과,2
영월군,2017,3/4,2017.3/4,비뇨의학과,2
영월군,2017,4/4,2017.4/4,비뇨의학과,2
영월군,2018,1/4,2018.1/4,비뇨의학과,2
영월군,2018,2/4,2018.2/4,비뇨의학과,2
영월군,2018,3/4,2018.3/4,비뇨의학과,2
영월군,2018,4/4,2018.4/4,비뇨의학과,2
영월군,2019,1/4,2019.1/4,비뇨의학과,2
영월군,2019,2/4,2019.2/4,비뇨의학과,2
영월군,2019,3/4,2019.3/4,비뇨의학과,2
영월군,2019,4/4,2019.4/4,비뇨의학과,2
영월군,2020,1/4,2020.1/4,비뇨의학과,2
영월군,2020,2/4,2020.2/4,비뇨의학과,1
영월군,2020,3/4,2020.3/4,비뇨의학과,1
영월군,2020,4/4,2020.4/4,비뇨의학과,1
영월군,2021,1/4,2021.1/4,비뇨의학과,1
영월군,2021,2/4,2021.2/4,비뇨의학과,1
영월군,2021,3/4,2021.3/4,비뇨의학과,1
영월군,2021,4/4,2021.4/4,비뇨의학과,1
영월군,2022,1/4,2022.1/4,비뇨의학과,1
영월군,2022,2/4,2022.2/4,비뇨의학과,1
영월군,2022,3/4,2022.3/4,비뇨의학과,1
영월군,2022,4/4,2022.4/4,비뇨의학과,1
영월군,2023,1/4,2023.1/4,비뇨의학과,1
영월군,2023,2/4,2023.2/4,비뇨의학과,2
영월군,2023,3/4,2023.3/4,비뇨의학과,2
영월군,2023,4/4,2023.4/4,비뇨의학과,2
영월군,2024,1/4,2024.1/4,비뇨의학과,2
영월군,2024,2/4,2024.2/4,비뇨의학과,2
영월군,2024,3/4,2024.3/4,비뇨의학과,2
영월군,2024,4/4,2024.4/4,비뇨의학과,2
영월군,2025,1/4,2025.1/4,비뇨의학과,2
영월군,2025,2/4,2025.2/4,비뇨의학과,2
영월군,2025,3/4,2025.3/4,비뇨의학과,2
영월군,2025,4/4,2025.4/4,비뇨의학과,2
영월군,2009,1/4,2009.1/4,산부인과,2
영월군,2009,2/4,2009.2/4,산부인과,2
영월군,2009,3/4,2009.3/4,산부인과,2
영월군,2009,4/4,2009.4/4,산부인과,3
영월군,2010,1/4,2010.1/4,산부인과,2
영월군,2010,2/4,2010.2/4,산부인과,2
영월군,2010,3/4,2010.3/4,산부인과,2
영월군,2010,4/4,2010.4/4,산부인과,2
영월군,2011,1/4,2011.1/4,산부인과,2
영월군,2011,2/4,2011.2/4,산부인과,1
영월군,2011,3/4,2011.3/4,산부인과,1
영월군,2011,4/4,2011.4/4,산부인과,1
영월군,2012,1/4,2012.1/4,산부인과,1
영월군,2012,2/4,2012.2/4,산부인과,2
영월군,2012,3/4,2012.3/4,산부인과,2
영월군,2012,4/4,2012.4/4,산부인과,2
영월군,2013,1/4,2013.1/4,산부인과,1
영월군,2013,2/4,2013.2/4,산부인과,1
영월군,2013,3/4,2013.3/4,산부인과,1
영월군,2013,4/4,2013.4/4,산부인과,1
영월군,2014,1/4,2014.1/4,산부인과,1
영월군,2014,2/4,2014.2/4,산부인과,1
영월군,2014,3/4,2014.3/4,산부인과,1
영월군,2014,4/4,2014.4/4,산부인과,1
영월군,2015,1/4,2015.1/4,산부인과,1
영월군,2015,2/4,2015.2/4,산부인과,1
영월군,2015,3/4,2015.3/4,산부인과,1
영월군,2015,4/4,2015.4/4,산부인과,1
영월군,2016,1/4,2016.1/4,산부인과,1
영월군,2016,2/4,2016.2/4,산부인과,1
영월군,2016,3/4,2016.3/4,산부인과,1
영월군,2016,4/4,2016.4/4,산부인과,1
영월군,2017,1/4,2017.1/4,산부인과,1
영월군,2017,2/4,2017.2/4,산부인과,2
영월군,2017,3/4,2017.3/4,산부인과,2
영월군,2017,4/4,2017.4/4,산부인과,2
영월군,2018,1/4,2018.1/4,산부인과,2
영월군,2018,2/4,2018.2/4,산부인과,1
영월군,2018,3/4,2018.3/4,산부인과,2
영월군,2018,4/4,2018.4/4,산부인과,2
영월군,2019,1/4,2019.1/4,산부인과,2
영월군,2019,2/4,2019.2/4,산부인과,2
영월군,2019,3/4,2019.3/4,산부인과,2
영월군,2019,4/4,2019.4/4,산부인과,2
영월군,2020,1/4,2020.1/4,산부인과,2
영월군,2020,2/4,2020.2/4,산부인과,1
영월군,2020,3/4,2020.3/4,산부인과,1
영월군,2020,4/4,2020.4/4,산부인과,1
영월군,2021,1/4,2021.1/4,산부인과,1
영월군,2021,2/4,2021.2/4,산부인과,1
영월군,2021,3/4,2021.3/4,산부인과,2
영월군,2021,4/4,2021.4/4,산부인과,2
영월군,2022,1/4,2022.1/4,산부인과,2
영월군,2022,2/4,2022.2/4,산부인과,2
영월군,2022,3/4,2022.3/4,산부인과,2
영월군,2022,4/4,2022.4/4,산부인과,2
영월군,2023,1/4,2023.1/4,산부인과,2
영월군,2023,2/4,2023.2/4,산부인과,2
영월군,2023,3/4,2023.3/4,산부인과,2
영월군,2023,4/4,2023.4/4,산부인과,2
영월군,2024,1/4,2024.1/4,산부인과,2
영월군,2024,2/4,2024.2/4,산부인과,2
영월군,2024,3/4,2024.3/4,산부인과,3
영월군,2024,4/4,2024.4/4,산부인과,3
영월군,2025,1/4,2025.1/4,산부인과,3
영월군,2025,2/4,2025.2/4,산부인과,3
영월군,2025,3/4,2025.3/4,산부인과,3
영월군,2025,4/4,2025.4/4,산부인과,3
영월군,2009,1/4,2009.1/4,성형외과,1
영월군,2009,2/4,2009.2/4,성형외과,1
영월군,2009,3/4,2009.3/4,성형외과,1
영월군,2009,4/4,2009.4/4,성형외과,1
영월군,2010,1/4,2010.1/4,성형외과,1
영월군,2010,2/4,2010.2/4,성형외과,1
영월군,2010,3/4,2010.3/4,성형외과,1
영월군,2010,4/4,2010.4/4,성형외과,1
영월군,2011,1/4,2011.1/4,성형외과,1
영월군,2011,2/4,2011.2/4,성형외과,1
영월군,2011,3/4,2011.3/4,성형외과,1
영월군,2011,4/4,2011.4/4,성형외과,1
영월군,2012,1/4,2012.1/4,성형외과,1
영월군,2012,2/4,2012.2/4,성형외과,1
영월군,2012,3/4,2012.3/4,성형외과,1
영월군,2012,4/4,2012.4/4,성형외과,1
영월군,2013,1/4,2013.1/4,성형외과,1
영월군,2013,2/4,2013.2/4,성형외과,1
영월군,2013,3/4,2013.3/4,성형외과,1
영월군,2013,4/4,2013.4/4,성형외과,1
영월군,2014,1/4,2014.1/4,성형외과,1
영월군,2014,2/4,2014.2/4,성형외과,1
영월군,2014,3/4,2014.3/4,성형외과,1
영월군,2014,4/4,2014.4/4,성형외과,1
영월군,2015,1/4,2015.1/4,성형외과,1
영월군,2015,2/4,2015.2/4,성형외과,1
영월군,2015,3/4,2015.3/4,성형외과,1
영월군,2015,4/4,2015.4/4,성형외과,1
영월군,2016,1/4,2016.1/4,성형외과,1
영월군,2016,2/4,2016.2/4,성형외과,0
영월군,2016,3/4,2016.3/4,성형외과,0
영월군,2016,4/4,2016.4/4,성형외과,0
영월군,2017,1/4,2017.1/4,성형외과,0
영월군,2017,2/4,2017.2/4,성형외과,1
영월군,2017,3/4,2017.3/4,성형외과,1
영월군,2017,4/4,2017.4/4,성형외과,1
영월군,2018,1/4,2018.1/4,성형외과,1
영월군,2018,2/4,2018.2/4,성형외과,1
영월군,2018,3/4,2018.3/4,성형외과,1
영월군,2018,4/4,2018.4/4,성형외과,1
영월군,2019,1/4,2019.1/4,성형외과,1
영월군,2019,2/4,2019.2/4,성형외과,2
영월군,2019,3/4,2019.3/4,성형외과,2
영월군,2019,4/4,2019.4/4,성형외과,2
영월군,2020,1/4,2020.1/4,성형외과,2
영월군,2020,2/4,2020.2/4,성형외과,1
영월군,2020,3/4,2020.3/4,성형외과,1
영월군,2020,4/4,2020.4/4,성형외과,1
영월군,2021,1/4,2021.1/4,성형외과,1
영월군,2021,2/4,2021.2/4,성형외과,2
영월군,2021,3/4,2021.3/4,성형외과,2
영월군,2021,4/4,2021.4/4,성형외과,2
영월군,2022,1/4,2022.1/4,성형외과,2
영월군,2022,2/4,2022.2/4,성형외과,1
영월군,2022,3/4,2022.3/4,성형외과,1
영월군,2022,4/4,2022.4/4,성형외과,1
영월군,2023,1/4,2023.1/4,성형외과,0
영월군,2023,2/4,2023.2/4,성형외과,1
영월군,2023,3/4,2023.3/4,성형외과,1
영월군,2023,4/4,2023.4/4,성형외과,1
영월군,2024,1/4,2024.1/4,성형외과,1
영월군,2024,2/4,2024.2/4,성형외과,1
영월군,2024,3/4,2024.3/4,성형외과,1
영월군,2024,4/4,2024.4/4,성형외과,1
영월군,2025,1/4,2025.1/4,성형외과,1
영월군,2025,2/4,2025.2/4,성형외과,0
영월군,2025,3/4,2025.3/4,성형외과,0
영월군,2025,4/4,2025.4/4,성형외과,0
영월군,2009,1/4,2009.1/4,소아청소년과,1
영월군,2009,2/4,2009.2/4,소아청소년과,2
영월군,2009,3/4,2009.3/4,소아청소년과,2
영월군,2009,4/4,2009.4/4,소아청소년과,2
영월군,2010,1/4,2010.1/4,소아청소년과,2
영월군,2010,2/4,2010.2/4,소아청소년과,2
영월군,2010,3/4,2010.3/4,소아청소년과,2
영월군,2010,4/4,2010.4/4,소아청소년과,2
영월군,2011,1/4,2011.1/4,소아청소년과,2
영월군,2011,2/4,2011.2/4,소아청소년과,2
영월군,2011,3/4,2011.3/4,소아청소년과,2
영월군,2011,4/4,2011.4/4,소아청소년과,2
영월군,2012,1/4,2012.1/4,소아청소년과,2
영월군,2012,2/4,2012.2/4,소아청소년과,2
영월군,2012,3/4,2012.3/4,소아청소년과,2
영월군,2012,4/4,2012.4/4,소아청소년과,2
영월군,2013,1/4,2013.1/4,소아청소년과,2
영월군,2013,2/4,2013.2/4,소아청소년과,1
영월군,2013,3/4,2013.3/4,소아청소년과,1
영월군,2013,4/4,2013.4/4,소아청소년과,1
영월군,2014,1/4,2014.1/4,소아청소년과,1
영월군,2014,2/4,2014.2/4,소아청소년과,1
영월군,2014,3/4,2014.3/4,소아청소년과,1
영월군,2014,4/4,2014.4/4,소아청소년과,1
영월군,2015,1/4,2015.1/4,소아청소년과,1
영월군,2015,2/4,2015.2/4,소아청소년과,1
영월군,2015,3/4,2015.3/4,소아청소년과,1
영월군,2015,4/4,2015.4/4,소아청소년과,1
영월군,2016,1/4,2016.1/4,소아청소년과,1
영월군,2016,2/4,2016.2/4,소아청소년과,1
영월군,2016,3/4,2016.3/4,소아청소년과,1
영월군,2016,4/4,2016.4/4,소아청소년과,1
영월군,2017,1/4,2017.1/4,소아청소년과,1
영월군,2017,2/4,2017.2/4,소아청소년과,1
영월군,2017,3/4,2017.3/4,소아청소년과,1
영월군,2017,4/4,2017.4/4,소아청소년과,1
영월군,2018,1/4,2018.1/4,소아청소년과,1
영월군,2018,2/4,2018.2/4,소아청소년과,1
영월군,2018,3/4,2018.3/4,소아청소년과,1
영월군,2018,4/4,2018.4/4,소아청소년과,1
영월군,2019,1/4,2019.1/4,소아청소년과,1
영월군,2019,2/4,2019.2/4,소아청소년과,1
영월군,2019,3/4,2019.3/4,소아청소년과,1
영월군,2019,4/4,2019.4/4,소아청소년과,1
영월군,2020,1/4,2020.1/4,소아청소년과,1
영월군,2020,2/4,2020.2/4,소아청소년과,1
영월군,2020,3/4,2020.3/4,소아청소년과,1
영월군,2020,4/4,2020.4/4,소아청소년과,1
영월군,2021,1/4,2021.1/4,소아청소년과,1
영월군,2021,2/4,2021.2/4,소아청소년과,1
영월군,2021,3/4,2021.3/4,소아청소년과,1
영월군,2021,4/4,2021.4/4,소아청소년과,1
영월군,2022,1/4,2022.1/4,소아청소년과,1
영월군,2022,2/4,2022.2/4,소아청소년과,1
영월군,2022,3/4,2022.3/4,소아청소년과,1
영월군,2022,4/4,2022.4/4,소아청소년과,1
영월군,2023,1/4,2023.1/4,소아청소년과,1
영월군,2023,2/4,2023.2/4,소아청소년과,1
영월군,2023,3/4,2023.3/4,소아청소년과,2
영월군,2023,4/4,2023.4/4,소아청소년과,2
영월군,2024,1/4,2024.1/4,소아청소년과,2
영월군,2024,2/4,2024.2/4,소아청소년과,2
영월군,2024,3/4,2024.3/4,소아청소년과,2
영월군,2024,4/4,2024.4/4,소아청소년과,2
영월군,2025,1/4,2025.1/4,소아청소년과,2
영월군,2025,2/4,2025.2/4,소아청소년과,2
영월군,2025,3/4,2025.3/4,소아청소년과,2
영월군,2025,4/4,2025.4/4,소아청소년과,2
영월군,2009,1/4,2009.1/4,신경과,1
영월군,2009,2/4,2009.2/4,신경과,1
영월군,2009,3/4,2009.3/4,신경과,1
영월군,2009,4/4,2009.4/4,신경과,1
영월군,2010,1/4,2010.1/4,신경과,1
영월군,2010,2/4,2010.2/4,신경과,0
영월군,2010,3/4,2010.3/4,신경과,0
영월군,2010,4/4,2010.4/4,신경과,0
영월군,2011,1/4,2011.1/4,신경과,0
영월군,2011,2/4,2011.2/4,신경과,0
영월군,2011,3/4,2011.3/4,신경과,0
영월군,2011,4/4,2011.4/4,신경과,0
영월군,2012,1/4,2012.1/4,신경과,0
영월군,2012,2/4,2012.2/4,신경과,0
영월군,2012,3/4,2012.3/4,신경과,0
영월군,2012,4/4,2012.4/4,신경과,1
영월군,2013,1/4,2013.1/4,신경과,1
영월군,2013,2/4,2013.2/4,신경과,1
영월군,2013,3/4,2013.3/4,신경과,1
영월군,2013,4/4,2013.4/4,신경과,1
영월군,2014,1/4,2014.1/4,신경과,1
영월군,2014,2/4,2014.2/4,신경과,1
영월군,2014,3/4,2014.3/4,신경과,1
영월군,2014,4/4,2014.4/4,신경과,1
영월군,2015,1/4,2015.1/4,신경과,1
영월군,2015,2/4,2015.2/4,신경과,1
영월군,2015,3/4,2015.3/4,신경과,1
영월군,2015,4/4,2015.4/4,신경과,1
영월군,2016,1/4,2016.1/4,신경과,1
영월군,2016,2/4,2016.2/4,신경과,2
영월군,2016,3/4,2016.3/4,신경과,2
영월군,2016,4/4,2016.4/4,신경과,2
영월군,2017,1/4,2017.1/4,신경과,2
영월군,2017,2/4,2017.2/4,신경과,2
영월군,2017,3/4,2017.3/4,신경과,2
영월군,2017,4/4,2017.4/4,신경과,2
영월군,2018,1/4,2018.1/4,신경과,2
영월군,2018,2/4,2018.2/4,신경과,2
영월군,2018,3/4,2018.3/4,신경과,2
영월군,2018,4/4,2018.4/4,신경과,2
영월군,2019,1/4,2019.1/4,신경과,2
영월군,2019,2/4,2019.2/4,신경과,1
영월군,2019,3/4,2019.3/4,신경과,1
영월군,2019,4/4,2019.4/4,신경과,1
영월군,2020,1/4,2020.1/4,신경과,1
영월군,2020,2/4,2020.2/4,신경과,1
영월군,2020,3/4,2020.3/4,신경과,1
영월군,2020,4/4,2020.4/4,신경과,1
영월군,2021,1/4,2021.1/4,신경과,1
영월군,2021,2/4,2021.2/4,신경과,1
영월군,2021,3/4,2021.3/4,신경과,1
영월군,2021,4/4,2021.4/4,신경과,1
영월군,2022,1/4,2022.1/4,신경과,1
영월군,2022,2/4,2022.2/4,신경과,1
영월군,2022,3/4,2022.3/4,신경과,1
영월군,2022,4/4,2022.4/4,신경과,1
영월군,2023,1/4,2023.1/4,신경과,0
영월군,2023,2/4,2023.2/4,신경과,0
영월군,2023,3/4,2023.3/4,신경과,0
영월군,2023,4/4,2023.4/4,신경과,0
영월군,2024,1/4,2024.1/4,신경과,0
영월군,2024,2/4,2024.2/4,신경과,0
영월군,2024,3/4,2024.3/4,신경과,1
영월군,2024,4/4,2024.4/4,신경과,1
영월군,2025,1/4,2025.1/4,신경과,1
영월군,2025,2/4,2025.2/4,신경과,1
영월군,2025,3/4,2025.3/4,신경과,0
영월군,2025,4/4,2025.4/4,신경과,0
영월군,2009,1/4,2009.1/4,신경외과,2
영월군,2009,2/4,2009.2/4,신경외과,1
영월군,2009,3/4,2009.3/4,신경외과,1
영월군,2009,4/4,2009.4/4,신경외과,1
영월군,2010,1/4,2010.1/4,신경외과,1
영월군,2010,2/4,2010.2/4,신경외과,1
영월군,2010,3/4,2010.3/4,신경외과,1
영월군,2010,4/4,2010.4/4,신경외과,1
영월군,2011,1/4,2011.1/4,신경외과,1
영월군,2011,2/4,2011.2/4,신경외과,1
영월군,2011,3/4,2011.3/4,신경외과,1
영월군,2011,4/4,2011.4/4,신경외과,1
영월군,2012,1/4,2012.1/4,신경외과,1
영월군,2012,2/4,2012.2/4,신경외과,1
영월군,2012,3/4,2012.3/4,신경외과,1
영월군,2012,4/4,2012.4/4,신경외과,1
영월군,2013,1/4,2013.1/4,신경외과,1
영월군,2013,2/4,2013.2/4,신경외과,1
영월군,2013,3/4,2013.3/4,신경외과,1
영월군,2013,4/4,2013.4/4,신경외과,1
영월군,2014,1/4,2014.1/4,신경외과,1
영월군,2014,2/4,2014.2/4,신경외과,1
영월군,2014,3/4,2014.3/4,신경외과,1
영월군,2014,4/4,2014.4/4,신경외과,2
영월군,2015,1/4,2015.1/4,신경외과,1
영월군,2015,2/4,2015.2/4,신경외과,1
영월군,2015,3/4,2015.3/4,신경외과,1
영월군,2015,4/4,2015.4/4,신경외과,1
영월군,2016,1/4,2016.1/4,신경외과,1
영월군,2016,2/4,2016.2/4,신경외과,1
영월군,2016,3/4,2016.3/4,신경외과,1
영월군,2016,4/4,2016.4/4,신경외과,1
영월군,2017,1/4,2017.1/4,신경외과,1
영월군,2017,2/4,2017.2/4,신경외과,1
영월군,2017,3/4,2017.3/4,신경외과,1
영월군,2017,4/4,2017.4/4,신경외과,1
영월군,2018,1/4,2018.1/4,신경외과,1
영월군,2018,2/4,2018.2/4,신경외과,0
영월군,2018,3/4,2018.3/4,신경외과,0
영월군,2018,4/4,2018.4/4,신경외과,0
영월군,2019,1/4,2019.1/4,신경외과,0
영월군,2019,2/4,2019.2/4,신경외과,0
영월군,2019,3/4,2019.3/4,신경외과,0
영월군,2019,4/4,2019.4/4,신경외과,0
영월군,2020,1/4,2020.1/4,신경외과,0
영월군,2020,2/4,2020.2/4,신경외과,0
영월군,2020,3/4,2020.3/4,신경외과,0
영월군,2020,4/4,2020.4/4,신경외과,0
영월군,2021,1/4,2021.1/4,신경외과,0
영월군,2021,2/4,2021.2/4,신경외과,0
영월군,2021,3/4,2021.3/4,신경외과,0
영월군,2021,4/4,2021.4/4,신경외과,0
영월군,2022,1/4,2022.1/4,신경외과,0
영월군,2022,2/4,2022.2/4,신경외과,0
영월군,2022,3/4,2022.3/4,신경외과,0
영월군,2022,4/4,2022.4/4,신경외과,0
영월군,2023,1/4,2023.1/4,신경외과,0
영월군,2023,2/4,2023.2/4,신경외과,0
영월군,2023,3/4,2023.3/4,신경외과,0
영월군,2023,4/4,2023.4/4,신경외과,0
영월군,2024,1/4,2024.1/4,신경외과,0
영월군,2024,2/4,2024.2/4,신경외과,0
영월군,2024,3/4,2024.3/4,신경외과,0
영월군,2024,4/4,2024.4/4,신경외과,1
영월군,2025,1/4,2025.1/4,신경외과,1
영월군,2025,2/4,2025.2/4,신경외과,1
영월군,2025,3/4,2025.3/4,신경외과,1
영월군,2025,4/4,2025.4/4,신경외과,1
영월군,2009,1/4,2009.1/4,심장혈관흉부외과,2
영월군,2009,2/4,2009.2/4,심장혈관흉부외과,2
영월군,2009,3/4,2009.3/4,심장혈관흉부외과,2
영월군,2009,4/4,2009.4/4,심장혈관흉부외과,2
영월군,2010,1/4,2010.1/4,심장혈관흉부외과,2
영월군,2010,2/4,2010.2/4,심장혈관흉부외과,2
영월군,2010,3/4,2010.3/4,심장혈관흉부외과,2
영월군,2010,4/4,2010.4/4,심장혈관흉부외과,2
영월군,2011,1/4,2011.1/4,심장혈관흉부외과,2
영월군,2011,2/4,2011.2/4,심장혈관흉부외과,2
영월군,2011,3/4,2011.3/4,심장혈관흉부외과,2
영월군,2011,4/4,2011.4/4,심장혈관흉부외과,2
영월군,2012,1/4,2012.1/4,심장혈관흉부외과,2
영월군,2012,2/4,2012.2/4,심장혈관흉부외과,1
영월군,2012,3/4,2012.3/4,심장혈관흉부외과,1
영월군,2012,4/4,2012.4/4,심장혈관흉부외과,1
영월군,2013,1/4,2013.1/4,심장혈관흉부외과,1
영월군,2013,2/4,2013.2/4,심장혈관흉부외과,1
영월군,2013,3/4,2013.3/4,심장혈관흉부외과,1
영월군,2013,4/4,2013.4/4,심장혈관흉부외과,1
영월군,2014,1/4,2014.1/4,심장혈관흉부외과,1
영월군,2014,2/4,2014.2/4,심장혈관흉부외과,1
영월군,2014,3/4,2014.3/4,심장혈관흉부외과,1
영월군,2014,4/4,2014.4/4,심장혈관흉부외과,1
영월군,2015,1/4,2015.1/4,심장혈관흉부외과,1
영월군,2015,2/4,2015.2/4,심장혈관흉부외과,1
영월군,2015,3/4,2015.3/4,심장혈관흉부외과,1
영월군,2015,4/4,2015.4/4,심장혈관흉부외과,1
영월군,2016,1/4,2016.1/4,심장혈관흉부외과,1
영월군,2016,2/4,2016.2/4,심장혈관흉부외과,1
영월군,2016,3/4,2016.3/4,심장혈관흉부외과,1
영월군,2016,4/4,2016.4/4,심장혈관흉부외과,1
영월군,2017,1/4,2017.1/4,심장혈관흉부외과,1
영월군,2017,2/4,2017.2/4,심장혈관흉부외과,1
영월군,2017,3/4,2017.3/4,심장혈관흉부외과,1
영월군,2017,4/4,2017.4/4,심장혈관흉부외과,1
영월군,2018,1/4,2018.1/4,심장혈관흉부외과,1
영월군,2018,2/4,2018.2/4,심장혈관흉부외과,1
영월군,2018,3/4,2018.3/4,심장혈관흉부외과,1
영월군,2018,4/4,2018.4/4,심장혈관흉부외과,1
영월군,2019,1/4,2019.1/4,심장혈관흉부외과,1
영월군,2019,2/4,2019.2/4,심장혈관흉부외과,2
영월군,2019,3/4,2019.3/4,심장혈관흉부외과,2
영월군,2019,4/4,2019.4/4,심장혈관흉부외과,2
영월군,2020,1/4,2020.1/4,심장혈관흉부외과,2
영월군,2020,2/4,2020.2/4,심장혈관흉부외과,2
영월군,2020,3/4,2020.3/4,심장혈관흉부외과,2
영월군,2020,4/4,2020.4/4,심장혈관흉부외과,2
영월군,2021,1/4,2021.1/4,심장혈관흉부외과,2
영월군,2021,2/4,2021.2/4,심장혈관흉부외과,2
영월군,2021,3/4,2021.3/4,심장혈관흉부외과,2
영월군,2021,4/4,2021.4/4,심장혈관흉부외과,2
영월군,2022,1/4,2022.1/4,심장혈관흉부외과,2
영월군,2022,2/4,2022.2/4,심장혈관흉부외과,2
영월군,2022,3/4,2022.3/4,심장혈관흉부외과,2
영월군,2022,4/4,2022.4/4,심장혈관흉부외과,2
영월군,2023,1/4,2023.1/4,심장혈관흉부외과,2
영월군,2023,2/4,2023.2/4,심장혈관흉부외과,2
영월군,2023,3/4,2023.3/4,심장혈관흉부외과,2
영월군,2023,4/4,2023.4/4,심장혈관흉부외과,2
영월군,2024,1/4,2024.1/4,심장혈관흉부외과,2
영월군,2024,2/4,2024.2/4,심장혈관흉부외과,2
영월군,2024,3/4,2024.3/4,심장혈관흉부외과,2
영월군,2024,4/4,2024.4/4,심장혈관흉부외과,2
영월군,2025,1/4,2025.1/4,심장혈관흉부외과,2
영월군,2025,2/4,2025.2/4,심장혈관흉부외과,1
영월군,2025,3/4,2025.3/4,심장혈관흉부외과,1
영월군,2025,4/4,2025.4/4,심장혈관흉부외과,1
영월군,2009,1/4,2009.1/4,안과,2
영월군,2009,2/4,2009.2/4,안과,2
영월군,2009,3/4,2009.3/4,안과,2
영월군,2009,4/4,2009.4/4,안과,2
영월군,2010,1/4,2010.1/4,안과,2
영월군,2010,2/4,2010.2/4,안과,2
영월군,2010,3/4,2010.3/4,안과,2
영월군,2010,4/4,2010.4/4,안과,2
영월군,2011,1/4,2011.1/4,안과,2
영월군,2011,2/4,2011.2/4,안과,1
영월군,2011,3/4,2011.3/4,안과,1
영월군,2011,4/4,2011.4/4,안과,1
영월군,2012,1/4,2012.1/4,안과,1
영월군,2012,2/4,2012.2/4,안과,1
영월군,2012,3/4,2012.3/4,안과,0
영월군,2012,4/4,2012.4/4,안과,1
영월군,2013,1/4,2013.1/4,안과,1
영월군,2013,2/4,2013.2/4,안과,1
영월군,2013,3/4,2013.3/4,안과,1
영월군,2013,4/4,2013.4/4,안과,1
영월군,2014,1/4,2014.1/4,안과,1
영월군,2014,2/4,2014.2/4,안과,1
영월군,2014,3/4,2014.3/4,안과,1
영월군,2014,4/4,2014.4/4,안과,1
영월군,2015,1/4,2015.1/4,안과,1
영월군,2015,2/4,2015.2/4,안과,1
영월군,2015,3/4,2015.3/4,안과,1
영월군,2015,4/4,2015.4/4,안과,1
영월군,2016,1/4,2016.1/4,안과,1
영월군,2016,2/4,2016.2/4,안과,2
영월군,2016,3/4,2016.3/4,안과,2
영월군,2016,4/4,2016.4/4,안과,2
영월군,2017,1/4,2017.1/4,안과,2
영월군,2017,2/4,2017.2/4,안과,2
영월군,2017,3/4,2017.3/4,안과,2
영월군,2017,4/4,2017.4/4,안과,2
영월군,2018,1/4,2018.1/4,안과,2
영월군,2018,2/4,2018.2/4,안과,2
영월군,2018,3/4,2018.3/4,안과,2
영월군,2018,4/4,2018.4/4,안과,2
영월군,2019,1/4,2019.1/4,안과,2
영월군,2019,2/4,2019.2/4,안과,1
영월군,2019,3/4,2019.3/4,안과,1
영월군,2019,4/4,2019.4/4,안과,1
영월군,2020,1/4,2020.1/4,안과,1
영월군,2020,2/4,2020.2/4,안과,1
영월군,2020,3/4,2020.3/4,안과,1
영월군,2020,4/4,2020.4/4,안과,1
영월군,2021,1/4,2021.1/4,안과,1
영월군,2021,2/4,2021.2/4,안과,1
영월군,2021,3/4,2021.3/4,안과,1
영월군,2021,4/4,2021.4/4,안과,1
영월군,2022,1/4,2022.1/4,안과,1
영월군,2022,2/4,2022.2/4,안과,1
영월군,2022,3/4,2022.3/4,안과,1
영월군,2022,4/4,2022.4/4,안과,1
영월군,2023,1/4,2023.1/4,안과,1
영월군,2023,2/4,2023.2/4,안과,1
영월군,2023,3/4,2023.3/4,안과,1
영월군,2023,4/4,2023.4/4,안과,1
영월군,2024,1/4,2024.1/4,안과,1
영월군,2024,2/4,2024.2/4,안과,1
영월군,2024,3/4,2024.3/4,안과,1
영월군,2024,4/4,2024.4/4,안과,1
영월군,2025,1/4,2025.1/4,안과,1
영월군,2025,2/4,2025.2/4,안과,1
영월군,2025,3/4,2025.3/4,안과,1
영월군,2025,4/4,2025.4/4,안과,1
영월군,2009,1/4,2009.1/4,영상의학과,1
영월군,2009,2/4,2009.2/4,영상의학과,1
영월군,2009,3/4,2009.3/4,영상의학과,1
영월군,2009,4/4,2009.4/4,영상의학과,1
영월군,2010,1/4,2010.1/4,영상의학과,1
영월군,2010,2/4,2010.2/4,영상의학과,1
영월군,2010,3/4,2010.3/4,영상의학과,0
영월군,2010,4/4,2010.4/4,영상의학과,1
영월군,2011,1/4,2011.1/4,영상의학과,1
영월군,2011,2/4,2011.2/4,영상의학과,1
영월군,2011,3/4,2011.3/4,영상의학과,1
영월군,2011,4/4,2011.4/4,영상의학과,1
영월군,2012,1/4,2012.1/4,영상의학과,1
영월군,2012,2/4,2012.2/4,영상의학과,1
영월군,2012,3/4,2012.3/4,영상의학과,1
영월군,2012,4/4,2012.4/4,영상의학과,1
영월군,2013,1/4,2013.1/4,영상의학과,1
영월군,2013,2/4,2013.2/4,영상의학과,1
영월군,2013,3/4,2013.3/4,영상의학과,1
영월군,2013,4/4,2013.4/4,영상의학과,1
영월군,2014,1/4,2014.1/4,영상의학과,1
영월군,2014,2/4,2014.2/4,영상의학과,1
영월군,2014,3/4,2014.3/4,영상의학과,1
영월군,2014,4/4,2014.4/4,영상의학과,1
영월군,2015,1/4,2015.1/4,영상의학과,1
영월군,2015,2/4,2015.2/4,영상의학과,1
영월군,2015,3/4,2015.3/4,영상의학과,1
영월군,2015,4/4,2015.4/4,영상의학과,1
영월군,2016,1/4,2016.1/4,영상의학과,1
영월군,2016,2/4,2016.2/4,영상의학과,1
영월군,2016,3/4,2016.3/4,영상의학과,1
영월군,2016,4/4,2016.4/4,영상의학과,1
영월군,2017,1/4,2017.1/4,영상의학과,1
영월군,2017,2/4,2017.2/4,영상의학과,1
영월군,2017,3/4,2017.3/4,영상의학과,1
영월군,2017,4/4,2017.4/4,영상의학과,1
영월군,2018,1/4,2018.1/4,영상의학과,1
영월군,2018,2/4,2018.2/4,영상의학과,1
영월군,2018,3/4,2018.3/4,영상의학과,1
영월군,2018,4/4,2018.4/4,영상의학과,1
영월군,2019,1/4,2019.1/4,영상의학과,1
영월군,2019,2/4,2019.2/4,영상의학과,1
영월군,2019,3/4,2019.3/4,영상의학과,1
영월군,2019,4/4,2019.4/4,영상의학과,1
영월군,2020,1/4,2020.1/4,영상의학과,1
영월군,2020,2/4,2020.2/4,영상의학과,1
영월군,2020,3/4,2020.3/4,영상의학과,1
영월군,2020,4/4,2020.4/4,영상의학과,0
영월군,2021,1/4,2021.1/4,영상의학과,1
영월군,2021,2/4,2021.2/4,영상의학과,1
영월군,2021,3/4,2021.3/4,영상의학과,1
영월군,2021,4/4,2021.4/4,영상의학과,1
영월군,2022,1/4,2022.1/4,영상의학과,1
영월군,2022,2/4,2022.2/4,영상의학과,1
영월군,2022,3/4,2022.3/4,영상의학과,1
영월군,2022,4/4,2022.4/4,영상의학과,1
영월군,2023,1/4,2023.1/4,영상의학과,1
영월군,2023,2/4,2023.2/4,영상의학과,1
영월군,2023,3/4,2023.3/4,영상의학과,1
영월군,2023,4/4,2023.4/4,영상의학과,1
영월군,2024,1/4,2024.1/4,영상의학과,1
영월군,2024,2/4,2024.2/4,영상의학과,1
영월군,2024,3/4,2024.3/4,영상의학과,1
영월군,2024,4/4,2024.4/4,영상의학과,1
영월군,2025,1/4,2025.1/4,영상의학과,1
영월군,2025,2/4,2025.2/4,영상의학과,1
영월군,2025,3/4,2025.3/4,영상의학과,1
영월군,2025,4/4,2025.4/4,영상의학과,1
영월군,2009,1/4,2009.1/4,예방의학과,0
영월군,2009,2/4,2009.2/4,예방의학과,0
영월군,2009,3/4,2009.3/4,예방의학과,0
영월군,2009,4/4,2009.4/4,예방의학과,0
영월군,2010,1/4,2010.1/4,예방의학과,0
영월군,2010,2/4,2010.2/4,예방의학과,0
영월군,2010,3/4,2010.3/4,예방의학과,0
영월군,2010,4/4,2010.4/4,예방의학과,0
영월군,2011,1/4,2011.1/4,예방의학과,0
영월군,2011,2/4,2011.2/4,예방의학과,0
영월군,2011,3/4,2011.3/4,예방의학과,0
영월군,2011,4/4,2011.4/4,예방의학과,0
영월군,2012,1/4,2012.1/4,예방의학과,0
영월군,2012,2/4,2012.2/4,예방의학과,0
영월군,2012,3/4,2012.3/4,예방의학과,0
영월군,2012,4/4,2012.4/4,예방의학과,0
영월군,2013,1/4,2013.1/4,예방의학과,0
영월군,2013,2/4,2013.2/4,예방의학과,0
영월군,2013,3/4,2013.3/4,예방의학과,0
영월군,2013,4/4,2013.4/4,예방의학과,0
영월군,2014,1/4,2014.1/4,예방의학과,0
영월군,2014,2/4,2014.2/4,예방의학과,0
영월군,2014,3/4,2014.3/4,예방의학과,0
영월군,2014,4/4,2014.4/4,예방의학과,0
영월군,2015,1/4,2015.1/4,예방의학과,0
영월군,2015,2/4,2015.2/4,예방의학과,0
영월군,2015,3/4,2015.3/4,예방의학과,0
영월군,2015,4/4,2015.4/4,예방의학과,0
영월군,2016,1/4,2016.1/4,예방의학과,0
영월군,2016,2/4,2016.2/4,예방의학과,0
영월군,2016,3/4,2016.3/4,예방의학과,0
영월군,2016,4/4,2016.4/4,예방의학과,0
영월군,2017,1/4,2017.1/4,예방의학과,0
영월군,2017,2/4,2017.2/4,예방의학과,0
영월군,2017,3/4,2017.3/4,예방의학과,0
영월군,2017,4/4,2017.4/4,예방의학과,0
영월군,2018,1/4,2018.1/4,예방의학과,0
영월군,2018,2/4,2018.2/4,예방의학과,0
영월군,2018,3/4,2018.3/4,예방의학과,0
영월군,2018,4/4,2018.4/4,예방의학과,0
영월군,2019,1/4,2019.1/4,예방의학과,0
영월군,2019,2/4,2019.2/4,예방의학과,0
영월군,2019,3/4,2019.3/4,예방의학과,0
영월군,2019,4/4,2019.4/4,예방의학과,0
영월군,2020,1/4,2020.1/4,예방의학과,0
영월군,2020,2/4,2020.2/4,예방의학과,0
영월군,2020,3/4,2020.3/4,예방의학과,0
영월군,2020,4/4,2020.4/4,예방의학과,0
영월군,2021,1/4,2021.1/4,예방의학과,0
영월군,2021,2/4,2021.2/4,예방의학과,0
영월군,2021,3/4,2021.3/4,예방의학과,0
영월군,2021,4/4,2021.4/4,예방의학과,0
영월군,2022,1/4,2022.1/4,예방의학과,0
영월군,2022,2/4,2022.2/4,예방의학과,0
영월군,2022,3/4,2022.3/4,예방의학과,0
영월군,2022,4/4,2022.4/4,예방의학과,0
영월군,2023,1/4,2023.1/4,예방의학과,0
영월군,2023,2/4,2023.2/4,예방의학과,0
영월군,2023,3/4,2023.3/4,예방의학과,0
영월군,2023,4/4,2023.4/4,예방의학과,0
영월군,2024,1/4,2024.1/4,예방의학과,0
영월군,2024,2/4,2024.2/4,예방의학과,0
영월군,2024,3/4,2024.3/4,예방의학과,0
영월군,2024,4/4,2024.4/4,예방의학과,0
영월군,2025,1/4,2025.1/4,예방의학과,0
영월군,2025,2/4,2025.2/4,예방의학과,0
영월군,2025,3/4,2025.3/4,예방의학과,0
영월군,2025,4/4,2025.4/4,예방의학과,0
영월군,2009,1/4,2009.1/4,외과,9
영월군,2009,2/4,2009.2/4,외과,9
영월군,2009,3/4,2009.3/4,외과,9
영월군,2009,4/4,2009.4/4,외과,9
영월군,2010,1/4,2010.1/4,외과,9
영월군,2010,2/4,2010.2/4,외과,10
영월군,2010,3/4,2010.3/4,외과,9
영월군,2010,4/4,2010.4/4,외과,9
영월군,2011,1/4,2011.1/4,외과,9
영월군,2011,2/4,2011.2/4,외과,9
영월군,2011,3/4,2011.3/4,외과,9
영월군,2011,4/4,2011.4/4,외과,9
영월군,2012,1/4,2012.1/4,외과,9
영월군,2012,2/4,2012.2/4,외과,9
영월군,2012,3/4,2012.3/4,외과,8
영월군,2012,4/4,2012.4/4,외과,8
영월군,2013,1/4,2013.1/4,외과,8
영월군,2013,2/4,2013.2/4,외과,6
영월군,2013,3/4,2013.3/4,외과,6
영월군,2013,4/4,2013.4/4,외과,6
영월군,2014,1/4,2014.1/4,외과,6
영월군,2014,2/4,2014.2/4,외과,6
영월군,2014,3/4,2014.3/4,외과,6
영월군,2014,4/4,2014.4/4,외과,6
영월군,2015,1/4,2015.1/4,외과,6
영월군,2015,2/4,2015.2/4,외과,6
영월군,2015,3/4,2015.3/4,외과,6
영월군,2015,4/4,2015.4/4,외과,6
영월군,2016,1/4,2016.1/4,외과,6
영월군,2016,2/4,2016.2/4,외과,6
영월군,2016,3/4,2016.3/4,외과,6
영월군,2016,4/4,2016.4/4,외과,6
영월군,2017,1/4,2017.1/4,외과,6
영월군,2017,2/4,2017.2/4,외과,6
영월군,2017,3/4,2017.3/4,외과,6
영월군,2017,4/4,2017.4/4,외과,6
영월군,2018,1/4,2018.1/4,외과,6
영월군,2018,2/4,2018.2/4,외과,5
영월군,2018,3/4,2018.3/4,외과,5
영월군,2018,4/4,2018.4/4,외과,5
영월군,2019,1/4,2019.1/4,외과,5
영월군,2019,2/4,2019.2/4,외과,4
영월군,2019,3/4,2019.3/4,외과,5
영월군,2019,4/4,2019.4/4,외과,5
영월군,2020,1/4,2020.1/4,외과,5
영월군,2020,2/4,2020.2/4,외과,5
영월군,2020,3/4,2020.3/4,외과,5
영월군,2020,4/4,2020.4/4,외과,5
영월군,2021,1/4,2021.1/4,외과,5
영월군,2021,2/4,2021.2/4,외과,5
영월군,2021,3/4,2021.3/4,외과,5
영월군,2021,4/4,2021.4/4,외과,5
영월군,2022,1/4,2022.1/4,외과,5
영월군,2022,2/4,2022.2/4,외과,5
영월군,2022,3/4,2022.3/4,외과,5
영월군,2022,4/4,2022.4/4,외과,5
영월군,2023,1/4,2023.1/4,외과,5
영월군,2023,2/4,2023.2/4,외과,5
영월군,2023,3/4,2023.3/4,외과,5
영월군,2023,4/4,2023.4/4,외과,5
영월군,2024,1/4,2024.1/4,외과,5
영월군,2024,2/4,2024.2/4,외과,5
영월군,2024,3/4,2024.3/4,외과,5
영월군,2024,4/4,2024.4/4,외과,5
영월군,2025,1/4,2025.1/4,외과,5
영월군,2025,2/4,2025.2/4,외과,6
영월군,2025,3/4,2025.3/4,외과,6
영월군,2025,4/4,2025.4/4,외과,5
영월군,2009,1/4,2009.1/4,응급의학과,1
영월군,2009,2/4,2009.2/4,응급의학과,1
영월군,2009,3/4,2009.3/4,응급의학과,1
영월군,2009,4/4,2009.4/4,응급의학과,1
영월군,2010,1/4,2010.1/4,응급의학과,1
영월군,2010,2/4,2010.2/4,응급의학과,1
영월군,2010,3/4,2010.3/4,응급의학과,1
영월군,2010,4/4,2010.4/4,응급의학과,1
영월군,2011,1/4,2011.1/4,응급의학과,1
영월군,2011,2/4,2011.2/4,응급의학과,2
영월군,2011,3/4,2011.3/4,응급의학과,2
영월군,2011,4/4,2011.4/4,응급의학과,2
영월군,2012,1/4,2012.1/4,응급의학과,2
영월군,2012,2/4,2012.2/4,응급의학과,2
영월군,2012,3/4,2012.3/4,응급의학과,2
영월군,2012,4/4,2012.4/4,응급의학과,2
영월군,2013,1/4,2013.1/4,응급의학과,2
영월군,2013,2/4,2013.2/4,응급의학과,1
영월군,2013,3/4,2013.3/4,응급의학과,1
영월군,2013,4/4,2013.4/4,응급의학과,1
영월군,2014,1/4,2014.1/4,응급의학과,1
영월군,2014,2/4,2014.2/4,응급의학과,1
영월군,2014,3/4,2014.3/4,응급의학과,2
영월군,2014,4/4,2014.4/4,응급의학과,2
영월군,2015,1/4,2015.1/4,응급의학과,2
영월군,2015,2/4,2015.2/4,응급의학과,1
영월군,2015,3/4,2015.3/4,응급의학과,1
영월군,2015,4/4,2015.4/4,응급의학과,1
영월군,2016,1/4,2016.1/4,응급의학과,1
영월군,2016,2/4,2016.2/4,응급의학과,1
영월군,2016,3/4,2016.3/4,응급의학과,1
영월군,2016,4/4,2016.4/4,응급의학과,1
영월군,2017,1/4,2017.1/4,응급의학과,1
영월군,2017,2/4,2017.2/4,응급의학과,1
영월군,2017,3/4,2017.3/4,응급의학과,1
영월군,2017,4/4,2017.4/4,응급의학과,1
영월군,2018,1/4,2018.1/4,응급의학과,1
영월군,2018,2/4,2018.2/4,응급의학과,1
영월군,2018,3/4,2018.3/4,응급의학과,1
영월군,2018,4/4,2018.4/4,응급의학과,1
영월군,2019,1/4,2019.1/4,응급의학과,1
영월군,2019,2/4,2019.2/4,응급의학과,1
영월군,2019,3/4,2019.3/4,응급의학과,2
영월군,2019,4/4,2019.4/4,응급의학과,2
영월군,2020,1/4,2020.1/4,응급의학과,2
영월군,2020,2/4,2020.2/4,응급의학과,1
영월군,2020,3/4,2020.3/4,응급의학과,1
영월군,2020,4/4,2020.4/4,응급의학과,2
영월군,2021,1/4,2021.1/4,응급의학과,2
영월군,2021,2/4,2021.2/4,응급의학과,2
영월군,2021,3/4,2021.3/4,응급의학과,2
영월군,2021,4/4,2021.4/4,응급의학과,2
영월군,2022,1/4,2022.1/4,응급의학과,2
영월군,2022,2/4,2022.2/4,응급의학과,2
영월군,2022,3/4,2022.3/4,응급의학과,2
영월군,2022,4/4,2022.4/4,응급의학과,2
영월군,2023,1/4,2023.1/4,응급의학과,3
영월군,2023,2/4,2023.2/4,응급의학과,3
영월군,2023,3/4,2023.3/4,응급의학과,3
영월군,2023,4/4,2023.4/4,응급의학과,3
영월군,2024,1/4,2024.1/4,응급의학과,3
영월군,2024,2/4,2024.2/4,응급의학과,3
영월군,2024,3/4,2024.3/4,응급의학과,3
영월군,2024,4/4,2024.4/4,응급의학과,3
영월군,2025,1/4,2025.1/4,응급의학과,3
영월군,2025,2/4,2025.2/4,응급의학과,2
영월군,2025,3/4,2025.3/4,응급의학과,3
영월군,2025,4/4,2025.4/4,응급의학과,2
영월군,2009,1/4,2009.1/4,이비인후과,0
영월군,2009,2/4,2009.2/4,이비인후과,0
영월군,2009,3/4,2009.3/4,이비인후과,0
영월군,2009,4/4,2009.4/4,이비인후과,0
영월군,2010,1/4,2010.1/4,이비인후과,0
영월군,2010,2/4,2010.2/4,이비인후과,1
영월군,2010,3/4,2010.3/4,이비인후과,1
영월군,2010,4/4,2010.4/4,이비인후과,1
영월군,2011,1/4,2011.1/4,이비인후과,1
영월군,2011,2/4,2011.2/4,이비인후과,1
영월군,2011,3/4,2011.3/4,이비인후과,1
영월군,2011,4/4,2011.4/4,이비인후과,1
영월군,2012,1/4,2012.1/4,이비인후과,1
영월군,2012,2/4,2012.2/4,이비인후과,1
영월군,2012,3/4,2012.3/4,이비인후과,1
영월군,2012,4/4,2012.4/4,이비인후과,1
영월군,2013,1/4,2013.1/4,이비인후과,1
영월군,2013,2/4,2013.2/4,이비인후과,0
영월군,2013,3/4,2013.3/4,이비인후과,0
영월군,2013,4/4,2013.4/4,이비인후과,0
영월군,2014,1/4,2014.1/4,이비인후과,0
영월군,2014,2/4,2014.2/4,이비인후과,0
영월군,2014,3/4,2014.3/4,이비인후과,0
영월군,2014,4/4,2014.4/4,이비인후과,0
영월군,2015,1/4,2015.1/4,이비인후과,0
영월군,2015,2/4,2015.2/4,이비인후과,0
영월군,2015,3/4,2015.3/4,이비인후과,0
영월군,2015,4/4,2015.4/4,이비인후과,0
영월군,2016,1/4,2016.1/4,이비인후과,0
영월군,2016,2/4,2016.2/4,이비인후과,0
영월군,2016,3/4,2016.3/4,이비인후과,0
영월군,2016,4/4,2016.4/4,이비인후과,0
영월군,2017,1/4,2017.1/4,이비인후과,0
영월군,2017,2/4,2017.2/4,이비인후과,0
영월군,2017,3/4,2017.3/4,이비인후과,0
영월군,2017,4/4,2017.4/4,이비인후과,0
영월군,2018,1/4,2018.1/4,이비인후과,0
영월군,2018,2/4,2018.2/4,이비인후과,0
영월군,2018,3/4,2018.3/4,이비인후과,0
영월군,2018,4/4,2018.4/4,이비인후과,0
영월군,2019,1/4,2019.1/4,이비인후과,0
영월군,2019,2/4,2019.2/4,이비인후과,0
영월군,2019,3/4,2019.3/4,이비인후과,0
영월군,2019,4/4,2019.4/4,이비인후과,0
영월군,2020,1/4,2020.1/4,이비인후과,0
영월군,2020,2/4,2020.2/4,이비인후과,0
영월군,2020,3/4,2020.3/4,이비인후과,0
영월군,2020,4/4,2020.4/4,이비인후과,0
영월군,2021,1/4,2021.1/4,이비인후과,0
영월군,2021,2/4,2021.2/4,이비인후과,0
영월군,2021,3/4,2021.3/4,이비인후과,0
영월군,2021,4/4,2021.4/4,이비인후과,0
영월군,2022,1/4,2022.1/4,이비인후과,0
영월군,2022,2/4,2022.2/4,이비인후과,0
영월군,2022,3/4,2022.3/4,이비인후과,0
영월군,2022,4/4,2022.4/4,이비인후과,0
영월군,2023,1/4,2023.1/4,이비인후과,0
영월군,2023,2/4,2023.2/4,이비인후과,0
영월군,2023,3/4,2023.3/4,이비인후과,0
영월군,2023,4/4,2023.4/4,이비인후과,0
영월군,2024,1/4,2024.1/4,이비인후과,0
영월군,2024,2/4,2024.2/4,이비인후과,0
영월군,2024,3/4,2024.3/4,이비인후과,0
영월군,2024,4/4,2024.4/4,이비인후과,0
영월군,2025,1/4,2025.1/4,이비인후과,0
영월군,2025,2/4,2025.2/4,이비인후과,0
영월군,2025,3/4,2025.3/4,이비인후과,0
영월군,2025,4/4,2025.4/4,이비인후과,0
영월군,2009,1/4,2009.1/4,재활의학과,0
영월군,2009,2/4,2009.2/4,재활의학과,0
영월군,2009,3/4,2009.3/4,재활의학과,0
영월군,2009,4/4,2009.4/4,재활의학과,0
영월군,2010,1/4,2010.1/4,재활의학과,0
영월군,2010,2/4,2010.2/4,재활의학과,0
영월군,2010,3/4,2010.3/4,재활의학과,0
영월군,2010,4/4,2010.4/4,재활의학과,0
영월군,2011,1/4,2011.1/4,재활의학과,0
영월군,2011,2/4,2011.2/4,재활의학과,0
영월군,2011,3/4,2011.3/4,재활의학과,0
영월군,2011,4/4,2011.4/4,재활의학과,0
영월군,2012,1/4,2012.1/4,재활의학과,0
영월군,2012,2/4,2012.2/4,재활의학과,0
영월군,2012,3/4,2012.3/4,재활의학과,0
영월군,2012,4/4,2012.4/4,재활의학과,0
영월군,2013,1/4,2013.1/4,재활의학과,0
영월군,2013,2/4,2013.2/4,재활의학과,0
영월군,2013,3/4,2013.3/4,재활의학과,1
영월군,2013,4/4,2013.4/4,재활의학과,1
영월군,2014,1/4,2014.1/4,재활의학과,2
영월군,2014,2/4,2014.2/4,재활의학과,1
영월군,2014,3/4,2014.3/4,재활의학과,1
영월군,2014,4/4,2014.4/4,재활의학과,1
영월군,2015,1/4,2015.1/4,재활의학과,1
영월군,2015,2/4,2015.2/4,재활의학과,1
영월군,2015,3/4,2015.3/4,재활의학과,1
영월군,2015,4/4,2015.4/4,재활의학과,1
영월군,2016,1/4,2016.1/4,재활의학과,1
영월군,2016,2/4,2016.2/4,재활의학과,1
영월군,2016,3/4,2016.3/4,재활의학과,1
영월군,2016,4/4,2016.4/4,재활의학과,1
영월군,2017,1/4,2017.1/4,재활의학과,1
영월군,2017,2/4,2017.2/4,재활의학과,1
영월군,2017,3/4,2017.3/4,재활의학과,1
영월군,2017,4/4,2017.4/4,재활의학과,1
영월군,2018,1/4,2018.1/4,재활의학과,1
영월군,2018,2/4,2018.2/4,재활의학과,0
영월군,2018,3/4,2018.3/4,재활의학과,0
영월군,2018,4/4,2018.4/4,재활의학과,0
영월군,2019,1/4,2019.1/4,재활의학과,0
영월군,2019,2/4,2019.2/4,재활의학과,0
영월군,2019,3/4,2019.3/4,재활의학과,0
영월군,2019,4/4,2019.4/4,재활의학과,0
영월군,2020,1/4,2020.1/4,재활의학과,0
영월군,2020,2/4,2020.2/4,재활의학과,0
영월군,2020,3/4,2020.3/4,재활의학과,0
영월군,2020,4/4,2020.4/4,재활의학과,0
영월군,2021,1/4,2021.1/4,재활의학과,0
영월군,2021,2/4,2021.2/4,재활의학과,0
영월군,2021,3/4,2021.3/4,재활의학과,0
영월군,2021,4/4,2021.4/4,재활의학과,0
영월군,2022,1/4,2022.1/4,재활의학과,0
영월군,2022,2/4,2022.2/4,재활의학과,1
영월군,2022,3/4,2022.3/4,재활의학과,1
영월군,2022,4/4,2022.4/4,재활의학과,1
영월군,2023,1/4,2023.1/4,재활의학과,1
영월군,2023,2/4,2023.2/4,재활의학과,1
영월군,2023,3/4,2023.3/4,재활의학과,1
영월군,2023,4/4,2023.4/4,재활의학과,1
영월군,2024,1/4,2024.1/4,재활의학과,1
영월군,2024,2/4,2024.2/4,재활의학과,1
영월군,2024,3/4,2024.3/4,재활의학과,1
영월군,2024,4/4,2024.4/4,재활의학과,1
영월군,2025,1/4,2025.1/4,재활의학과,1
영월군,2025,2/4,2025.2/4,재활의학과,0
영월군,2025,3/4,2025.3/4,재활의학과,0
영월군,2025,4/4,2025.4/4,재활의학과,0
영월군,2009,1/4,2009.1/4,정신건강의학과,0
영월군,2009,2/4,2009.2/4,정신건강의학과,0
영월군,2009,3/4,2009.3/4,정신건강의학과,0
영월군,2009,4/4,2009.4/4,정신건강의학과,0
영월군,2010,1/4,2010.1/4,정신건강의학과,0
영월군,2010,2/4,2010.2/4,정신건강의학과,0
영월군,2010,3/4,2010.3/4,정신건강의학과,0
영월군,2010,4/4,2010.4/4,정신건강의학과,0
영월군,2011,1/4,2011.1/4,정신건강의학과,0
영월군,2011,2/4,2011.2/4,정신건강의학과,0
영월군,2011,3/4,2011.3/4,정신건강의학과,0
영월군,2011,4/4,2011.4/4,정신건강의학과,0
영월군,2012,1/4,2012.1/4,정신건강의학과,0
영월군,2012,2/4,2012.2/4,정신건강의학과,0
영월군,2012,3/4,2012.3/4,정신건강의학과,0
영월군,2012,4/4,2012.4/4,정신건강의학과,0
영월군,2013,1/4,2013.1/4,정신건강의학과,0
영월군,2013,2/4,2013.2/4,정신건강의학과,0
영월군,2013,3/4,2013.3/4,정신건강의학과,0
영월군,2013,4/4,2013.4/4,정신건강의학과,0
영월군,2014,1/4,2014.1/4,정신건강의학과,0
영월군,2014,2/4,2014.2/4,정신건강의학과,0
영월군,2014,3/4,2014.3/4,정신건강의학과,0
영월군,2014,4/4,2014.4/4,정신건강의학과,0
영월군,2015,1/4,2015.1/4,정신건강의학과,0
영월군,2015,2/4,2015.2/4,정신건강의학과,0
영월군,2015,3/4,2015.3/4,정신건강의학과,0
영월군,2015,4/4,2015.4/4,정신건강의학과,0
영월군,2016,1/4,2016.1/4,정신건강의학과,0
영월군,2016,2/4,2016.2/4,정신건강의학과,0
영월군,2016,3/4,2016.3/4,정신건강의학과,0
영월군,2016,4/4,2016.4/4,정신건강의학과,0
영월군,2017,1/4,2017.1/4,정신건강의학과,0
영월군,2017,2/4,2017.2/4,정신건강의학과,0
영월군,2017,3/4,2017.3/4,정신건강의학과,0
영월군,2017,4/4,2017.4/4,정신건강의학과,0
영월군,2018,1/4,2018.1/4,정신건강의학과,0
영월군,2018,2/4,2018.2/4,정신건강의학과,0
영월군,2018,3/4,2018.3/4,정신건강의학과,0
영월군,2018,4/4,2018.4/4,정신건강의학과,0
영월군,2019,1/4,2019.1/4,정신건강의학과,0
영월군,2019,2/4,2019.2/4,정신건강의학과,0
영월군,2019,3/4,2019.3/4,정신건강의학과,0
영월군,2019,4/4,2019.4/4,정신건강의학과,0
영월군,2020,1/4,2020.1/4,정신건강의학과,0
영월군,2020,2/4,2020.2/4,정신건강의학과,0
영월군,2020,3/4,2020.3/4,정신건강의학과,0
영월군,2020,4/4,2020.4/4,정신건강의학과,0
영월군,2021,1/4,2021.1/4,정신건강의학과,0
영월군,2021,2/4,2021.2/4,정신건강의학과,0
영월군,2021,3/4,2021.3/4,정신건강의학과,0
영월군,2021,4/4,2021.4/4,정신건강의학과,0
영월군,2022,1/4,2022.1/4,정신건강의학과,0
영월군,2022,2/4,2022.2/4,정신건강의학과,0
영월군,2022,3/4,2022.3/4,정신건강의학과,0
영월군,2022,4/4,2022.4/4,정신건강의학과,0
영월군,2023,1/4,2023.1/4,정신건강의학과,0
영월군,2023,2/4,2023.2/4,정신건강의학과,0
영월군,2023,3/4,2023.3/4,정신건강의학과,0
영월군,2023,4/4,2023.4/4,정신건강의학과,0
영월군,2024,1/4,2024.1/4,정신건강의학과,0
영월군,2024,2/4,2024.2/4,정신건강의학과,0
영월군,2024,3/4,2024.3/4,정신건강의학과,0
영월군,2024,4/4,2024.4/4,정신건강의학과,0
영월군,2025,1/4,2025.1/4,정신건강의학과,0
영월군,2025,2/4,2025.2/4,정신건강의학과,0
영월군,2025,3/4,2025.3/4,정신건강의학과,0
영월군,2025,4/4,2025.4/4,정신건강의학과,0
영월군,2009,1/4,2009.1/4,정형외과,4
영월군,2009,2/4,2009.2/4,정형외과,3
영월군,2009,3/4,2009.3/4,정형외과,3
영월군,2009,4/4,2009.4/4,정형외과,3
영월군,2010,1/4,2010.1/4,정형외과,3
영월군,2010,2/4,2010.2/4,정형외과,3
영월군,2010,3/4,2010.3/4,정형외과,1
영월군,2010,4/4,2010.4/4,정형외과,4
영월군,2011,1/4,2011.1/4,정형외과,2
영월군,2011,2/4,2011.2/4,정형외과,2
영월군,2011,3/4,2011.3/4,정형외과,2
영월군,2011,4/4,2011.4/4,정형외과,2
영월군,2012,1/4,2012.1/4,정형외과,1
영월군,2012,2/4,2012.2/4,정형외과,1
영월군,2012,3/4,2012.3/4,정형외과,1
영월군,2012,4/4,2012.4/4,정형외과,3
영월군,2013,1/4,2013.1/4,정형외과,3
영월군,2013,2/4,2013.2/4,정형외과,4
영월군,2013,3/4,2013.3/4,정형외과,4
영월군,2013,4/4,2013.4/4,정형외과,4
영월군,2014,1/4,2014.1/4,정형외과,4
영월군,2014,2/4,2014.2/4,정형외과,4
영월군,2014,3/4,2014.3/4,정형외과,4
영월군,2014,4/4,2014.4/4,정형외과,4
영월군,2015,1/4,2015.1/4,정형외과,4
영월군,2015,2/4,2015.2/4,정형외과,4
영월군,2015,3/4,2015.3/4,정형외과,4
영월군,2015,4/4,2015.4/4,정형외과,4
영월군,2016,1/4,2016.1/4,정형외과,3
영월군,2016,2/4,2016.2/4,정형외과,4
영월군,2016,3/4,2016.3/4,정형외과,4
영월군,2016,4/4,2016.4/4,정형외과,4
영월군,2017,1/4,2017.1/4,정형외과,3
영월군,2017,2/4,2017.2/4,정형외과,3
영월군,2017,3/4,2017.3/4,정형외과,3
영월군,2017,4/4,2017.4/4,정형외과,3
영월군,2018,1/4,2018.1/4,정형외과,3
영월군,2018,2/4,2018.2/4,정형외과,3
영월군,2018,3/4,2018.3/4,정형외과,3
영월군,2018,4/4,2018.4/4,정형외과,3
영월군,2019,1/4,2019.1/4,정형외과,3
영월군,2019,2/4,2019.2/4,정형외과,3
영월군,2019,3/4,2019.3/4,정형외과,3
영월군,2019,4/4,2019.4/4,정형외과,3
영월군,2020,1/4,2020.1/4,정형외과,3
영월군,2020,2/4,2020.2/4,정형외과,2
영월군,2020,3/4,2020.3/4,정형외과,3
영월군,2020,4/4,2020.4/4,정형외과,3
영월군,2021,1/4,2021.1/4,정형외과,3
영월군,2021,2/4,2021.2/4,정형외과,3
영월군,2021,3/4,2021.3/4,정형외과,3
영월군,2021,4/4,2021.4/4,정형외과,3
영월군,2022,1/4,2022.1/4,정형외과,3
영월군,2022,2/4,2022.2/4,정형외과,3
영월군,2022,3/4,2022.3/4,정형외과,3
영월군,2022,4/4,2022.4/4,정형외과,3
영월군,2023,1/4,2023.1/4,정형외과,3
영월군,2023,2/4,2023.2/4,정형외과,3
영월군,2023,3/4,2023.3/4,정형외과,3
영월군,2023,4/4,2023.4/4,정형외과,4
영월군,2024,1/4,2024.1/4,정형외과,4
영월군,2024,2/4,2024.2/4,정형외과,4
영월군,2024,3/4,2024.3/4,정형외과,4
영월군,2024,4/4,2024.4/4,정형외과,3
영월군,2025,1/4,2025.1/4,정형외과,3
영월군,2025,2/4,2025.2/4,정형외과,3
영월군,2025,3/4,2025.3/4,정형외과,3
영월군,2025,4/4,2025.4/4,정형외과,3
영월군,2009,1/4,2009.1/4,직업환경의학과,0
영월군,2009,2/4,2009.2/4,직업환경의학과,0
영월군,2009,3/4,2009.3/4,직업환경의학과,0
영월군,2009,4/4,2009.4/4,직업환경의학과,0
영월군,2010,1/4,2010.1/4,직업환경의학과,0
영월군,2010,2/4,2010.2/4,직업환경의학과,0
영월군,2010,3/4,2010.3/4,직업환경의학과,0
영월군,2010,4/4,2010.4/4,직업환경의학과,0
영월군,2011,1/4,2011.1/4,직업환경의학과,0
영월군,2011,2/4,2011.2/4,직업환경의학과,0
영월군,2011,3/4,2011.3/4,직업환경의학과,0
영월군,2011,4/4,2011.4/4,직업환경의학과,0
영월군,2012,1/4,2012.1/4,직업환경의학과,0
영월군,2012,2/4,2012.2/4,직업환경의학과,0
영월군,2012,3/4,2012.3/4,직업환경의학과,0
영월군,2012,4/4,2012.4/4,직업환경의학과,0
영월군,2013,1/4,2013.1/4,직업환경의학과,0
영월군,2013,2/4,2013.2/4,직업환경의학과,0
영월군,2013,3/4,2013.3/4,직업환경의학과,0
영월군,2013,4/4,2013.4/4,직업환경의학과,0
영월군,2014,1/4,2014.1/4,직업환경의학과,0
영월군,2014,2/4,2014.2/4,직업환경의학과,0
영월군,2014,3/4,2014.3/4,직업환경의학과,0
영월군,2014,4/4,2014.4/4,직업환경의학과,0
영월군,2015,1/4,2015.1/4,직업환경의학과,0
영월군,2015,2/4,2015.2/4,직업환경의학과,0
영월군,2015,3/4,2015.3/4,직업환경의학과,0
영월군,2015,4/4,2015.4/4,직업환경의학과,0
영월군,2016,1/4,2016.1/4,직업환경의학과,0
영월군,2016,2/4,2016.2/4,직업환경의학과,0
영월군,2016,3/4,2016.3/4,직업환경의학과,0
영월군,2016,4/4,2016.4/4,직업환경의학과,0
영월군,2017,1/4,2017.1/4,직업환경의학과,0
영월군,2017,2/4,2017.2/4,직업환경의학과,0
영월군,2017,3/4,2017.3/4,직업환경의학과,0
영월군,2017,4/4,2017.4/4,직업환경의학과,0
영월군,2018,1/4,2018.1/4,직업환경의학과,0
영월군,2018,2/4,2018.2/4,직업환경의학과,0
영월군,2018,3/4,2018.3/4,직업환경의학과,0
영월군,2018,4/4,2018.4/4,직업환경의학과,0
영월군,2019,1/4,2019.1/4,직업환경의학과,0
영월군,2019,2/4,2019.2/4,직업환경의학과,0
영월군,2019,3/4,2019.3/4,직업환경의학과,0
영월군,2019,4/4,2019.4/4,직업환경의학과,0
영월군,2020,1/4,2020.1/4,직업환경의학과,0
영월군,2020,2/4,2020.2/4,직업환경의학과,0
영월군,2020,3/4,2020.3/4,직업환경의학과,0
영월군,2020,4/4,2020.4/4,직업환경의학과,0
영월군,2021,1/4,2021.1/4,직업환경의학과,0
영월군,2021,2/4,2021.2/4,직업환경의학과,0
영월군,2021,3/4,2021.3/4,직업환경의학과,0
영월군,2021,4/4,2021.4/4,직업환경의학과,0
영월군,2022,1/4,2022.1/4,직업환경의학과,0
영월군,2022,2/4,2022.2/4,직업환경의학과,0
영월군,2022,3/4,2022.3/4,직업환경의학과,0
영월군,2022,4/4,2022.4/4,직업환경의학과,0
영월군,2023,1/4,2023.1/4,직업환경의학과,0
영월군,2023,2/4,2023.2/4,직업환경의학과,0
영월군,2023,3/4,2023.3/4,직업환경의학과,0
영월군,2023,4/4,2023.4/4,직업환경의학과,0
영월군,2024,1/4,2024.1/4,직업환경의학과,0
영월군,2024,2/4,2024.2/4,직업환경의학과,0
영월군,2024,3/4,2024.3/4,직업환경의학과,0
영월군,2024,4/4,2024.4/4,직업환경의학과,0
영월군,2025,1/4,2025.1/4,직업환경의학과,0
영월군,2025,2/4,2025.2/4,직업환경의학과,0
영월군,2025,3/4,2025.3/4,직업환경의학과,0
영월군,2025,4/4,2025.4/4,직업환경의학과,0
영월군,2009,1/4,2009.1/4,진단검사의학과,1
영월군,2009,2/4,2009.2/4,진단검사의학과,1
영월군,2009,3/4,2009.3/4,진단검사의학과,1
영월군,2009,4/4,2009.4/4,진단검사의학과,1
영월군,2010,1/4,2010.1/4,진단검사의학과,1
영월군,2010,2/4,2010.2/4,진단검사의학과,1
영월군,2010,3/4,2010.3/4,진단검사의학과,1
영월군,2010,4/4,2010.4/4,진단검사의학과,1
영월군,2011,1/4,2011.1/4,진단검사의학과,1
영월군,2011,2/4,2011.2/4,진단검사의학과,1
영월군,2011,3/4,2011.3/4,진단검사의학과,1
영월군,2011,4/4,2011.4/4,진단검사의학과,1
영월군,2012,1/4,2012.1/4,진단검사의학과,1
영월군,2012,2/4,2012.2/4,진단검사의학과,1
영월군,2012,3/4,2012.3/4,진단검사의학과,1
영월군,2012,4/4,2012.4/4,진단검사의학과,1
영월군,2013,1/4,2013.1/4,진단검사의학과,1
영월군,2013,2/4,2013.2/4,진단검사의학과,1
영월군,2013,3/4,2013.3/4,진단검사의학과,1
영월군,2013,4/4,2013.4/4,진단검사의학과,1
영월군,2014,1/4,2014.1/4,진단검사의학과,1
영월군,2014,2/4,2014.2/4,진단검사의학과,1
영월군,2014,3/4,2014.3/4,진단검사의학과,1
영월군,2014,4/4,2014.4/4,진단검사의학과,1
영월군,2015,1/4,2015.1/4,진단검사의학과,1
영월군,2015,2/4,2015.2/4,진단검사의학과,1
영월군,2015,3/4,2015.3/4,진단검사의학과,1
영월군,2015,4/4,2015.4/4,진단검사의학과,1
영월군,2016,1/4,2016.1/4,진단검사의학과,1
영월군,2016,2/4,2016.2/4,진단검사의학과,1
영월군,2016,3/4,2016.3/4,진단검사의학과,1
영월군,2016,4/4,2016.4/4,진단검사의학과,1
영월군,2017,1/4,2017.1/4,진단검사의학과,1
영월군,2017,2/4,2017.2/4,진단검사의학과,1
영월군,2017,3/4,2017.3/4,진단검사의학과,1
영월군,2017,4/4,2017.4/4,진단검사의학과,1
영월군,2018,1/4,2018.1/4,진단검사의학과,1
영월군,2018,2/4,2018.2/4,진단검사의학과,1
영월군,2018,3/4,2018.3/4,진단검사의학과,1
영월군,2018,4/4,2018.4/4,진단검사의학과,1
영월군,2019,1/4,2019.1/4,진단검사의학과,1
영월군,2019,2/4,2019.2/4,진단검사의학과,1
영월군,2019,3/4,2019.3/4,진단검사의학과,1
영월군,2019,4/4,2019.4/4,진단검사의학과,1
영월군,2020,1/4,2020.1/4,진단검사의학과,1
영월군,2020,2/4,2020.2/4,진단검사의학과,1
영월군,2020,3/4,2020.3/4,진단검사의학과,1
영월군,2020,4/4,2020.4/4,진단검사의학과,1
영월군,2021,1/4,2021.1/4,진단검사의학과,1
영월군,2021,2/4,2021.2/4,진단검사의학과,1
영월군,2021,3/4,2021.3/4,진단검사의학과,1
영월군,2021,4/4,2021.4/4,진단검사의학과,1
영월군,2022,1/4,2022.1/4,진단검사의학과,1
영월군,2022,2/4,2022.2/4,진단검사의학과,1
영월군,2022,3/4,2022.3/4,진단검사의학과,1
영월군,2022,4/4,2022.4/4,진단검사의학과,1
영월군,2023,1/4,2023.1/4,진단검사의학과,1
영월군,2023,2/4,2023.2/4,진단검사의학과,1
영월군,2023,3/4,2023.3/4,진단검사의학과,1
영월군,2023,4/4,2023.4/4,진단검사의학과,1
영월군,2024,1/4,2024.1/4,진단검사의학과,1
영월군,2024,2/4,2024.2/4,진단검사의학과,1
영월군,2024,3/4,2024.3/4,진단검사의학과,1
영월군,2024,4/4,2024.4/4,진단검사의학과,1
영월군,2025,1/4,2025.1/4,진단검사의학과,1
영월군,2025,2/4,2025.2/4,진단검사의학과,1
영월군,2025,3/4,2025.3/4,진단검사의학과,1
영월군,2025,4/4,2025.4/4,진단검사의학과,1
영월군,2009,1/4,2009.1/4,피부과,0
영월군,2009,2/4,2009.2/4,피부과,0
영월군,2009,3/4,2009.3/4,피부과,0
영월군,2009,4/4,2009.4/4,피부과,0
영월군,2010,1/4,2010.1/4,피부과,0
영월군,2010,2/4,2010.2/4,피부과,0
영월군,2010,3/4,2010.3/4,피부과,0
영월군,2010,4/4,2010.4/4,피부과,0
영월군,2011,1/4,2011.1/4,피부과,0
영월군,2011,2/4,2011.2/4,피부과,0
영월군,2011,3/4,2011.3/4,피부과,0
영월군,2011,4/4,2011.4/4,피부과,0
영월군,2012,1/4,2012.1/4,피부과,0
영월군,2012,2/4,2012.2/4,피부과,0
영월군,2012,3/4,2012.3/4,피부과,0
영월군,2012,4/4,2012.4/4,피부과,0
영월군,2013,1/4,2013.1/4,피부과,0
영월군,2013,2/4,2013.2/4,피부과,0
영월군,2013,3/4,2013.3/4,피부과,0
영월군,2013,4/4,2013.4/4,피부과,0
영월군,2014,1/4,2014.1/4,피부과,0
영월군,2014,2/4,2014.2/4,피부과,0
영월군,2014,3/4,2014.3/4,피부과,0
영월군,2014,4/4,2014.4/4,피부과,0
영월군,2015,1/4,2015.1/4,피부과,0
영월군,2015,2/4,2015.2/4,피부과,0
영월군,2015,3/4,2015.3/4,피부과,0
영월군,2015,4/4,2015.4/4,피부과,0
영월군,2016,1/4,2016.1/4,피부과,0
영월군,2016,2/4,2016.2/4,피부과,0
영월군,2016,3/4,2016.3/4,피부과,0
영월군,2016,4/4,2016.4/4,피부과,0
영월군,2017,1/4,2017.1/4,피부과,0
영월군,2017,2/4,2017.2/4,피부과,0
영월군,2017,3/4,2017.3/4,피부과,0
영월군,2017,4/4,2017.4/4,피부과,0
영월군,2018,1/4,2018.1/4,피부과,0
영월군,2018,2/4,2018.2/4,피부과,0
영월군,2018,3/4,2018.3/4,피부과,0
영월군,2018,4/4,2018.4/4,피부과,0
영월군,2019,1/4,2019.1/4,피부과,0
영월군,2019,2/4,2019.2/4,피부과,0
영월군,2019,3/4,2019.3/4,피부과,0
영월군,2019,4/4,2019.4/4,피부과,0
영월군,2020,1/4,2020.1/4,피부과,0
영월군,2020,2/4,2020.2/4,피부과,0
영월군,2020,3/4,2020.3/4,피부과,0
영월군,2020,4/4,2020.4/4,피부과,0
영월군,2021,1/4,2021.1/4,피부과,0
영월군,2021,2/4,2021.2/4,피부과,0
영월군,2021,3/4,2021.3/4,피부과,0
영월군,2021,4/4,2021.4/4,피부과,0
영월군,2022,1/4,2022.1/4,피부과,0
영월군,2022,2/4,2022.2/4,피부과,0
영월군,2022,3/4,2022.3/4,피부과,0
영월군,2022,4/4,2022.4/4,피부과,0
영월군,2023,1/4,2023.1/4,피부과,0
영월군,2023,2/4,2023.2/4,피부과,1
영월군,2023,3/4,2023.3/4,피부과,1
영월군,2023,4/4,2023.4/4,피부과,1
영월군,2024,1/4,2024.1/4,피부과,1
영월군,2024,2/4,2024.2/4,피부과,1
영월군,2024,3/4,2024.3/4,피부과,1
영월군,2024,4/4,2024.4/4,피부과,1
영월군,2025,1/4,2025.1/4,피부과,1
영월군,2025,2/4,2025.2/4,피부과,1
영월군,2025,3/4,2025.3/4,피부과,1
영월군,2025,4/4,2025.4/4,피부과,1
영월군,2009,1/4,2009.1/4,핵의학과,0
영월군,2009,2/4,2009.2/4,핵의학과,0
영월군,2009,3/4,2009.3/4,핵의학과,0
영월군,2009,4/4,2009.4/4,핵의학과,0
영월군,2010,1/4,2010.1/4,핵의학과,0
영월군,2010,2/4,2010.2/4,핵의학과,0
영월군,2010,3/4,2010.3/4,핵의학과,0
영월군,2010,4/4,2010.4/4,핵의학과,0
영월군,2011,1/4,2011.1/4,핵의학과,0
영월군,2011,2/4,2011.2/4,핵의학과,0
영월군,2011,3/4,2011.3/4,핵의학과,0
영월군,2011,4/4,2011.4/4,핵의학과,0
영월군,2012,1/4,2012.1/4,핵의학과,0
영월군,2012,2/4,2012.2/4,핵의학과,0
영월군,2012,3/4,2012.3/4,핵의학과,0
영월군,2012,4/4,2012.4/4,핵의학과,0
영월군,2013,1/4,2013.1/4,핵의학과,0
영월군,2013,2/4,2013.2/4,핵의학과,0
영월군,2013,3/4,2013.3/4,핵의학과,0
영월군,2013,4/4,2013.4/4,핵의학과,0
영월군,2014,1/4,2014.1/4,핵의학과,0
영월군,2014,2/4,2014.2/4,핵의학과,0
영월군,2014,3/4,2014.3/4,핵의학과,0
영월군,2014,4/4,2014.4/4,핵의학과,0
영월군,2015,1/4,2015.1/4,핵의학과,0
영월군,2015,2/4,2015.2/4,핵의학과,0
영월군,2015,3/4,2015.3/4,핵의학과,0
영월군,2015,4/4,2015.4/4,핵의학과,0
영월군,2016,1/4,2016.1/4,핵의학과,0
영월군,2016,2/4,2016.2/4,핵의학과,0
영월군,2016,3/4,2016.3/4,핵의학과,0
영월군,2016,4/4,2016.4/4,핵의학과,0
영월군,2017,1/4,2017.1/4,핵의학과,0
영월군,2017,2/4,2017.2/4,핵의학과,0
영월군,2017,3/4,2017.3/4,핵의학과,0
영월군,2017,4/4,2017.4/4,핵의학과,0
영월군,2018,1/4,2018.1/4,핵의학과,0
영월군,2018,2/4,2018.2/4,핵의학과,0
영월군,2018,3/4,2018.3/4,핵의학과,0
영월군,2018,4/4,2018.4/4,핵의학과,0
영월군,2019,1/4,2019.1/4,핵의학과,0
영월군,2019,2/4,2019.2/4,핵의학과,0
영월군,2019,3/4,2019.3/4,핵의학과,0
영월군,2019,4/4,2019.4/4,핵의학과,0
영월군,2020,1/4,2020.1/4,핵의학과,0
영월군,2020,2/4,2020.2/4,핵의학과,0
영월군,2020,3/4,2020.3/4,핵의학과,0
영월군,2020,4/4,2020.4/4,핵의학과,0
영월군,2021,1/4,2021.1/4,핵의학과,0
영월군,2021,2/4,2021.2/4,핵의학과,0
영월군,2021,3/4,2021.3/4,핵의학과,0
영월군,2021,4/4,2021.4/4,핵의학과,0
영월군,2022,1/4,2022.1/4,핵의학과,0
영월군,2022,2/4,2022.2/4,핵의학과,0
영월군,2022,3/4,2022.3/4,핵의학과,0
영월군,2022,4/4,2022.4/4,핵의학과,0
영월군,2023,1/4,2023.1/4,핵의학과,0
영월군,2023,2/4,2023.2/4,핵의학과,0
영월군,2023,3/4,2023.3/4,핵의학과,0
영월군,2023,4/4,2023.4/4,핵의학과,0
영월군,2024,1/4,2024.1/4,핵의학과,0
영월군,2024,2/4,2024.2/4,핵의학과,0
영월군,2024,3/4,2024.3/4,핵의학과,0
영월군,2024,4/4,2024.4/4,핵의학과,0
영월군,2025,1/4,2025.1/4,핵의학과,0
영월군,2025,2/4,2025.2/4,핵의학과,0
영월군,2025,3/4,2025.3/4,핵의학과,0
영월군,2025,4/4,2025.4/4,핵의학과,0
원주시,2009,1/4,2009.1/4,가정의학과,12
원주시,2009,2/4,2009.2/4,가정의학과,14
원주시,2009,3/4,2009.3/4,가정의학과,14
원주시,2009,4/4,2009.4/4,가정의학과,14
원주시,2010,1/4,2010.1/4,가정의학과,14
원주시,2010,2/4,2010.2/4,가정의학과,15
원주시,2010,3/4,2010.3/4,가정의학과,14
원주시,2010,4/4,2010.4/4,가정의학과,14
원주시,2011,1/4,2011.1/4,가정의학과,15
원주시,2011,2/4,2011.2/4,가정의학과,14
원주시,2011,3/4,2011.3/4,가정의학과,14
원주시,2011,4/4,2011.4/4,가정의학과,14
원주시,2012,1/4,2012.1/4,가정의학과,16
원주시,2012,2/4,2012.2/4,가정의학과,17
원주시,2012,3/4,2012.3/4,가정의학과,21
원주시,2012,4/4,2012.4/4,가정의학과,19
원주시,2013,1/4,2013.1/4,가정의학과,19
원주시,2013,2/4,2013.2/4,가정의학과,18
원주시,2013,3/4,2013.3/4,가정의학과,20
원주시,2013,4/4,2013.4/4,가정의학과,20
원주시,2014,1/4,2014.1/4,가정의학과,22
원주시,2014,2/4,2014.2/4,가정의학과,21
원주시,2014,3/4,2014.3/4,가정의학과,21
원주시,2014,4/4,2014.4/4,가정의학과,21
원주시,2015,1/4,2015.1/4,가정의학과,20
원주시,2015,2/4,2015.2/4,가정의학과,19
원주시,2015,3/4,2015.3/4,가정의학과,19
원주시,2015,4/4,2015.4/4,가정의학과,19
원주시,2016,1/4,2016.1/4,가정의학과,19
원주시,2016,2/4,2016.2/4,가정의학과,18
원주시,2016,3/4,2016.3/4,가정의학과,20
원주시,2016,4/4,2016.4/4,가정의학과,19
원주시,2017,1/4,2017.1/4,가정의학과,23
원주시,2017,2/4,2017.2/4,가정의학과,24
원주시,2017,3/4,2017.3/4,가정의학과,21
원주시,2017,4/4,2017.4/4,가정의학과,22
원주시,2018,1/4,2018.1/4,가정의학과,21
원주시,2018,2/4,2018.2/4,가정의학과,21
원주시,2018,3/4,2018.3/4,가정의학과,23
원주시,2018,4/4,2018.4/4,가정의학과,25
원주시,2019,1/4,2019.1/4,가정의학과,27
원주시,2019,2/4,2019.2/4,가정의학과,26
원주시,2019,3/4,2019.3/4,가정의학과,21
원주시,2019,4/4,2019.4/4,가정의학과,25
원주시,2020,1/4,2020.1/4,가정의학과,27
원주시,2020,2/4,2020.2/4,가정의학과,26
원주시,2020,3/4,2020.3/4,가정의학과,26
원주시,2020,4/4,2020.4/4,가정의학과,24
원주시,2021,1/4,2021.1/4,가정의학과,26
원주시,2021,2/4,2021.2/4,가정의학과,25
원주시,2021,3/4,2021.3/4,가정의학과,27
원주시,2021,4/4,2021.4/4,가정의학과,29
원주시,2022,1/4,2022.1/4,가정의학과,29
원주시,2022,2/4,2022.2/4,가정의학과,29
원주시,2022,3/4,2022.3/4,가정의학과,29
원주시,2022,4/4,2022.4/4,가정의학과,28
원주시,2023,1/4,2023.1/4,가정의학과,29
원주시,2023,2/4,2023.2/4,가정의학과,29
원주시,2023,3/4,2023.3/4,가정의학과,31
원주시,2023,4/4,2023.4/4,가정의학과,29
원주시,2024,1/4,2024.1/4,가정의학과,29
원주시,2024,2/4,2024.2/4,가정의학과,28
원주시,2024,3/4,2024.3/4,가정의학과,27
원주시,2024,4/4,2024.4/4,가정의학과,27
원주시,2025,1/4,2025.1/4,가정의학과,26
원주시,2025,2/4,2025.2/4,가정의학과,27
원주시,2025,3/4,2025.3/4,가정의학과,27
원주시,2025,4/4,2025.4/4,가정의학과,25
원주시,2009,1/4,2009.1/4,결핵과,0
원주시,2009,2/4,2009.2/4,결핵과,0
원주시,2009,3/4,2009.3/4,결핵과,0
원주시,2009,4/4,2009.4/4,결핵과,0
원주시,2010,1/4,2010.1/4,결핵과,0
원주시,2010,2/4,2010.2/4,결핵과,0
원주시,2010,3/4,2010.3/4,결핵과,0
원주시,2010,4/4,2010.4/4,결핵과,0
원주시,2011,1/4,2011.1/4,결핵과,0
원주시,2011,2/4,2011.2/4,결핵과,1
원주시,2011,3/4,2011.3/4,결핵과,0
원주시,2011,4/4,2011.4/4,결핵과,0
원주시,2012,1/4,2012.1/4,결핵과,0
원주시,2012,2/4,2012.2/4,결핵과,1
원주시,2012,3/4,2012.3/4,결핵과,1
원주시,2012,4/4,2012.4/4,결핵과,1
원주시,2013,1/4,2013.1/4,결핵과,1
원주시,2013,2/4,2013.2/4,결핵과,0
원주시,2013,3/4,2013.3/4,결핵과,0
원주시,2013,4/4,2013.4/4,결핵과,0
원주시,2014,1/4,2014.1/4,결핵과,1
원주시,2014,2/4,2014.2/4,결핵과,1
원주시,2014,3/4,2014.3/4,결핵과,0
원주시,2014,4/4,2014.4/4,결핵과,0
원주시,2015,1/4,2015.1/4,결핵과,0
원주시,2015,2/4,2015.2/4,결핵과,0
원주시,2015,3/4,2015.3/4,결핵과,0
원주시,2015,4/4,2015.4/4,결핵과,0
원주시,2016,1/4,2016.1/4,결핵과,0
원주시,2016,2/4,2016.2/4,결핵과,0
원주시,2016,3/4,2016.3/4,결핵과,0
원주시,2016,4/4,2016.4/4,결핵과,0
원주시,2017,1/4,2017.1/4,결핵과,0
원주시,2017,2/4,2017.2/4,결핵과,0
원주시,2017,3/4,2017.3/4,결핵과,0
원주시,2017,4/4,2017.4/4,결핵과,0
원주시,2018,1/4,2018.1/4,결핵과,0
원주시,2018,2/4,2018.2/4,결핵과,0
원주시,2018,3/4,2018.3/4,결핵과,0
원주시,2018,4/4,2018.4/4,결핵과,0
원주시,2019,1/4,2019.1/4,결핵과,0
원주시,2019,2/4,2019.2/4,결핵과,0
원주시,2019,3/4,2019.3/4,결핵과,0
원주시,2019,4/4,2019.4/4,결핵과,0
원주시,2020,1/4,2020.1/4,결핵과,0
원주시,2020,2/4,2020.2/4,결핵과,0
원주시,2020,3/4,2020.3/4,결핵과,0
원주시,2020,4/4,2020.4/4,결핵과,0
원주시,2021,1/4,2021.1/4,결핵과,0
원주시,2021,2/4,2021.2/4,결핵과,0
원주시,2021,3/4,2021.3/4,결핵과,0
원주시,2021,4/4,2021.4/4,결핵과,0
원주시,2022,1/4,2022.1/4,결핵과,0
원주시,2022,2/4,2022.2/4,결핵과,0
원주시,2022,3/4,2022.3/4,결핵과,0
원주시,2022,4/4,2022.4/4,결핵과,0
원주시,2023,1/4,2023.1/4,결핵과,0
원주시,2023,2/4,2023.2/4,결핵과,0
원주시,2023,3/4,2023.3/4,결핵과,0
원주시,2023,4/4,2023.4/4,결핵과,0
원주시,2024,1/4,2024.1/4,결핵과,0
원주시,2024,2/4,2024.2/4,결핵과,0
원주시,2024,3/4,2024.3/4,결핵과,0
원주시,2024,4/4,2024.4/4,결핵과,0
원주시,2025,1/4,2025.1/4,결핵과,0
원주시,2025,2/4,2025.2/4,결핵과,0
원주시,2025,3/4,2025.3/4,결핵과,0
원주시,2025,4/4,2025.4/4,결핵과,0
원주시,2009,1/4,2009.1/4,내과,68
원주시,2009,2/4,2009.2/4,내과,75
원주시,2009,3/4,2009.3/4,내과,75
원주시,2009,4/4,2009.4/4,내과,77
원주시,2010,1/4,2010.1/4,내과,81
원주시,2010,2/4,2010.2/4,내과,88
원주시,2010,3/4,2010.3/4,내과,91
원주시,2010,4/4,2010.4/4,내과,89
원주시,2011,1/4,2011.1/4,내과,86
원주시,2011,2/4,2011.2/4,내과,89
원주시,2011,3/4,2011.3/4,내과,90
원주시,2011,4/4,2011.4/4,내과,90
원주시,2012,1/4,2012.1/4,내과,90
원주시,2012,2/4,2012.2/4,내과,92
원주시,2012,3/4,2012.3/4,내과,90
원주시,2012,4/4,2012.4/4,내과,93
원주시,2013,1/4,2013.1/4,내과,88
원주시,2013,2/4,2013.2/4,내과,91
원주시,2013,3/4,2013.3/4,내과,91
원주시,2013,4/4,2013.4/4,내과,91
원주시,2014,1/4,2014.1/4,내과,92
원주시,2014,2/4,2014.2/4,내과,96
원주시,2014,3/4,2014.3/4,내과,97
원주시,2014,4/4,2014.4/4,내과,99
원주시,2015,1/4,2015.1/4,내과,103
원주시,2015,2/4,2015.2/4,내과,101
원주시,2015,3/4,2015.3/4,내과,103
원주시,2015,4/4,2015.4/4,내과,104
원주시,2016,1/4,2016.1/4,내과,97
원주시,2016,2/4,2016.2/4,내과,100
원주시,2016,3/4,2016.3/4,내과,99
원주시,2016,4/4,2016.4/4,내과,98
원주시,2017,1/4,2017.1/4,내과,101
원주시,2017,2/4,2017.2/4,내과,103
원주시,2017,3/4,2017.3/4,내과,102
원주시,2017,4/4,2017.4/4,내과,103
원주시,2018,1/4,2018.1/4,내과,112
원주시,2018,2/4,2018.2/4,내과,114
원주시,2018,3/4,2018.3/4,내과,114
원주시,2018,4/4,2018.4/4,내과,114
원주시,2019,1/4,2019.1/4,내과,112
원주시,2019,2/4,2019.2/4,내과,113
원주시,2019,3/4,2019.3/4,내과,115
원주시,2019,4/4,2019.4/4,내과,115
원주시,2020,1/4,2020.1/4,내과,122
원주시,2020,2/4,2020.2/4,내과,129
원주시,2020,3/4,2020.3/4,내과,127
원주시,2020,4/4,2020.4/4,내과,129
원주시,2021,1/4,2021.1/4,내과,127
원주시,2021,2/4,2021.2/4,내과,131
원주시,2021,3/4,2021.3/4,내과,131
원주시,2021,4/4,2021.4/4,내과,126
원주시,2022,1/4,2022.1/4,내과,127
원주시,2022,2/4,2022.2/4,내과,129
원주시,2022,3/4,2022.3/4,내과,128
원주시,2022,4/4,2022.4/4,내과,129
원주시,2023,1/4,2023.1/4,내과,131
원주시,2023,2/4,2023.2/4,내과,139
원주시,2023,3/4,2023.3/4,내과,135
원주시,2023,4/4,2023.4/4,내과,135
원주시,2024,1/4,2024.1/4,내과,129
원주시,2024,2/4,2024.2/4,내과,131
원주시,2024,3/4,2024.3/4,내과,131
원주시,2024,4/4,2024.4/4,내과,130
원주시,2025,1/4,2025.1/4,내과,128
원주시,2025,2/4,2025.2/4,내과,129
원주시,2025,3/4,2025.3/4,내과,129
원주시,2025,4/4,2025.4/4,내과,131
원주시,2009,1/4,2009.1/4,마취통증의학과,23
원주시,2009,2/4,2009.2/4,마취통증의학과,22
원주시,2009,3/4,2009.3/4,마취통증의학과,24
원주시,2009,4/4,2009.4/4,마취통증의학과,23
원주시,2010,1/4,2010.1/4,마취통증의학과,22
원주시,2010,2/4,2010.2/4,마취통증의학과,23
원주시,2010,3/4,2010.3/4,마취통증의학과,22
원주시,2010,4/4,2010.4/4,마취통증의학과,22
원주시,2011,1/4,2011.1/4,마취통증의학과,24
원주시,2011,2/4,2011.2/4,마취통증의학과,24
원주시,2011,3/4,2011.3/4,마취통증의학과,25
원주시,2011,4/4,2011.4/4,마취통증의학과,25
원주시,2012,1/4,2012.1/4,마취통증의학과,27
원주시,2012,2/4,2012.2/4,마취통증의학과,25
원주시,2012,3/4,2012.3/4,마취통증의학과,23
원주시,2012,4/4,2012.4/4,마취통증의학과,24
원주시,2013,1/4,2013.1/4,마취통증의학과,26
원주시,2013,2/4,2013.2/4,마취통증의학과,26
원주시,2013,3/4,2013.3/4,마취통증의학과,25
원주시,2013,4/4,2013.4/4,마취통증의학과,25
원주시,2014,1/4,2014.1/4,마취통증의학과,25
원주시,2014,2/4,2014.2/4,마취통증의학과,25
원주시,2014,3/4,2014.3/4,마취통증의학과,26
원주시,2014,4/4,2014.4/4,마취통증의학과,25
원주시,2015,1/4,2015.1/4,마취통증의학과,23
원주시,2015,2/4,2015.2/4,마취통증의학과,27
원주시,2015,3/4,2015.3/4,마취통증의학과,25
원주시,2015,4/4,2015.4/4,마취통증의학과,22
원주시,2016,1/4,2016.1/4,마취통증의학과,23
원주시,2016,2/4,2016.2/4,마취통증의학과,24
원주시,2016,3/4,2016.3/4,마취통증의학과,23
원주시,2016,4/4,2016.4/4,마취통증의학과,22
원주시,2017,1/4,2017.1/4,마취통증의학과,23
원주시,2017,2/4,2017.2/4,마취통증의학과,23
원주시,2017,3/4,2017.3/4,마취통증의학과,24
원주시,2017,4/4,2017.4/4,마취통증의학과,24
원주시,2018,1/4,2018.1/4,마취통증의학과,25
원주시,2018,2/4,2018.2/4,마취통증의학과,24
원주시,2018,3/4,2018.3/4,마취통증의학과,24
원주시,2018,4/4,2018.4/4,마취통증의학과,23
원주시,2019,1/4,2019.1/4,마취통증의학과,23
원주시,2019,2/4,2019.2/4,마취통증의학과,21
원주시,2019,3/4,2019.3/4,마취통증의학과,23
원주시,2019,4/4,2019.4/4,마취통증의학과,24
원주시,2020,1/4,2020.1/4,마취통증의학과,24
원주시,2020,2/4,2020.2/4,마취통증의학과,25
원주시,2020,3/4,2020.3/4,마취통증의학과,27
원주시,2020,4/4,2020.4/4,마취통증의학과,27
원주시,2021,1/4,2021.1/4,마취통증의학과,29
원주시,2021,2/4,2021.2/4,마취통증의학과,29
원주시,2021,3/4,2021.3/4,마취통증의학과,29
원주시,2021,4/4,2021.4/4,마취통증의학과,31
원주시,2022,1/4,2022.1/4,마취통증의학과,33
원주시,2022,2/4,2022.2/4,마취통증의학과,35
원주시,2022,3/4,2022.3/4,마취통증의학과,35
원주시,2022,4/4,2022.4/4,마취통증의학과,36
원주시,2023,1/4,2023.1/4,마취통증의학과,37
원주시,2023,2/4,2023.2/4,마취통증의학과,37
원주시,2023,3/4,2023.3/4,마취통증의학과,37
원주시,2023,4/4,2023.4/4,마취통증의학과,37
원주시,2024,1/4,2024.1/4,마취통증의학과,35
원주시,2024,2/4,2024.2/4,마취통증의학과,34
원주시,2024,3/4,2024.3/4,마취통증의학과,32
원주시,2024,4/4,2024.4/4,마취통증의학과,32
원주시,2025,1/4,2025.1/4,마취통증의학과,37
원주시,2025,2/4,2025.2/4,마취통증의학과,39
원주시,2025,3/4,2025.3/4,마취통증의학과,38
원주시,2025,4/4,2025.4/4,마취통증의학과,36
원주시,2009,1/4,2009.1/4,방사선종양학과,2
원주시,2009,2/4,2009.2/4,방사선종양학과,2
원주시,2009,3/4,2009.3/4,방사선종양학과,2
원주시,2009,4/4,2009.4/4,방사선종양학과,2
원주시,2010,1/4,2010.1/4,방사선종양학과,2
원주시,2010,2/4,2010.2/4,방사선종양학과,2
원주시,2010,3/4,2010.3/4,방사선종양학과,2
원주시,2010,4/4,2010.4/4,방사선종양학과,2
원주시,2011,1/4,2011.1/4,방사선종양학과,3
원주시,2011,2/4,2011.2/4,방사선종양학과,3
원주시,2011,3/4,2011.3/4,방사선종양학과,3
원주시,2011,4/4,2011.4/4,방사선종양학과,3
원주시,2012,1/4,2012.1/4,방사선종양학과,3
원주시,2012,2/4,2012.2/4,방사선종양학과,3
원주시,2012,3/4,2012.3/4,방사선종양학과,3
원주시,2012,4/4,2012.4/4,방사선종양학과,3
원주시,2013,1/4,2013.1/4,방사선종양학과,3
원주시,2013,2/4,2013.2/4,방사선종양학과,4
원주시,2013,3/4,2013.3/4,방사선종양학과,3
원주시,2013,4/4,2013.4/4,방사선종양학과,3
원주시,2014,1/4,2014.1/4,방사선종양학과,3
원주시,2014,2/4,2014.2/4,방사선종양학과,3
원주시,2014,3/4,2014.3/4,방사선종양학과,3
원주시,2014,4/4,2014.4/4,방사선종양학과,3
원주시,2015,1/4,2015.1/4,방사선종양학과,3
원주시,2015,2/4,2015.2/4,방사선종양학과,3
원주시,2015,3/4,2015.3/4,방사선종양학과,3
원주시,2015,4/4,2015.4/4,방사선종양학과,3
원주시,2016,1/4,2016.1/4,방사선종양학과,3
원주시,2016,2/4,2016.2/4,방사선종양학과,3
원주시,2016,3/4,2016.3/4,방사선종양학과,3
원주시,2016,4/4,2016.4/4,방사선종양학과,3
원주시,2017,1/4,2017.1/4,방사선종양학과,3
원주시,2017,2/4,2017.2/4,방사선종양학과,3
원주시,2017,3/4,2017.3/4,방사선종양학과,3
원주시,2017,4/4,2017.4/4,방사선종양학과,3
원주시,2018,1/4,2018.1/4,방사선종양학과,3
원주시,2018,2/4,2018.2/4,방사선종양학과,3
원주시,2018,3/4,2018.3/4,방사선종양학과,3
원주시,2018,4/4,2018.4/4,방사선종양학과,3
원주시,2019,1/4,2019.1/4,방사선종양학과,5
원주시,2019,2/4,2019.2/4,방사선종양학과,5
원주시,2019,3/4,2019.3/4,방사선종양학과,4
원주시,2019,4/4,2019.4/4,방사선종양학과,4
원주시,2020,1/4,2020.1/4,방사선종양학과,4
원주시,2020,2/4,2020.2/4,방사선종양학과,4
원주시,2020,3/4,2020.3/4,방사선종양학과,4
원주시,2020,4/4,2020.4/4,방사선종양학과,4
원주시,2021,1/4,2021.1/4,방사선종양학과,4
원주시,2021,2/4,2021.2/4,방사선종양학과,4
원주시,2021,3/4,2021.3/4,방사선종양학과,4
원주시,2021,4/4,2021.4/4,방사선종양학과,4
원주시,2022,1/4,2022.1/4,방사선종양학과,4
원주시,2022,2/4,2022.2/4,방사선종양학과,4
원주시,2022,3/4,2022.3/4,방사선종양학과,4
원주시,2022,4/4,2022.4/4,방사선종양학과,4
원주시,2023,1/4,2023.1/4,방사선종양학과,4
원주시,2023,2/4,2023.2/4,방사선종양학과,4
원주시,2023,3/4,2023.3/4,방사선종양학과,4
원주시,2023,4/4,2023.4/4,방사선종양학과,4
원주시,2024,1/4,2024.1/4,방사선종양학과,4
원주시,2024,2/4,2024.2/4,방사선종양학과,4
원주시,2024,3/4,2024.3/4,방사선종양학과,4
원주시,2024,4/4,2024.4/4,방사선종양학과,4
원주시,2025,1/4,2025.1/4,방사선종양학과,4
원주시,2025,2/4,2025.2/4,방사선종양학과,4
원주시,2025,3/4,2025.3/4,방사선종양학과,4
원주시,2025,4/4,2025.4/4,방사선종양학과,4
원주시,2009,1/4,2009.1/4,병리과,4
원주시,2009,2/4,2009.2/4,병리과,4
원주시,2009,3/4,2009.3/4,병리과,4
원주시,2009,4/4,2009.4/4,병리과,4
원주시,2010,1/4,2010.1/4,병리과,4
원주시,2010,2/4,2010.2/4,병리과,4
원주시,2010,3/4,2010.3/4,병리과,4
원주시,2010,4/4,2010.4/4,병리과,4
원주시,2011,1/4,2011.1/4,병리과,5
원주시,2011,2/4,2011.2/4,병리과,5
원주시,2011,3/4,2011.3/4,병리과,5
원주시,2011,4/4,2011.4/4,병리과,5
원주시,2012,1/4,2012.1/4,병리과,5
원주시,2012,2/4,2012.2/4,병리과,5
원주시,2012,3/4,2012.3/4,병리과,5
원주시,2012,4/4,2012.4/4,병리과,5
원주시,2013,1/4,2013.1/4,병리과,5
원주시,2013,2/4,2013.2/4,병리과,5
원주시,2013,3/4,2013.3/4,병리과,5
원주시,2013,4/4,2013.4/4,병리과,5
원주시,2014,1/4,2014.1/4,병리과,5
원주시,2014,2/4,2014.2/4,병리과,5
원주시,2014,3/4,2014.3/4,병리과,5
원주시,2014,4/4,2014.4/4,병리과,5
원주시,2015,1/4,2015.1/4,병리과,5
원주시,2015,2/4,2015.2/4,병리과,5
원주시,2015,3/4,2015.3/4,병리과,5
원주시,2015,4/4,2015.4/4,병리과,5
원주시,2016,1/4,2016.1/4,병리과,5
원주시,2016,2/4,2016.2/4,병리과,5
원주시,2016,3/4,2016.3/4,병리과,5
원주시,2016,4/4,2016.4/4,병리과,5
원주시,2017,1/4,2017.1/4,병리과,6
원주시,2017,2/4,2017.2/4,병리과,6
원주시,2017,3/4,2017.3/4,병리과,6
원주시,2017,4/4,2017.4/4,병리과,6
원주시,2018,1/4,2018.1/4,병리과,6
원주시,2018,2/4,2018.2/4,병리과,6
원주시,2018,3/4,2018.3/4,병리과,6
원주시,2018,4/4,2018.4/4,병리과,6
원주시,2019,1/4,2019.1/4,병리과,6
원주시,2019,2/4,2019.2/4,병리과,6
원주시,2019,3/4,2019.3/4,병리과,6
원주시,2019,4/4,2019.4/4,병리과,6
원주시,2020,1/4,2020.1/4,병리과,5
원주시,2020,2/4,2020.2/4,병리과,5
원주시,2020,3/4,2020.3/4,병리과,5
원주시,2020,4/4,2020.4/4,병리과,5
원주시,2021,1/4,2021.1/4,병리과,5
원주시,2021,2/4,2021.2/4,병리과,5
원주시,2021,3/4,2021.3/4,병리과,5
원주시,2021,4/4,2021.4/4,병리과,5
원주시,2022,1/4,2022.1/4,병리과,5
원주시,2022,2/4,2022.2/4,병리과,5
원주시,2022,3/4,2022.3/4,병리과,5
원주시,2022,4/4,2022.4/4,병리과,5
원주시,2023,1/4,2023.1/4,병리과,6
원주시,2023,2/4,2023.2/4,병리과,6
원주시,2023,3/4,2023.3/4,병리과,6
원주시,2023,4/4,2023.4/4,병리과,5
원주시,2024,1/4,2024.1/4,병리과,5
원주시,2024,2/4,2024.2/4,병리과,5
원주시,2024,3/4,2024.3/4,병리과,5
원주시,2024,4/4,2024.4/4,병리과,5
원주시,2025,1/4,2025.1/4,병리과,5
원주시,2025,2/4,2025.2/4,병리과,5
원주시,2025,3/4,2025.3/4,병리과,4
원주시,2025,4/4,2025.4/4,병리과,4
원주시,2009,1/4,2009.1/4,비뇨의학과,12
원주시,2009,2/4,2009.2/4,비뇨의학과,13
원주시,2009,3/4,2009.3/4,비뇨의학과,12
원주시,2009,4/4,2009.4/4,비뇨의학과,12
원주시,2010,1/4,2010.1/4,비뇨의학과,11
원주시,2010,2/4,2010.2/4,비뇨의학과,12
원주시,2010,3/4,2010.3/4,비뇨의학과,12
원주시,2010,4/4,2010.4/4,비뇨의학과,12
원주시,2011,1/4,2011.1/4,비뇨의학과,11
원주시,2011,2/4,2011.2/4,비뇨의학과,12
원주시,2011,3/4,2011.3/4,비뇨의학과,12
원주시,2011,4/4,2011.4/4,비뇨의학과,12
원주시,2012,1/4,2012.1/4,비뇨의학과,12
원주시,2012,2/4,2012.2/4,비뇨의학과,12
원주시,2012,3/4,2012.3/4,비뇨의학과,14
원주시,2012,4/4,2012.4/4,비뇨의학과,15
원주시,2013,1/4,2013.1/4,비뇨의학과,17
원주시,2013,2/4,2013.2/4,비뇨의학과,17
원주시,2013,3/4,2013.3/4,비뇨의학과,17
원주시,2013,4/4,2013.4/4,비뇨의학과,15
원주시,2014,1/4,2014.1/4,비뇨의학과,16
원주시,2014,2/4,2014.2/4,비뇨의학과,15
원주시,2014,3/4,2014.3/4,비뇨의학과,16
원주시,2014,4/4,2014.4/4,비뇨의학과,15
원주시,2015,1/4,2015.1/4,비뇨의학과,16
원주시,2015,2/4,2015.2/4,비뇨의학과,17
원주시,2015,3/4,2015.3/4,비뇨의학과,17
원주시,2015,4/4,2015.4/4,비뇨의학과,17
원주시,2016,1/4,2016.1/4,비뇨의학과,18
원주시,2016,2/4,2016.2/4,비뇨의학과,18
원주시,2016,3/4,2016.3/4,비뇨의학과,18
원주시,2016,4/4,2016.4/4,비뇨의학과,16
원주시,2017,1/4,2017.1/4,비뇨의학과,15
원주시,2017,2/4,2017.2/4,비뇨의학과,15
원주시,2017,3/4,2017.3/4,비뇨의학과,16
원주시,2017,4/4,2017.4/4,비뇨의학과,16
원주시,2018,1/4,2018.1/4,비뇨의학과,18
원주시,2018,2/4,2018.2/4,비뇨의학과,17
원주시,2018,3/4,2018.3/4,비뇨의학과,17
원주시,2018,4/4,2018.4/4,비뇨의학과,18
원주시,2019,1/4,2019.1/4,비뇨의학과,17
원주시,2019,2/4,2019.2/4,비뇨의학과,17
원주시,2019,3/4,2019.3/4,비뇨의학과,18
원주시,2019,4/4,2019.4/4,비뇨의학과,19
원주시,2020,1/4,2020.1/4,비뇨의학과,19
원주시,2020,2/4,2020.2/4,비뇨의학과,19
원주시,2020,3/4,2020.3/4,비뇨의학과,19
원주시,2020,4/4,2020.4/4,비뇨의학과,18
원주시,2021,1/4,2021.1/4,비뇨의학과,17
원주시,2021,2/4,2021.2/4,비뇨의학과,17
원주시,2021,3/4,2021.3/4,비뇨의학과,16
원주시,2021,4/4,2021.4/4,비뇨의학과,16
원주시,2022,1/4,2022.1/4,비뇨의학과,16
원주시,2022,2/4,2022.2/4,비뇨의학과,16
원주시,2022,3/4,2022.3/4,비뇨의학과,17
원주시,2022,4/4,2022.4/4,비뇨의학과,17
원주시,2023,1/4,2023.1/4,비뇨의학과,17
원주시,2023,2/4,2023.2/4,비뇨의학과,17
원주시,2023,3/4,2023.3/4,비뇨의학과,17
원주시,2023,4/4,2023.4/4,비뇨의학과,17
원주시,2024,1/4,2024.1/4,비뇨의학과,18
원주시,2024,2/4,2024.2/4,비뇨의학과,18
원주시,2024,3/4,2024.3/4,비뇨의학과,18
원주시,2024,4/4,2024.4/4,비뇨의학과,18
원주시,2025,1/4,2025.1/4,비뇨의학과,19
원주시,2025,2/4,2025.2/4,비뇨의학과,19
원주시,2025,3/4,2025.3/4,비뇨의학과,19
원주시,2025,4/4,2025.4/4,비뇨의학과,18
원주시,2009,1/4,2009.1/4,산부인과,32
원주시,2009,2/4,2009.2/4,산부인과,34
원주시,2009,3/4,2009.3/4,산부인과,34
원주시,2009,4/4,2009.4/4,산부인과,34
원주시,2010,1/4,2010.1/4,산부인과,34
원주시,2010,2/4,2010.2/4,산부인과,34
원주시,2010,3/4,2010.3/4,산부인과,33
원주시,2010,4/4,2010.4/4,산부인과,33
원주시,2011,1/4,2011.1/4,산부인과,32
원주시,2011,2/4,2011.2/4,산부인과,31
원주시,2011,3/4,2011.3/4,산부인과,30
원주시,2011,4/4,2011.4/4,산부인과,30
원주시,2012,1/4,2012.1/4,산부인과,31
원주시,2012,2/4,2012.2/4,산부인과,31
원주시,2012,3/4,2012.3/4,산부인과,31
원주시,2012,4/4,2012.4/4,산부인과,31
원주시,2013,1/4,2013.1/4,산부인과,33
원주시,2013,2/4,2013.2/4,산부인과,33
원주시,2013,3/4,2013.3/4,산부인과,34
원주시,2013,4/4,2013.4/4,산부인과,35
원주시,2014,1/4,2014.1/4,산부인과,34
원주시,2014,2/4,2014.2/4,산부인과,34
원주시,2014,3/4,2014.3/4,산부인과,35
원주시,2014,4/4,2014.4/4,산부인과,36
원주시,2015,1/4,2015.1/4,산부인과,36
원주시,2015,2/4,2015.2/4,산부인과,37
원주시,2015,3/4,2015.3/4,산부인과,39
원주시,2015,4/4,2015.4/4,산부인과,39
원주시,2016,1/4,2016.1/4,산부인과,37
원주시,2016,2/4,2016.2/4,산부인과,36
원주시,2016,3/4,2016.3/4,산부인과,35
원주시,2016,4/4,2016.4/4,산부인과,36
원주시,2017,1/4,2017.1/4,산부인과,38
원주시,2017,2/4,2017.2/4,산부인과,37
원주시,2017,3/4,2017.3/4,산부인과,37
원주시,2017,4/4,2017.4/4,산부인과,38
원주시,2018,1/4,2018.1/4,산부인과,39
원주시,2018,2/4,2018.2/4,산부인과,38
원주시,2018,3/4,2018.3/4,산부인과,38
원주시,2018,4/4,2018.4/4,산부인과,35
원주시,2019,1/4,2019.1/4,산부인과,37
원주시,2019,2/4,2019.2/4,산부인과,38
원주시,2019,3/4,2019.3/4,산부인과,37
원주시,2019,4/4,2019.4/4,산부인과,37
원주시,2020,1/4,2020.1/4,산부인과,39
원주시,2020,2/4,2020.2/4,산부인과,39
원주시,2020,3/4,2020.3/4,산부인과,39
원주시,2020,4/4,2020.4/4,산부인과,38
원주시,2021,1/4,2021.1/4,산부인과,37
원주시,2021,2/4,2021.2/4,산부인과,37
원주시,2021,3/4,2021.3/4,산부인과,35
원주시,2021,4/4,2021.4/4,산부인과,34
원주시,2022,1/4,2022.1/4,산부인과,35
원주시,2022,2/4,2022.2/4,산부인과,36
원주시,2022,3/4,2022.3/4,산부인과,37
원주시,2022,4/4,2022.4/4,산부인과,36
원주시,2023,1/4,2023.1/4,산부인과,38
원주시,2023,2/4,2023.2/4,산부인과,39
원주시,2023,3/4,2023.3/4,산부인과,39
원주시,2023,4/4,2023.4/4,산부인과,38
원주시,2024,1/4,2024.1/4,산부인과,38
원주시,2024,2/4,2024.2/4,산부인과,38
원주시,2024,3/4,2024.3/4,산부인과,38
원주시,2024,4/4,2024.4/4,산부인과,38
원주시,2025,1/4,2025.1/4,산부인과,37
원주시,2025,2/4,2025.2/4,산부인과,36
원주시,2025,3/4,2025.3/4,산부인과,37
원주시,2025,4/4,2025.4/4,산부인과,39
원주시,2009,1/4,2009.1/4,성형외과,5
원주시,2009,2/4,2009.2/4,성형외과,5
원주시,2009,3/4,2009.3/4,성형외과,5
원주시,2009,4/4,2009.4/4,성형외과,5
원주시,2010,1/4,2010.1/4,성형외과,6
원주시,2010,2/4,2010.2/4,성형외과,7
원주시,2010,3/4,2010.3/4,성형외과,7
원주시,2010,4/4,2010.4/4,성형외과,7
원주시,2011,1/4,2011.1/4,성형외과,8
원주시,2011,2/4,2011.2/4,성형외과,9
원주시,2011,3/4,2011.3/4,성형외과,9
원주시,2011,4/4,2011.4/4,성형외과,9
원주시,2012,1/4,2012.1/4,성형외과,9
원주시,2012,2/4,2012.2/4,성형외과,9
원주시,2012,3/4,2012.3/4,성형외과,9
원주시,2012,4/4,2012.4/4,성형외과,9
원주시,2013,1/4,2013.1/4,성형외과,9
원주시,2013,2/4,2013.2/4,성형외과,10
원주시,2013,3/4,2013.3/4,성형외과,10
원주시,2013,4/4,2013.4/4,성형외과,11
원주시,2014,1/4,2014.1/4,성형외과,11
원주시,2014,2/4,2014.2/4,성형외과,10
원주시,2014,3/4,2014.3/4,성형외과,10
원주시,2014,4/4,2014.4/4,성형외과,10
원주시,2015,1/4,2015.1/4,성형외과,10
원주시,2015,2/4,2015.2/4,성형외과,11
원주시,2015,3/4,2015.3/4,성형외과,11
원주시,2015,4/4,2015.4/4,성형외과,11
원주시,2016,1/4,2016.1/4,성형외과,11
원주시,2016,2/4,2016.2/4,성형외과,10
원주시,2016,3/4,2016.3/4,성형외과,10
원주시,2016,4/4,2016.4/4,성형외과,9
원주시,2017,1/4,2017.1/4,성형외과,9
원주시,2017,2/4,2017.2/4,성형외과,10
원주시,2017,3/4,2017.3/4,성형외과,11
원주시,2017,4/4,2017.4/4,성형외과,11
원주시,2018,1/4,2018.1/4,성형외과,10
원주시,2018,2/4,2018.2/4,성형외과,11
원주시,2018,3/4,2018.3/4,성형외과,11
원주시,2018,4/4,2018.4/4,성형외과,11
원주시,2019,1/4,2019.1/4,성형외과,12
원주시,2019,2/4,2019.2/4,성형외과,11
원주시,2019,3/4,2019.3/4,성형외과,11
원주시,2019,4/4,2019.4/4,성형외과,11
원주시,2020,1/4,2020.1/4,성형외과,10
원주시,2020,2/4,2020.2/4,성형외과,10
원주시,2020,3/4,2020.3/4,성형외과,11
원주시,2020,4/4,2020.4/4,성형외과,11
원주시,2021,1/4,2021.1/4,성형외과,12
원주시,2021,2/4,2021.2/4,성형외과,12
원주시,2021,3/4,2021.3/4,성형외과,12
원주시,2021,4/4,2021.4/4,성형외과,12
원주시,2022,1/4,2022.1/4,성형외과,11
원주시,2022,2/4,2022.2/4,성형외과,9
원주시,2022,3/4,2022.3/4,성형외과,9
원주시,2022,4/4,2022.4/4,성형외과,11
원주시,2023,1/4,2023.1/4,성형외과,11
원주시,2023,2/4,2023.2/4,성형외과,10
원주시,2023,3/4,2023.3/4,성형외과,10
원주시,2023,4/4,2023.4/4,성형외과,10
원주시,2024,1/4,2024.1/4,성형외과,9
원주시,2024,2/4,2024.2/4,성형외과,9
원주시,2024,3/4,2024.3/4,성형외과,9
원주시,2024,4/4,2024.4/4,성형외과,9
원주시,2025,1/4,2025.1/4,성형외과,8
원주시,2025,2/4,2025.2/4,성형외과,10
원주시,2025,3/4,2025.3/4,성형외과,10
원주시,2025,4/4,2025.4/4,성형외과,11
원주시,2009,1/4,2009.1/4,소아청소년과,27
원주시,2009,2/4,2009.2/4,소아청소년과,28
원주시,2009,3/4,2009.3/4,소아청소년과,28
원주시,2009,4/4,2009.4/4,소아청소년과,28
원주시,2010,1/4,2010.1/4,소아청소년과,28
원주시,2010,2/4,2010.2/4,소아청소년과,26
원주시,2010,3/4,2010.3/4,소아청소년과,26
원주시,2010,4/4,2010.4/4,소아청소년과,27
원주시,2011,1/4,2011.1/4,소아청소년과,27
원주시,2011,2/4,2011.2/4,소아청소년과,26
원주시,2011,3/4,2011.3/4,소아청소년과,26
원주시,2011,4/4,2011.4/4,소아청소년과,26
원주시,2012,1/4,2012.1/4,소아청소년과,26
원주시,2012,2/4,2012.2/4,소아청소년과,26
원주시,2012,3/4,2012.3/4,소아청소년과,26
원주시,2012,4/4,2012.4/4,소아청소년과,26
원주시,2013,1/4,2013.1/4,소아청소년과,28
원주시,2013,2/4,2013.2/4,소아청소년과,28
원주시,2013,3/4,2013.3/4,소아청소년과,29
원주시,2013,4/4,2013.4/4,소아청소년과,30
원주시,2014,1/4,2014.1/4,소아청소년과,29
원주시,2014,2/4,2014.2/4,소아청소년과,30
원주시,2014,3/4,2014.3/4,소아청소년과,29
원주시,2014,4/4,2014.4/4,소아청소년과,29
원주시,2015,1/4,2015.1/4,소아청소년과,28
원주시,2015,2/4,2015.2/4,소아청소년과,28
원주시,2015,3/4,2015.3/4,소아청소년과,28
원주시,2015,4/4,2015.4/4,소아청소년과,28
원주시,2016,1/4,2016.1/4,소아청소년과,28
원주시,2016,2/4,2016.2/4,소아청소년과,28
원주시,2016,3/4,2016.3/4,소아청소년과,31
원주시,2016,4/4,2016.4/4,소아청소년과,31
원주시,2017,1/4,2017.1/4,소아청소년과,31
원주시,2017,2/4,2017.2/4,소아청소년과,32
원주시,2017,3/4,2017.3/4,소아청소년과,32
원주시,2017,4/4,2017.4/4,소아청소년과,32
원주시,2018,1/4,2018.1/4,소아청소년과,32
원주시,2018,2/4,2018.2/4,소아청소년과,30
원주시,2018,3/4,2018.3/4,소아청소년과,34
원주시,2018,4/4,2018.4/4,소아청소년과,33
원주시,2019,1/4,2019.1/4,소아청소년과,35
원주시,2019,2/4,2019.2/4,소아청소년과,35
원주시,2019,3/4,2019.3/4,소아청소년과,35
원주시,2019,4/4,2019.4/4,소아청소년과,34
원주시,2020,1/4,2020.1/4,소아청소년과,36
원주시,2020,2/4,2020.2/4,소아청소년과,37
원주시,2020,3/4,2020.3/4,소아청소년과,37
원주시,2020,4/4,2020.4/4,소아청소년과,37
원주시,2021,1/4,2021.1/4,소아청소년과,39
원주시,2021,2/4,2021.2/4,소아청소년과,39
원주시,2021,3/4,2021.3/4,소아청소년과,41
원주시,2021,4/4,2021.4/4,소아청소년과,43
원주시,2022,1/4,2022.1/4,소아청소년과,45
원주시,2022,2/4,2022.2/4,소아청소년과,45
원주시,2022,3/4,2022.3/4,소아청소년과,45
원주시,2022,4/4,2022.4/4,소아청소년과,45
원주시,2023,1/4,2023.1/4,소아청소년과,47
원주시,2023,2/4,2023.2/4,소아청소년과,47
원주시,2023,3/4,2023.3/4,소아청소년과,48
원주시,2023,4/4,2023.4/4,소아청소년과,49
원주시,2024,1/4,2024.1/4,소아청소년과,46
원주시,2024,2/4,2024.2/4,소아청소년과,46
원주시,2024,3/4,2024.3/4,소아청소년과,47
원주시,2024,4/4,2024.4/4,소아청소년과,46
원주시,2025,1/4,2025.1/4,소아청소년과,44
원주시,2025,2/4,2025.2/4,소아청소년과,45
원주시,2025,3/4,2025.3/4,소아청소년과,46
원주시,2025,4/4,2025.4/4,소아청소년과,46
원주시,2009,1/4,2009.1/4,신경과,6
원주시,2009,2/4,2009.2/4,신경과,7
원주시,2009,3/4,2009.3/4,신경과,7
원주시,2009,4/4,2009.4/4,신경과,7
원주시,2010,1/4,2010.1/4,신경과,7
원주시,2010,2/4,2010.2/4,신경과,7
원주시,2010,3/4,2010.3/4,신경과,7
원주시,2010,4/4,2010.4/4,신경과,7
원주시,2011,1/4,2011.1/4,신경과,7
원주시,2011,2/4,2011.2/4,신경과,8
원주시,2011,3/4,2011.3/4,신경과,8
원주시,2011,4/4,2011.4/4,신경과,8
원주시,2012,1/4,2012.1/4,신경과,8
원주시,2012,2/4,2012.2/4,신경과,8
원주시,2012,3/4,2012.3/4,신경과,8
원주시,2012,4/4,2012.4/4,신경과,8
원주시,2013,1/4,2013.1/4,신경과,9
원주시,2013,2/4,2013.2/4,신경과,9
원주시,2013,3/4,2013.3/4,신경과,9
원주시,2013,4/4,2013.4/4,신경과,9
원주시,2014,1/4,2014.1/4,신경과,9
원주시,2014,2/4,2014.2/4,신경과,9
원주시,2014,3/4,2014.3/4,신경과,9
원주시,2014,4/4,2014.4/4,신경과,9
원주시,2015,1/4,2015.1/4,신경과,9
원주시,2015,2/4,2015.2/4,신경과,9
원주시,2015,3/4,2015.3/4,신경과,9
원주시,2015,4/4,2015.4/4,신경과,9
원주시,2016,1/4,2016.1/4,신경과,10
원주시,2016,2/4,2016.2/4,신경과,9
원주시,2016,3/4,2016.3/4,신경과,8
원주시,2016,4/4,2016.4/4,신경과,9
원주시,2017,1/4,2017.1/4,신경과,9
원주시,2017,2/4,2017.2/4,신경과,9
원주시,2017,3/4,2017.3/4,신경과,9
원주시,2017,4/4,2017.4/4,신경과,9
원주시,2018,1/4,2018.1/4,신경과,9
원주시,2018,2/4,2018.2/4,신경과,9
원주시,2018,3/4,2018.3/4,신경과,9
원주시,2018,4/4,2018.4/4,신경과,9
원주시,2019,1/4,2019.1/4,신경과,8
원주시,2019,2/4,2019.2/4,신경과,9
원주시,2019,3/4,2019.3/4,신경과,9
원주시,2019,4/4,2019.4/4,신경과,9
원주시,2020,1/4,2020.1/4,신경과,10
원주시,2020,2/4,2020.2/4,신경과,11
원주시,2020,3/4,2020.3/4,신경과,10
원주시,2020,4/4,2020.4/4,신경과,10
원주시,2021,1/4,2021.1/4,신경과,12
원주시,2021,2/4,2021.2/4,신경과,12
원주시,2021,3/4,2021.3/4,신경과,12
원주시,2021,4/4,2021.4/4,신경과,12
원주시,2022,1/4,2022.1/4,신경과,13
원주시,2022,2/4,2022.2/4,신경과,13
원주시,2022,3/4,2022.3/4,신경과,13
원주시,2022,4/4,2022.4/4,신경과,13
원주시,2023,1/4,2023.1/4,신경과,14
원주시,2023,2/4,2023.2/4,신경과,15
원주시,2023,3/4,2023.3/4,신경과,15
원주시,2023,4/4,2023.4/4,신경과,15
원주시,2024,1/4,2024.1/4,신경과,16
원주시,2024,2/4,2024.2/4,신경과,16
원주시,2024,3/4,2024.3/4,신경과,16
원주시,2024,4/4,2024.4/4,신경과,16
원주시,2025,1/4,2025.1/4,신경과,13
원주시,2025,2/4,2025.2/4,신경과,13
원주시,2025,3/4,2025.3/4,신경과,13
원주시,2025,4/4,2025.4/4,신경과,13
원주시,2009,1/4,2009.1/4,신경외과,15
원주시,2009,2/4,2009.2/4,신경외과,16
원주시,2009,3/4,2009.3/4,신경외과,16
원주시,2009,4/4,2009.4/4,신경외과,15
원주시,2010,1/4,2010.1/4,신경외과,14
원주시,2010,2/4,2010.2/4,신경외과,14
원주시,2010,3/4,2010.3/4,신경외과,14
원주시,2010,4/4,2010.4/4,신경외과,14
원주시,2011,1/4,2011.1/4,신경외과,15
원주시,2011,2/4,2011.2/4,신경외과,17
원주시,2011,3/4,2011.3/4,신경외과,16
원주시,2011,4/4,2011.4/4,신경외과,16
원주시,2012,1/4,2012.1/4,신경외과,20
원주시,2012,2/4,2012.2/4,신경외과,20
원주시,2012,3/4,2012.3/4,신경외과,18
원주시,2012,4/4,2012.4/4,신경외과,19
원주시,2013,1/4,2013.1/4,신경외과,20
원주시,2013,2/4,2013.2/4,신경외과,20
원주시,2013,3/4,2013.3/4,신경외과,20
원주시,2013,4/4,2013.4/4,신경외과,21
원주시,2014,1/4,2014.1/4,신경외과,22
원주시,2014,2/4,2014.2/4,신경외과,23
원주시,2014,3/4,2014.3/4,신경외과,23
원주시,2014,4/4,2014.4/4,신경외과,23
원주시,2015,1/4,2015.1/4,신경외과,22
원주시,2015,2/4,2015.2/4,신경외과,24
원주시,2015,3/4,2015.3/4,신경외과,23
원주시,2015,4/4,2015.4/4,신경외과,25
원주시,2016,1/4,2016.1/4,신경외과,24
원주시,2016,2/4,2016.2/4,신경외과,23
원주시,2016,3/4,2016.3/4,신경외과,23
원주시,2016,4/4,2016.4/4,신경외과,22
원주시,2017,1/4,2017.1/4,신경외과,24
원주시,2017,2/4,2017.2/4,신경외과,24
원주시,2017,3/4,2017.3/4,신경외과,23
원주시,2017,4/4,2017.4/4,신경외과,24
원주시,2018,1/4,2018.1/4,신경외과,23
원주시,2018,2/4,2018.2/4,신경외과,25
원주시,2018,3/4,2018.3/4,신경외과,24
원주시,2018,4/4,2018.4/4,신경외과,24
원주시,2019,1/4,2019.1/4,신경외과,24
원주시,2019,2/4,2019.2/4,신경외과,24
원주시,2019,3/4,2019.3/4,신경외과,24
원주시,2019,4/4,2019.4/4,신경외과,24
원주시,2020,1/4,2020.1/4,신경외과,24
원주시,2020,2/4,2020.2/4,신경외과,24
원주시,2020,3/4,2020.3/4,신경외과,25
원주시,2020,4/4,2020.4/4,신경외과,25
원주시,2021,1/4,2021.1/4,신경외과,26
원주시,2021,2/4,2021.2/4,신경외과,25
원주시,2021,3/4,2021.3/4,신경외과,25
원주시,2021,4/4,2021.4/4,신경외과,25
원주시,2022,1/4,2022.1/4,신경외과,24
원주시,2022,2/4,2022.2/4,신경외과,24
원주시,2022,3/4,2022.3/4,신경외과,21
원주시,2022,4/4,2022.4/4,신경외과,22
원주시,2023,1/4,2023.1/4,신경외과,22
원주시,2023,2/4,2023.2/4,신경외과,22
원주시,2023,3/4,2023.3/4,신경외과,22
원주시,2023,4/4,2023.4/4,신경외과,21
원주시,2024,1/4,2024.1/4,신경외과,22
원주시,2024,2/4,2024.2/4,신경외과,23
원주시,2024,3/4,2024.3/4,신경외과,23
원주시,2024,4/4,2024.4/4,신경외과,22
원주시,2025,1/4,2025.1/4,신경외과,20
원주시,2025,2/4,2025.2/4,신경외과,20
원주시,2025,3/4,2025.3/4,신경외과,19
원주시,2025,4/4,2025.4/4,신경외과,19
원주시,2009,1/4,2009.1/4,심장혈관흉부외과,5
원주시,2009,2/4,2009.2/4,심장혈관흉부외과,5
원주시,2009,3/4,2009.3/4,심장혈관흉부외과,5
원주시,2009,4/4,2009.4/4,심장혈관흉부외과,5
원주시,2010,1/4,2010.1/4,심장혈관흉부외과,6
원주시,2010,2/4,2010.2/4,심장혈관흉부외과,6
원주시,2010,3/4,2010.3/4,심장혈관흉부외과,6
원주시,2010,4/4,2010.4/4,심장혈관흉부외과,6
원주시,2011,1/4,2011.1/4,심장혈관흉부외과,5
원주시,2011,2/4,2011.2/4,심장혈관흉부외과,6
원주시,2011,3/4,2011.3/4,심장혈관흉부외과,5
원주시,2011,4/4,2011.4/4,심장혈관흉부외과,5
원주시,2012,1/4,2012.1/4,심장혈관흉부외과,6
원주시,2012,2/4,2012.2/4,심장혈관흉부외과,5
원주시,2012,3/4,2012.3/4,심장혈관흉부외과,5
원주시,2012,4/4,2012.4/4,심장혈관흉부외과,5
원주시,2013,1/4,2013.1/4,심장혈관흉부외과,7
원주시,2013,2/4,2013.2/4,심장혈관흉부외과,7
원주시,2013,3/4,2013.3/4,심장혈관흉부외과,7
원주시,2013,4/4,2013.4/4,심장혈관흉부외과,6
원주시,2014,1/4,2014.1/4,심장혈관흉부외과,7
원주시,2014,2/4,2014.2/4,심장혈관흉부외과,8
원주시,2014,3/4,2014.3/4,심장혈관흉부외과,8
원주시,2014,4/4,2014.4/4,심장혈관흉부외과,8
원주시,2015,1/4,2015.1/4,심장혈관흉부외과,9
원주시,2015,2/4,2015.2/4,심장혈관흉부외과,9
원주시,2015,3/4,2015.3/4,심장혈관흉부외과,9
원주시,2015,4/4,2015.4/4,심장혈관흉부외과,9
원주시,2016,1/4,2016.1/4,심장혈관흉부외과,8
원주시,2016,2/4,2016.2/4,심장혈관흉부외과,8
원주시,2016,3/4,2016.3/4,심장혈관흉부외과,8
원주시,2016,4/4,2016.4/4,심장혈관흉부외과,8
원주시,2017,1/4,2017.1/4,심장혈관흉부외과,9
원주시,2017,2/4,2017.2/4,심장혈관흉부외과,9
원주시,2017,3/4,2017.3/4,심장혈관흉부외과,9
원주시,2017,4/4,2017.4/4,심장혈관흉부외과,9
원주시,2018,1/4,2018.1/4,심장혈관흉부외과,9
원주시,2018,2/4,2018.2/4,심장혈관흉부외과,10
원주시,2018,3/4,2018.3/4,심장혈관흉부외과,10
원주시,2018,4/4,2018.4/4,심장혈관흉부외과,10
원주시,2019,1/4,2019.1/4,심장혈관흉부외과,9
원주시,2019,2/4,2019.2/4,심장혈관흉부외과,9
원주시,2019,3/4,2019.3/4,심장혈관흉부외과,10
원주시,2019,4/4,2019.4/4,심장혈관흉부외과,10
원주시,2020,1/4,2020.1/4,심장혈관흉부외과,9
원주시,2020,2/4,2020.2/4,심장혈관흉부외과,9
원주시,2020,3/4,2020.3/4,심장혈관흉부외과,9
원주시,2020,4/4,2020.4/4,심장혈관흉부외과,9
원주시,2021,1/4,2021.1/4,심장혈관흉부외과,10
원주시,2021,2/4,2021.2/4,심장혈관흉부외과,10
원주시,2021,3/4,2021.3/4,심장혈관흉부외과,11
원주시,2021,4/4,2021.4/4,심장혈관흉부외과,11
원주시,2022,1/4,2022.1/4,심장혈관흉부외과,11
원주시,2022,2/4,2022.2/4,심장혈관흉부외과,11
원주시,2022,3/4,2022.3/4,심장혈관흉부외과,11
원주시,2022,4/4,2022.4/4,심장혈관흉부외과,11
원주시,2023,1/4,2023.1/4,심장혈관흉부외과,9
원주시,2023,2/4,2023.2/4,심장혈관흉부외과,9
원주시,2023,3/4,2023.3/4,심장혈관흉부외과,9
원주시,2023,4/4,2023.4/4,심장혈관흉부외과,9
원주시,2024,1/4,2024.1/4,심장혈관흉부외과,9
원주시,2024,2/4,2024.2/4,심장혈관흉부외과,9
원주시,2024,3/4,2024.3/4,심장혈관흉부외과,9
원주시,2024,4/4,2024.4/4,심장혈관흉부외과,9
원주시,2025,1/4,2025.1/4,심장혈관흉부외과,10
원주시,2025,2/4,2025.2/4,심장혈관흉부외과,10
원주시,2025,3/4,2025.3/4,심장혈관흉부외과,10
원주시,2025,4/4,2025.4/4,심장혈관흉부외과,10
원주시,2009,1/4,2009.1/4,안과,16
원주시,2009,2/4,2009.2/4,안과,16
원주시,2009,3/4,2009.3/4,안과,16
원주시,2009,4/4,2009.4/4,안과,16
원주시,2010,1/4,2010.1/4,안과,14
원주시,2010,2/4,2010.2/4,안과,15
원주시,2010,3/4,2010.3/4,안과,15
원주시,2010,4/4,2010.4/4,안과,15
원주시,2011,1/4,2011.1/4,안과,16
원주시,2011,2/4,2011.2/4,안과,17
원주시,2011,3/4,2011.3/4,안과,16
원주시,2011,4/4,2011.4/4,안과,16
원주시,2012,1/4,2012.1/4,안과,16
원주시,2012,2/4,2012.2/4,안과,15
원주시,2012,3/4,2012.3/4,안과,14
원주시,2012,4/4,2012.4/4,안과,14
원주시,2013,1/4,2013.1/4,안과,14
원주시,2013,2/4,2013.2/4,안과,16
원주시,2013,3/4,2013.3/4,안과,17
원주시,2013,4/4,2013.4/4,안과,17
원주시,2014,1/4,2014.1/4,안과,18
원주시,2014,2/4,2014.2/4,안과,17
원주시,2014,3/4,2014.3/4,안과,17
원주시,2014,4/4,2014.4/4,안과,18
원주시,2015,1/4,2015.1/4,안과,18
원주시,2015,2/4,2015.2/4,안과,18
원주시,2015,3/4,2015.3/4,안과,18
원주시,2015,4/4,2015.4/4,안과,17
원주시,2016,1/4,2016.1/4,안과,17
원주시,2016,2/4,2016.2/4,안과,17
원주시,2016,3/4,2016.3/4,안과,17
원주시,2016,4/4,2016.4/4,안과,17
원주시,2017,1/4,2017.1/4,안과,18
원주시,2017,2/4,2017.2/4,안과,19
원주시,2017,3/4,2017.3/4,안과,22
원주시,2017,4/4,2017.4/4,안과,22
원주시,2018,1/4,2018.1/4,안과,20
원주시,2018,2/4,2018.2/4,안과,21
원주시,2018,3/4,2018.3/4,안과,20
원주시,2018,4/4,2018.4/4,안과,19
원주시,2019,1/4,2019.1/4,안과,21
원주시,2019,2/4,2019.2/4,안과,19
원주시,2019,3/4,2019.3/4,안과,20
원주시,2019,4/4,2019.4/4,안과,20
원주시,2020,1/4,2020.1/4,안과,20
원주시,2020,2/4,2020.2/4,안과,19
원주시,2020,3/4,2020.3/4,안과,19
원주시,2020,4/4,2020.4/4,안과,19
원주시,2021,1/4,2021.1/4,안과,18
원주시,2021,2/4,2021.2/4,안과,19
원주시,2021,3/4,2021.3/4,안과,19
원주시,2021,4/4,2021.4/4,안과,20
원주시,2022,1/4,2022.1/4,안과,18
원주시,2022,2/4,2022.2/4,안과,18
원주시,2022,3/4,2022.3/4,안과,18
원주시,2022,4/4,2022.4/4,안과,18
원주시,2023,1/4,2023.1/4,안과,18
원주시,2023,2/4,2023.2/4,안과,18
원주시,2023,3/4,2023.3/4,안과,18
원주시,2023,4/4,2023.4/4,안과,19
원주시,2024,1/4,2024.1/4,안과,21
원주시,2024,2/4,2024.2/4,안과,20
원주시,2024,3/4,2024.3/4,안과,21
원주시,2024,4/4,2024.4/4,안과,20
원주시,2025,1/4,2025.1/4,안과,20
원주시,2025,2/4,2025.2/4,안과,20
원주시,2025,3/4,2025.3/4,안과,20
원주시,2025,4/4,2025.4/4,안과,20
원주시,2009,1/4,2009.1/4,영상의학과,21
원주시,2009,2/4,2009.2/4,영상의학과,22
원주시,2009,3/4,2009.3/4,영상의학과,22
원주시,2009,4/4,2009.4/4,영상의학과,21
원주시,2010,1/4,2010.1/4,영상의학과,23
원주시,2010,2/4,2010.2/4,영상의학과,21
원주시,2010,3/4,2010.3/4,영상의학과,21
원주시,2010,4/4,2010.4/4,영상의학과,21
원주시,2011,1/4,2011.1/4,영상의학과,21
원주시,2011,2/4,2011.2/4,영상의학과,22
원주시,2011,3/4,2011.3/4,영상의학과,21
원주시,2011,4/4,2011.4/4,영상의학과,21
원주시,2012,1/4,2012.1/4,영상의학과,21
원주시,2012,2/4,2012.2/4,영상의학과,20
원주시,2012,3/4,2012.3/4,영상의학과,20
원주시,2012,4/4,2012.4/4,영상의학과,20
원주시,2013,1/4,2013.1/4,영상의학과,21
원주시,2013,2/4,2013.2/4,영상의학과,20
원주시,2013,3/4,2013.3/4,영상의학과,20
원주시,2013,4/4,2013.4/4,영상의학과,21
원주시,2014,1/4,2014.1/4,영상의학과,20
원주시,2014,2/4,2014.2/4,영상의학과,20
원주시,2014,3/4,2014.3/4,영상의학과,20
원주시,2014,4/4,2014.4/4,영상의학과,20
원주시,2015,1/4,2015.1/4,영상의학과,20
원주시,2015,2/4,2015.2/4,영상의학과,20
원주시,2015,3/4,2015.3/4,영상의학과,20
원주시,2015,4/4,2015.4/4,영상의학과,20
원주시,2016,1/4,2016.1/4,영상의학과,20
원주시,2016,2/4,2016.2/4,영상의학과,20
원주시,2016,3/4,2016.3/4,영상의학과,20
원주시,2016,4/4,2016.4/4,영상의학과,20
원주시,2017,1/4,2017.1/4,영상의학과,20
원주시,2017,2/4,2017.2/4,영상의학과,20
원주시,2017,3/4,2017.3/4,영상의학과,20
원주시,2017,4/4,2017.4/4,영상의학과,20
원주시,2018,1/4,2018.1/4,영상의학과,21
원주시,2018,2/4,2018.2/4,영상의학과,22
원주시,2018,3/4,2018.3/4,영상의학과,21
원주시,2018,4/4,2018.4/4,영상의학과,20
원주시,2019,1/4,2019.1/4,영상의학과,21
원주시,2019,2/4,2019.2/4,영상의학과,21
원주시,2019,3/4,2019.3/4,영상의학과,20
원주시,2019,4/4,2019.4/4,영상의학과,20
원주시,2020,1/4,2020.1/4,영상의학과,21
원주시,2020,2/4,2020.2/4,영상의학과,21
원주시,2020,3/4,2020.3/4,영상의학과,23
원주시,2020,4/4,2020.4/4,영상의학과,23
원주시,2021,1/4,2021.1/4,영상의학과,26
원주시,2021,2/4,2021.2/4,영상의학과,27
원주시,2021,3/4,2021.3/4,영상의학과,28
원주시,2021,4/4,2021.4/4,영상의학과,28
원주시,2022,1/4,2022.1/4,영상의학과,26
원주시,2022,2/4,2022.2/4,영상의학과,27
원주시,2022,3/4,2022.3/4,영상의학과,26
원주시,2022,4/4,2022.4/4,영상의학과,27
원주시,2023,1/4,2023.1/4,영상의학과,27
원주시,2023,2/4,2023.2/4,영상의학과,28
원주시,2023,3/4,2023.3/4,영상의학과,28
원주시,2023,4/4,2023.4/4,영상의학과,28
원주시,2024,1/4,2024.1/4,영상의학과,27
원주시,2024,2/4,2024.2/4,영상의학과,27
원주시,2024,3/4,2024.3/4,영상의학과,27
원주시,2024,4/4,2024.4/4,영상의학과,27
원주시,2025,1/4,2025.1/4,영상의학과,27
원주시,2025,2/4,2025.2/4,영상의학과,28
원주시,2025,3/4,2025.3/4,영상의학과,27
원주시,2025,4/4,2025.4/4,영상의학과,27
원주시,2009,1/4,2009.1/4,예방의학과,4
원주시,2009,2/4,2009.2/4,예방의학과,4
원주시,2009,3/4,2009.3/4,예방의학과,4
원주시,2009,4/4,2009.4/4,예방의학과,4
원주시,2010,1/4,2010.1/4,예방의학과,4
원주시,2010,2/4,2010.2/4,예방의학과,4
원주시,2010,3/4,2010.3/4,예방의학과,4
원주시,2010,4/4,2010.4/4,예방의학과,4
원주시,2011,1/4,2011.1/4,예방의학과,4
원주시,2011,2/4,2011.2/4,예방의학과,4
원주시,2011,3/4,2011.3/4,예방의학과,4
원주시,2011,4/4,2011.4/4,예방의학과,4
원주시,2012,1/4,2012.1/4,예방의학과,3
원주시,2012,2/4,2012.2/4,예방의학과,3
원주시,2012,3/4,2012.3/4,예방의학과,3
원주시,2012,4/4,2012.4/4,예방의학과,3
원주시,2013,1/4,2013.1/4,예방의학과,3
원주시,2013,2/4,2013.2/4,예방의학과,3
원주시,2013,3/4,2013.3/4,예방의학과,3
원주시,2013,4/4,2013.4/4,예방의학과,4
원주시,2014,1/4,2014.1/4,예방의학과,4
원주시,2014,2/4,2014.2/4,예방의학과,4
원주시,2014,3/4,2014.3/4,예방의학과,4
원주시,2014,4/4,2014.4/4,예방의학과,4
원주시,2015,1/4,2015.1/4,예방의학과,3
원주시,2015,2/4,2015.2/4,예방의학과,3
원주시,2015,3/4,2015.3/4,예방의학과,3
원주시,2015,4/4,2015.4/4,예방의학과,3
원주시,2016,1/4,2016.1/4,예방의학과,3
원주시,2016,2/4,2016.2/4,예방의학과,3
원주시,2016,3/4,2016.3/4,예방의학과,3
원주시,2016,4/4,2016.4/4,예방의학과,2
원주시,2017,1/4,2017.1/4,예방의학과,2
원주시,2017,2/4,2017.2/4,예방의학과,2
원주시,2017,3/4,2017.3/4,예방의학과,2
원주시,2017,4/4,2017.4/4,예방의학과,2
원주시,2018,1/4,2018.1/4,예방의학과,2
원주시,2018,2/4,2018.2/4,예방의학과,2
원주시,2018,3/4,2018.3/4,예방의학과,2
원주시,2018,4/4,2018.4/4,예방의학과,2
원주시,2019,1/4,2019.1/4,예방의학과,2
원주시,2019,2/4,2019.2/4,예방의학과,2
원주시,2019,3/4,2019.3/4,예방의학과,2
원주시,2019,4/4,2019.4/4,예방의학과,2
원주시,2020,1/4,2020.1/4,예방의학과,2
원주시,2020,2/4,2020.2/4,예방의학과,1
원주시,2020,3/4,2020.3/4,예방의학과,1
원주시,2020,4/4,2020.4/4,예방의학과,1
원주시,2021,1/4,2021.1/4,예방의학과,2
원주시,2021,2/4,2021.2/4,예방의학과,2
원주시,2021,3/4,2021.3/4,예방의학과,2
원주시,2021,4/4,2021.4/4,예방의학과,2
원주시,2022,1/4,2022.1/4,예방의학과,1
원주시,2022,2/4,2022.2/4,예방의학과,1
원주시,2022,3/4,2022.3/4,예방의학과,1
원주시,2022,4/4,2022.4/4,예방의학과,1
원주시,2023,1/4,2023.1/4,예방의학과,2
원주시,2023,2/4,2023.2/4,예방의학과,2
원주시,2023,3/4,2023.3/4,예방의학과,2
원주시,2023,4/4,2023.4/4,예방의학과,2
원주시,2024,1/4,2024.1/4,예방의학과,2
원주시,2024,2/4,2024.2/4,예방의학과,2
원주시,2024,3/4,2024.3/4,예방의학과,2
원주시,2024,4/4,2024.4/4,예방의학과,2
원주시,2025,1/4,2025.1/4,예방의학과,2
원주시,2025,2/4,2025.2/4,예방의학과,3
원주시,2025,3/4,2025.3/4,예방의학과,3
원주시,2025,4/4,2025.4/4,예방의학과,3
원주시,2009,1/4,2009.1/4,외과,34
원주시,2009,2/4,2009.2/4,외과,32
원주시,2009,3/4,2009.3/4,외과,30
원주시,2009,4/4,2009.4/4,외과,30
원주시,2010,1/4,2010.1/4,외과,30
원주시,2010,2/4,2010.2/4,외과,30
원주시,2010,3/4,2010.3/4,외과,31
원주시,2010,4/4,2010.4/4,외과,34
원주시,2011,1/4,2011.1/4,외과,34
원주시,2011,2/4,2011.2/4,외과,35
원주시,2011,3/4,2011.3/4,외과,34
원주시,2011,4/4,2011.4/4,외과,33
원주시,2012,1/4,2012.1/4,외과,33
원주시,2012,2/4,2012.2/4,외과,33
원주시,2012,3/4,2012.3/4,외과,34
원주시,2012,4/4,2012.4/4,외과,33
원주시,2013,1/4,2013.1/4,외과,36
원주시,2013,2/4,2013.2/4,외과,33
원주시,2013,3/4,2013.3/4,외과,33
원주시,2013,4/4,2013.4/4,외과,33
원주시,2014,1/4,2014.1/4,외과,36
원주시,2014,2/4,2014.2/4,외과,34
원주시,2014,3/4,2014.3/4,외과,34
원주시,2014,4/4,2014.4/4,외과,35
원주시,2015,1/4,2015.1/4,외과,35
원주시,2015,2/4,2015.2/4,외과,35
원주시,2015,3/4,2015.3/4,외과,35
원주시,2015,4/4,2015.4/4,외과,34
원주시,2016,1/4,2016.1/4,외과,35
원주시,2016,2/4,2016.2/4,외과,35
원주시,2016,3/4,2016.3/4,외과,37
원주시,2016,4/4,2016.4/4,외과,38
원주시,2017,1/4,2017.1/4,외과,37
원주시,2017,2/4,2017.2/4,외과,36
원주시,2017,3/4,2017.3/4,외과,36
원주시,2017,4/4,2017.4/4,외과,36
원주시,2018,1/4,2018.1/4,외과,39
원주시,2018,2/4,2018.2/4,외과,39
원주시,2018,3/4,2018.3/4,외과,37
원주시,2018,4/4,2018.4/4,외과,37
원주시,2019,1/4,2019.1/4,외과,42
원주시,2019,2/4,2019.2/4,외과,46
원주시,2019,3/4,2019.3/4,외과,46
원주시,2019,4/4,2019.4/4,외과,46
원주시,2020,1/4,2020.1/4,외과,48
원주시,2020,2/4,2020.2/4,외과,49
원주시,2020,3/4,2020.3/4,외과,51
원주시,2020,4/4,2020.4/4,외과,52
원주시,2021,1/4,2021.1/4,외과,52
원주시,2021,2/4,2021.2/4,외과,54
원주시,2021,3/4,2021.3/4,외과,53
원주시,2021,4/4,2021.4/4,외과,53
원주시,2022,1/4,2022.1/4,외과,50
원주시,2022,2/4,2022.2/4,외과,49
원주시,2022,3/4,2022.3/4,외과,49
원주시,2022,4/4,2022.4/4,외과,48
원주시,2023,1/4,2023.1/4,외과,47
원주시,2023,2/4,2023.2/4,외과,46
원주시,2023,3/4,2023.3/4,외과,47
원주시,2023,4/4,2023.4/4,외과,47
원주시,2024,1/4,2024.1/4,외과,48
원주시,2024,2/4,2024.2/4,외과,48
원주시,2024,3/4,2024.3/4,외과,49
원주시,2024,4/4,2024.4/4,외과,49
원주시,2025,1/4,2025.1/4,외과,48
원주시,2025,2/4,2025.2/4,외과,47
원주시,2025,3/4,2025.3/4,외과,47
원주시,2025,4/4,2025.4/4,외과,49
원주시,2009,1/4,2009.1/4,응급의학과,7
원주시,2009,2/4,2009.2/4,응급의학과,11
원주시,2009,3/4,2009.3/4,응급의학과,11
원주시,2009,4/4,2009.4/4,응급의학과,11
원주시,2010,1/4,2010.1/4,응급의학과,9
원주시,2010,2/4,2010.2/4,응급의학과,10
원주시,2010,3/4,2010.3/4,응급의학과,10
원주시,2010,4/4,2010.4/4,응급의학과,10
원주시,2011,1/4,2011.1/4,응급의학과,6
원주시,2011,2/4,2011.2/4,응급의학과,8
원주시,2011,3/4,2011.3/4,응급의학과,8
원주시,2011,4/4,2011.4/4,응급의학과,8
원주시,2012,1/4,2012.1/4,응급의학과,8
원주시,2012,2/4,2012.2/4,응급의학과,9
원주시,2012,3/4,2012.3/4,응급의학과,9
원주시,2012,4/4,2012.4/4,응급의학과,9
원주시,2013,1/4,2013.1/4,응급의학과,12
원주시,2013,2/4,2013.2/4,응급의학과,14
원주시,2013,3/4,2013.3/4,응급의학과,14
원주시,2013,4/4,2013.4/4,응급의학과,14
원주시,2014,1/4,2014.1/4,응급의학과,13
원주시,2014,2/4,2014.2/4,응급의학과,14
원주시,2014,3/4,2014.3/4,응급의학과,14
원주시,2014,4/4,2014.4/4,응급의학과,14
원주시,2015,1/4,2015.1/4,응급의학과,13
원주시,2015,2/4,2015.2/4,응급의학과,13
원주시,2015,3/4,2015.3/4,응급의학과,13
원주시,2015,4/4,2015.4/4,응급의학과,13
원주시,2016,1/4,2016.1/4,응급의학과,13
원주시,2016,2/4,2016.2/4,응급의학과,12
원주시,2016,3/4,2016.3/4,응급의학과,12
원주시,2016,4/4,2016.4/4,응급의학과,12
원주시,2017,1/4,2017.1/4,응급의학과,15
원주시,2017,2/4,2017.2/4,응급의학과,17
원주시,2017,3/4,2017.3/4,응급의학과,17
원주시,2017,4/4,2017.4/4,응급의학과,18
원주시,2018,1/4,2018.1/4,응급의학과,17
원주시,2018,2/4,2018.2/4,응급의학과,16
원주시,2018,3/4,2018.3/4,응급의학과,16
원주시,2018,4/4,2018.4/4,응급의학과,17
원주시,2019,1/4,2019.1/4,응급의학과,20
원주시,2019,2/4,2019.2/4,응급의학과,22
원주시,2019,3/4,2019.3/4,응급의학과,22
원주시,2019,4/4,2019.4/4,응급의학과,22
원주시,2020,1/4,2020.1/4,응급의학과,22
원주시,2020,2/4,2020.2/4,응급의학과,22
원주시,2020,3/4,2020.3/4,응급의학과,22
원주시,2020,4/4,2020.4/4,응급의학과,23
원주시,2021,1/4,2021.1/4,응급의학과,20
원주시,2021,2/4,2021.2/4,응급의학과,20
원주시,2021,3/4,2021.3/4,응급의학과,20
원주시,2021,4/4,2021.4/4,응급의학과,20
원주시,2022,1/4,2022.1/4,응급의학과,21
원주시,2022,2/4,2022.2/4,응급의학과,22
원주시,2022,3/4,2022.3/4,응급의학과,22
원주시,2022,4/4,2022.4/4,응급의학과,20
원주시,2023,1/4,2023.1/4,응급의학과,18
원주시,2023,2/4,2023.2/4,응급의학과,20
원주시,2023,3/4,2023.3/4,응급의학과,20
원주시,2023,4/4,2023.4/4,응급의학과,20
원주시,2024,1/4,2024.1/4,응급의학과,21
원주시,2024,2/4,2024.2/4,응급의학과,22
원주시,2024,3/4,2024.3/4,응급의학과,21
원주시,2024,4/4,2024.4/4,응급의학과,22
원주시,2025,1/4,2025.1/4,응급의학과,25
원주시,2025,2/4,2025.2/4,응급의학과,26
원주시,2025,3/4,2025.3/4,응급의학과,26
원주시,2025,4/4,2025.4/4,응급의학과,26
원주시,2009,1/4,2009.1/4,이비인후과,21
원주시,2009,2/4,2009.2/4,이비인후과,21
원주시,2009,3/4,2009.3/4,이비인후과,20
원주시,2009,4/4,2009.4/4,이비인후과,20
원주시,2010,1/4,2010.1/4,이비인후과,19
원주시,2010,2/4,2010.2/4,이비인후과,19
원주시,2010,3/4,2010.3/4,이비인후과,19
원주시,2010,4/4,2010.4/4,이비인후과,19
원주시,2011,1/4,2011.1/4,이비인후과,20
원주시,2011,2/4,2011.2/4,이비인후과,20
원주시,2011,3/4,2011.3/4,이비인후과,19
원주시,2011,4/4,2011.4/4,이비인후과,19
원주시,2012,1/4,2012.1/4,이비인후과,19
원주시,2012,2/4,2012.2/4,이비인후과,20
원주시,2012,3/4,2012.3/4,이비인후과,20
원주시,2012,4/4,2012.4/4,이비인후과,20
원주시,2013,1/4,2013.1/4,이비인후과,21
원주시,2013,2/4,2013.2/4,이비인후과,22
원주시,2013,3/4,2013.3/4,이비인후과,22
원주시,2013,4/4,2013.4/4,이비인후과,22
원주시,2014,1/4,2014.1/4,이비인후과,22
원주시,2014,2/4,2014.2/4,이비인후과,21
원주시,2014,3/4,2014.3/4,이비인후과,23
원주시,2014,4/4,2014.4/4,이비인후과,23
원주시,2015,1/4,2015.1/4,이비인후과,24
원주시,2015,2/4,2015.2/4,이비인후과,26
원주시,2015,3/4,2015.3/4,이비인후과,26
원주시,2015,4/4,2015.4/4,이비인후과,27
원주시,2016,1/4,2016.1/4,이비인후과,28
원주시,2016,2/4,2016.2/4,이비인후과,29
원주시,2016,3/4,2016.3/4,이비인후과,29
원주시,2016,4/4,2016.4/4,이비인후과,28
원주시,2017,1/4,2017.1/4,이비인후과,28
원주시,2017,2/4,2017.2/4,이비인후과,29
원주시,2017,3/4,2017.3/4,이비인후과,29
원주시,2017,4/4,2017.4/4,이비인후과,27
원주시,2018,1/4,2018.1/4,이비인후과,26
원주시,2018,2/4,2018.2/4,이비인후과,25
원주시,2018,3/4,2018.3/4,이비인후과,25
원주시,2018,4/4,2018.4/4,이비인후과,26
원주시,2019,1/4,2019.1/4,이비인후과,26
원주시,2019,2/4,2019.2/4,이비인후과,25
원주시,2019,3/4,2019.3/4,이비인후과,25
원주시,2019,4/4,2019.4/4,이비인후과,25
원주시,2020,1/4,2020.1/4,이비인후과,26
원주시,2020,2/4,2020.2/4,이비인후과,26
원주시,2020,3/4,2020.3/4,이비인후과,26
원주시,2020,4/4,2020.4/4,이비인후과,26
원주시,2021,1/4,2021.1/4,이비인후과,25
원주시,2021,2/4,2021.2/4,이비인후과,28
원주시,2021,3/4,2021.3/4,이비인후과,29
원주시,2021,4/4,2021.4/4,이비인후과,28
원주시,2022,1/4,2022.1/4,이비인후과,30
원주시,2022,2/4,2022.2/4,이비인후과,30
원주시,2022,3/4,2022.3/4,이비인후과,30
원주시,2022,4/4,2022.4/4,이비인후과,29
원주시,2023,1/4,2023.1/4,이비인후과,28
원주시,2023,2/4,2023.2/4,이비인후과,27
원주시,2023,3/4,2023.3/4,이비인후과,27
원주시,2023,4/4,2023.4/4,이비인후과,27
원주시,2024,1/4,2024.1/4,이비인후과,27
원주시,2024,2/4,2024.2/4,이비인후과,28
원주시,2024,3/4,2024.3/4,이비인후과,28
원주시,2024,4/4,2024.4/4,이비인후과,28
원주시,2025,1/4,2025.1/4,이비인후과,28
원주시,2025,2/4,2025.2/4,이비인후과,29
원주시,2025,3/4,2025.3/4,이비인후과,29
원주시,2025,4/4,2025.4/4,이비인후과,29
원주시,2009,1/4,2009.1/4,재활의학과,10
원주시,2009,2/4,2009.2/4,재활의학과,11
원주시,2009,3/4,2009.3/4,재활의학과,11
원주시,2009,4/4,2009.4/4,재활의학과,11
원주시,2010,1/4,2010.1/4,재활의학과,11
원주시,2010,2/4,2010.2/4,재활의학과,12
원주시,2010,3/4,2010.3/4,재활의학과,12
원주시,2010,4/4,2010.4/4,재활의학과,12
원주시,2011,1/4,2011.1/4,재활의학과,15
원주시,2011,2/4,2011.2/4,재활의학과,15
원주시,2011,3/4,2011.3/4,재활의학과,14
원주시,2011,4/4,2011.4/4,재활의학과,15
원주시,2012,1/4,2012.1/4,재활의학과,13
원주시,2012,2/4,2012.2/4,재활의학과,13
원주시,2012,3/4,2012.3/4,재활의학과,13
원주시,2012,4/4,2012.4/4,재활의학과,13
원주시,2013,1/4,2013.1/4,재활의학과,15
원주시,2013,2/4,2013.2/4,재활의학과,15
원주시,2013,3/4,2013.3/4,재활의학과,15
원주시,2013,4/4,2013.4/4,재활의학과,16
원주시,2014,1/4,2014.1/4,재활의학과,16
원주시,2014,2/4,2014.2/4,재활의학과,18
원주시,2014,3/4,2014.3/4,재활의학과,18
원주시,2014,4/4,2014.4/4,재활의학과,18
원주시,2015,1/4,2015.1/4,재활의학과,17
원주시,2015,2/4,2015.2/4,재활의학과,18
원주시,2015,3/4,2015.3/4,재활의학과,18
원주시,2015,4/4,2015.4/4,재활의학과,18
원주시,2016,1/4,2016.1/4,재활의학과,19
원주시,2016,2/4,2016.2/4,재활의학과,18
원주시,2016,3/4,2016.3/4,재활의학과,18
원주시,2016,4/4,2016.4/4,재활의학과,17
원주시,2017,1/4,2017.1/4,재활의학과,17
원주시,2017,2/4,2017.2/4,재활의학과,18
원주시,2017,3/4,2017.3/4,재활의학과,17
원주시,2017,4/4,2017.4/4,재활의학과,18
원주시,2018,1/4,2018.1/4,재활의학과,19
원주시,2018,2/4,2018.2/4,재활의학과,20
원주시,2018,3/4,2018.3/4,재활의학과,19
원주시,2018,4/4,2018.4/4,재활의학과,19
원주시,2019,1/4,2019.1/4,재활의학과,22
원주시,2019,2/4,2019.2/4,재활의학과,23
원주시,2019,3/4,2019.3/4,재활의학과,23
원주시,2019,4/4,2019.4/4,재활의학과,23
원주시,2020,1/4,2020.1/4,재활의학과,23
원주시,2020,2/4,2020.2/4,재활의학과,24
원주시,2020,3/4,2020.3/4,재활의학과,24
원주시,2020,4/4,2020.4/4,재활의학과,23
원주시,2021,1/4,2021.1/4,재활의학과,23
원주시,2021,2/4,2021.2/4,재활의학과,23
원주시,2021,3/4,2021.3/4,재활의학과,23
원주시,2021,4/4,2021.4/4,재활의학과,23
원주시,2022,1/4,2022.1/4,재활의학과,23
원주시,2022,2/4,2022.2/4,재활의학과,24
원주시,2022,3/4,2022.3/4,재활의학과,24
원주시,2022,4/4,2022.4/4,재활의학과,24
원주시,2023,1/4,2023.1/4,재활의학과,24
원주시,2023,2/4,2023.2/4,재활의학과,23
원주시,2023,3/4,2023.3/4,재활의학과,24
원주시,2023,4/4,2023.4/4,재활의학과,24
원주시,2024,1/4,2024.1/4,재활의학과,22
원주시,2024,2/4,2024.2/4,재활의학과,22
원주시,2024,3/4,2024.3/4,재활의학과,23
원주시,2024,4/4,2024.4/4,재활의학과,22
원주시,2025,1/4,2025.1/4,재활의학과,19
원주시,2025,2/4,2025.2/4,재활의학과,19
원주시,2025,3/4,2025.3/4,재활의학과,19
원주시,2025,4/4,2025.4/4,재활의학과,20
원주시,2009,1/4,2009.1/4,정신건강의학과,15
원주시,2009,2/4,2009.2/4,정신건강의학과,15
원주시,2009,3/4,2009.3/4,정신건강의학과,16
원주시,2009,4/4,2009.4/4,정신건강의학과,17
원주시,2010,1/4,2010.1/4,정신건강의학과,17
원주시,2010,2/4,2010.2/4,정신건강의학과,18
원주시,2010,3/4,2010.3/4,정신건강의학과,18
원주시,2010,4/4,2010.4/4,정신건강의학과,18
원주시,2011,1/4,2011.1/4,정신건강의학과,18
원주시,2011,2/4,2011.2/4,정신건강의학과,20
원주시,2011,3/4,2011.3/4,정신건강의학과,19
원주시,2011,4/4,2011.4/4,정신건강의학과,19
원주시,2012,1/4,2012.1/4,정신건강의학과,21
원주시,2012,2/4,2012.2/4,정신건강의학과,22
원주시,2012,3/4,2012.3/4,정신건강의학과,22
원주시,2012,4/4,2012.4/4,정신건강의학과,22
원주시,2013,1/4,2013.1/4,정신건강의학과,24
원주시,2013,2/4,2013.2/4,정신건강의학과,23
원주시,2013,3/4,2013.3/4,정신건강의학과,22
원주시,2013,4/4,2013.4/4,정신건강의학과,22
원주시,2014,1/4,2014.1/4,정신건강의학과,23
원주시,2014,2/4,2014.2/4,정신건강의학과,25
원주시,2014,3/4,2014.3/4,정신건강의학과,26
원주시,2014,4/4,2014.4/4,정신건강의학과,25
원주시,2015,1/4,2015.1/4,정신건강의학과,26
원주시,2015,2/4,2015.2/4,정신건강의학과,26
원주시,2015,3/4,2015.3/4,정신건강의학과,26
원주시,2015,4/4,2015.4/4,정신건강의학과,26
원주시,2016,1/4,2016.1/4,정신건강의학과,26
원주시,2016,2/4,2016.2/4,정신건강의학과,28
원주시,2016,3/4,2016.3/4,정신건강의학과,28
원주시,2016,4/4,2016.4/4,정신건강의학과,29
원주시,2017,1/4,2017.1/4,정신건강의학과,30
원주시,2017,2/4,2017.2/4,정신건강의학과,31
원주시,2017,3/4,2017.3/4,정신건강의학과,31
원주시,2017,4/4,2017.4/4,정신건강의학과,31
원주시,2018,1/4,2018.1/4,정신건강의학과,30
원주시,2018,2/4,2018.2/4,정신건강의학과,30
원주시,2018,3/4,2018.3/4,정신건강의학과,30
원주시,2018,4/4,2018.4/4,정신건강의학과,28
원주시,2019,1/4,2019.1/4,정신건강의학과,29
원주시,2019,2/4,2019.2/4,정신건강의학과,31
원주시,2019,3/4,2019.3/4,정신건강의학과,30
원주시,2019,4/4,2019.4/4,정신건강의학과,28
원주시,2020,1/4,2020.1/4,정신건강의학과,26
원주시,2020,2/4,2020.2/4,정신건강의학과,25
원주시,2020,3/4,2020.3/4,정신건강의학과,26
원주시,2020,4/4,2020.4/4,정신건강의학과,26
원주시,2021,1/4,2021.1/4,정신건강의학과,26
원주시,2021,2/4,2021.2/4,정신건강의학과,26
원주시,2021,3/4,2021.3/4,정신건강의학과,26
원주시,2021,4/4,2021.4/4,정신건강의학과,26
원주시,2022,1/4,2022.1/4,정신건강의학과,26
원주시,2022,2/4,2022.2/4,정신건강의학과,27
원주시,2022,3/4,2022.3/4,정신건강의학과,26
원주시,2022,4/4,2022.4/4,정신건강의학과,27
원주시,2023,1/4,2023.1/4,정신건강의학과,24
원주시,2023,2/4,2023.2/4,정신건강의학과,23
원주시,2023,3/4,2023.3/4,정신건강의학과,24
원주시,2023,4/4,2023.4/4,정신건강의학과,24
원주시,2024,1/4,2024.1/4,정신건강의학과,22
원주시,2024,2/4,2024.2/4,정신건강의학과,25
원주시,2024,3/4,2024.3/4,정신건강의학과,25
원주시,2024,4/4,2024.4/4,정신건강의학과,27
원주시,2025,1/4,2025.1/4,정신건강의학과,28
원주시,2025,2/4,2025.2/4,정신건강의학과,28
원주시,2025,3/4,2025.3/4,정신건강의학과,27
원주시,2025,4/4,2025.4/4,정신건강의학과,24
원주시,2009,1/4,2009.1/4,정형외과,33
원주시,2009,2/4,2009.2/4,정형외과,36
원주시,2009,3/4,2009.3/4,정형외과,37
원주시,2009,4/4,2009.4/4,정형외과,38
원주시,2010,1/4,2010.1/4,정형외과,37
원주시,2010,2/4,2010.2/4,정형외과,38
원주시,2010,3/4,2010.3/4,정형외과,36
원주시,2010,4/4,2010.4/4,정형외과,34
원주시,2011,1/4,2011.1/4,정형외과,39
원주시,2011,2/4,2011.2/4,정형외과,39
원주시,2011,3/4,2011.3/4,정형외과,39
원주시,2011,4/4,2011.4/4,정형외과,39
원주시,2012,1/4,2012.1/4,정형외과,42
원주시,2012,2/4,2012.2/4,정형외과,43
원주시,2012,3/4,2012.3/4,정형외과,42
원주시,2012,4/4,2012.4/4,정형외과,43
원주시,2013,1/4,2013.1/4,정형외과,40
원주시,2013,2/4,2013.2/4,정형외과,40
원주시,2013,3/4,2013.3/4,정형외과,39
원주시,2013,4/4,2013.4/4,정형외과,38
원주시,2014,1/4,2014.1/4,정형외과,41
원주시,2014,2/4,2014.2/4,정형외과,41
원주시,2014,3/4,2014.3/4,정형외과,43
원주시,2014,4/4,2014.4/4,정형외과,42
원주시,2015,1/4,2015.1/4,정형외과,43
원주시,2015,2/4,2015.2/4,정형외과,41
원주시,2015,3/4,2015.3/4,정형외과,41
원주시,2015,4/4,2015.4/4,정형외과,39
원주시,2016,1/4,2016.1/4,정형외과,40
원주시,2016,2/4,2016.2/4,정형외과,42
원주시,2016,3/4,2016.3/4,정형외과,40
원주시,2016,4/4,2016.4/4,정형외과,38
원주시,2017,1/4,2017.1/4,정형외과,40
원주시,2017,2/4,2017.2/4,정형외과,39
원주시,2017,3/4,2017.3/4,정형외과,38
원주시,2017,4/4,2017.4/4,정형외과,39
원주시,2018,1/4,2018.1/4,정형외과,40
원주시,2018,2/4,2018.2/4,정형외과,40
원주시,2018,3/4,2018.3/4,정형외과,41
원주시,2018,4/4,2018.4/4,정형외과,39
원주시,2019,1/4,2019.1/4,정형외과,41
원주시,2019,2/4,2019.2/4,정형외과,43
원주시,2019,3/4,2019.3/4,정형외과,39
원주시,2019,4/4,2019.4/4,정형외과,40
원주시,2020,1/4,2020.1/4,정형외과,36
원주시,2020,2/4,2020.2/4,정형외과,40
원주시,2020,3/4,2020.3/4,정형외과,44
원주시,2020,4/4,2020.4/4,정형외과,44
원주시,2021,1/4,2021.1/4,정형외과,46
원주시,2021,2/4,2021.2/4,정형외과,47
원주시,2021,3/4,2021.3/4,정형외과,52
원주시,2021,4/4,2021.4/4,정형외과,49
원주시,2022,1/4,2022.1/4,정형외과,55
원주시,2022,2/4,2022.2/4,정형외과,54
원주시,2022,3/4,2022.3/4,정형외과,55
원주시,2022,4/4,2022.4/4,정형외과,55
원주시,2023,1/4,2023.1/4,정형외과,56
원주시,2023,2/4,2023.2/4,정형외과,57
원주시,2023,3/4,2023.3/4,정형외과,58
원주시,2023,4/4,2023.4/4,정형외과,57
원주시,2024,1/4,2024.1/4,정형외과,57
원주시,2024,2/4,2024.2/4,정형외과,57
원주시,2024,3/4,2024.3/4,정형외과,58
원주시,2024,4/4,2024.4/4,정형외과,56
원주시,2025,1/4,2025.1/4,정형외과,56
원주시,2025,2/4,2025.2/4,정형외과,56
원주시,2025,3/4,2025.3/4,정형외과,56
원주시,2025,4/4,2025.4/4,정형외과,54
원주시,2009,1/4,2009.1/4,직업환경의학과,1
원주시,2009,2/4,2009.2/4,직업환경의학과,1
원주시,2009,3/4,2009.3/4,직업환경의학과,1
원주시,2009,4/4,2009.4/4,직업환경의학과,1
원주시,2010,1/4,2010.1/4,직업환경의학과,1
원주시,2010,2/4,2010.2/4,직업환경의학과,1
원주시,2010,3/4,2010.3/4,직업환경의학과,1
원주시,2010,4/4,2010.4/4,직업환경의학과,1
원주시,2011,1/4,2011.1/4,직업환경의학과,1
원주시,2011,2/4,2011.2/4,직업환경의학과,1
원주시,2011,3/4,2011.3/4,직업환경의학과,1
원주시,2011,4/4,2011.4/4,직업환경의학과,1
원주시,2012,1/4,2012.1/4,직업환경의학과,1
원주시,2012,2/4,2012.2/4,직업환경의학과,1
원주시,2012,3/4,2012.3/4,직업환경의학과,1
원주시,2012,4/4,2012.4/4,직업환경의학과,1
원주시,2013,1/4,2013.1/4,직업환경의학과,2
원주시,2013,2/4,2013.2/4,직업환경의학과,2
원주시,2013,3/4,2013.3/4,직업환경의학과,2
원주시,2013,4/4,2013.4/4,직업환경의학과,2
원주시,2014,1/4,2014.1/4,직업환경의학과,2
원주시,2014,2/4,2014.2/4,직업환경의학과,2
원주시,2014,3/4,2014.3/4,직업환경의학과,2
원주시,2014,4/4,2014.4/4,직업환경의학과,2
원주시,2015,1/4,2015.1/4,직업환경의학과,2
원주시,2015,2/4,2015.2/4,직업환경의학과,2
원주시,2015,3/4,2015.3/4,직업환경의학과,2
원주시,2015,4/4,2015.4/4,직업환경의학과,2
원주시,2016,1/4,2016.1/4,직업환경의학과,2
원주시,2016,2/4,2016.2/4,직업환경의학과,2
원주시,2016,3/4,2016.3/4,직업환경의학과,2
원주시,2016,4/4,2016.4/4,직업환경의학과,3
원주시,2017,1/4,2017.1/4,직업환경의학과,3
원주시,2017,2/4,2017.2/4,직업환경의학과,3
원주시,2017,3/4,2017.3/4,직업환경의학과,3
원주시,2017,4/4,2017.4/4,직업환경의학과,3
원주시,2018,1/4,2018.1/4,직업환경의학과,3
원주시,2018,2/4,2018.2/4,직업환경의학과,3
원주시,2018,3/4,2018.3/4,직업환경의학과,3
원주시,2018,4/4,2018.4/4,직업환경의학과,3
원주시,2019,1/4,2019.1/4,직업환경의학과,4
원주시,2019,2/4,2019.2/4,직업환경의학과,4
원주시,2019,3/4,2019.3/4,직업환경의학과,4
원주시,2019,4/4,2019.4/4,직업환경의학과,4
원주시,2020,1/4,2020.1/4,직업환경의학과,5
원주시,2020,2/4,2020.2/4,직업환경의학과,5
원주시,2020,3/4,2020.3/4,직업환경의학과,5
원주시,2020,4/4,2020.4/4,직업환경의학과,5
원주시,2021,1/4,2021.1/4,직업환경의학과,5
원주시,2021,2/4,2021.2/4,직업환경의학과,5
원주시,2021,3/4,2021.3/4,직업환경의학과,6
원주시,2021,4/4,2021.4/4,직업환경의학과,6
원주시,2022,1/4,2022.1/4,직업환경의학과,6
원주시,2022,2/4,2022.2/4,직업환경의학과,6
원주시,2022,3/4,2022.3/4,직업환경의학과,5
원주시,2022,4/4,2022.4/4,직업환경의학과,5
원주시,2023,1/4,2023.1/4,직업환경의학과,6
원주시,2023,2/4,2023.2/4,직업환경의학과,6
원주시,2023,3/4,2023.3/4,직업환경의학과,6
원주시,2023,4/4,2023.4/4,직업환경의학과,6
원주시,2024,1/4,2024.1/4,직업환경의학과,6
원주시,2024,2/4,2024.2/4,직업환경의학과,6
원주시,2024,3/4,2024.3/4,직업환경의학과,6
원주시,2024,4/4,2024.4/4,직업환경의학과,6
원주시,2025,1/4,2025.1/4,직업환경의학과,5
원주시,2025,2/4,2025.2/4,직업환경의학과,5
원주시,2025,3/4,2025.3/4,직업환경의학과,5
원주시,2025,4/4,2025.4/4,직업환경의학과,5
원주시,2009,1/4,2009.1/4,진단검사의학과,5
원주시,2009,2/4,2009.2/4,진단검사의학과,5
원주시,2009,3/4,2009.3/4,진단검사의학과,5
원주시,2009,4/4,2009.4/4,진단검사의학과,5
원주시,2010,1/4,2010.1/4,진단검사의학과,5
원주시,2010,2/4,2010.2/4,진단검사의학과,5
원주시,2010,3/4,2010.3/4,진단검사의학과,5
원주시,2010,4/4,2010.4/4,진단검사의학과,5
원주시,2011,1/4,2011.1/4,진단검사의학과,4
원주시,2011,2/4,2011.2/4,진단검사의학과,4
원주시,2011,3/4,2011.3/4,진단검사의학과,4
원주시,2011,4/4,2011.4/4,진단검사의학과,4
원주시,2012,1/4,2012.1/4,진단검사의학과,6
원주시,2012,2/4,2012.2/4,진단검사의학과,5
원주시,2012,3/4,2012.3/4,진단검사의학과,5
원주시,2012,4/4,2012.4/4,진단검사의학과,5
원주시,2013,1/4,2013.1/4,진단검사의학과,5
원주시,2013,2/4,2013.2/4,진단검사의학과,5
원주시,2013,3/4,2013.3/4,진단검사의학과,5
원주시,2013,4/4,2013.4/4,진단검사의학과,5
원주시,2014,1/4,2014.1/4,진단검사의학과,5
원주시,2014,2/4,2014.2/4,진단검사의학과,5
원주시,2014,3/4,2014.3/4,진단검사의학과,5
원주시,2014,4/4,2014.4/4,진단검사의학과,5
원주시,2015,1/4,2015.1/4,진단검사의학과,6
원주시,2015,2/4,2015.2/4,진단검사의학과,6
원주시,2015,3/4,2015.3/4,진단검사의학과,6
원주시,2015,4/4,2015.4/4,진단검사의학과,6
원주시,2016,1/4,2016.1/4,진단검사의학과,6
원주시,2016,2/4,2016.2/4,진단검사의학과,7
원주시,2016,3/4,2016.3/4,진단검사의학과,7
원주시,2016,4/4,2016.4/4,진단검사의학과,7
원주시,2017,1/4,2017.1/4,진단검사의학과,7
원주시,2017,2/4,2017.2/4,진단검사의학과,7
원주시,2017,3/4,2017.3/4,진단검사의학과,7
원주시,2017,4/4,2017.4/4,진단검사의학과,7
원주시,2018,1/4,2018.1/4,진단검사의학과,8
원주시,2018,2/4,2018.2/4,진단검사의학과,8
원주시,2018,3/4,2018.3/4,진단검사의학과,8
원주시,2018,4/4,2018.4/4,진단검사의학과,7
원주시,2019,1/4,2019.1/4,진단검사의학과,7
원주시,2019,2/4,2019.2/4,진단검사의학과,8
원주시,2019,3/4,2019.3/4,진단검사의학과,7
원주시,2019,4/4,2019.4/4,진단검사의학과,7
원주시,2020,1/4,2020.1/4,진단검사의학과,7
원주시,2020,2/4,2020.2/4,진단검사의학과,7
원주시,2020,3/4,2020.3/4,진단검사의학과,7
원주시,2020,4/4,2020.4/4,진단검사의학과,7
원주시,2021,1/4,2021.1/4,진단검사의학과,8
원주시,2021,2/4,2021.2/4,진단검사의학과,9
원주시,2021,3/4,2021.3/4,진단검사의학과,9
원주시,2021,4/4,2021.4/4,진단검사의학과,9
원주시,2022,1/4,2022.1/4,진단검사의학과,9
원주시,2022,2/4,2022.2/4,진단검사의학과,10
원주시,2022,3/4,2022.3/4,진단검사의학과,10
원주시,2022,4/4,2022.4/4,진단검사의학과,10
원주시,2023,1/4,2023.1/4,진단검사의학과,10
원주시,2023,2/4,2023.2/4,진단검사의학과,10
원주시,2023,3/4,2023.3/4,진단검사의학과,9
원주시,2023,4/4,2023.4/4,진단검사의학과,9
원주시,2024,1/4,2024.1/4,진단검사의학과,10
원주시,2024,2/4,2024.2/4,진단검사의학과,10
원주시,2024,3/4,2024.3/4,진단검사의학과,10
원주시,2024,4/4,2024.4/4,진단검사의학과,10
원주시,2025,1/4,2025.1/4,진단검사의학과,10
원주시,2025,2/4,2025.2/4,진단검사의학과,10
원주시,2025,3/4,2025.3/4,진단검사의학과,10
원주시,2025,4/4,2025.4/4,진단검사의학과,10
원주시,2009,1/4,2009.1/4,피부과,10
원주시,2009,2/4,2009.2/4,피부과,10
원주시,2009,3/4,2009.3/4,피부과,10
원주시,2009,4/4,2009.4/4,피부과,10
원주시,2010,1/4,2010.1/4,피부과,10
원주시,2010,2/4,2010.2/4,피부과,10
원주시,2010,3/4,2010.3/4,피부과,10
원주시,2010,4/4,2010.4/4,피부과,10
원주시,2011,1/4,2011.1/4,피부과,10
원주시,2011,2/4,2011.2/4,피부과,10
원주시,2011,3/4,2011.3/4,피부과,10
원주시,2011,4/4,2011.4/4,피부과,10
원주시,2012,1/4,2012.1/4,피부과,9
원주시,2012,2/4,2012.2/4,피부과,10
원주시,2012,3/4,2012.3/4,피부과,10
원주시,2012,4/4,2012.4/4,피부과,10
원주시,2013,1/4,2013.1/4,피부과,10
원주시,2013,2/4,2013.2/4,피부과,11
원주시,2013,3/4,2013.3/4,피부과,11
원주시,2013,4/4,2013.4/4,피부과,11
원주시,2014,1/4,2014.1/4,피부과,10
원주시,2014,2/4,2014.2/4,피부과,10
원주시,2014,3/4,2014.3/4,피부과,10
원주시,2014,4/4,2014.4/4,피부과,10
원주시,2015,1/4,2015.1/4,피부과,10
원주시,2015,2/4,2015.2/4,피부과,10
원주시,2015,3/4,2015.3/4,피부과,10
원주시,2015,4/4,2015.4/4,피부과,10
원주시,2016,1/4,2016.1/4,피부과,10
원주시,2016,2/4,2016.2/4,피부과,10
원주시,2016,3/4,2016.3/4,피부과,10
원주시,2016,4/4,2016.4/4,피부과,10
원주시,2017,1/4,2017.1/4,피부과,10
원주시,2017,2/4,2017.2/4,피부과,11
원주시,2017,3/4,2017.3/4,피부과,11
원주시,2017,4/4,2017.4/4,피부과,11
원주시,2018,1/4,2018.1/4,피부과,12
원주시,2018,2/4,2018.2/4,피부과,12
원주시,2018,3/4,2018.3/4,피부과,11
원주시,2018,4/4,2018.4/4,피부과,11
원주시,2019,1/4,2019.1/4,피부과,11
원주시,2019,2/4,2019.2/4,피부과,12
원주시,2019,3/4,2019.3/4,피부과,12
원주시,2019,4/4,2019.4/4,피부과,12
원주시,2020,1/4,2020.1/4,피부과,11
원주시,2020,2/4,2020.2/4,피부과,13
원주시,2020,3/4,2020.3/4,피부과,13
원주시,2020,4/4,2020.4/4,피부과,13
원주시,2021,1/4,2021.1/4,피부과,11
원주시,2021,2/4,2021.2/4,피부과,12
원주시,2021,3/4,2021.3/4,피부과,12
원주시,2021,4/4,2021.4/4,피부과,12
원주시,2022,1/4,2022.1/4,피부과,10
원주시,2022,2/4,2022.2/4,피부과,10
원주시,2022,3/4,2022.3/4,피부과,11
원주시,2022,4/4,2022.4/4,피부과,11
원주시,2023,1/4,2023.1/4,피부과,13
원주시,2023,2/4,2023.2/4,피부과,15
원주시,2023,3/4,2023.3/4,피부과,15
원주시,2023,4/4,2023.4/4,피부과,15
원주시,2024,1/4,2024.1/4,피부과,12
원주시,2024,2/4,2024.2/4,피부과,14
원주시,2024,3/4,2024.3/4,피부과,14
원주시,2024,4/4,2024.4/4,피부과,14
원주시,2025,1/4,2025.1/4,피부과,12
원주시,2025,2/4,2025.2/4,피부과,12
원주시,2025,3/4,2025.3/4,피부과,12
원주시,2025,4/4,2025.4/4,피부과,11
원주시,2009,1/4,2009.1/4,핵의학과,1
원주시,2009,2/4,2009.2/4,핵의학과,0
원주시,2009,3/4,2009.3/4,핵의학과,0
원주시,2009,4/4,2009.4/4,핵의학과,0
원주시,2010,1/4,2010.1/4,핵의학과,0
원주시,2010,2/4,2010.2/4,핵의학과,0
원주시,2010,3/4,2010.3/4,핵의학과,0
원주시,2010,4/4,2010.4/4,핵의학과,0
원주시,2011,1/4,2011.1/4,핵의학과,0
원주시,2011,2/4,2011.2/4,핵의학과,0
원주시,2011,3/4,2011.3/4,핵의학과,0
원주시,2011,4/4,2011.4/4,핵의학과,0
원주시,2012,1/4,2012.1/4,핵의학과,0
원주시,2012,2/4,2012.2/4,핵의학과,0
원주시,2012,3/4,2012.3/4,핵의학과,0
원주시,2012,4/4,2012.4/4,핵의학과,0
원주시,2013,1/4,2013.1/4,핵의학과,0
원주시,2013,2/4,2013.2/4,핵의학과,0
원주시,2013,3/4,2013.3/4,핵의학과,0
원주시,2013,4/4,2013.4/4,핵의학과,0
원주시,2014,1/4,2014.1/4,핵의학과,0
원주시,2014,2/4,2014.2/4,핵의학과,0
원주시,2014,3/4,2014.3/4,핵의학과,0
원주시,2014,4/4,2014.4/4,핵의학과,0
원주시,2015,1/4,2015.1/4,핵의학과,1
원주시,2015,2/4,2015.2/4,핵의학과,1
원주시,2015,3/4,2015.3/4,핵의학과,1
원주시,2015,4/4,2015.4/4,핵의학과,1
원주시,2016,1/4,2016.1/4,핵의학과,1
원주시,2016,2/4,2016.2/4,핵의학과,1
원주시,2016,3/4,2016.3/4,핵의학과,1
원주시,2016,4/4,2016.4/4,핵의학과,1
원주시,2017,1/4,2017.1/4,핵의학과,0
원주시,2017,2/4,2017.2/4,핵의학과,0
원주시,2017,3/4,2017.3/4,핵의학과,1
원주시,2017,4/4,2017.4/4,핵의학과,1
원주시,2018,1/4,2018.1/4,핵의학과,1
원주시,2018,2/4,2018.2/4,핵의학과,1
원주시,2018,3/4,2018.3/4,핵의학과,1
원주시,2018,4/4,2018.4/4,핵의학과,1
원주시,2019,1/4,2019.1/4,핵의학과,1
원주시,2019,2/4,2019.2/4,핵의학과,1
원주시,2019,3/4,2019.3/4,핵의학과,1
원주시,2019,4/4,2019.4/4,핵의학과,1
원주시,2020,1/4,2020.1/4,핵의학과,1
원주시,2020,2/4,2020.2/4,핵의학과,1
원주시,2020,3/4,2020.3/4,핵의학과,1
원주시,2020,4/4,2020.4/4,핵의학과,1
원주시,2021,1/4,2021.1/4,핵의학과,1
원주시,2021,2/4,2021.2/4,핵의학과,1
원주시,2021,3/4,2021.3/4,핵의학과,1
원주시,2021,4/4,2021.4/4,핵의학과,1
원주시,2022,1/4,2022.1/4,핵의학과,1
원주시,2022,2/4,2022.2/4,핵의학과,1
원주시,2022,3/4,2022.3/4,핵의학과,1
원주시,2022,4/4,2022.4/4,핵의학과,1
원주시,2023,1/4,2023.1/4,핵의학과,1
원주시,2023,2/4,2023.2/4,핵의학과,1
원주시,2023,3/4,2023.3/4,핵의학과,1
원주시,2023,4/4,2023.4/4,핵의학과,1
원주시,2024,1/4,2024.1/4,핵의학과,1
원주시,2024,2/4,2024.2/4,핵의학과,1
원주시,2024,3/4,2024.3/4,핵의학과,1
원주시,2024,4/4,2024.4/4,핵의학과,1
원주시,2025,1/4,2025.1/4,핵의학과,1
원주시,2025,2/4,2025.2/4,핵의학과,1
원주시,2025,3/4,2025.3/4,핵의학과,1
원주시,2025,4/4,2025.4/4,핵의학과,1
인제군,2009,1/4,2009.1/4,가정의학과,3
인제군,2009,2/4,2009.2/4,가정의학과,3
인제군,2009,3/4,2009.3/4,가정의학과,3
인제군,2009,4/4,2009.4/4,가정의학과,3
인제군,2010,1/4,2010.1/4,가정의학과,4
인제군,2010,2/4,2010.2/4,가정의학과,3
인제군,2010,3/4,2010.3/4,가정의학과,2
인제군,2010,4/4,2010.4/4,가정의학과,2
인제군,2011,1/4,2011.1/4,가정의학과,2
인제군,2011,2/4,2011.2/4,가정의학과,2
인제군,2011,3/4,2011.3/4,가정의학과,2
인제군,2011,4/4,2011.4/4,가정의학과,2
인제군,2012,1/4,2012.1/4,가정의학과,2
인제군,2012,2/4,2012.2/4,가정의학과,2
인제군,2012,3/4,2012.3/4,가정의학과,2
인제군,2012,4/4,2012.4/4,가정의학과,2
인제군,2013,1/4,2013.1/4,가정의학과,2
인제군,2013,2/4,2013.2/4,가정의학과,3
인제군,2013,3/4,2013.3/4,가정의학과,3
인제군,2013,4/4,2013.4/4,가정의학과,3
인제군,2014,1/4,2014.1/4,가정의학과,3
인제군,2014,2/4,2014.2/4,가정의학과,4
인제군,2014,3/4,2014.3/4,가정의학과,4
인제군,2014,4/4,2014.4/4,가정의학과,4
인제군,2015,1/4,2015.1/4,가정의학과,4
인제군,2015,2/4,2015.2/4,가정의학과,5
인제군,2015,3/4,2015.3/4,가정의학과,4
인제군,2015,4/4,2015.4/4,가정의학과,4
인제군,2016,1/4,2016.1/4,가정의학과,4
인제군,2016,2/4,2016.2/4,가정의학과,2
인제군,2016,3/4,2016.3/4,가정의학과,2
인제군,2016,4/4,2016.4/4,가정의학과,2
인제군,2017,1/4,2017.1/4,가정의학과,2
인제군,2017,2/4,2017.2/4,가정의학과,2
인제군,2017,3/4,2017.3/4,가정의학과,1
인제군,2017,4/4,2017.4/4,가정의학과,2
인제군,2018,1/4,2018.1/4,가정의학과,2
인제군,2018,2/4,2018.2/4,가정의학과,2
인제군,2018,3/4,2018.3/4,가정의학과,2
인제군,2018,4/4,2018.4/4,가정의학과,2
인제군,2019,1/4,2019.1/4,가정의학과,2
인제군,2019,2/4,2019.2/4,가정의학과,2
인제군,2019,3/4,2019.3/4,가정의학과,2
인제군,2019,4/4,2019.4/4,가정의학과,2
인제군,2020,1/4,2020.1/4,가정의학과,2
인제군,2020,2/4,2020.2/4,가정의학과,2
인제군,2020,3/4,2020.3/4,가정의학과,2
인제군,2020,4/4,2020.4/4,가정의학과,2
인제군,2021,1/4,2021.1/4,가정의학과,2
인제군,2021,2/4,2021.2/4,가정의학과,2
인제군,2021,3/4,2021.3/4,가정의학과,2
인제군,2021,4/4,2021.4/4,가정의학과,2
인제군,2022,1/4,2022.1/4,가정의학과,2
인제군,2022,2/4,2022.2/4,가정의학과,2
인제군,2022,3/4,2022.3/4,가정의학과,2
인제군,2022,4/4,2022.4/4,가정의학과,2
인제군,2023,1/4,2023.1/4,가정의학과,2
인제군,2023,2/4,2023.2/4,가정의학과,1
인제군,2023,3/4,2023.3/4,가정의학과,2
인제군,2023,4/4,2023.4/4,가정의학과,2
인제군,2024,1/4,2024.1/4,가정의학과,2
인제군,2024,2/4,2024.2/4,가정의학과,2
인제군,2024,3/4,2024.3/4,가정의학과,2
인제군,2024,4/4,2024.4/4,가정의학과,2
인제군,2025,1/4,2025.1/4,가정의학과,2
인제군,2025,2/4,2025.2/4,가정의학과,2
인제군,2025,3/4,2025.3/4,가정의학과,2
인제군,2025,4/4,2025.4/4,가정의학과,2
인제군,2009,1/4,2009.1/4,결핵과,0
인제군,2009,2/4,2009.2/4,결핵과,0
인제군,2009,3/4,2009.3/4,결핵과,0
인제군,2009,4/4,2009.4/4,결핵과,0
인제군,2010,1/4,2010.1/4,결핵과,0
인제군,2010,2/4,2010.2/4,결핵과,0
인제군,2010,3/4,2010.3/4,결핵과,0
인제군,2010,4/4,2010.4/4,결핵과,0
인제군,2011,1/4,2011.1/4,결핵과,0
인제군,2011,2/4,2011.2/4,결핵과,0
인제군,2011,3/4,2011.3/4,결핵과,0
인제군,2011,4/4,2011.4/4,결핵과,0
인제군,2012,1/4,2012.1/4,결핵과,0
인제군,2012,2/4,2012.2/4,결핵과,0
인제군,2012,3/4,2012.3/4,결핵과,0
인제군,2012,4/4,2012.4/4,결핵과,0
인제군,2013,1/4,2013.1/4,결핵과,0
인제군,2013,2/4,2013.2/4,결핵과,0
인제군,2013,3/4,2013.3/4,결핵과,0
인제군,2013,4/4,2013.4/4,결핵과,0
인제군,2014,1/4,2014.1/4,결핵과,0
인제군,2014,2/4,2014.2/4,결핵과,0
인제군,2014,3/4,2014.3/4,결핵과,0
인제군,2014,4/4,2014.4/4,결핵과,0
인제군,2015,1/4,2015.1/4,결핵과,0
인제군,2015,2/4,2015.2/4,결핵과,0
인제군,2015,3/4,2015.3/4,결핵과,0
인제군,2015,4/4,2015.4/4,결핵과,0
인제군,2016,1/4,2016.1/4,결핵과,0
인제군,2016,2/4,2016.2/4,결핵과,0
인제군,2016,3/4,2016.3/4,결핵과,0
인제군,2016,4/4,2016.4/4,결핵과,0
인제군,2017,1/4,2017.1/4,결핵과,0
인제군,2017,2/4,2017.2/4,결핵과,0
인제군,2017,3/4,2017.3/4,결핵과,0
인제군,2017,4/4,2017.4/4,결핵과,0
인제군,2018,1/4,2018.1/4,결핵과,0
인제군,2018,2/4,2018.2/4,결핵과,0
인제군,2018,3/4,2018.3/4,결핵과,0
인제군,2018,4/4,2018.4/4,결핵과,0
인제군,2019,1/4,2019.1/4,결핵과,0
인제군,2019,2/4,2019.2/4,결핵과,0
인제군,2019,3/4,2019.3/4,결핵과,0
인제군,2019,4/4,2019.4/4,결핵과,0
인제군,2020,1/4,2020.1/4,결핵과,0
인제군,2020,2/4,2020.2/4,결핵과,0
인제군,2020,3/4,2020.3/4,결핵과,0
인제군,2020,4/4,2020.4/4,결핵과,0
인제군,2021,1/4,2021.1/4,결핵과,0
인제군,2021,2/4,2021.2/4,결핵과,0
인제군,2021,3/4,2021.3/4,결핵과,0
인제군,2021,4/4,2021.4/4,결핵과,0
인제군,2022,1/4,2022.1/4,결핵과,0
인제군,2022,2/4,2022.2/4,결핵과,0
인제군,2022,3/4,2022.3/4,결핵과,0
인제군,2022,4/4,2022.4/4,결핵과,0
인제군,2023,1/4,2023.1/4,결핵과,0
인제군,2023,2/4,2023.2/4,결핵과,0
인제군,2023,3/4,2023.3/4,결핵과,0
인제군,2023,4/4,2023.4/4,결핵과,0
인제군,2024,1/4,2024.1/4,결핵과,0
인제군,2024,2/4,2024.2/4,결핵과,0
인제군,2024,3/4,2024.3/4,결핵과,0
인제군,2024,4/4,2024.4/4,결핵과,0
인제군,2025,1/4,2025.1/4,결핵과,0
인제군,2025,2/4,2025.2/4,결핵과,0
인제군,2025,3/4,2025.3/4,결핵과,0
인제군,2025,4/4,2025.4/4,결핵과,0
인제군,2009,1/4,2009.1/4,내과,2
인제군,2009,2/4,2009.2/4,내과,2
인제군,2009,3/4,2009.3/4,내과,2
인제군,2009,4/4,2009.4/4,내과,2
인제군,2010,1/4,2010.1/4,내과,2
인제군,2010,2/4,2010.2/4,내과,2
인제군,2010,3/4,2010.3/4,내과,2
인제군,2010,4/4,2010.4/4,내과,2
인제군,2011,1/4,2011.1/4,내과,2
인제군,2011,2/4,2011.2/4,내과,2
인제군,2011,3/4,2011.3/4,내과,2
인제군,2011,4/4,2011.4/4,내과,2
인제군,2012,1/4,2012.1/4,내과,2
인제군,2012,2/4,2012.2/4,내과,2
인제군,2012,3/4,2012.3/4,내과,2
인제군,2012,4/4,2012.4/4,내과,2
인제군,2013,1/4,2013.1/4,내과,2
인제군,2013,2/4,2013.2/4,내과,3
인제군,2013,3/4,2013.3/4,내과,3
인제군,2013,4/4,2013.4/4,내과,3
인제군,2014,1/4,2014.1/4,내과,2
인제군,2014,2/4,2014.2/4,내과,3
인제군,2014,3/4,2014.3/4,내과,2
인제군,2014,4/4,2014.4/4,내과,2
인제군,2015,1/4,2015.1/4,내과,2
인제군,2015,2/4,2015.2/4,내과,2
인제군,2015,3/4,2015.3/4,내과,2
인제군,2015,4/4,2015.4/4,내과,2
인제군,2016,1/4,2016.1/4,내과,2
인제군,2016,2/4,2016.2/4,내과,2
인제군,2016,3/4,2016.3/4,내과,2
인제군,2016,4/4,2016.4/4,내과,2
인제군,2017,1/4,2017.1/4,내과,2
인제군,2017,2/4,2017.2/4,내과,2
인제군,2017,3/4,2017.3/4,내과,2
인제군,2017,4/4,2017.4/4,내과,1
인제군,2018,1/4,2018.1/4,내과,2
인제군,2018,2/4,2018.2/4,내과,2
인제군,2018,3/4,2018.3/4,내과,2
인제군,2018,4/4,2018.4/4,내과,2
인제군,2019,1/4,2019.1/4,내과,2
인제군,2019,2/4,2019.2/4,내과,1
인제군,2019,3/4,2019.3/4,내과,1
인제군,2019,4/4,2019.4/4,내과,1
인제군,2020,1/4,2020.1/4,내과,1
인제군,2020,2/4,2020.2/4,내과,1
인제군,2020,3/4,2020.3/4,내과,1
인제군,2020,4/4,2020.4/4,내과,1
인제군,2021,1/4,2021.1/4,내과,1
인제군,2021,2/4,2021.2/4,내과,1
인제군,2021,3/4,2021.3/4,내과,1
인제군,2021,4/4,2021.4/4,내과,1
인제군,2022,1/4,2022.1/4,내과,1
인제군,2022,2/4,2022.2/4,내과,1
인제군,2022,3/4,2022.3/4,내과,1
인제군,2022,4/4,2022.4/4,내과,1
인제군,2023,1/4,2023.1/4,내과,1
인제군,2023,2/4,2023.2/4,내과,1
인제군,2023,3/4,2023.3/4,내과,1
인제군,2023,4/4,2023.4/4,내과,1
인제군,2024,1/4,2024.1/4,내과,1
인제군,2024,2/4,2024.2/4,내과,1
인제군,2024,3/4,2024.3/4,내과,1
인제군,2024,4/4,2024.4/4,내과,2
인제군,2025,1/4,2025.1/4,내과,2
인제군,2025,2/4,2025.2/4,내과,1
인제군,2025,3/4,2025.3/4,내과,1
인제군,2025,4/4,2025.4/4,내과,1
인제군,2009,1/4,2009.1/4,마취통증의학과,0
인제군,2009,2/4,2009.2/4,마취통증의학과,0
인제군,2009,3/4,2009.3/4,마취통증의학과,0
인제군,2009,4/4,2009.4/4,마취통증의학과,0
인제군,2010,1/4,2010.1/4,마취통증의학과,0
인제군,2010,2/4,2010.2/4,마취통증의학과,0
인제군,2010,3/4,2010.3/4,마취통증의학과,0
인제군,2010,4/4,2010.4/4,마취통증의학과,1
인제군,2011,1/4,2011.1/4,마취통증의학과,1
인제군,2011,2/4,2011.2/4,마취통증의학과,1
인제군,2011,3/4,2011.3/4,마취통증의학과,1
인제군,2011,4/4,2011.4/4,마취통증의학과,1
인제군,2012,1/4,2012.1/4,마취통증의학과,0
인제군,2012,2/4,2012.2/4,마취통증의학과,0
인제군,2012,3/4,2012.3/4,마취통증의학과,0
인제군,2012,4/4,2012.4/4,마취통증의학과,0
인제군,2013,1/4,2013.1/4,마취통증의학과,0
인제군,2013,2/4,2013.2/4,마취통증의학과,1
인제군,2013,3/4,2013.3/4,마취통증의학과,1
인제군,2013,4/4,2013.4/4,마취통증의학과,1
인제군,2014,1/4,2014.1/4,마취통증의학과,1
인제군,2014,2/4,2014.2/4,마취통증의학과,1
인제군,2014,3/4,2014.3/4,마취통증의학과,1
인제군,2014,4/4,2014.4/4,마취통증의학과,1
인제군,2015,1/4,2015.1/4,마취통증의학과,1
인제군,2015,2/4,2015.2/4,마취통증의학과,1
인제군,2015,3/4,2015.3/4,마취통증의학과,1
인제군,2015,4/4,2015.4/4,마취통증의학과,1
인제군,2016,1/4,2016.1/4,마취통증의학과,1
인제군,2016,2/4,2016.2/4,마취통증의학과,0
인제군,2016,3/4,2016.3/4,마취통증의학과,0
인제군,2016,4/4,2016.4/4,마취통증의학과,0
인제군,2017,1/4,2017.1/4,마취통증의학과,0
인제군,2017,2/4,2017.2/4,마취통증의학과,0
인제군,2017,3/4,2017.3/4,마취통증의학과,0
인제군,2017,4/4,2017.4/4,마취통증의학과,0
인제군,2018,1/4,2018.1/4,마취통증의학과,0
인제군,2018,2/4,2018.2/4,마취통증의학과,0
인제군,2018,3/4,2018.3/4,마취통증의학과,0
인제군,2018,4/4,2018.4/4,마취통증의학과,0
인제군,2019,1/4,2019.1/4,마취통증의학과,0
인제군,2019,2/4,2019.2/4,마취통증의학과,1
인제군,2019,3/4,2019.3/4,마취통증의학과,1
인제군,2019,4/4,2019.4/4,마취통증의학과,1
인제군,2020,1/4,2020.1/4,마취통증의학과,1
인제군,2020,2/4,2020.2/4,마취통증의학과,1
인제군,2020,3/4,2020.3/4,마취통증의학과,1
인제군,2020,4/4,2020.4/4,마취통증의학과,1
인제군,2021,1/4,2021.1/4,마취통증의학과,1
인제군,2021,2/4,2021.2/4,마취통증의학과,1
인제군,2021,3/4,2021.3/4,마취통증의학과,1
인제군,2021,4/4,2021.4/4,마취통증의학과,1
인제군,2022,1/4,2022.1/4,마취통증의학과,1
인제군,2022,2/4,2022.2/4,마취통증의학과,0
인제군,2022,3/4,2022.3/4,마취통증의학과,0
인제군,2022,4/4,2022.4/4,마취통증의학과,0
인제군,2023,1/4,2023.1/4,마취통증의학과,0
인제군,2023,2/4,2023.2/4,마취통증의학과,0
인제군,2023,3/4,2023.3/4,마취통증의학과,0
인제군,2023,4/4,2023.4/4,마취통증의학과,0
인제군,2024,1/4,2024.1/4,마취통증의학과,0
인제군,2024,2/4,2024.2/4,마취통증의학과,0
인제군,2024,3/4,2024.3/4,마취통증의학과,0
인제군,2024,4/4,2024.4/4,마취통증의학과,0
인제군,2025,1/4,2025.1/4,마취통증의학과,0
인제군,2025,2/4,2025.2/4,마취통증의학과,0
인제군,2025,3/4,2025.3/4,마취통증의학과,0
인제군,2025,4/4,2025.4/4,마취통증의학과,0
인제군,2009,1/4,2009.1/4,방사선종양학과,0
인제군,2009,2/4,2009.2/4,방사선종양학과,0
인제군,2009,3/4,2009.3/4,방사선종양학과,0
인제군,2009,4/4,2009.4/4,방사선종양학과,0
인제군,2010,1/4,2010.1/4,방사선종양학과,0
인제군,2010,2/4,2010.2/4,방사선종양학과,0
인제군,2010,3/4,2010.3/4,방사선종양학과,0
인제군,2010,4/4,2010.4/4,방사선종양학과,0
인제군,2011,1/4,2011.1/4,방사선종양학과,0
인제군,2011,2/4,2011.2/4,방사선종양학과,0
인제군,2011,3/4,2011.3/4,방사선종양학과,0
인제군,2011,4/4,2011.4/4,방사선종양학과,0
인제군,2012,1/4,2012.1/4,방사선종양학과,0
인제군,2012,2/4,2012.2/4,방사선종양학과,0
인제군,2012,3/4,2012.3/4,방사선종양학과,0
인제군,2012,4/4,2012.4/4,방사선종양학과,0
인제군,2013,1/4,2013.1/4,방사선종양학과,0
인제군,2013,2/4,2013.2/4,방사선종양학과,0
인제군,2013,3/4,2013.3/4,방사선종양학과,0
인제군,2013,4/4,2013.4/4,방사선종양학과,0
인제군,2014,1/4,2014.1/4,방사선종양학과,0
인제군,2014,2/4,2014.2/4,방사선종양학과,0
인제군,2014,3/4,2014.3/4,방사선종양학과,0
인제군,2014,4/4,2014.4/4,방사선종양학과,0
인제군,2015,1/4,2015.1/4,방사선종양학과,0
인제군,2015,2/4,2015.2/4,방사선종양학과,0
인제군,2015,3/4,2015.3/4,방사선종양학과,0
인제군,2015,4/4,2015.4/4,방사선종양학과,0
인제군,2016,1/4,2016.1/4,방사선종양학과,0
인제군,2016,2/4,2016.2/4,방사선종양학과,0
인제군,2016,3/4,2016.3/4,방사선종양학과,0
인제군,2016,4/4,2016.4/4,방사선종양학과,0
인제군,2017,1/4,2017.1/4,방사선종양학과,0
인제군,2017,2/4,2017.2/4,방사선종양학과,0
인제군,2017,3/4,2017.3/4,방사선종양학과,0
인제군,2017,4/4,2017.4/4,방사선종양학과,0
인제군,2018,1/4,2018.1/4,방사선종양학과,0
인제군,2018,2/4,2018.2/4,방사선종양학과,0
인제군,2018,3/4,2018.3/4,방사선종양학과,0
인제군,2018,4/4,2018.4/4,방사선종양학과,0
인제군,2019,1/4,2019.1/4,방사선종양학과,0
인제군,2019,2/4,2019.2/4,방사선종양학과,0
인제군,2019,3/4,2019.3/4,방사선종양학과,0
인제군,2019,4/4,2019.4/4,방사선종양학과,0
인제군,2020,1/4,2020.1/4,방사선종양학과,0
인제군,2020,2/4,2020.2/4,방사선종양학과,0
인제군,2020,3/4,2020.3/4,방사선종양학과,0
인제군,2020,4/4,2020.4/4,방사선종양학과,0
인제군,2021,1/4,2021.1/4,방사선종양학과,0
인제군,2021,2/4,2021.2/4,방사선종양학과,0
인제군,2021,3/4,2021.3/4,방사선종양학과,0
인제군,2021,4/4,2021.4/4,방사선종양학과,0
인제군,2022,1/4,2022.1/4,방사선종양학과,0
인제군,2022,2/4,2022.2/4,방사선종양학과,0
인제군,2022,3/4,2022.3/4,방사선종양학과,0
인제군,2022,4/4,2022.4/4,방사선종양학과,0
인제군,2023,1/4,2023.1/4,방사선종양학과,0
인제군,2023,2/4,2023.2/4,방사선종양학과,0
인제군,2023,3/4,2023.3/4,방사선종양학과,0
인제군,2023,4/4,2023.4/4,방사선종양학과,0
인제군,2024,1/4,2024.1/4,방사선종양학과,0
인제군,2024,2/4,2024.2/4,방사선종양학과,0
인제군,2024,3/4,2024.3/4,방사선종양학과,0
인제군,2024,4/4,2024.4/4,방사선종양학과,0
인제군,2025,1/4,2025.1/4,방사선종양학과,0
인제군,2025,2/4,2025.2/4,방사선종양학과,0
인제군,2025,3/4,2025.3/4,방사선종양학과,0
인제군,2025,4/4,2025.4/4,방사선종양학과,0
인제군,2009,1/4,2009.1/4,병리과,0
인제군,2009,2/4,2009.2/4,병리과,0
인제군,2009,3/4,2009.3/4,병리과,0
인제군,2009,4/4,2009.4/4,병리과,0
인제군,2010,1/4,2010.1/4,병리과,0
인제군,2010,2/4,2010.2/4,병리과,0
인제군,2010,3/4,2010.3/4,병리과,0
인제군,2010,4/4,2010.4/4,병리과,0
인제군,2011,1/4,2011.1/4,병리과,0
인제군,2011,2/4,2011.2/4,병리과,0
인제군,2011,3/4,2011.3/4,병리과,0
인제군,2011,4/4,2011.4/4,병리과,0
인제군,2012,1/4,2012.1/4,병리과,0
인제군,2012,2/4,2012.2/4,병리과,0
인제군,2012,3/4,2012.3/4,병리과,0
인제군,2012,4/4,2012.4/4,병리과,0
인제군,2013,1/4,2013.1/4,병리과,0
인제군,2013,2/4,2013.2/4,병리과,0
인제군,2013,3/4,2013.3/4,병리과,0
인제군,2013,4/4,2013.4/4,병리과,0
인제군,2014,1/4,2014.1/4,병리과,0
인제군,2014,2/4,2014.2/4,병리과,0
인제군,2014,3/4,2014.3/4,병리과,0
인제군,2014,4/4,2014.4/4,병리과,0
인제군,2015,1/4,2015.1/4,병리과,0
인제군,2015,2/4,2015.2/4,병리과,0
인제군,2015,3/4,2015.3/4,병리과,0
인제군,2015,4/4,2015.4/4,병리과,0
인제군,2016,1/4,2016.1/4,병리과,0
인제군,2016,2/4,2016.2/4,병리과,0
인제군,2016,3/4,2016.3/4,병리과,0
인제군,2016,4/4,2016.4/4,병리과,0
인제군,2017,1/4,2017.1/4,병리과,0
인제군,2017,2/4,2017.2/4,병리과,0
인제군,2017,3/4,2017.3/4,병리과,0
인제군,2017,4/4,2017.4/4,병리과,0
인제군,2018,1/4,2018.1/4,병리과,0
인제군,2018,2/4,2018.2/4,병리과,0
인제군,2018,3/4,2018.3/4,병리과,0
인제군,2018,4/4,2018.4/4,병리과,0
인제군,2019,1/4,2019.1/4,병리과,0
인제군,2019,2/4,2019.2/4,병리과,0
인제군,2019,3/4,2019.3/4,병리과,0
인제군,2019,4/4,2019.4/4,병리과,0
인제군,2020,1/4,2020.1/4,병리과,0
인제군,2020,2/4,2020.2/4,병리과,0
인제군,2020,3/4,2020.3/4,병리과,0
인제군,2020,4/4,2020.4/4,병리과,0
인제군,2021,1/4,2021.1/4,병리과,0
인제군,2021,2/4,2021.2/4,병리과,0
인제군,2021,3/4,2021.3/4,병리과,0
인제군,2021,4/4,2021.4/4,병리과,0
인제군,2022,1/4,2022.1/4,병리과,0
인제군,2022,2/4,2022.2/4,병리과,0
인제군,2022,3/4,2022.3/4,병리과,0
인제군,2022,4/4,2022.4/4,병리과,0
인제군,2023,1/4,2023.1/4,병리과,0
인제군,2023,2/4,2023.2/4,병리과,0
인제군,2023,3/4,2023.3/4,병리과,0
인제군,2023,4/4,2023.4/4,병리과,0
인제군,2024,1/4,2024.1/4,병리과,0
인제군,2024,2/4,2024.2/4,병리과,0
인제군,2024,3/4,2024.3/4,병리과,0
인제군,2024,4/4,2024.4/4,병리과,0
인제군,2025,1/4,2025.1/4,병리과,0
인제군,2025,2/4,2025.2/4,병리과,0
인제군,2025,3/4,2025.3/4,병리과,0
인제군,2025,4/4,2025.4/4,병리과,0
인제군,2009,1/4,2009.1/4,비뇨의학과,0
인제군,2009,2/4,2009.2/4,비뇨의학과,0
인제군,2009,3/4,2009.3/4,비뇨의학과,0
인제군,2009,4/4,2009.4/4,비뇨의학과,0
인제군,2010,1/4,2010.1/4,비뇨의학과,0
인제군,2010,2/4,2010.2/4,비뇨의학과,0
인제군,2010,3/4,2010.3/4,비뇨의학과,0
인제군,2010,4/4,2010.4/4,비뇨의학과,0
인제군,2011,1/4,2011.1/4,비뇨의학과,0
인제군,2011,2/4,2011.2/4,비뇨의학과,0
인제군,2011,3/4,2011.3/4,비뇨의학과,0
인제군,2011,4/4,2011.4/4,비뇨의학과,0
인제군,2012,1/4,2012.1/4,비뇨의학과,0
인제군,2012,2/4,2012.2/4,비뇨의학과,1
인제군,2012,3/4,2012.3/4,비뇨의학과,1
인제군,2012,4/4,2012.4/4,비뇨의학과,1
인제군,2013,1/4,2013.1/4,비뇨의학과,1
인제군,2013,2/4,2013.2/4,비뇨의학과,1
인제군,2013,3/4,2013.3/4,비뇨의학과,1
인제군,2013,4/4,2013.4/4,비뇨의학과,1
인제군,2014,1/4,2014.1/4,비뇨의학과,1
인제군,2014,2/4,2014.2/4,비뇨의학과,1
인제군,2014,3/4,2014.3/4,비뇨의학과,1
인제군,2014,4/4,2014.4/4,비뇨의학과,1
인제군,2015,1/4,2015.1/4,비뇨의학과,1
인제군,2015,2/4,2015.2/4,비뇨의학과,0
인제군,2015,3/4,2015.3/4,비뇨의학과,0
인제군,2015,4/4,2015.4/4,비뇨의학과,0
인제군,2016,1/4,2016.1/4,비뇨의학과,0
인제군,2016,2/4,2016.2/4,비뇨의학과,1
인제군,2016,3/4,2016.3/4,비뇨의학과,1
인제군,2016,4/4,2016.4/4,비뇨의학과,1
인제군,2017,1/4,2017.1/4,비뇨의학과,1
인제군,2017,2/4,2017.2/4,비뇨의학과,1
인제군,2017,3/4,2017.3/4,비뇨의학과,1
인제군,2017,4/4,2017.4/4,비뇨의학과,1
인제군,2018,1/4,2018.1/4,비뇨의학과,1
인제군,2018,2/4,2018.2/4,비뇨의학과,0
인제군,2018,3/4,2018.3/4,비뇨의학과,1
인제군,2018,4/4,2018.4/4,비뇨의학과,1
인제군,2019,1/4,2019.1/4,비뇨의학과,1
인제군,2019,2/4,2019.2/4,비뇨의학과,0
인제군,2019,3/4,2019.3/4,비뇨의학과,0
인제군,2019,4/4,2019.4/4,비뇨의학과,0
인제군,2020,1/4,2020.1/4,비뇨의학과,0
인제군,2020,2/4,2020.2/4,비뇨의학과,0
인제군,2020,3/4,2020.3/4,비뇨의학과,0
인제군,2020,4/4,2020.4/4,비뇨의학과,0
인제군,2021,1/4,2021.1/4,비뇨의학과,0
인제군,2021,2/4,2021.2/4,비뇨의학과,0
인제군,2021,3/4,2021.3/4,비뇨의학과,0
인제군,2021,4/4,2021.4/4,비뇨의학과,0
인제군,2022,1/4,2022.1/4,비뇨의학과,0
인제군,2022,2/4,2022.2/4,비뇨의학과,0
인제군,2022,3/4,2022.3/4,비뇨의학과,0
인제군,2022,4/4,2022.4/4,비뇨의학과,0
인제군,2023,1/4,2023.1/4,비뇨의학과,0
인제군,2023,2/4,2023.2/4,비뇨의학과,0
인제군,2023,3/4,2023.3/4,비뇨의학과,0
인제군,2023,4/4,2023.4/4,비뇨의학과,0
인제군,2024,1/4,2024.1/4,비뇨의학과,0
인제군,2024,2/4,2024.2/4,비뇨의학과,0
인제군,2024,3/4,2024.3/4,비뇨의학과,0
인제군,2024,4/4,2024.4/4,비뇨의학과,0
인제군,2025,1/4,2025.1/4,비뇨의학과,0
인제군,2025,2/4,2025.2/4,비뇨의학과,0
인제군,2025,3/4,2025.3/4,비뇨의학과,0
인제군,2025,4/4,2025.4/4,비뇨의학과,0
인제군,2009,1/4,2009.1/4,산부인과,0
인제군,2009,2/4,2009.2/4,산부인과,0
인제군,2009,3/4,2009.3/4,산부인과,0
인제군,2009,4/4,2009.4/4,산부인과,0
인제군,2010,1/4,2010.1/4,산부인과,0
인제군,2010,2/4,2010.2/4,산부인과,0
인제군,2010,3/4,2010.3/4,산부인과,0
인제군,2010,4/4,2010.4/4,산부인과,0
인제군,2011,1/4,2011.1/4,산부인과,0
인제군,2011,2/4,2011.2/4,산부인과,0
인제군,2011,3/4,2011.3/4,산부인과,0
인제군,2011,4/4,2011.4/4,산부인과,0
인제군,2012,1/4,2012.1/4,산부인과,0
인제군,2012,2/4,2012.2/4,산부인과,0
인제군,2012,3/4,2012.3/4,산부인과,1
인제군,2012,4/4,2012.4/4,산부인과,1
인제군,2013,1/4,2013.1/4,산부인과,1
인제군,2013,2/4,2013.2/4,산부인과,1
인제군,2013,3/4,2013.3/4,산부인과,1
인제군,2013,4/4,2013.4/4,산부인과,1
인제군,2014,1/4,2014.1/4,산부인과,1
인제군,2014,2/4,2014.2/4,산부인과,2
인제군,2014,3/4,2014.3/4,산부인과,1
인제군,2014,4/4,2014.4/4,산부인과,0
인제군,2015,1/4,2015.1/4,산부인과,0
인제군,2015,2/4,2015.2/4,산부인과,0
인제군,2015,3/4,2015.3/4,산부인과,1
인제군,2015,4/4,2015.4/4,산부인과,1
인제군,2016,1/4,2016.1/4,산부인과,1
인제군,2016,2/4,2016.2/4,산부인과,1
인제군,2016,3/4,2016.3/4,산부인과,1
인제군,2016,4/4,2016.4/4,산부인과,1
인제군,2017,1/4,2017.1/4,산부인과,1
인제군,2017,2/4,2017.2/4,산부인과,1
인제군,2017,3/4,2017.3/4,산부인과,1
인제군,2017,4/4,2017.4/4,산부인과,1
인제군,2018,1/4,2018.1/4,산부인과,1
인제군,2018,2/4,2018.2/4,산부인과,1
인제군,2018,3/4,2018.3/4,산부인과,1
인제군,2018,4/4,2018.4/4,산부인과,1
인제군,2019,1/4,2019.1/4,산부인과,1
인제군,2019,2/4,2019.2/4,산부인과,1
인제군,2019,3/4,2019.3/4,산부인과,1
인제군,2019,4/4,2019.4/4,산부인과,1
인제군,2020,1/4,2020.1/4,산부인과,1
인제군,2020,2/4,2020.2/4,산부인과,1
인제군,2020,3/4,2020.3/4,산부인과,1
인제군,2020,4/4,2020.4/4,산부인과,1
인제군,2021,1/4,2021.1/4,산부인과,2
인제군,2021,2/4,2021.2/4,산부인과,2
인제군,2021,3/4,2021.3/4,산부인과,2
인제군,2021,4/4,2021.4/4,산부인과,2
인제군,2022,1/4,2022.1/4,산부인과,2
인제군,2022,2/4,2022.2/4,산부인과,2
인제군,2022,3/4,2022.3/4,산부인과,2
인제군,2022,4/4,2022.4/4,산부인과,2
인제군,2023,1/4,2023.1/4,산부인과,2
인제군,2023,2/4,2023.2/4,산부인과,2
인제군,2023,3/4,2023.3/4,산부인과,2
인제군,2023,4/4,2023.4/4,산부인과,2
인제군,2024,1/4,2024.1/4,산부인과,2
인제군,2024,2/4,2024.2/4,산부인과,2
인제군,2024,3/4,2024.3/4,산부인과,2
인제군,2024,4/4,2024.4/4,산부인과,2
인제군,2025,1/4,2025.1/4,산부인과,2
인제군,2025,2/4,2025.2/4,산부인과,2
인제군,2025,3/4,2025.3/4,산부인과,2
인제군,2025,4/4,2025.4/4,산부인과,2
인제군,2009,1/4,2009.1/4,성형외과,1
인제군,2009,2/4,2009.2/4,성형외과,0
인제군,2009,3/4,2009.3/4,성형외과,0
인제군,2009,4/4,2009.4/4,성형외과,0
인제군,2010,1/4,2010.1/4,성형외과,0
인제군,2010,2/4,2010.2/4,성형외과,0
인제군,2010,3/4,2010.3/4,성형외과,0
인제군,2010,4/4,2010.4/4,성형외과,0
인제군,2011,1/4,2011.1/4,성형외과,0
인제군,2011,2/4,2011.2/4,성형외과,0
인제군,2011,3/4,2011.3/4,성형외과,0
인제군,2011,4/4,2011.4/4,성형외과,0
인제군,2012,1/4,2012.1/4,성형외과,0
인제군,2012,2/4,2012.2/4,성형외과,0
인제군,2012,3/4,2012.3/4,성형외과,0
인제군,2012,4/4,2012.4/4,성형외과,0
인제군,2013,1/4,2013.1/4,성형외과,0
인제군,2013,2/4,2013.2/4,성형외과,0
인제군,2013,3/4,2013.3/4,성형외과,0
인제군,2013,4/4,2013.4/4,성형외과,0
인제군,2014,1/4,2014.1/4,성형외과,0
인제군,2014,2/4,2014.2/4,성형외과,0
인제군,2014,3/4,2014.3/4,성형외과,0
인제군,2014,4/4,2014.4/4,성형외과,0
인제군,2015,1/4,2015.1/4,성형외과,0
인제군,2015,2/4,2015.2/4,성형외과,0
인제군,2015,3/4,2015.3/4,성형외과,0
인제군,2015,4/4,2015.4/4,성형외과,0
인제군,2016,1/4,2016.1/4,성형외과,0
인제군,2016,2/4,2016.2/4,성형외과,1
인제군,2016,3/4,2016.3/4,성형외과,1
인제군,2016,4/4,2016.4/4,성형외과,1
인제군,2017,1/4,2017.1/4,성형외과,1
인제군,2017,2/4,2017.2/4,성형외과,1
인제군,2017,3/4,2017.3/4,성형외과,1
인제군,2017,4/4,2017.4/4,성형외과,1
인제군,2018,1/4,2018.1/4,성형외과,1
인제군,2018,2/4,2018.2/4,성형외과,1
인제군,2018,3/4,2018.3/4,성형외과,1
인제군,2018,4/4,2018.4/4,성형외과,1
인제군,2019,1/4,2019.1/4,성형외과,1
인제군,2019,2/4,2019.2/4,성형외과,0
인제군,2019,3/4,2019.3/4,성형외과,0
인제군,2019,4/4,2019.4/4,성형외과,0
인제군,2020,1/4,2020.1/4,성형외과,0
인제군,2020,2/4,2020.2/4,성형외과,0
인제군,2020,3/4,2020.3/4,성형외과,0
인제군,2020,4/4,2020.4/4,성형외과,0
인제군,2021,1/4,2021.1/4,성형외과,0
인제군,2021,2/4,2021.2/4,성형외과,0
인제군,2021,3/4,2021.3/4,성형외과,0
인제군,2021,4/4,2021.4/4,성형외과,0
인제군,2022,1/4,2022.1/4,성형외과,0
인제군,2022,2/4,2022.2/4,성형외과,0
인제군,2022,3/4,2022.3/4,성형외과,0
인제군,2022,4/4,2022.4/4,성형외과,0
인제군,2023,1/4,2023.1/4,성형외과,0
인제군,2023,2/4,2023.2/4,성형외과,0
인제군,2023,3/4,2023.3/4,성형외과,0
인제군,2023,4/4,2023.4/4,성형외과,0
인제군,2024,1/4,2024.1/4,성형외과,0
인제군,2024,2/4,2024.2/4,성형외과,0
인제군,2024,3/4,2024.3/4,성형외과,0
인제군,2024,4/4,2024.4/4,성형외과,1
인제군,2025,1/4,2025.1/4,성형외과,1
인제군,2025,2/4,2025.2/4,성형외과,1
인제군,2025,3/4,2025.3/4,성형외과,1
인제군,2025,4/4,2025.4/4,성형외과,1
인제군,2009,1/4,2009.1/4,소아청소년과,1
인제군,2009,2/4,2009.2/4,소아청소년과,2
인제군,2009,3/4,2009.3/4,소아청소년과,2
인제군,2009,4/4,2009.4/4,소아청소년과,2
인제군,2010,1/4,2010.1/4,소아청소년과,2
인제군,2010,2/4,2010.2/4,소아청소년과,2
인제군,2010,3/4,2010.3/4,소아청소년과,2
인제군,2010,4/4,2010.4/4,소아청소년과,2
인제군,2011,1/4,2011.1/4,소아청소년과,2
인제군,2011,2/4,2011.2/4,소아청소년과,2
인제군,2011,3/4,2011.3/4,소아청소년과,2
인제군,2011,4/4,2011.4/4,소아청소년과,2
인제군,2012,1/4,2012.1/4,소아청소년과,2
인제군,2012,2/4,2012.2/4,소아청소년과,1
인제군,2012,3/4,2012.3/4,소아청소년과,1
인제군,2012,4/4,2012.4/4,소아청소년과,1
인제군,2013,1/4,2013.1/4,소아청소년과,1
인제군,2013,2/4,2013.2/4,소아청소년과,1
인제군,2013,3/4,2013.3/4,소아청소년과,1
인제군,2013,4/4,2013.4/4,소아청소년과,1
인제군,2014,1/4,2014.1/4,소아청소년과,1
인제군,2014,2/4,2014.2/4,소아청소년과,1
인제군,2014,3/4,2014.3/4,소아청소년과,1
인제군,2014,4/4,2014.4/4,소아청소년과,1
인제군,2015,1/4,2015.1/4,소아청소년과,1
인제군,2015,2/4,2015.2/4,소아청소년과,2
인제군,2015,3/4,2015.3/4,소아청소년과,2
인제군,2015,4/4,2015.4/4,소아청소년과,2
인제군,2016,1/4,2016.1/4,소아청소년과,2
인제군,2016,2/4,2016.2/4,소아청소년과,2
인제군,2016,3/4,2016.3/4,소아청소년과,2
인제군,2016,4/4,2016.4/4,소아청소년과,2
인제군,2017,1/4,2017.1/4,소아청소년과,2
인제군,2017,2/4,2017.2/4,소아청소년과,2
인제군,2017,3/4,2017.3/4,소아청소년과,2
인제군,2017,4/4,2017.4/4,소아청소년과,2
인제군,2018,1/4,2018.1/4,소아청소년과,2
인제군,2018,2/4,2018.2/4,소아청소년과,1
인제군,2018,3/4,2018.3/4,소아청소년과,1
인제군,2018,4/4,2018.4/4,소아청소년과,1
인제군,2019,1/4,2019.1/4,소아청소년과,1
인제군,2019,2/4,2019.2/4,소아청소년과,1
인제군,2019,3/4,2019.3/4,소아청소년과,1
인제군,2019,4/4,2019.4/4,소아청소년과,1
인제군,2020,1/4,2020.1/4,소아청소년과,1
인제군,2020,2/4,2020.2/4,소아청소년과,1
인제군,2020,3/4,2020.3/4,소아청소년과,1
인제군,2020,4/4,2020.4/4,소아청소년과,1
인제군,2021,1/4,2021.1/4,소아청소년과,0
인제군,2021,2/4,2021.2/4,소아청소년과,0
인제군,2021,3/4,2021.3/4,소아청소년과,1
인제군,2021,4/4,2021.4/4,소아청소년과,1
인제군,2022,1/4,2022.1/4,소아청소년과,1
인제군,2022,2/4,2022.2/4,소아청소년과,1
인제군,2022,3/4,2022.3/4,소아청소년과,1
인제군,2022,4/4,2022.4/4,소아청소년과,1
인제군,2023,1/4,2023.1/4,소아청소년과,1
인제군,2023,2/4,2023.2/4,소아청소년과,1
인제군,2023,3/4,2023.3/4,소아청소년과,1
인제군,2023,4/4,2023.4/4,소아청소년과,1
인제군,2024,1/4,2024.1/4,소아청소년과,1
인제군,2024,2/4,2024.2/4,소아청소년과,1
인제군,2024,3/4,2024.3/4,소아청소년과,1
인제군,2024,4/4,2024.4/4,소아청소년과,1
인제군,2025,1/4,2025.1/4,소아청소년과,1
인제군,2025,2/4,2025.2/4,소아청소년과,1
인제군,2025,3/4,2025.3/4,소아청소년과,1
인제군,2025,4/4,2025.4/4,소아청소년과,1
인제군,2009,1/4,2009.1/4,신경과,1
인제군,2009,2/4,2009.2/4,신경과,1
인제군,2009,3/4,2009.3/4,신경과,1
인제군,2009,4/4,2009.4/4,신경과,1
인제군,2010,1/4,2010.1/4,신경과,1
인제군,2010,2/4,2010.2/4,신경과,1
인제군,2010,3/4,2010.3/4,신경과,1
인제군,2010,4/4,2010.4/4,신경과,1
인제군,2011,1/4,2011.1/4,신경과,1
인제군,2011,2/4,2011.2/4,신경과,0
인제군,2011,3/4,2011.3/4,신경과,0
인제군,2011,4/4,2011.4/4,신경과,0
인제군,2012,1/4,2012.1/4,신경과,0
인제군,2012,2/4,2012.2/4,신경과,0
인제군,2012,3/4,2012.3/4,신경과,0
인제군,2012,4/4,2012.4/4,신경과,0
인제군,2013,1/4,2013.1/4,신경과,0
인제군,2013,2/4,2013.2/4,신경과,0
인제군,2013,3/4,2013.3/4,신경과,0
인제군,2013,4/4,2013.4/4,신경과,0
인제군,2014,1/4,2014.1/4,신경과,0
인제군,2014,2/4,2014.2/4,신경과,0
인제군,2014,3/4,2014.3/4,신경과,0
인제군,2014,4/4,2014.4/4,신경과,0
인제군,2015,1/4,2015.1/4,신경과,0
인제군,2015,2/4,2015.2/4,신경과,0
인제군,2015,3/4,2015.3/4,신경과,0
인제군,2015,4/4,2015.4/4,신경과,0
인제군,2016,1/4,2016.1/4,신경과,0
인제군,2016,2/4,2016.2/4,신경과,0
인제군,2016,3/4,2016.3/4,신경과,0
인제군,2016,4/4,2016.4/4,신경과,0
인제군,2017,1/4,2017.1/4,신경과,0
인제군,2017,2/4,2017.2/4,신경과,0
인제군,2017,3/4,2017.3/4,신경과,0
인제군,2017,4/4,2017.4/4,신경과,0
인제군,2018,1/4,2018.1/4,신경과,0
인제군,2018,2/4,2018.2/4,신경과,0
인제군,2018,3/4,2018.3/4,신경과,0
인제군,2018,4/4,2018.4/4,신경과,0
인제군,2019,1/4,2019.1/4,신경과,0
인제군,2019,2/4,2019.2/4,신경과,0
인제군,2019,3/4,2019.3/4,신경과,0
인제군,2019,4/4,2019.4/4,신경과,0
인제군,2020,1/4,2020.1/4,신경과,0
인제군,2020,2/4,2020.2/4,신경과,0
인제군,2020,3/4,2020.3/4,신경과,0
인제군,2020,4/4,2020.4/4,신경과,0
인제군,2021,1/4,2021.1/4,신경과,0
인제군,2021,2/4,2021.2/4,신경과,0
인제군,2021,3/4,2021.3/4,신경과,0
인제군,2021,4/4,2021.4/4,신경과,0
인제군,2022,1/4,2022.1/4,신경과,0
인제군,2022,2/4,2022.2/4,신경과,0
인제군,2022,3/4,2022.3/4,신경과,0
인제군,2022,4/4,2022.4/4,신경과,0
인제군,2023,1/4,2023.1/4,신경과,0
인제군,2023,2/4,2023.2/4,신경과,0
인제군,2023,3/4,2023.3/4,신경과,0
인제군,2023,4/4,2023.4/4,신경과,0
인제군,2024,1/4,2024.1/4,신경과,0
인제군,2024,2/4,2024.2/4,신경과,0
인제군,2024,3/4,2024.3/4,신경과,0
인제군,2024,4/4,2024.4/4,신경과,0
인제군,2025,1/4,2025.1/4,신경과,0
인제군,2025,2/4,2025.2/4,신경과,0
인제군,2025,3/4,2025.3/4,신경과,0
인제군,2025,4/4,2025.4/4,신경과,0
인제군,2009,1/4,2009.1/4,신경외과,0
인제군,2009,2/4,2009.2/4,신경외과,0
인제군,2009,3/4,2009.3/4,신경외과,0
인제군,2009,4/4,2009.4/4,신경외과,0
인제군,2010,1/4,2010.1/4,신경외과,0
인제군,2010,2/4,2010.2/4,신경외과,0
인제군,2010,3/4,2010.3/4,신경외과,0
인제군,2010,4/4,2010.4/4,신경외과,0
인제군,2011,1/4,2011.1/4,신경외과,0
인제군,2011,2/4,2011.2/4,신경외과,0
인제군,2011,3/4,2011.3/4,신경외과,0
인제군,2011,4/4,2011.4/4,신경외과,1
인제군,2012,1/4,2012.1/4,신경외과,1
인제군,2012,2/4,2012.2/4,신경외과,0
인제군,2012,3/4,2012.3/4,신경외과,0
인제군,2012,4/4,2012.4/4,신경외과,0
인제군,2013,1/4,2013.1/4,신경외과,0
인제군,2013,2/4,2013.2/4,신경외과,0
인제군,2013,3/4,2013.3/4,신경외과,0
인제군,2013,4/4,2013.4/4,신경외과,0
인제군,2014,1/4,2014.1/4,신경외과,0
인제군,2014,2/4,2014.2/4,신경외과,0
인제군,2014,3/4,2014.3/4,신경외과,0
인제군,2014,4/4,2014.4/4,신경외과,0
인제군,2015,1/4,2015.1/4,신경외과,0
인제군,2015,2/4,2015.2/4,신경외과,0
인제군,2015,3/4,2015.3/4,신경외과,0
인제군,2015,4/4,2015.4/4,신경외과,0
인제군,2016,1/4,2016.1/4,신경외과,0
인제군,2016,2/4,2016.2/4,신경외과,0
인제군,2016,3/4,2016.3/4,신경외과,0
인제군,2016,4/4,2016.4/4,신경외과,0
인제군,2017,1/4,2017.1/4,신경외과,0
인제군,2017,2/4,2017.2/4,신경외과,0
인제군,2017,3/4,2017.3/4,신경외과,0
인제군,2017,4/4,2017.4/4,신경외과,0
인제군,2018,1/4,2018.1/4,신경외과,0
인제군,2018,2/4,2018.2/4,신경외과,0
인제군,2018,3/4,2018.3/4,신경외과,0
인제군,2018,4/4,2018.4/4,신경외과,0
인제군,2019,1/4,2019.1/4,신경외과,0
인제군,2019,2/4,2019.2/4,신경외과,0
인제군,2019,3/4,2019.3/4,신경외과,0
인제군,2019,4/4,2019.4/4,신경외과,0
인제군,2020,1/4,2020.1/4,신경외과,0
인제군,2020,2/4,2020.2/4,신경외과,0
인제군,2020,3/4,2020.3/4,신경외과,0
인제군,2020,4/4,2020.4/4,신경외과,0
인제군,2021,1/4,2021.1/4,신경외과,0
인제군,2021,2/4,2021.2/4,신경외과,0
인제군,2021,3/4,2021.3/4,신경외과,0
인제군,2021,4/4,2021.4/4,신경외과,0
인제군,2022,1/4,2022.1/4,신경외과,0
인제군,2022,2/4,2022.2/4,신경외과,0
인제군,2022,3/4,2022.3/4,신경외과,0
인제군,2022,4/4,2022.4/4,신경외과,0
인제군,2023,1/4,2023.1/4,신경외과,0
인제군,2023,2/4,2023.2/4,신경외과,0
인제군,2023,3/4,2023.3/4,신경외과,0
인제군,2023,4/4,2023.4/4,신경외과,0
인제군,2024,1/4,2024.1/4,신경외과,0
인제군,2024,2/4,2024.2/4,신경외과,0
인제군,2024,3/4,2024.3/4,신경외과,0
인제군,2024,4/4,2024.4/4,신경외과,0
인제군,2025,1/4,2025.1/4,신경외과,0
인제군,2025,2/4,2025.2/4,신경외과,0
인제군,2025,3/4,2025.3/4,신경외과,0
인제군,2025,4/4,2025.4/4,신경외과,0
인제군,2009,1/4,2009.1/4,심장혈관흉부외과,0
인제군,2009,2/4,2009.2/4,심장혈관흉부외과,0
인제군,2009,3/4,2009.3/4,심장혈관흉부외과,0
인제군,2009,4/4,2009.4/4,심장혈관흉부외과,0
인제군,2010,1/4,2010.1/4,심장혈관흉부외과,0
인제군,2010,2/4,2010.2/4,심장혈관흉부외과,1
인제군,2010,3/4,2010.3/4,심장혈관흉부외과,1
인제군,2010,4/4,2010.4/4,심장혈관흉부외과,2
인제군,2011,1/4,2011.1/4,심장혈관흉부외과,2
인제군,2011,2/4,2011.2/4,심장혈관흉부외과,2
인제군,2011,3/4,2011.3/4,심장혈관흉부외과,1
인제군,2011,4/4,2011.4/4,심장혈관흉부외과,1
인제군,2012,1/4,2012.1/4,심장혈관흉부외과,1
인제군,2012,2/4,2012.2/4,심장혈관흉부외과,1
인제군,2012,3/4,2012.3/4,심장혈관흉부외과,1
인제군,2012,4/4,2012.4/4,심장혈관흉부외과,1
인제군,2013,1/4,2013.1/4,심장혈관흉부외과,1
인제군,2013,2/4,2013.2/4,심장혈관흉부외과,0
인제군,2013,3/4,2013.3/4,심장혈관흉부외과,0
인제군,2013,4/4,2013.4/4,심장혈관흉부외과,0
인제군,2014,1/4,2014.1/4,심장혈관흉부외과,0
인제군,2014,2/4,2014.2/4,심장혈관흉부외과,0
인제군,2014,3/4,2014.3/4,심장혈관흉부외과,0
인제군,2014,4/4,2014.4/4,심장혈관흉부외과,0
인제군,2015,1/4,2015.1/4,심장혈관흉부외과,0
인제군,2015,2/4,2015.2/4,심장혈관흉부외과,0
인제군,2015,3/4,2015.3/4,심장혈관흉부외과,0
인제군,2015,4/4,2015.4/4,심장혈관흉부외과,0
인제군,2016,1/4,2016.1/4,심장혈관흉부외과,0
인제군,2016,2/4,2016.2/4,심장혈관흉부외과,0
인제군,2016,3/4,2016.3/4,심장혈관흉부외과,0
인제군,2016,4/4,2016.4/4,심장혈관흉부외과,0
인제군,2017,1/4,2017.1/4,심장혈관흉부외과,0
인제군,2017,2/4,2017.2/4,심장혈관흉부외과,0
인제군,2017,3/4,2017.3/4,심장혈관흉부외과,0
인제군,2017,4/4,2017.4/4,심장혈관흉부외과,0
인제군,2018,1/4,2018.1/4,심장혈관흉부외과,0
인제군,2018,2/4,2018.2/4,심장혈관흉부외과,0
인제군,2018,3/4,2018.3/4,심장혈관흉부외과,0
인제군,2018,4/4,2018.4/4,심장혈관흉부외과,0
인제군,2019,1/4,2019.1/4,심장혈관흉부외과,0
인제군,2019,2/4,2019.2/4,심장혈관흉부외과,0
인제군,2019,3/4,2019.3/4,심장혈관흉부외과,0
인제군,2019,4/4,2019.4/4,심장혈관흉부외과,0
인제군,2020,1/4,2020.1/4,심장혈관흉부외과,0
인제군,2020,2/4,2020.2/4,심장혈관흉부외과,0
인제군,2020,3/4,2020.3/4,심장혈관흉부외과,0
인제군,2020,4/4,2020.4/4,심장혈관흉부외과,0
인제군,2021,1/4,2021.1/4,심장혈관흉부외과,0
인제군,2021,2/4,2021.2/4,심장혈관흉부외과,0
인제군,2021,3/4,2021.3/4,심장혈관흉부외과,0
인제군,2021,4/4,2021.4/4,심장혈관흉부외과,0
인제군,2022,1/4,2022.1/4,심장혈관흉부외과,0
인제군,2022,2/4,2022.2/4,심장혈관흉부외과,0
인제군,2022,3/4,2022.3/4,심장혈관흉부외과,0
인제군,2022,4/4,2022.4/4,심장혈관흉부외과,0
인제군,2023,1/4,2023.1/4,심장혈관흉부외과,0
인제군,2023,2/4,2023.2/4,심장혈관흉부외과,0
인제군,2023,3/4,2023.3/4,심장혈관흉부외과,0
인제군,2023,4/4,2023.4/4,심장혈관흉부외과,0
인제군,2024,1/4,2024.1/4,심장혈관흉부외과,0
인제군,2024,2/4,2024.2/4,심장혈관흉부외과,0
인제군,2024,3/4,2024.3/4,심장혈관흉부외과,0
인제군,2024,4/4,2024.4/4,심장혈관흉부외과,0
인제군,2025,1/4,2025.1/4,심장혈관흉부외과,0
인제군,2025,2/4,2025.2/4,심장혈관흉부외과,0
인제군,2025,3/4,2025.3/4,심장혈관흉부외과,0
인제군,2025,4/4,2025.4/4,심장혈관흉부외과,0
인제군,2009,1/4,2009.1/4,안과,2
인제군,2009,2/4,2009.2/4,안과,1
인제군,2009,3/4,2009.3/4,안과,1
인제군,2009,4/4,2009.4/4,안과,1
인제군,2010,1/4,2010.1/4,안과,1
인제군,2010,2/4,2010.2/4,안과,1
인제군,2010,3/4,2010.3/4,안과,1
인제군,2010,4/4,2010.4/4,안과,1
인제군,2011,1/4,2011.1/4,안과,1
인제군,2011,2/4,2011.2/4,안과,1
인제군,2011,3/4,2011.3/4,안과,1
인제군,2011,4/4,2011.4/4,안과,1
인제군,2012,1/4,2012.1/4,안과,1
인제군,2012,2/4,2012.2/4,안과,1
인제군,2012,3/4,2012.3/4,안과,1
인제군,2012,4/4,2012.4/4,안과,1
인제군,2013,1/4,2013.1/4,안과,1
인제군,2013,2/4,2013.2/4,안과,1
인제군,2013,3/4,2013.3/4,안과,1
인제군,2013,4/4,2013.4/4,안과,1
인제군,2014,1/4,2014.1/4,안과,1
인제군,2014,2/4,2014.2/4,안과,1
인제군,2014,3/4,2014.3/4,안과,1
인제군,2014,4/4,2014.4/4,안과,1
인제군,2015,1/4,2015.1/4,안과,1
인제군,2015,2/4,2015.2/4,안과,1
인제군,2015,3/4,2015.3/4,안과,1
인제군,2015,4/4,2015.4/4,안과,1
인제군,2016,1/4,2016.1/4,안과,1
인제군,2016,2/4,2016.2/4,안과,1
인제군,2016,3/4,2016.3/4,안과,1
인제군,2016,4/4,2016.4/4,안과,1
인제군,2017,1/4,2017.1/4,안과,1
인제군,2017,2/4,2017.2/4,안과,1
인제군,2017,3/4,2017.3/4,안과,1
인제군,2017,4/4,2017.4/4,안과,1
인제군,2018,1/4,2018.1/4,안과,1
인제군,2018,2/4,2018.2/4,안과,1
인제군,2018,3/4,2018.3/4,안과,1
인제군,2018,4/4,2018.4/4,안과,1
인제군,2019,1/4,2019.1/4,안과,1
인제군,2019,2/4,2019.2/4,안과,1
인제군,2019,3/4,2019.3/4,안과,1
인제군,2019,4/4,2019.4/4,안과,1
인제군,2020,1/4,2020.1/4,안과,0
인제군,2020,2/4,2020.2/4,안과,0
인제군,2020,3/4,2020.3/4,안과,0
인제군,2020,4/4,2020.4/4,안과,0
인제군,2021,1/4,2021.1/4,안과,0
인제군,2021,2/4,2021.2/4,안과,0
인제군,2021,3/4,2021.3/4,안과,0
인제군,2021,4/4,2021.4/4,안과,0
인제군,2022,1/4,2022.1/4,안과,0
인제군,2022,2/4,2022.2/4,안과,0
인제군,2022,3/4,2022.3/4,안과,0
인제군,2022,4/4,2022.4/4,안과,0
인제군,2023,1/4,2023.1/4,안과,0
인제군,2023,2/4,2023.2/4,안과,0
인제군,2023,3/4,2023.3/4,안과,0
인제군,2023,4/4,2023.4/4,안과,0
인제군,2024,1/4,2024.1/4,안과,0
인제군,2024,2/4,2024.2/4,안과,0
인제군,2024,3/4,2024.3/4,안과,0
인제군,2024,4/4,2024.4/4,안과,0
인제군,2025,1/4,2025.1/4,안과,0
인제군,2025,2/4,2025.2/4,안과,0
인제군,2025,3/4,2025.3/4,안과,0
인제군,2025,4/4,2025.4/4,안과,0
인제군,2009,1/4,2009.1/4,영상의학과,0
인제군,2009,2/4,2009.2/4,영상의학과,0
인제군,2009,3/4,2009.3/4,영상의학과,0
인제군,2009,4/4,2009.4/4,영상의학과,0
인제군,2010,1/4,2010.1/4,영상의학과,0
인제군,2010,2/4,2010.2/4,영상의학과,0
인제군,2010,3/4,2010.3/4,영상의학과,0
인제군,2010,4/4,2010.4/4,영상의학과,0
인제군,2011,1/4,2011.1/4,영상의학과,0
인제군,2011,2/4,2011.2/4,영상의학과,0
인제군,2011,3/4,2011.3/4,영상의학과,0
인제군,2011,4/4,2011.4/4,영상의학과,0
인제군,2012,1/4,2012.1/4,영상의학과,0
인제군,2012,2/4,2012.2/4,영상의학과,0
인제군,2012,3/4,2012.3/4,영상의학과,0
인제군,2012,4/4,2012.4/4,영상의학과,0
인제군,2013,1/4,2013.1/4,영상의학과,0
인제군,2013,2/4,2013.2/4,영상의학과,0
인제군,2013,3/4,2013.3/4,영상의학과,0
인제군,2013,4/4,2013.4/4,영상의학과,0
인제군,2014,1/4,2014.1/4,영상의학과,0
인제군,2014,2/4,2014.2/4,영상의학과,0
인제군,2014,3/4,2014.3/4,영상의학과,0
인제군,2014,4/4,2014.4/4,영상의학과,0
인제군,2015,1/4,2015.1/4,영상의학과,0
인제군,2015,2/4,2015.2/4,영상의학과,0
인제군,2015,3/4,2015.3/4,영상의학과,0
인제군,2015,4/4,2015.4/4,영상의학과,0
인제군,2016,1/4,2016.1/4,영상의학과,0
인제군,2016,2/4,2016.2/4,영상의학과,0
인제군,2016,3/4,2016.3/4,영상의학과,0
인제군,2016,4/4,2016.4/4,영상의학과,0
인제군,2017,1/4,2017.1/4,영상의학과,0
인제군,2017,2/4,2017.2/4,영상의학과,0
인제군,2017,3/4,2017.3/4,영상의학과,0
인제군,2017,4/4,2017.4/4,영상의학과,0
인제군,2018,1/4,2018.1/4,영상의학과,0
인제군,2018,2/4,2018.2/4,영상의학과,0
인제군,2018,3/4,2018.3/4,영상의학과,0
인제군,2018,4/4,2018.4/4,영상의학과,0
인제군,2019,1/4,2019.1/4,영상의학과,0
인제군,2019,2/4,2019.2/4,영상의학과,0
인제군,2019,3/4,2019.3/4,영상의학과,0
인제군,2019,4/4,2019.4/4,영상의학과,0
인제군,2020,1/4,2020.1/4,영상의학과,0
인제군,2020,2/4,2020.2/4,영상의학과,0
인제군,2020,3/4,2020.3/4,영상의학과,0
인제군,2020,4/4,2020.4/4,영상의학과,0
인제군,2021,1/4,2021.1/4,영상의학과,0
인제군,2021,2/4,2021.2/4,영상의학과,0
인제군,2021,3/4,2021.3/4,영상의학과,0
인제군,2021,4/4,2021.4/4,영상의학과,0
인제군,2022,1/4,2022.1/4,영상의학과,0
인제군,2022,2/4,2022.2/4,영상의학과,0
인제군,2022,3/4,2022.3/4,영상의학과,0
인제군,2022,4/4,2022.4/4,영상의학과,0
인제군,2023,1/4,2023.1/4,영상의학과,0
인제군,2023,2/4,2023.2/4,영상의학과,0
인제군,2023,3/4,2023.3/4,영상의학과,0
인제군,2023,4/4,2023.4/4,영상의학과,0
인제군,2024,1/4,2024.1/4,영상의학과,0
인제군,2024,2/4,2024.2/4,영상의학과,0
인제군,2024,3/4,2024.3/4,영상의학과,0
인제군,2024,4/4,2024.4/4,영상의학과,0
인제군,2025,1/4,2025.1/4,영상의학과,0
인제군,2025,2/4,2025.2/4,영상의학과,0
인제군,2025,3/4,2025.3/4,영상의학과,0
인제군,2025,4/4,2025.4/4,영상의학과,0
인제군,2009,1/4,2009.1/4,예방의학과,0
인제군,2009,2/4,2009.2/4,예방의학과,0
인제군,2009,3/4,2009.3/4,예방의학과,0
인제군,2009,4/4,2009.4/4,예방의학과,0
인제군,2010,1/4,2010.1/4,예방의학과,0
인제군,2010,2/4,2010.2/4,예방의학과,0
인제군,2010,3/4,2010.3/4,예방의학과,0
인제군,2010,4/4,2010.4/4,예방의학과,0
인제군,2011,1/4,2011.1/4,예방의학과,0
인제군,2011,2/4,2011.2/4,예방의학과,0
인제군,2011,3/4,2011.3/4,예방의학과,0
인제군,2011,4/4,2011.4/4,예방의학과,0
인제군,2012,1/4,2012.1/4,예방의학과,0
인제군,2012,2/4,2012.2/4,예방의학과,0
인제군,2012,3/4,2012.3/4,예방의학과,0
인제군,2012,4/4,2012.4/4,예방의학과,0
인제군,2013,1/4,2013.1/4,예방의학과,0
인제군,2013,2/4,2013.2/4,예방의학과,0
인제군,2013,3/4,2013.3/4,예방의학과,0
인제군,2013,4/4,2013.4/4,예방의학과,0
인제군,2014,1/4,2014.1/4,예방의학과,0
인제군,2014,2/4,2014.2/4,예방의학과,0
인제군,2014,3/4,2014.3/4,예방의학과,0
인제군,2014,4/4,2014.4/4,예방의학과,0
인제군,2015,1/4,2015.1/4,예방의학과,0
인제군,2015,2/4,2015.2/4,예방의학과,0
인제군,2015,3/4,2015.3/4,예방의학과,0
인제군,2015,4/4,2015.4/4,예방의학과,0
인제군,2016,1/4,2016.1/4,예방의학과,0
인제군,2016,2/4,2016.2/4,예방의학과,0
인제군,2016,3/4,2016.3/4,예방의학과,0
인제군,2016,4/4,2016.4/4,예방의학과,0
인제군,2017,1/4,2017.1/4,예방의학과,0
인제군,2017,2/4,2017.2/4,예방의학과,0
인제군,2017,3/4,2017.3/4,예방의학과,0
인제군,2017,4/4,2017.4/4,예방의학과,0
인제군,2018,1/4,2018.1/4,예방의학과,0
인제군,2018,2/4,2018.2/4,예방의학과,0
인제군,2018,3/4,2018.3/4,예방의학과,0
인제군,2018,4/4,2018.4/4,예방의학과,0
인제군,2019,1/4,2019.1/4,예방의학과,0
인제군,2019,2/4,2019.2/4,예방의학과,0
인제군,2019,3/4,2019.3/4,예방의학과,0
인제군,2019,4/4,2019.4/4,예방의학과,0
인제군,2020,1/4,2020.1/4,예방의학과,0
인제군,2020,2/4,2020.2/4,예방의학과,0
인제군,2020,3/4,2020.3/4,예방의학과,0
인제군,2020,4/4,2020.4/4,예방의학과,0
인제군,2021,1/4,2021.1/4,예방의학과,0
인제군,2021,2/4,2021.2/4,예방의학과,0
인제군,2021,3/4,2021.3/4,예방의학과,0
인제군,2021,4/4,2021.4/4,예방의학과,0
인제군,2022,1/4,2022.1/4,예방의학과,0
인제군,2022,2/4,2022.2/4,예방의학과,0
인제군,2022,3/4,2022.3/4,예방의학과,0
인제군,2022,4/4,2022.4/4,예방의학과,0
인제군,2023,1/4,2023.1/4,예방의학과,0
인제군,2023,2/4,2023.2/4,예방의학과,0
인제군,2023,3/4,2023.3/4,예방의학과,0
인제군,2023,4/4,2023.4/4,예방의학과,0
인제군,2024,1/4,2024.1/4,예방의학과,0
인제군,2024,2/4,2024.2/4,예방의학과,0
인제군,2024,3/4,2024.3/4,예방의학과,0
인제군,2024,4/4,2024.4/4,예방의학과,0
인제군,2025,1/4,2025.1/4,예방의학과,0
인제군,2025,2/4,2025.2/4,예방의학과,0
인제군,2025,3/4,2025.3/4,예방의학과,0
인제군,2025,4/4,2025.4/4,예방의학과,0
인제군,2009,1/4,2009.1/4,외과,1
인제군,2009,2/4,2009.2/4,외과,2
인제군,2009,3/4,2009.3/4,외과,2
인제군,2009,4/4,2009.4/4,외과,2
인제군,2010,1/4,2010.1/4,외과,3
인제군,2010,2/4,2010.2/4,외과,2
인제군,2010,3/4,2010.3/4,외과,2
인제군,2010,4/4,2010.4/4,외과,3
인제군,2011,1/4,2011.1/4,외과,3
인제군,2011,2/4,2011.2/4,외과,3
인제군,2011,3/4,2011.3/4,외과,3
인제군,2011,4/4,2011.4/4,외과,3
인제군,2012,1/4,2012.1/4,외과,4
인제군,2012,2/4,2012.2/4,외과,3
인제군,2012,3/4,2012.3/4,외과,3
인제군,2012,4/4,2012.4/4,외과,3
인제군,2013,1/4,2013.1/4,외과,3
인제군,2013,2/4,2013.2/4,외과,3
인제군,2013,3/4,2013.3/4,외과,3
인제군,2013,4/4,2013.4/4,외과,3
인제군,2014,1/4,2014.1/4,외과,3
인제군,2014,2/4,2014.2/4,외과,2
인제군,2014,3/4,2014.3/4,외과,2
인제군,2014,4/4,2014.4/4,외과,2
인제군,2015,1/4,2015.1/4,외과,2
인제군,2015,2/4,2015.2/4,외과,2
인제군,2015,3/4,2015.3/4,외과,2
인제군,2015,4/4,2015.4/4,외과,2
인제군,2016,1/4,2016.1/4,외과,2
인제군,2016,2/4,2016.2/4,외과,2
인제군,2016,3/4,2016.3/4,외과,2
인제군,2016,4/4,2016.4/4,외과,2
인제군,2017,1/4,2017.1/4,외과,2
인제군,2017,2/4,2017.2/4,외과,2
인제군,2017,3/4,2017.3/4,외과,2
인제군,2017,4/4,2017.4/4,외과,2
인제군,2018,1/4,2018.1/4,외과,2
인제군,2018,2/4,2018.2/4,외과,2
인제군,2018,3/4,2018.3/4,외과,2
인제군,2018,4/4,2018.4/4,외과,2
인제군,2019,1/4,2019.1/4,외과,2
인제군,2019,2/4,2019.2/4,외과,2
인제군,2019,3/4,2019.3/4,외과,2
인제군,2019,4/4,2019.4/4,외과,2
인제군,2020,1/4,2020.1/4,외과,2
인제군,2020,2/4,2020.2/4,외과,2
인제군,2020,3/4,2020.3/4,외과,1
인제군,2020,4/4,2020.4/4,외과,1
인제군,2021,1/4,2021.1/4,외과,1
인제군,2021,2/4,2021.2/4,외과,1
인제군,2021,3/4,2021.3/4,외과,1
인제군,2021,4/4,2021.4/4,외과,1
인제군,2022,1/4,2022.1/4,외과,1
인제군,2022,2/4,2022.2/4,외과,2
인제군,2022,3/4,2022.3/4,외과,2
인제군,2022,4/4,2022.4/4,외과,2
인제군,2023,1/4,2023.1/4,외과,2
인제군,2023,2/4,2023.2/4,외과,2
인제군,2023,3/4,2023.3/4,외과,2
인제군,2023,4/4,2023.4/4,외과,2
인제군,2024,1/4,2024.1/4,외과,2
인제군,2024,2/4,2024.2/4,외과,2
인제군,2024,3/4,2024.3/4,외과,2
인제군,2024,4/4,2024.4/4,외과,3
인제군,2025,1/4,2025.1/4,외과,3
인제군,2025,2/4,2025.2/4,외과,2
인제군,2025,3/4,2025.3/4,외과,2
인제군,2025,4/4,2025.4/4,외과,2
인제군,2009,1/4,2009.1/4,응급의학과,0
인제군,2009,2/4,2009.2/4,응급의학과,0
인제군,2009,3/4,2009.3/4,응급의학과,0
인제군,2009,4/4,2009.4/4,응급의학과,0
인제군,2010,1/4,2010.1/4,응급의학과,0
인제군,2010,2/4,2010.2/4,응급의학과,0
인제군,2010,3/4,2010.3/4,응급의학과,0
인제군,2010,4/4,2010.4/4,응급의학과,0
인제군,2011,1/4,2011.1/4,응급의학과,0
인제군,2011,2/4,2011.2/4,응급의학과,0
인제군,2011,3/4,2011.3/4,응급의학과,0
인제군,2011,4/4,2011.4/4,응급의학과,0
인제군,2012,1/4,2012.1/4,응급의학과,0
인제군,2012,2/4,2012.2/4,응급의학과,0
인제군,2012,3/4,2012.3/4,응급의학과,0
인제군,2012,4/4,2012.4/4,응급의학과,0
인제군,2013,1/4,2013.1/4,응급의학과,0
인제군,2013,2/4,2013.2/4,응급의학과,0
인제군,2013,3/4,2013.3/4,응급의학과,0
인제군,2013,4/4,2013.4/4,응급의학과,0
인제군,2014,1/4,2014.1/4,응급의학과,0
인제군,2014,2/4,2014.2/4,응급의학과,0
인제군,2014,3/4,2014.3/4,응급의학과,0
인제군,2014,4/4,2014.4/4,응급의학과,0
인제군,2015,1/4,2015.1/4,응급의학과,0
인제군,2015,2/4,2015.2/4,응급의학과,0
인제군,2015,3/4,2015.3/4,응급의학과,0
인제군,2015,4/4,2015.4/4,응급의학과,0
인제군,2016,1/4,2016.1/4,응급의학과,0
인제군,2016,2/4,2016.2/4,응급의학과,0
인제군,2016,3/4,2016.3/4,응급의학과,0
인제군,2016,4/4,2016.4/4,응급의학과,0
인제군,2017,1/4,2017.1/4,응급의학과,0
인제군,2017,2/4,2017.2/4,응급의학과,0
인제군,2017,3/4,2017.3/4,응급의학과,0
인제군,2017,4/4,2017.4/4,응급의학과,0
인제군,2018,1/4,2018.1/4,응급의학과,0
인제군,2018,2/4,2018.2/4,응급의학과,0
인제군,2018,3/4,2018.3/4,응급의학과,0
인제군,2018,4/4,2018.4/4,응급의학과,0
인제군,2019,1/4,2019.1/4,응급의학과,0
인제군,2019,2/4,2019.2/4,응급의학과,0
인제군,2019,3/4,2019.3/4,응급의학과,0
인제군,2019,4/4,2019.4/4,응급의학과,0
인제군,2020,1/4,2020.1/4,응급의학과,0
인제군,2020,2/4,2020.2/4,응급의학과,0
인제군,2020,3/4,2020.3/4,응급의학과,0
인제군,2020,4/4,2020.4/4,응급의학과,0
인제군,2021,1/4,2021.1/4,응급의학과,0
인제군,2021,2/4,2021.2/4,응급의학과,0
인제군,2021,3/4,2021.3/4,응급의학과,0
인제군,2021,4/4,2021.4/4,응급의학과,0
인제군,2022,1/4,2022.1/4,응급의학과,0
인제군,2022,2/4,2022.2/4,응급의학과,0
인제군,2022,3/4,2022.3/4,응급의학과,0
인제군,2022,4/4,2022.4/4,응급의학과,0
인제군,2023,1/4,2023.1/4,응급의학과,0
인제군,2023,2/4,2023.2/4,응급의학과,0
인제군,2023,3/4,2023.3/4,응급의학과,0
인제군,2023,4/4,2023.4/4,응급의학과,0
인제군,2024,1/4,2024.1/4,응급의학과,0
인제군,2024,2/4,2024.2/4,응급의학과,0
인제군,2024,3/4,2024.3/4,응급의학과,0
인제군,2024,4/4,2024.4/4,응급의학과,0
인제군,2025,1/4,2025.1/4,응급의학과,0
인제군,2025,2/4,2025.2/4,응급의학과,0
인제군,2025,3/4,2025.3/4,응급의학과,0
인제군,2025,4/4,2025.4/4,응급의학과,0
인제군,2009,1/4,2009.1/4,이비인후과,1
인제군,2009,2/4,2009.2/4,이비인후과,1
인제군,2009,3/4,2009.3/4,이비인후과,1
인제군,2009,4/4,2009.4/4,이비인후과,1
인제군,2010,1/4,2010.1/4,이비인후과,1
인제군,2010,2/4,2010.2/4,이비인후과,1
인제군,2010,3/4,2010.3/4,이비인후과,1
인제군,2010,4/4,2010.4/4,이비인후과,1
인제군,2011,1/4,2011.1/4,이비인후과,1
인제군,2011,2/4,2011.2/4,이비인후과,1
인제군,2011,3/4,2011.3/4,이비인후과,1
인제군,2011,4/4,2011.4/4,이비인후과,1
인제군,2012,1/4,2012.1/4,이비인후과,1
인제군,2012,2/4,2012.2/4,이비인후과,1
인제군,2012,3/4,2012.3/4,이비인후과,1
인제군,2012,4/4,2012.4/4,이비인후과,1
인제군,2013,1/4,2013.1/4,이비인후과,1
인제군,2013,2/4,2013.2/4,이비인후과,1
인제군,2013,3/4,2013.3/4,이비인후과,1
인제군,2013,4/4,2013.4/4,이비인후과,1
인제군,2014,1/4,2014.1/4,이비인후과,1
인제군,2014,2/4,2014.2/4,이비인후과,1
인제군,2014,3/4,2014.3/4,이비인후과,1
인제군,2014,4/4,2014.4/4,이비인후과,1
인제군,2015,1/4,2015.1/4,이비인후과,1
인제군,2015,2/4,2015.2/4,이비인후과,1
인제군,2015,3/4,2015.3/4,이비인후과,1
인제군,2015,4/4,2015.4/4,이비인후과,1
인제군,2016,1/4,2016.1/4,이비인후과,1
인제군,2016,2/4,2016.2/4,이비인후과,0
인제군,2016,3/4,2016.3/4,이비인후과,0
인제군,2016,4/4,2016.4/4,이비인후과,0
인제군,2017,1/4,2017.1/4,이비인후과,0
인제군,2017,2/4,2017.2/4,이비인후과,0
인제군,2017,3/4,2017.3/4,이비인후과,0
인제군,2017,4/4,2017.4/4,이비인후과,0
인제군,2018,1/4,2018.1/4,이비인후과,0
인제군,2018,2/4,2018.2/4,이비인후과,0
인제군,2018,3/4,2018.3/4,이비인후과,0
인제군,2018,4/4,2018.4/4,이비인후과,0
인제군,2019,1/4,2019.1/4,이비인후과,0
인제군,2019,2/4,2019.2/4,이비인후과,0
인제군,2019,3/4,2019.3/4,이비인후과,0
인제군,2019,4/4,2019.4/4,이비인후과,0
인제군,2020,1/4,2020.1/4,이비인후과,0
인제군,2020,2/4,2020.2/4,이비인후과,0
인제군,2020,3/4,2020.3/4,이비인후과,0
인제군,2020,4/4,2020.4/4,이비인후과,0
인제군,2021,1/4,2021.1/4,이비인후과,0
인제군,2021,2/4,2021.2/4,이비인후과,0
인제군,2021,3/4,2021.3/4,이비인후과,0
인제군,2021,4/4,2021.4/4,이비인후과,0
인제군,2022,1/4,2022.1/4,이비인후과,0
인제군,2022,2/4,2022.2/4,이비인후과,0
인제군,2022,3/4,2022.3/4,이비인후과,0
인제군,2022,4/4,2022.4/4,이비인후과,0
인제군,2023,1/4,2023.1/4,이비인후과,0
인제군,2023,2/4,2023.2/4,이비인후과,0
인제군,2023,3/4,2023.3/4,이비인후과,0
인제군,2023,4/4,2023.4/4,이비인후과,0
인제군,2024,1/4,2024.1/4,이비인후과,0
인제군,2024,2/4,2024.2/4,이비인후과,0
인제군,2024,3/4,2024.3/4,이비인후과,0
인제군,2024,4/4,2024.4/4,이비인후과,1
인제군,2025,1/4,2025.1/4,이비인후과,1
인제군,2025,2/4,2025.2/4,이비인후과,0
인제군,2025,3/4,2025.3/4,이비인후과,0
인제군,2025,4/4,2025.4/4,이비인후과,0
인제군,2009,1/4,2009.1/4,재활의학과,0
인제군,2009,2/4,2009.2/4,재활의학과,0
인제군,2009,3/4,2009.3/4,재활의학과,0
인제군,2009,4/4,2009.4/4,재활의학과,0
인제군,2010,1/4,2010.1/4,재활의학과,0
인제군,2010,2/4,2010.2/4,재활의학과,0
인제군,2010,3/4,2010.3/4,재활의학과,0
인제군,2010,4/4,2010.4/4,재활의학과,0
인제군,2011,1/4,2011.1/4,재활의학과,0
인제군,2011,2/4,2011.2/4,재활의학과,0
인제군,2011,3/4,2011.3/4,재활의학과,0
인제군,2011,4/4,2011.4/4,재활의학과,0
인제군,2012,1/4,2012.1/4,재활의학과,0
인제군,2012,2/4,2012.2/4,재활의학과,0
인제군,2012,3/4,2012.3/4,재활의학과,0
인제군,2012,4/4,2012.4/4,재활의학과,0
인제군,2013,1/4,2013.1/4,재활의학과,0
인제군,2013,2/4,2013.2/4,재활의학과,0
인제군,2013,3/4,2013.3/4,재활의학과,0
인제군,2013,4/4,2013.4/4,재활의학과,0
인제군,2014,1/4,2014.1/4,재활의학과,0
인제군,2014,2/4,2014.2/4,재활의학과,0
인제군,2014,3/4,2014.3/4,재활의학과,0
인제군,2014,4/4,2014.4/4,재활의학과,0
인제군,2015,1/4,2015.1/4,재활의학과,0
인제군,2015,2/4,2015.2/4,재활의학과,0
인제군,2015,3/4,2015.3/4,재활의학과,0
인제군,2015,4/4,2015.4/4,재활의학과,0
인제군,2016,1/4,2016.1/4,재활의학과,0
인제군,2016,2/4,2016.2/4,재활의학과,0
인제군,2016,3/4,2016.3/4,재활의학과,0
인제군,2016,4/4,2016.4/4,재활의학과,0
인제군,2017,1/4,2017.1/4,재활의학과,0
인제군,2017,2/4,2017.2/4,재활의학과,0
인제군,2017,3/4,2017.3/4,재활의학과,0
인제군,2017,4/4,2017.4/4,재활의학과,0
인제군,2018,1/4,2018.1/4,재활의학과,0
인제군,2018,2/4,2018.2/4,재활의학과,0
인제군,2018,3/4,2018.3/4,재활의학과,0
인제군,2018,4/4,2018.4/4,재활의학과,0
인제군,2019,1/4,2019.1/4,재활의학과,0
인제군,2019,2/4,2019.2/4,재활의학과,0
인제군,2019,3/4,2019.3/4,재활의학과,0
인제군,2019,4/4,2019.4/4,재활의학과,0
인제군,2020,1/4,2020.1/4,재활의학과,0
인제군,2020,2/4,2020.2/4,재활의학과,0
인제군,2020,3/4,2020.3/4,재활의학과,0
인제군,2020,4/4,2020.4/4,재활의학과,0
인제군,2021,1/4,2021.1/4,재활의학과,0
인제군,2021,2/4,2021.2/4,재활의학과,0
인제군,2021,3/4,2021.3/4,재활의학과,0
인제군,2021,4/4,2021.4/4,재활의학과,0
인제군,2022,1/4,2022.1/4,재활의학과,0
인제군,2022,2/4,2022.2/4,재활의학과,0
인제군,2022,3/4,2022.3/4,재활의학과,0
인제군,2022,4/4,2022.4/4,재활의학과,0
인제군,2023,1/4,2023.1/4,재활의학과,0
인제군,2023,2/4,2023.2/4,재활의학과,0
인제군,2023,3/4,2023.3/4,재활의학과,0
인제군,2023,4/4,2023.4/4,재활의학과,0
인제군,2024,1/4,2024.1/4,재활의학과,0
인제군,2024,2/4,2024.2/4,재활의학과,0
인제군,2024,3/4,2024.3/4,재활의학과,0
인제군,2024,4/4,2024.4/4,재활의학과,0
인제군,2025,1/4,2025.1/4,재활의학과,0
인제군,2025,2/4,2025.2/4,재활의학과,0
인제군,2025,3/4,2025.3/4,재활의학과,0
인제군,2025,4/4,2025.4/4,재활의학과,0
인제군,2009,1/4,2009.1/4,정신건강의학과,0
인제군,2009,2/4,2009.2/4,정신건강의학과,0
인제군,2009,3/4,2009.3/4,정신건강의학과,0
인제군,2009,4/4,2009.4/4,정신건강의학과,0
인제군,2010,1/4,2010.1/4,정신건강의학과,0
인제군,2010,2/4,2010.2/4,정신건강의학과,0
인제군,2010,3/4,2010.3/4,정신건강의학과,0
인제군,2010,4/4,2010.4/4,정신건강의학과,0
인제군,2011,1/4,2011.1/4,정신건강의학과,0
인제군,2011,2/4,2011.2/4,정신건강의학과,0
인제군,2011,3/4,2011.3/4,정신건강의학과,0
인제군,2011,4/4,2011.4/4,정신건강의학과,0
인제군,2012,1/4,2012.1/4,정신건강의학과,0
인제군,2012,2/4,2012.2/4,정신건강의학과,0
인제군,2012,3/4,2012.3/4,정신건강의학과,0
인제군,2012,4/4,2012.4/4,정신건강의학과,0
인제군,2013,1/4,2013.1/4,정신건강의학과,0
인제군,2013,2/4,2013.2/4,정신건강의학과,0
인제군,2013,3/4,2013.3/4,정신건강의학과,0
인제군,2013,4/4,2013.4/4,정신건강의학과,0
인제군,2014,1/4,2014.1/4,정신건강의학과,0
인제군,2014,2/4,2014.2/4,정신건강의학과,0
인제군,2014,3/4,2014.3/4,정신건강의학과,0
인제군,2014,4/4,2014.4/4,정신건강의학과,0
인제군,2015,1/4,2015.1/4,정신건강의학과,0
인제군,2015,2/4,2015.2/4,정신건강의학과,0
인제군,2015,3/4,2015.3/4,정신건강의학과,0
인제군,2015,4/4,2015.4/4,정신건강의학과,0
인제군,2016,1/4,2016.1/4,정신건강의학과,0
인제군,2016,2/4,2016.2/4,정신건강의학과,0
인제군,2016,3/4,2016.3/4,정신건강의학과,0
인제군,2016,4/4,2016.4/4,정신건강의학과,0
인제군,2017,1/4,2017.1/4,정신건강의학과,0
인제군,2017,2/4,2017.2/4,정신건강의학과,0
인제군,2017,3/4,2017.3/4,정신건강의학과,0
인제군,2017,4/4,2017.4/4,정신건강의학과,0
인제군,2018,1/4,2018.1/4,정신건강의학과,0
인제군,2018,2/4,2018.2/4,정신건강의학과,0
인제군,2018,3/4,2018.3/4,정신건강의학과,0
인제군,2018,4/4,2018.4/4,정신건강의학과,0
인제군,2019,1/4,2019.1/4,정신건강의학과,0
인제군,2019,2/4,2019.2/4,정신건강의학과,0
인제군,2019,3/4,2019.3/4,정신건강의학과,0
인제군,2019,4/4,2019.4/4,정신건강의학과,0
인제군,2020,1/4,2020.1/4,정신건강의학과,0
인제군,2020,2/4,2020.2/4,정신건강의학과,0
인제군,2020,3/4,2020.3/4,정신건강의학과,0
인제군,2020,4/4,2020.4/4,정신건강의학과,0
인제군,2021,1/4,2021.1/4,정신건강의학과,0
인제군,2021,2/4,2021.2/4,정신건강의학과,0
인제군,2021,3/4,2021.3/4,정신건강의학과,0
인제군,2021,4/4,2021.4/4,정신건강의학과,0
인제군,2022,1/4,2022.1/4,정신건강의학과,0
인제군,2022,2/4,2022.2/4,정신건강의학과,0
인제군,2022,3/4,2022.3/4,정신건강의학과,0
인제군,2022,4/4,2022.4/4,정신건강의학과,0
인제군,2023,1/4,2023.1/4,정신건강의학과,0
인제군,2023,2/4,2023.2/4,정신건강의학과,0
인제군,2023,3/4,2023.3/4,정신건강의학과,0
인제군,2023,4/4,2023.4/4,정신건강의학과,0
인제군,2024,1/4,2024.1/4,정신건강의학과,0
인제군,2024,2/4,2024.2/4,정신건강의학과,0
인제군,2024,3/4,2024.3/4,정신건강의학과,0
인제군,2024,4/4,2024.4/4,정신건강의학과,0
인제군,2025,1/4,2025.1/4,정신건강의학과,0
인제군,2025,2/4,2025.2/4,정신건강의학과,0
인제군,2025,3/4,2025.3/4,정신건강의학과,0
인제군,2025,4/4,2025.4/4,정신건강의학과,0
인제군,2009,1/4,2009.1/4,정형외과,1
인제군,2009,2/4,2009.2/4,정형외과,1
인제군,2009,3/4,2009.3/4,정형외과,2
인제군,2009,4/4,2009.4/4,정형외과,2
인제군,2010,1/4,2010.1/4,정형외과,2
인제군,2010,2/4,2010.2/4,정형외과,2
인제군,2010,3/4,2010.3/4,정형외과,2
인제군,2010,4/4,2010.4/4,정형외과,1
인제군,2011,1/4,2011.1/4,정형외과,1
인제군,2011,2/4,2011.2/4,정형외과,1
인제군,2011,3/4,2011.3/4,정형외과,1
인제군,2011,4/4,2011.4/4,정형외과,1
인제군,2012,1/4,2012.1/4,정형외과,1
인제군,2012,2/4,2012.2/4,정형외과,1
인제군,2012,3/4,2012.3/4,정형외과,1
인제군,2012,4/4,2012.4/4,정형외과,1
인제군,2013,1/4,2013.1/4,정형외과,1
인제군,2013,2/4,2013.2/4,정형외과,1
인제군,2013,3/4,2013.3/4,정형외과,1
인제군,2013,4/4,2013.4/4,정형외과,1
인제군,2014,1/4,2014.1/4,정형외과,1
인제군,2014,2/4,2014.2/4,정형외과,1
인제군,2014,3/4,2014.3/4,정형외과,2
인제군,2014,4/4,2014.4/4,정형외과,1
인제군,2015,1/4,2015.1/4,정형외과,2
인제군,2015,2/4,2015.2/4,정형외과,1
인제군,2015,3/4,2015.3/4,정형외과,1
인제군,2015,4/4,2015.4/4,정형외과,1
인제군,2016,1/4,2016.1/4,정형외과,2
인제군,2016,2/4,2016.2/4,정형외과,2
인제군,2016,3/4,2016.3/4,정형외과,2
인제군,2016,4/4,2016.4/4,정형외과,1
인제군,2017,1/4,2017.1/4,정형외과,1
인제군,2017,2/4,2017.2/4,정형외과,1
인제군,2017,3/4,2017.3/4,정형외과,1
인제군,2017,4/4,2017.4/4,정형외과,1
인제군,2018,1/4,2018.1/4,정형외과,2
인제군,2018,2/4,2018.2/4,정형외과,2
인제군,2018,3/4,2018.3/4,정형외과,2
인제군,2018,4/4,2018.4/4,정형외과,1
인제군,2019,1/4,2019.1/4,정형외과,1
인제군,2019,2/4,2019.2/4,정형외과,1
인제군,2019,3/4,2019.3/4,정형외과,1
인제군,2019,4/4,2019.4/4,정형외과,1
인제군,2020,1/4,2020.1/4,정형외과,1
인제군,2020,2/4,2020.2/4,정형외과,1
인제군,2020,3/4,2020.3/4,정형외과,1
인제군,2020,4/4,2020.4/4,정형외과,1
인제군,2021,1/4,2021.1/4,정형외과,1
인제군,2021,2/4,2021.2/4,정형외과,1
인제군,2021,3/4,2021.3/4,정형외과,1
인제군,2021,4/4,2021.4/4,정형외과,1
인제군,2022,1/4,2022.1/4,정형외과,1
인제군,2022,2/4,2022.2/4,정형외과,1
인제군,2022,3/4,2022.3/4,정형외과,1
인제군,2022,4/4,2022.4/4,정형외과,1
인제군,2023,1/4,2023.1/4,정형외과,1
인제군,2023,2/4,2023.2/4,정형외과,1
인제군,2023,3/4,2023.3/4,정형외과,1
인제군,2023,4/4,2023.4/4,정형외과,1
인제군,2024,1/4,2024.1/4,정형외과,1
인제군,2024,2/4,2024.2/4,정형외과,1
인제군,2024,3/4,2024.3/4,정형외과,1
인제군,2024,4/4,2024.4/4,정형외과,3
인제군,2025,1/4,2025.1/4,정형외과,2
인제군,2025,2/4,2025.2/4,정형외과,1
인제군,2025,3/4,2025.3/4,정형외과,1
인제군,2025,4/4,2025.4/4,정형외과,1
인제군,2009,1/4,2009.1/4,직업환경의학과,0
인제군,2009,2/4,2009.2/4,직업환경의학과,0
인제군,2009,3/4,2009.3/4,직업환경의학과,0
인제군,2009,4/4,2009.4/4,직업환경의학과,0
인제군,2010,1/4,2010.1/4,직업환경의학과,0
인제군,2010,2/4,2010.2/4,직업환경의학과,0
인제군,2010,3/4,2010.3/4,직업환경의학과,0
인제군,2010,4/4,2010.4/4,직업환경의학과,0
인제군,2011,1/4,2011.1/4,직업환경의학과,0
인제군,2011,2/4,2011.2/4,직업환경의학과,0
인제군,2011,3/4,2011.3/4,직업환경의학과,0
인제군,2011,4/4,2011.4/4,직업환경의학과,0
인제군,2012,1/4,2012.1/4,직업환경의학과,0
인제군,2012,2/4,2012.2/4,직업환경의학과,0
인제군,2012,3/4,2012.3/4,직업환경의학과,0
인제군,2012,4/4,2012.4/4,직업환경의학과,0
인제군,2013,1/4,2013.1/4,직업환경의학과,0
인제군,2013,2/4,2013.2/4,직업환경의학과,0
인제군,2013,3/4,2013.3/4,직업환경의학과,0
인제군,2013,4/4,2013.4/4,직업환경의학과,0
인제군,2014,1/4,2014.1/4,직업환경의학과,0
인제군,2014,2/4,2014.2/4,직업환경의학과,0
인제군,2014,3/4,2014.3/4,직업환경의학과,0
인제군,2014,4/4,2014.4/4,직업환경의학과,0
인제군,2015,1/4,2015.1/4,직업환경의학과,0
인제군,2015,2/4,2015.2/4,직업환경의학과,0
인제군,2015,3/4,2015.3/4,직업환경의학과,0
인제군,2015,4/4,2015.4/4,직업환경의학과,0
인제군,2016,1/4,2016.1/4,직업환경의학과,0
인제군,2016,2/4,2016.2/4,직업환경의학과,0
인제군,2016,3/4,2016.3/4,직업환경의학과,0
인제군,2016,4/4,2016.4/4,직업환경의학과,0
인제군,2017,1/4,2017.1/4,직업환경의학과,0
인제군,2017,2/4,2017.2/4,직업환경의학과,0
인제군,2017,3/4,2017.3/4,직업환경의학과,0
인제군,2017,4/4,2017.4/4,직업환경의학과,0
인제군,2018,1/4,2018.1/4,직업환경의학과,0
인제군,2018,2/4,2018.2/4,직업환경의학과,0
인제군,2018,3/4,2018.3/4,직업환경의학과,0
인제군,2018,4/4,2018.4/4,직업환경의학과,0
인제군,2019,1/4,2019.1/4,직업환경의학과,0
인제군,2019,2/4,2019.2/4,직업환경의학과,0
인제군,2019,3/4,2019.3/4,직업환경의학과,0
인제군,2019,4/4,2019.4/4,직업환경의학과,0
인제군,2020,1/4,2020.1/4,직업환경의학과,0
인제군,2020,2/4,2020.2/4,직업환경의학과,0
인제군,2020,3/4,2020.3/4,직업환경의학과,0
인제군,2020,4/4,2020.4/4,직업환경의학과,0
인제군,2021,1/4,2021.1/4,직업환경의학과,0
인제군,2021,2/4,2021.2/4,직업환경의학과,0
인제군,2021,3/4,2021.3/4,직업환경의학과,0
인제군,2021,4/4,2021.4/4,직업환경의학과,0
인제군,2022,1/4,2022.1/4,직업환경의학과,0
인제군,2022,2/4,2022.2/4,직업환경의학과,0
인제군,2022,3/4,2022.3/4,직업환경의학과,0
인제군,2022,4/4,2022.4/4,직업환경의학과,0
인제군,2023,1/4,2023.1/4,직업환경의학과,0
인제군,2023,2/4,2023.2/4,직업환경의학과,0
인제군,2023,3/4,2023.3/4,직업환경의학과,0
인제군,2023,4/4,2023.4/4,직업환경의학과,0
인제군,2024,1/4,2024.1/4,직업환경의학과,0
인제군,2024,2/4,2024.2/4,직업환경의학과,0
인제군,2024,3/4,2024.3/4,직업환경의학과,0
인제군,2024,4/4,2024.4/4,직업환경의학과,0
인제군,2025,1/4,2025.1/4,직업환경의학과,0
인제군,2025,2/4,2025.2/4,직업환경의학과,0
인제군,2025,3/4,2025.3/4,직업환경의학과,0
인제군,2025,4/4,2025.4/4,직업환경의학과,0
인제군,2009,1/4,2009.1/4,진단검사의학과,0
인제군,2009,2/4,2009.2/4,진단검사의학과,0
인제군,2009,3/4,2009.3/4,진단검사의학과,0
인제군,2009,4/4,2009.4/4,진단검사의학과,0
인제군,2010,1/4,2010.1/4,진단검사의학과,0
인제군,2010,2/4,2010.2/4,진단검사의학과,0
인제군,2010,3/4,2010.3/4,진단검사의학과,0
인제군,2010,4/4,2010.4/4,진단검사의학과,0
인제군,2011,1/4,2011.1/4,진단검사의학과,0
인제군,2011,2/4,2011.2/4,진단검사의학과,0
인제군,2011,3/4,2011.3/4,진단검사의학과,0
인제군,2011,4/4,2011.4/4,진단검사의학과,0
인제군,2012,1/4,2012.1/4,진단검사의학과,0
인제군,2012,2/4,2012.2/4,진단검사의학과,0
인제군,2012,3/4,2012.3/4,진단검사의학과,0
인제군,2012,4/4,2012.4/4,진단검사의학과,0
인제군,2013,1/4,2013.1/4,진단검사의학과,0
인제군,2013,2/4,2013.2/4,진단검사의학과,0
인제군,2013,3/4,2013.3/4,진단검사의학과,0
인제군,2013,4/4,2013.4/4,진단검사의학과,0
인제군,2014,1/4,2014.1/4,진단검사의학과,0
인제군,2014,2/4,2014.2/4,진단검사의학과,0
인제군,2014,3/4,2014.3/4,진단검사의학과,0
인제군,2014,4/4,2014.4/4,진단검사의학과,0
인제군,2015,1/4,2015.1/4,진단검사의학과,0
인제군,2015,2/4,2015.2/4,진단검사의학과,0
인제군,2015,3/4,2015.3/4,진단검사의학과,0
인제군,2015,4/4,2015.4/4,진단검사의학과,0
인제군,2016,1/4,2016.1/4,진단검사의학과,0
인제군,2016,2/4,2016.2/4,진단검사의학과,0
인제군,2016,3/4,2016.3/4,진단검사의학과,0
인제군,2016,4/4,2016.4/4,진단검사의학과,0
인제군,2017,1/4,2017.1/4,진단검사의학과,0
인제군,2017,2/4,2017.2/4,진단검사의학과,0
인제군,2017,3/4,2017.3/4,진단검사의학과,0
인제군,2017,4/4,2017.4/4,진단검사의학과,0
인제군,2018,1/4,2018.1/4,진단검사의학과,0
인제군,2018,2/4,2018.2/4,진단검사의학과,0
인제군,2018,3/4,2018.3/4,진단검사의학과,0
인제군,2018,4/4,2018.4/4,진단검사의학과,0
인제군,2019,1/4,2019.1/4,진단검사의학과,0
인제군,2019,2/4,2019.2/4,진단검사의학과,0
인제군,2019,3/4,2019.3/4,진단검사의학과,0
인제군,2019,4/4,2019.4/4,진단검사의학과,0
인제군,2020,1/4,2020.1/4,진단검사의학과,0
인제군,2020,2/4,2020.2/4,진단검사의학과,0
인제군,2020,3/4,2020.3/4,진단검사의학과,0
인제군,2020,4/4,2020.4/4,진단검사의학과,0
인제군,2021,1/4,2021.1/4,진단검사의학과,0
인제군,2021,2/4,2021.2/4,진단검사의학과,0
인제군,2021,3/4,2021.3/4,진단검사의학과,0
인제군,2021,4/4,2021.4/4,진단검사의학과,0
인제군,2022,1/4,2022.1/4,진단검사의학과,0
인제군,2022,2/4,2022.2/4,진단검사의학과,0
인제군,2022,3/4,2022.3/4,진단검사의학과,0
인제군,2022,4/4,2022.4/4,진단검사의학과,0
인제군,2023,1/4,2023.1/4,진단검사의학과,0
인제군,2023,2/4,2023.2/4,진단검사의학과,0
인제군,2023,3/4,2023.3/4,진단검사의학과,0
인제군,2023,4/4,2023.4/4,진단검사의학과,0
인제군,2024,1/4,2024.1/4,진단검사의학과,0
인제군,2024,2/4,2024.2/4,진단검사의학과,0
인제군,2024,3/4,2024.3/4,진단검사의학과,0
인제군,2024,4/4,2024.4/4,진단검사의학과,0
인제군,2025,1/4,2025.1/4,진단검사의학과,0
인제군,2025,2/4,2025.2/4,진단검사의학과,0
인제군,2025,3/4,2025.3/4,진단검사의학과,0
인제군,2025,4/4,2025.4/4,진단검사의학과,0
인제군,2009,1/4,2009.1/4,피부과,0
인제군,2009,2/4,2009.2/4,피부과,0
인제군,2009,3/4,2009.3/4,피부과,0
인제군,2009,4/4,2009.4/4,피부과,0
인제군,2010,1/4,2010.1/4,피부과,0
인제군,2010,2/4,2010.2/4,피부과,0
인제군,2010,3/4,2010.3/4,피부과,0
인제군,2010,4/4,2010.4/4,피부과,0
인제군,2011,1/4,2011.1/4,피부과,0
인제군,2011,2/4,2011.2/4,피부과,0
인제군,2011,3/4,2011.3/4,피부과,0
인제군,2011,4/4,2011.4/4,피부과,0
인제군,2012,1/4,2012.1/4,피부과,0
인제군,2012,2/4,2012.2/4,피부과,1
인제군,2012,3/4,2012.3/4,피부과,1
인제군,2012,4/4,2012.4/4,피부과,1
인제군,2013,1/4,2013.1/4,피부과,1
인제군,2013,2/4,2013.2/4,피부과,1
인제군,2013,3/4,2013.3/4,피부과,1
인제군,2013,4/4,2013.4/4,피부과,1
인제군,2014,1/4,2014.1/4,피부과,1
인제군,2014,2/4,2014.2/4,피부과,1
인제군,2014,3/4,2014.3/4,피부과,1
인제군,2014,4/4,2014.4/4,피부과,1
인제군,2015,1/4,2015.1/4,피부과,1
인제군,2015,2/4,2015.2/4,피부과,0
인제군,2015,3/4,2015.3/4,피부과,0
인제군,2015,4/4,2015.4/4,피부과,0
인제군,2016,1/4,2016.1/4,피부과,0
인제군,2016,2/4,2016.2/4,피부과,0
인제군,2016,3/4,2016.3/4,피부과,0
인제군,2016,4/4,2016.4/4,피부과,0
인제군,2017,1/4,2017.1/4,피부과,0
인제군,2017,2/4,2017.2/4,피부과,0
인제군,2017,3/4,2017.3/4,피부과,0
인제군,2017,4/4,2017.4/4,피부과,0
인제군,2018,1/4,2018.1/4,피부과,0
인제군,2018,2/4,2018.2/4,피부과,0
인제군,2018,3/4,2018.3/4,피부과,0
인제군,2018,4/4,2018.4/4,피부과,0
인제군,2019,1/4,2019.1/4,피부과,0
인제군,2019,2/4,2019.2/4,피부과,0
인제군,2019,3/4,2019.3/4,피부과,0
인제군,2019,4/4,2019.4/4,피부과,0
인제군,2020,1/4,2020.1/4,피부과,0
인제군,2020,2/4,2020.2/4,피부과,0
인제군,2020,3/4,2020.3/4,피부과,0
인제군,2020,4/4,2020.4/4,피부과,0
인제군,2021,1/4,2021.1/4,피부과,0
인제군,2021,2/4,2021.2/4,피부과,0
인제군,2021,3/4,2021.3/4,피부과,0
인제군,2021,4/4,2021.4/4,피부과,0
인제군,2022,1/4,2022.1/4,피부과,0
인제군,2022,2/4,2022.2/4,피부과,0
인제군,2022,3/4,2022.3/4,피부과,0
인제군,2022,4/4,2022.4/4,피부과,0
인제군,2023,1/4,2023.1/4,피부과,0
인제군,2023,2/4,2023.2/4,피부과,0
인제군,2023,3/4,2023.3/4,피부과,0
인제군,2023,4/4,2023.4/4,피부과,0
인제군,2024,1/4,2024.1/4,피부과,0
인제군,2024,2/4,2024.2/4,피부과,0
인제군,2024,3/4,2024.3/4,피부과,0
인제군,2024,4/4,2024.4/4,피부과,1
인제군,2025,1/4,2025.1/4,피부과,1
인제군,2025,2/4,2025.2/4,피부과,0
인제군,2025,3/4,2025.3/4,피부과,0
인제군,2025,4/4,2025.4/4,피부과,0
인제군,2009,1/4,2009.1/4,핵의학과,0
인제군,2009,2/4,2009.2/4,핵의학과,0
인제군,2009,3/4,2009.3/4,핵의학과,0
인제군,2009,4/4,2009.4/4,핵의학과,0
인제군,2010,1/4,2010.1/4,핵의학과,0
인제군,2010,2/4,2010.2/4,핵의학과,0
인제군,2010,3/4,2010.3/4,핵의학과,0
인제군,2010,4/4,2010.4/4,핵의학과,0
인제군,2011,1/4,2011.1/4,핵의학과,0
인제군,2011,2/4,2011.2/4,핵의학과,0
인제군,2011,3/4,2011.3/4,핵의학과,0
인제군,2011,4/4,2011.4/4,핵의학과,0
인제군,2012,1/4,2012.1/4,핵의학과,0
인제군,2012,2/4,2012.2/4,핵의학과,0
인제군,2012,3/4,2012.3/4,핵의학과,0
인제군,2012,4/4,2012.4/4,핵의학과,0
인제군,2013,1/4,2013.1/4,핵의학과,0
인제군,2013,2/4,2013.2/4,핵의학과,0
인제군,2013,3/4,2013.3/4,핵의학과,0
인제군,2013,4/4,2013.4/4,핵의학과,0
인제군,2014,1/4,2014.1/4,핵의학과,0
인제군,2014,2/4,2014.2/4,핵의학과,0
인제군,2014,3/4,2014.3/4,핵의학과,0
인제군,2014,4/4,2014.4/4,핵의학과,0
인제군,2015,1/4,2015.1/4,핵의학과,0
인제군,2015,2/4,2015.2/4,핵의학과,0
인제군,2015,3/4,2015.3/4,핵의학과,0
인제군,2015,4/4,2015.4/4,핵의학과,0
인제군,2016,1/4,2016.1/4,핵의학과,0
인제군,2016,2/4,2016.2/4,핵의학과,0
인제군,2016,3/4,2016.3/4,핵의학과,0
인제군,2016,4/4,2016.4/4,핵의학과,0
인제군,2017,1/4,2017.1/4,핵의학과,0
인제군,2017,2/4,2017.2/4,핵의학과,0
인제군,2017,3/4,2017.3/4,핵의학과,0
인제군,2017,4/4,2017.4/4,핵의학과,0
인제군,2018,1/4,2018.1/4,핵의학과,0
인제군,2018,2/4,2018.2/4,핵의학과,0
인제군,2018,3/4,2018.3/4,핵의학과,0
인제군,2018,4/4,2018.4/4,핵의학과,0
인제군,2019,1/4,2019.1/4,핵의학과,0
인제군,2019,2/4,2019.2/4,핵의학과,0
인제군,2019,3/4,2019.3/4,핵의학과,0
인제군,2019,4/4,2019.4/4,핵의학과,0
인제군,2020,1/4,2020.1/4,핵의학과,0
인제군,2020,2/4,2020.2/4,핵의학과,0
인제군,2020,3/4,2020.3/4,핵의학과,0
인제군,2020,4/4,2020.4/4,핵의학과,0
인제군,2021,1/4,2021.1/4,핵의학과,0
인제군,2021,2/4,2021.2/4,핵의학과,0
인제군,2021,3/4,2021.3/4,핵의학과,0
인제군,2021,4/4,2021.4/4,핵의학과,0
인제군,2022,1/4,2022.1/4,핵의학과,0
인제군,2022,2/4,2022.2/4,핵의학과,0
인제군,2022,3/4,2022.3/4,핵의학과,0
인제군,2022,4/4,2022.4/4,핵의학과,0
인제군,2023,1/4,2023.1/4,핵의학과,0
인제군,2023,2/4,2023.2/4,핵의학과,0
인제군,2023,3/4,2023.3/4,핵의학과,0
인제군,2023,4/4,2023.4/4,핵의학과,0
인제군,2024,1/4,2024.1/4,핵의학과,0
인제군,2024,2/4,2024.2/4,핵의학과,0
인제군,2024,3/4,2024.3/4,핵의학과,0
인제군,2024,4/4,2024.4/4,핵의학과,0
인제군,2025,1/4,2025.1/4,핵의학과,0
인제군,2025,2/4,2025.2/4,핵의학과,0
인제군,2025,3/4,2025.3/4,핵의학과,0
인제군,2025,4/4,2025.4/4,핵의학과,0
정선군,2009,1/4,2009.1/4,가정의학과,1
정선군,2009,2/4,2009.2/4,가정의학과,1
정선군,2009,3/4,2009.3/4,가정의학과,1
정선군,2009,4/4,2009.4/4,가정의학과,1
정선군,2010,1/4,2010.1/4,가정의학과,1
정선군,2010,2/4,2010.2/4,가정의학과,2
정선군,2010,3/4,2010.3/4,가정의학과,2
정선군,2010,4/4,2010.4/4,가정의학과,2
정선군,2011,1/4,2011.1/4,가정의학과,2
정선군,2011,2/4,2011.2/4,가정의학과,2
정선군,2011,3/4,2011.3/4,가정의학과,2
정선군,2011,4/4,2011.4/4,가정의학과,2
정선군,2012,1/4,2012.1/4,가정의학과,2
정선군,2012,2/4,2012.2/4,가정의학과,2
정선군,2012,3/4,2012.3/4,가정의학과,2
정선군,2012,4/4,2012.4/4,가정의학과,2
정선군,2013,1/4,2013.1/4,가정의학과,2
정선군,2013,2/4,2013.2/4,가정의학과,1
정선군,2013,3/4,2013.3/4,가정의학과,1
정선군,2013,4/4,2013.4/4,가정의학과,2
정선군,2014,1/4,2014.1/4,가정의학과,2
정선군,2014,2/4,2014.2/4,가정의학과,2
정선군,2014,3/4,2014.3/4,가정의학과,2
정선군,2014,4/4,2014.4/4,가정의학과,3
정선군,2015,1/4,2015.1/4,가정의학과,3
정선군,2015,2/4,2015.2/4,가정의학과,3
정선군,2015,3/4,2015.3/4,가정의학과,2
정선군,2015,4/4,2015.4/4,가정의학과,2
정선군,2016,1/4,2016.1/4,가정의학과,2
정선군,2016,2/4,2016.2/4,가정의학과,2
정선군,2016,3/4,2016.3/4,가정의학과,3
정선군,2016,4/4,2016.4/4,가정의학과,4
정선군,2017,1/4,2017.1/4,가정의학과,4
정선군,2017,2/4,2017.2/4,가정의학과,4
정선군,2017,3/4,2017.3/4,가정의학과,4
정선군,2017,4/4,2017.4/4,가정의학과,4
정선군,2018,1/4,2018.1/4,가정의학과,4
정선군,2018,2/4,2018.2/4,가정의학과,4
정선군,2018,3/4,2018.3/4,가정의학과,4
정선군,2018,4/4,2018.4/4,가정의학과,4
정선군,2019,1/4,2019.1/4,가정의학과,4
정선군,2019,2/4,2019.2/4,가정의학과,4
정선군,2019,3/4,2019.3/4,가정의학과,3
정선군,2019,4/4,2019.4/4,가정의학과,3
정선군,2020,1/4,2020.1/4,가정의학과,3
정선군,2020,2/4,2020.2/4,가정의학과,3
정선군,2020,3/4,2020.3/4,가정의학과,3
정선군,2020,4/4,2020.4/4,가정의학과,3
정선군,2021,1/4,2021.1/4,가정의학과,3
정선군,2021,2/4,2021.2/4,가정의학과,3
정선군,2021,3/4,2021.3/4,가정의학과,4
정선군,2021,4/4,2021.4/4,가정의학과,3
정선군,2022,1/4,2022.1/4,가정의학과,2
정선군,2022,2/4,2022.2/4,가정의학과,2
정선군,2022,3/4,2022.3/4,가정의학과,3
정선군,2022,4/4,2022.4/4,가정의학과,4
정선군,2023,1/4,2023.1/4,가정의학과,3
정선군,2023,2/4,2023.2/4,가정의학과,4
정선군,2023,3/4,2023.3/4,가정의학과,3
정선군,2023,4/4,2023.4/4,가정의학과,3
정선군,2024,1/4,2024.1/4,가정의학과,3
정선군,2024,2/4,2024.2/4,가정의학과,3
정선군,2024,3/4,2024.3/4,가정의학과,3
정선군,2024,4/4,2024.4/4,가정의학과,3
정선군,2025,1/4,2025.1/4,가정의학과,3
정선군,2025,2/4,2025.2/4,가정의학과,4
정선군,2025,3/4,2025.3/4,가정의학과,4
정선군,2025,4/4,2025.4/4,가정의학과,3
정선군,2009,1/4,2009.1/4,결핵과,1
정선군,2009,2/4,2009.2/4,결핵과,1
정선군,2009,3/4,2009.3/4,결핵과,1
정선군,2009,4/4,2009.4/4,결핵과,1
정선군,2010,1/4,2010.1/4,결핵과,1
정선군,2010,2/4,2010.2/4,결핵과,0
정선군,2010,3/4,2010.3/4,결핵과,0
정선군,2010,4/4,2010.4/4,결핵과,0
정선군,2011,1/4,2011.1/4,결핵과,0
정선군,2011,2/4,2011.2/4,결핵과,0
정선군,2011,3/4,2011.3/4,결핵과,0
정선군,2011,4/4,2011.4/4,결핵과,0
정선군,2012,1/4,2012.1/4,결핵과,0
정선군,2012,2/4,2012.2/4,결핵과,0
정선군,2012,3/4,2012.3/4,결핵과,0
정선군,2012,4/4,2012.4/4,결핵과,0
정선군,2013,1/4,2013.1/4,결핵과,0
정선군,2013,2/4,2013.2/4,결핵과,0
정선군,2013,3/4,2013.3/4,결핵과,0
정선군,2013,4/4,2013.4/4,결핵과,0
정선군,2014,1/4,2014.1/4,결핵과,0
정선군,2014,2/4,2014.2/4,결핵과,0
정선군,2014,3/4,2014.3/4,결핵과,0
정선군,2014,4/4,2014.4/4,결핵과,0
정선군,2015,1/4,2015.1/4,결핵과,0
정선군,2015,2/4,2015.2/4,결핵과,0
정선군,2015,3/4,2015.3/4,결핵과,0
정선군,2015,4/4,2015.4/4,결핵과,0
정선군,2016,1/4,2016.1/4,결핵과,0
정선군,2016,2/4,2016.2/4,결핵과,0
정선군,2016,3/4,2016.3/4,결핵과,0
정선군,2016,4/4,2016.4/4,결핵과,0
정선군,2017,1/4,2017.1/4,결핵과,0
정선군,2017,2/4,2017.2/4,결핵과,0
정선군,2017,3/4,2017.3/4,결핵과,0
정선군,2017,4/4,2017.4/4,결핵과,0
정선군,2018,1/4,2018.1/4,결핵과,0
정선군,2018,2/4,2018.2/4,결핵과,0
정선군,2018,3/4,2018.3/4,결핵과,0
정선군,2018,4/4,2018.4/4,결핵과,0
정선군,2019,1/4,2019.1/4,결핵과,0
정선군,2019,2/4,2019.2/4,결핵과,0
정선군,2019,3/4,2019.3/4,결핵과,0
정선군,2019,4/4,2019.4/4,결핵과,0
정선군,2020,1/4,2020.1/4,결핵과,0
정선군,2020,2/4,2020.2/4,결핵과,0
정선군,2020,3/4,2020.3/4,결핵과,0
정선군,2020,4/4,2020.4/4,결핵과,0
정선군,2021,1/4,2021.1/4,결핵과,0
정선군,2021,2/4,2021.2/4,결핵과,0
정선군,2021,3/4,2021.3/4,결핵과,0
정선군,2021,4/4,2021.4/4,결핵과,0
정선군,2022,1/4,2022.1/4,결핵과,0
정선군,2022,2/4,2022.2/4,결핵과,0
정선군,2022,3/4,2022.3/4,결핵과,0
정선군,2022,4/4,2022.4/4,결핵과,0
정선군,2023,1/4,2023.1/4,결핵과,0
정선군,2023,2/4,2023.2/4,결핵과,0
정선군,2023,3/4,2023.3/4,결핵과,0
정선군,2023,4/4,2023.4/4,결핵과,0
정선군,2024,1/4,2024.1/4,결핵과,0
정선군,2024,2/4,2024.2/4,결핵과,0
정선군,2024,3/4,2024.3/4,결핵과,0
정선군,2024,4/4,2024.4/4,결핵과,0
정선군,2025,1/4,2025.1/4,결핵과,0
정선군,2025,2/4,2025.2/4,결핵과,0
정선군,2025,3/4,2025.3/4,결핵과,0
정선군,2025,4/4,2025.4/4,결핵과,0
정선군,2009,1/4,2009.1/4,내과,5
정선군,2009,2/4,2009.2/4,내과,5
정선군,2009,3/4,2009.3/4,내과,5
정선군,2009,4/4,2009.4/4,내과,4
정선군,2010,1/4,2010.1/4,내과,3
정선군,2010,2/4,2010.2/4,내과,3
정선군,2010,3/4,2010.3/4,내과,3
정선군,2010,4/4,2010.4/4,내과,4
정선군,2011,1/4,2011.1/4,내과,4
정선군,2011,2/4,2011.2/4,내과,4
정선군,2011,3/4,2011.3/4,내과,4
정선군,2011,4/4,2011.4/4,내과,4
정선군,2012,1/4,2012.1/4,내과,4
정선군,2012,2/4,2012.2/4,내과,3
정선군,2012,3/4,2012.3/4,내과,3
정선군,2012,4/4,2012.4/4,내과,4
정선군,2013,1/4,2013.1/4,내과,4
정선군,2013,2/4,2013.2/4,내과,4
정선군,2013,3/4,2013.3/4,내과,4
정선군,2013,4/4,2013.4/4,내과,3
정선군,2014,1/4,2014.1/4,내과,5
정선군,2014,2/4,2014.2/4,내과,2
정선군,2014,3/4,2014.3/4,내과,2
정선군,2014,4/4,2014.4/4,내과,2
정선군,2015,1/4,2015.1/4,내과,2
정선군,2015,2/4,2015.2/4,내과,3
정선군,2015,3/4,2015.3/4,내과,4
정선군,2015,4/4,2015.4/4,내과,4
정선군,2016,1/4,2016.1/4,내과,2
정선군,2016,2/4,2016.2/4,내과,3
정선군,2016,3/4,2016.3/4,내과,3
정선군,2016,4/4,2016.4/4,내과,3
정선군,2017,1/4,2017.1/4,내과,3
정선군,2017,2/4,2017.2/4,내과,3
정선군,2017,3/4,2017.3/4,내과,3
정선군,2017,4/4,2017.4/4,내과,3
정선군,2018,1/4,2018.1/4,내과,3
정선군,2018,2/4,2018.2/4,내과,3
정선군,2018,3/4,2018.3/4,내과,3
정선군,2018,4/4,2018.4/4,내과,3
정선군,2019,1/4,2019.1/4,내과,3
정선군,2019,2/4,2019.2/4,내과,3
정선군,2019,3/4,2019.3/4,내과,3
정선군,2019,4/4,2019.4/4,내과,3
정선군,2020,1/4,2020.1/4,내과,3
정선군,2020,2/4,2020.2/4,내과,3
정선군,2020,3/4,2020.3/4,내과,3
정선군,2020,4/4,2020.4/4,내과,3
정선군,2021,1/4,2021.1/4,내과,3
정선군,2021,2/4,2021.2/4,내과,3
정선군,2021,3/4,2021.3/4,내과,3
정선군,2021,4/4,2021.4/4,내과,3
정선군,2022,1/4,2022.1/4,내과,3
정선군,2022,2/4,2022.2/4,내과,3
정선군,2022,3/4,2022.3/4,내과,3
정선군,2022,4/4,2022.4/4,내과,3
정선군,2023,1/4,2023.1/4,내과,3
정선군,2023,2/4,2023.2/4,내과,3
정선군,2023,3/4,2023.3/4,내과,3
정선군,2023,4/4,2023.4/4,내과,3
정선군,2024,1/4,2024.1/4,내과,2
정선군,2024,2/4,2024.2/4,내과,2
정선군,2024,3/4,2024.3/4,내과,3
정선군,2024,4/4,2024.4/4,내과,3
정선군,2025,1/4,2025.1/4,내과,3
정선군,2025,2/4,2025.2/4,내과,3
정선군,2025,3/4,2025.3/4,내과,3
정선군,2025,4/4,2025.4/4,내과,3
정선군,2009,1/4,2009.1/4,마취통증의학과,1
정선군,2009,2/4,2009.2/4,마취통증의학과,3
정선군,2009,3/4,2009.3/4,마취통증의학과,3
정선군,2009,4/4,2009.4/4,마취통증의학과,2
정선군,2010,1/4,2010.1/4,마취통증의학과,2
정선군,2010,2/4,2010.2/4,마취통증의학과,2
정선군,2010,3/4,2010.3/4,마취통증의학과,2
정선군,2010,4/4,2010.4/4,마취통증의학과,2
정선군,2011,1/4,2011.1/4,마취통증의학과,2
정선군,2011,2/4,2011.2/4,마취통증의학과,1
정선군,2011,3/4,2011.3/4,마취통증의학과,1
정선군,2011,4/4,2011.4/4,마취통증의학과,1
정선군,2012,1/4,2012.1/4,마취통증의학과,1
정선군,2012,2/4,2012.2/4,마취통증의학과,0
정선군,2012,3/4,2012.3/4,마취통증의학과,0
정선군,2012,4/4,2012.4/4,마취통증의학과,0
정선군,2013,1/4,2013.1/4,마취통증의학과,0
정선군,2013,2/4,2013.2/4,마취통증의학과,2
정선군,2013,3/4,2013.3/4,마취통증의학과,2
정선군,2013,4/4,2013.4/4,마취통증의학과,2
정선군,2014,1/4,2014.1/4,마취통증의학과,2
정선군,2014,2/4,2014.2/4,마취통증의학과,2
정선군,2014,3/4,2014.3/4,마취통증의학과,2
정선군,2014,4/4,2014.4/4,마취통증의학과,1
정선군,2015,1/4,2015.1/4,마취통증의학과,1
정선군,2015,2/4,2015.2/4,마취통증의학과,1
정선군,2015,3/4,2015.3/4,마취통증의학과,1
정선군,2015,4/4,2015.4/4,마취통증의학과,1
정선군,2016,1/4,2016.1/4,마취통증의학과,1
정선군,2016,2/4,2016.2/4,마취통증의학과,0
정선군,2016,3/4,2016.3/4,마취통증의학과,0
정선군,2016,4/4,2016.4/4,마취통증의학과,0
정선군,2017,1/4,2017.1/4,마취통증의학과,0
정선군,2017,2/4,2017.2/4,마취통증의학과,0
정선군,2017,3/4,2017.3/4,마취통증의학과,0
정선군,2017,4/4,2017.4/4,마취통증의학과,0
정선군,2018,1/4,2018.1/4,마취통증의학과,0
정선군,2018,2/4,2018.2/4,마취통증의학과,0
정선군,2018,3/4,2018.3/4,마취통증의학과,0
정선군,2018,4/4,2018.4/4,마취통증의학과,0
정선군,2019,1/4,2019.1/4,마취통증의학과,0
정선군,2019,2/4,2019.2/4,마취통증의학과,0
정선군,2019,3/4,2019.3/4,마취통증의학과,0
정선군,2019,4/4,2019.4/4,마취통증의학과,0
정선군,2020,1/4,2020.1/4,마취통증의학과,0
정선군,2020,2/4,2020.2/4,마취통증의학과,0
정선군,2020,3/4,2020.3/4,마취통증의학과,0
정선군,2020,4/4,2020.4/4,마취통증의학과,0
정선군,2021,1/4,2021.1/4,마취통증의학과,0
정선군,2021,2/4,2021.2/4,마취통증의학과,0
정선군,2021,3/4,2021.3/4,마취통증의학과,0
정선군,2021,4/4,2021.4/4,마취통증의학과,0
정선군,2022,1/4,2022.1/4,마취통증의학과,0
정선군,2022,2/4,2022.2/4,마취통증의학과,0
정선군,2022,3/4,2022.3/4,마취통증의학과,0
정선군,2022,4/4,2022.4/4,마취통증의학과,0
정선군,2023,1/4,2023.1/4,마취통증의학과,0
정선군,2023,2/4,2023.2/4,마취통증의학과,0
정선군,2023,3/4,2023.3/4,마취통증의학과,0
정선군,2023,4/4,2023.4/4,마취통증의학과,0
정선군,2024,1/4,2024.1/4,마취통증의학과,0
정선군,2024,2/4,2024.2/4,마취통증의학과,0
정선군,2024,3/4,2024.3/4,마취통증의학과,0
정선군,2024,4/4,2024.4/4,마취통증의학과,0
정선군,2025,1/4,2025.1/4,마취통증의학과,0
정선군,2025,2/4,2025.2/4,마취통증의학과,0
정선군,2025,3/4,2025.3/4,마취통증의학과,0
정선군,2025,4/4,2025.4/4,마취통증의학과,0
정선군,2009,1/4,2009.1/4,방사선종양학과,0
정선군,2009,2/4,2009.2/4,방사선종양학과,0
정선군,2009,3/4,2009.3/4,방사선종양학과,0
정선군,2009,4/4,2009.4/4,방사선종양학과,0
정선군,2010,1/4,2010.1/4,방사선종양학과,0
정선군,2010,2/4,2010.2/4,방사선종양학과,0
정선군,2010,3/4,2010.3/4,방사선종양학과,0
정선군,2010,4/4,2010.4/4,방사선종양학과,0
정선군,2011,1/4,2011.1/4,방사선종양학과,0
정선군,2011,2/4,2011.2/4,방사선종양학과,0
정선군,2011,3/4,2011.3/4,방사선종양학과,0
정선군,2011,4/4,2011.4/4,방사선종양학과,0
정선군,2012,1/4,2012.1/4,방사선종양학과,0
정선군,2012,2/4,2012.2/4,방사선종양학과,0
정선군,2012,3/4,2012.3/4,방사선종양학과,0
정선군,2012,4/4,2012.4/4,방사선종양학과,0
정선군,2013,1/4,2013.1/4,방사선종양학과,0
정선군,2013,2/4,2013.2/4,방사선종양학과,0
정선군,2013,3/4,2013.3/4,방사선종양학과,0
정선군,2013,4/4,2013.4/4,방사선종양학과,0
정선군,2014,1/4,2014.1/4,방사선종양학과,0
정선군,2014,2/4,2014.2/4,방사선종양학과,0
정선군,2014,3/4,2014.3/4,방사선종양학과,0
정선군,2014,4/4,2014.4/4,방사선종양학과,0
정선군,2015,1/4,2015.1/4,방사선종양학과,0
정선군,2015,2/4,2015.2/4,방사선종양학과,0
정선군,2015,3/4,2015.3/4,방사선종양학과,0
정선군,2015,4/4,2015.4/4,방사선종양학과,0
정선군,2016,1/4,2016.1/4,방사선종양학과,0
정선군,2016,2/4,2016.2/4,방사선종양학과,0
정선군,2016,3/4,2016.3/4,방사선종양학과,0
정선군,2016,4/4,2016.4/4,방사선종양학과,0
정선군,2017,1/4,2017.1/4,방사선종양학과,0
정선군,2017,2/4,2017.2/4,방사선종양학과,0
정선군,2017,3/4,2017.3/4,방사선종양학과,0
정선군,2017,4/4,2017.4/4,방사선종양학과,0
정선군,2018,1/4,2018.1/4,방사선종양학과,0
정선군,2018,2/4,2018.2/4,방사선종양학과,0
정선군,2018,3/4,2018.3/4,방사선종양학과,0
정선군,2018,4/4,2018.4/4,방사선종양학과,0
정선군,2019,1/4,2019.1/4,방사선종양학과,0
정선군,2019,2/4,2019.2/4,방사선종양학과,0
정선군,2019,3/4,2019.3/4,방사선종양학과,0
정선군,2019,4/4,2019.4/4,방사선종양학과,0
정선군,2020,1/4,2020.1/4,방사선종양학과,0
정선군,2020,2/4,2020.2/4,방사선종양학과,0
정선군,2020,3/4,2020.3/4,방사선종양학과,0
정선군,2020,4/4,2020.4/4,방사선종양학과,0
정선군,2021,1/4,2021.1/4,방사선종양학과,0
정선군,2021,2/4,2021.2/4,방사선종양학과,0
정선군,2021,3/4,2021.3/4,방사선종양학과,0
정선군,2021,4/4,2021.4/4,방사선종양학과,0
정선군,2022,1/4,2022.1/4,방사선종양학과,0
정선군,2022,2/4,2022.2/4,방사선종양학과,0
정선군,2022,3/4,2022.3/4,방사선종양학과,0
정선군,2022,4/4,2022.4/4,방사선종양학과,0
정선군,2023,1/4,2023.1/4,방사선종양학과,0
정선군,2023,2/4,2023.2/4,방사선종양학과,0
정선군,2023,3/4,2023.3/4,방사선종양학과,0
정선군,2023,4/4,2023.4/4,방사선종양학과,0
정선군,2024,1/4,2024.1/4,방사선종양학과,0
정선군,2024,2/4,2024.2/4,방사선종양학과,0
정선군,2024,3/4,2024.3/4,방사선종양학과,0
정선군,2024,4/4,2024.4/4,방사선종양학과,0
정선군,2025,1/4,2025.1/4,방사선종양학과,0
정선군,2025,2/4,2025.2/4,방사선종양학과,0
정선군,2025,3/4,2025.3/4,방사선종양학과,0
정선군,2025,4/4,2025.4/4,방사선종양학과,0
정선군,2009,1/4,2009.1/4,병리과,1
정선군,2009,2/4,2009.2/4,병리과,1
정선군,2009,3/4,2009.3/4,병리과,1
정선군,2009,4/4,2009.4/4,병리과,0
정선군,2010,1/4,2010.1/4,병리과,0
정선군,2010,2/4,2010.2/4,병리과,0
정선군,2010,3/4,2010.3/4,병리과,0
정선군,2010,4/4,2010.4/4,병리과,0
정선군,2011,1/4,2011.1/4,병리과,0
정선군,2011,2/4,2011.2/4,병리과,0
정선군,2011,3/4,2011.3/4,병리과,0
정선군,2011,4/4,2011.4/4,병리과,0
정선군,2012,1/4,2012.1/4,병리과,0
정선군,2012,2/4,2012.2/4,병리과,0
정선군,2012,3/4,2012.3/4,병리과,0
정선군,2012,4/4,2012.4/4,병리과,0
정선군,2013,1/4,2013.1/4,병리과,0
정선군,2013,2/4,2013.2/4,병리과,0
정선군,2013,3/4,2013.3/4,병리과,0
정선군,2013,4/4,2013.4/4,병리과,0
정선군,2014,1/4,2014.1/4,병리과,0
정선군,2014,2/4,2014.2/4,병리과,0
정선군,2014,3/4,2014.3/4,병리과,0
정선군,2014,4/4,2014.4/4,병리과,0
정선군,2015,1/4,2015.1/4,병리과,0
정선군,2015,2/4,2015.2/4,병리과,0
정선군,2015,3/4,2015.3/4,병리과,0
정선군,2015,4/4,2015.4/4,병리과,0
정선군,2016,1/4,2016.1/4,병리과,0
정선군,2016,2/4,2016.2/4,병리과,0
정선군,2016,3/4,2016.3/4,병리과,0
정선군,2016,4/4,2016.4/4,병리과,0
정선군,2017,1/4,2017.1/4,병리과,0
정선군,2017,2/4,2017.2/4,병리과,0
정선군,2017,3/4,2017.3/4,병리과,0
정선군,2017,4/4,2017.4/4,병리과,0
정선군,2018,1/4,2018.1/4,병리과,0
정선군,2018,2/4,2018.2/4,병리과,0
정선군,2018,3/4,2018.3/4,병리과,0
정선군,2018,4/4,2018.4/4,병리과,0
정선군,2019,1/4,2019.1/4,병리과,0
정선군,2019,2/4,2019.2/4,병리과,0
정선군,2019,3/4,2019.3/4,병리과,0
정선군,2019,4/4,2019.4/4,병리과,0
정선군,2020,1/4,2020.1/4,병리과,0
정선군,2020,2/4,2020.2/4,병리과,0
정선군,2020,3/4,2020.3/4,병리과,0
정선군,2020,4/4,2020.4/4,병리과,0
정선군,2021,1/4,2021.1/4,병리과,0
정선군,2021,2/4,2021.2/4,병리과,0
정선군,2021,3/4,2021.3/4,병리과,0
정선군,2021,4/4,2021.4/4,병리과,0
정선군,2022,1/4,2022.1/4,병리과,0
정선군,2022,2/4,2022.2/4,병리과,0
정선군,2022,3/4,2022.3/4,병리과,0
정선군,2022,4/4,2022.4/4,병리과,0
정선군,2023,1/4,2023.1/4,병리과,0
정선군,2023,2/4,2023.2/4,병리과,0
정선군,2023,3/4,2023.3/4,병리과,0
정선군,2023,4/4,2023.4/4,병리과,0
정선군,2024,1/4,2024.1/4,병리과,0
정선군,2024,2/4,2024.2/4,병리과,0
정선군,2024,3/4,2024.3/4,병리과,0
정선군,2024,4/4,2024.4/4,병리과,0
정선군,2025,1/4,2025.1/4,병리과,0
정선군,2025,2/4,2025.2/4,병리과,0
정선군,2025,3/4,2025.3/4,병리과,0
정선군,2025,4/4,2025.4/4,병리과,0
정선군,2009,1/4,2009.1/4,비뇨의학과,0
정선군,2009,2/4,2009.2/4,비뇨의학과,0
정선군,2009,3/4,2009.3/4,비뇨의학과,0
정선군,2009,4/4,2009.4/4,비뇨의학과,0
정선군,2010,1/4,2010.1/4,비뇨의학과,0
정선군,2010,2/4,2010.2/4,비뇨의학과,0
정선군,2010,3/4,2010.3/4,비뇨의학과,0
정선군,2010,4/4,2010.4/4,비뇨의학과,0
정선군,2011,1/4,2011.1/4,비뇨의학과,0
정선군,2011,2/4,2011.2/4,비뇨의학과,1
정선군,2011,3/4,2011.3/4,비뇨의학과,1
정선군,2011,4/4,2011.4/4,비뇨의학과,1
정선군,2012,1/4,2012.1/4,비뇨의학과,1
정선군,2012,2/4,2012.2/4,비뇨의학과,1
정선군,2012,3/4,2012.3/4,비뇨의학과,1
정선군,2012,4/4,2012.4/4,비뇨의학과,1
정선군,2013,1/4,2013.1/4,비뇨의학과,1
정선군,2013,2/4,2013.2/4,비뇨의학과,1
정선군,2013,3/4,2013.3/4,비뇨의학과,1
정선군,2013,4/4,2013.4/4,비뇨의학과,1
정선군,2014,1/4,2014.1/4,비뇨의학과,1
정선군,2014,2/4,2014.2/4,비뇨의학과,1
정선군,2014,3/4,2014.3/4,비뇨의학과,1
정선군,2014,4/4,2014.4/4,비뇨의학과,1
정선군,2015,1/4,2015.1/4,비뇨의학과,1
정선군,2015,2/4,2015.2/4,비뇨의학과,1
정선군,2015,3/4,2015.3/4,비뇨의학과,1
정선군,2015,4/4,2015.4/4,비뇨의학과,1
정선군,2016,1/4,2016.1/4,비뇨의학과,1
정선군,2016,2/4,2016.2/4,비뇨의학과,2
정선군,2016,3/4,2016.3/4,비뇨의학과,2
정선군,2016,4/4,2016.4/4,비뇨의학과,2
정선군,2017,1/4,2017.1/4,비뇨의학과,2
정선군,2017,2/4,2017.2/4,비뇨의학과,2
정선군,2017,3/4,2017.3/4,비뇨의학과,2
정선군,2017,4/4,2017.4/4,비뇨의학과,2
정선군,2018,1/4,2018.1/4,비뇨의학과,2
정선군,2018,2/4,2018.2/4,비뇨의학과,1
정선군,2018,3/4,2018.3/4,비뇨의학과,1
정선군,2018,4/4,2018.4/4,비뇨의학과,1
정선군,2019,1/4,2019.1/4,비뇨의학과,1
정선군,2019,2/4,2019.2/4,비뇨의학과,2
정선군,2019,3/4,2019.3/4,비뇨의학과,2
정선군,2019,4/4,2019.4/4,비뇨의학과,2
정선군,2020,1/4,2020.1/4,비뇨의학과,0
정선군,2020,2/4,2020.2/4,비뇨의학과,0
정선군,2020,3/4,2020.3/4,비뇨의학과,0
정선군,2020,4/4,2020.4/4,비뇨의학과,0
정선군,2021,1/4,2021.1/4,비뇨의학과,0
정선군,2021,2/4,2021.2/4,비뇨의학과,0
정선군,2021,3/4,2021.3/4,비뇨의학과,0
정선군,2021,4/4,2021.4/4,비뇨의학과,0
정선군,2022,1/4,2022.1/4,비뇨의학과,0
정선군,2022,2/4,2022.2/4,비뇨의학과,0
정선군,2022,3/4,2022.3/4,비뇨의학과,0
정선군,2022,4/4,2022.4/4,비뇨의학과,0
정선군,2023,1/4,2023.1/4,비뇨의학과,0
정선군,2023,2/4,2023.2/4,비뇨의학과,0
정선군,2023,3/4,2023.3/4,비뇨의학과,0
정선군,2023,4/4,2023.4/4,비뇨의학과,0
정선군,2024,1/4,2024.1/4,비뇨의학과,0
정선군,2024,2/4,2024.2/4,비뇨의학과,0
정선군,2024,3/4,2024.3/4,비뇨의학과,0
정선군,2024,4/4,2024.4/4,비뇨의학과,0
정선군,2025,1/4,2025.1/4,비뇨의학과,0
정선군,2025,2/4,2025.2/4,비뇨의학과,0
정선군,2025,3/4,2025.3/4,비뇨의학과,0
정선군,2025,4/4,2025.4/4,비뇨의학과,0
정선군,2009,1/4,2009.1/4,산부인과,1
정선군,2009,2/4,2009.2/4,산부인과,1
정선군,2009,3/4,2009.3/4,산부인과,1
정선군,2009,4/4,2009.4/4,산부인과,0
정선군,2010,1/4,2010.1/4,산부인과,1
정선군,2010,2/4,2010.2/4,산부인과,0
정선군,2010,3/4,2010.3/4,산부인과,0
정선군,2010,4/4,2010.4/4,산부인과,0
정선군,2011,1/4,2011.1/4,산부인과,0
정선군,2011,2/4,2011.2/4,산부인과,0
정선군,2011,3/4,2011.3/4,산부인과,0
정선군,2011,4/4,2011.4/4,산부인과,0
정선군,2012,1/4,2012.1/4,산부인과,1
정선군,2012,2/4,2012.2/4,산부인과,0
정선군,2012,3/4,2012.3/4,산부인과,2
정선군,2012,4/4,2012.4/4,산부인과,1
정선군,2013,1/4,2013.1/4,산부인과,1
정선군,2013,2/4,2013.2/4,산부인과,0
정선군,2013,3/4,2013.3/4,산부인과,0
정선군,2013,4/4,2013.4/4,산부인과,0
정선군,2014,1/4,2014.1/4,산부인과,0
정선군,2014,2/4,2014.2/4,산부인과,0
정선군,2014,3/4,2014.3/4,산부인과,0
정선군,2014,4/4,2014.4/4,산부인과,0
정선군,2015,1/4,2015.1/4,산부인과,0
정선군,2015,2/4,2015.2/4,산부인과,1
정선군,2015,3/4,2015.3/4,산부인과,1
정선군,2015,4/4,2015.4/4,산부인과,0
정선군,2016,1/4,2016.1/4,산부인과,0
정선군,2016,2/4,2016.2/4,산부인과,0
정선군,2016,3/4,2016.3/4,산부인과,0
정선군,2016,4/4,2016.4/4,산부인과,0
정선군,2017,1/4,2017.1/4,산부인과,0
정선군,2017,2/4,2017.2/4,산부인과,0
정선군,2017,3/4,2017.3/4,산부인과,0
정선군,2017,4/4,2017.4/4,산부인과,0
정선군,2018,1/4,2018.1/4,산부인과,0
정선군,2018,2/4,2018.2/4,산부인과,0
정선군,2018,3/4,2018.3/4,산부인과,0
정선군,2018,4/4,2018.4/4,산부인과,0
정선군,2019,1/4,2019.1/4,산부인과,0
정선군,2019,2/4,2019.2/4,산부인과,0
정선군,2019,3/4,2019.3/4,산부인과,0
정선군,2019,4/4,2019.4/4,산부인과,0
정선군,2020,1/4,2020.1/4,산부인과,0
정선군,2020,2/4,2020.2/4,산부인과,0
정선군,2020,3/4,2020.3/4,산부인과,0
정선군,2020,4/4,2020.4/4,산부인과,0
정선군,2021,1/4,2021.1/4,산부인과,0
정선군,2021,2/4,2021.2/4,산부인과,0
정선군,2021,3/4,2021.3/4,산부인과,0
정선군,2021,4/4,2021.4/4,산부인과,0
정선군,2022,1/4,2022.1/4,산부인과,1
정선군,2022,2/4,2022.2/4,산부인과,1
정선군,2022,3/4,2022.3/4,산부인과,1
정선군,2022,4/4,2022.4/4,산부인과,0
정선군,2023,1/4,2023.1/4,산부인과,0
정선군,2023,2/4,2023.2/4,산부인과,0
정선군,2023,3/4,2023.3/4,산부인과,0
정선군,2023,4/4,2023.4/4,산부인과,0
정선군,2024,1/4,2024.1/4,산부인과,0
정선군,2024,2/4,2024.2/4,산부인과,0
정선군,2024,3/4,2024.3/4,산부인과,0
정선군,2024,4/4,2024.4/4,산부인과,1
정선군,2025,1/4,2025.1/4,산부인과,1
정선군,2025,2/4,2025.2/4,산부인과,1
정선군,2025,3/4,2025.3/4,산부인과,1
정선군,2025,4/4,2025.4/4,산부인과,1
정선군,2009,1/4,2009.1/4,성형외과,0
정선군,2009,2/4,2009.2/4,성형외과,0
정선군,2009,3/4,2009.3/4,성형외과,0
정선군,2009,4/4,2009.4/4,성형외과,0
정선군,2010,1/4,2010.1/4,성형외과,0
정선군,2010,2/4,2010.2/4,성형외과,0
정선군,2010,3/4,2010.3/4,성형외과,0
정선군,2010,4/4,2010.4/4,성형외과,0
정선군,2011,1/4,2011.1/4,성형외과,0
정선군,2011,2/4,2011.2/4,성형외과,0
정선군,2011,3/4,2011.3/4,성형외과,0
정선군,2011,4/4,2011.4/4,성형외과,0
정선군,2012,1/4,2012.1/4,성형외과,0
정선군,2012,2/4,2012.2/4,성형외과,1
정선군,2012,3/4,2012.3/4,성형외과,1
정선군,2012,4/4,2012.4/4,성형외과,1
정선군,2013,1/4,2013.1/4,성형외과,1
정선군,2013,2/4,2013.2/4,성형외과,0
정선군,2013,3/4,2013.3/4,성형외과,0
정선군,2013,4/4,2013.4/4,성형외과,0
정선군,2014,1/4,2014.1/4,성형외과,0
정선군,2014,2/4,2014.2/4,성형외과,0
정선군,2014,3/4,2014.3/4,성형외과,0
정선군,2014,4/4,2014.4/4,성형외과,0
정선군,2015,1/4,2015.1/4,성형외과,0
정선군,2015,2/4,2015.2/4,성형외과,0
정선군,2015,3/4,2015.3/4,성형외과,0
정선군,2015,4/4,2015.4/4,성형외과,0
정선군,2016,1/4,2016.1/4,성형외과,0
정선군,2016,2/4,2016.2/4,성형외과,0
정선군,2016,3/4,2016.3/4,성형외과,0
정선군,2016,4/4,2016.4/4,성형외과,0
정선군,2017,1/4,2017.1/4,성형외과,1
정선군,2017,2/4,2017.2/4,성형외과,2
정선군,2017,3/4,2017.3/4,성형외과,1
정선군,2017,4/4,2017.4/4,성형외과,1
정선군,2018,1/4,2018.1/4,성형외과,1
정선군,2018,2/4,2018.2/4,성형외과,1
정선군,2018,3/4,2018.3/4,성형외과,1
정선군,2018,4/4,2018.4/4,성형외과,1
정선군,2019,1/4,2019.1/4,성형외과,1
정선군,2019,2/4,2019.2/4,성형외과,1
정선군,2019,3/4,2019.3/4,성형외과,1
정선군,2019,4/4,2019.4/4,성형외과,1
정선군,2020,1/4,2020.1/4,성형외과,1
정선군,2020,2/4,2020.2/4,성형외과,0
정선군,2020,3/4,2020.3/4,성형외과,0
정선군,2020,4/4,2020.4/4,성형외과,0
정선군,2021,1/4,2021.1/4,성형외과,0
정선군,2021,2/4,2021.2/4,성형외과,1
정선군,2021,3/4,2021.3/4,성형외과,1
정선군,2021,4/4,2021.4/4,성형외과,1
정선군,2022,1/4,2022.1/4,성형외과,1
정선군,2022,2/4,2022.2/4,성형외과,1
정선군,2022,3/4,2022.3/4,성형외과,1
정선군,2022,4/4,2022.4/4,성형외과,1
정선군,2023,1/4,2023.1/4,성형외과,1
정선군,2023,2/4,2023.2/4,성형외과,1
정선군,2023,3/4,2023.3/4,성형외과,1
정선군,2023,4/4,2023.4/4,성형외과,1
정선군,2024,1/4,2024.1/4,성형외과,1
정선군,2024,2/4,2024.2/4,성형외과,1
정선군,2024,3/4,2024.3/4,성형외과,1
정선군,2024,4/4,2024.4/4,성형외과,1
정선군,2025,1/4,2025.1/4,성형외과,1
정선군,2025,2/4,2025.2/4,성형외과,1
정선군,2025,3/4,2025.3/4,성형외과,1
정선군,2025,4/4,2025.4/4,성형외과,1
정선군,2009,1/4,2009.1/4,소아청소년과,1
정선군,2009,2/4,2009.2/4,소아청소년과,1
정선군,2009,3/4,2009.3/4,소아청소년과,1
정선군,2009,4/4,2009.4/4,소아청소년과,1
정선군,2010,1/4,2010.1/4,소아청소년과,1
정선군,2010,2/4,2010.2/4,소아청소년과,2
정선군,2010,3/4,2010.3/4,소아청소년과,2
정선군,2010,4/4,2010.4/4,소아청소년과,2
정선군,2011,1/4,2011.1/4,소아청소년과,2
정선군,2011,2/4,2011.2/4,소아청소년과,1
정선군,2011,3/4,2011.3/4,소아청소년과,1
정선군,2011,4/4,2011.4/4,소아청소년과,1
정선군,2012,1/4,2012.1/4,소아청소년과,1
정선군,2012,2/4,2012.2/4,소아청소년과,0
정선군,2012,3/4,2012.3/4,소아청소년과,0
정선군,2012,4/4,2012.4/4,소아청소년과,0
정선군,2013,1/4,2013.1/4,소아청소년과,0
정선군,2013,2/4,2013.2/4,소아청소년과,0
정선군,2013,3/4,2013.3/4,소아청소년과,0
정선군,2013,4/4,2013.4/4,소아청소년과,0
정선군,2014,1/4,2014.1/4,소아청소년과,0
정선군,2014,2/4,2014.2/4,소아청소년과,0
정선군,2014,3/4,2014.3/4,소아청소년과,0
정선군,2014,4/4,2014.4/4,소아청소년과,0
정선군,2015,1/4,2015.1/4,소아청소년과,0
정선군,2015,2/4,2015.2/4,소아청소년과,0
정선군,2015,3/4,2015.3/4,소아청소년과,0
정선군,2015,4/4,2015.4/4,소아청소년과,0
정선군,2016,1/4,2016.1/4,소아청소년과,0
정선군,2016,2/4,2016.2/4,소아청소년과,0
정선군,2016,3/4,2016.3/4,소아청소년과,1
정선군,2016,4/4,2016.4/4,소아청소년과,1
정선군,2017,1/4,2017.1/4,소아청소년과,1
정선군,2017,2/4,2017.2/4,소아청소년과,1
정선군,2017,3/4,2017.3/4,소아청소년과,1
정선군,2017,4/4,2017.4/4,소아청소년과,1
정선군,2018,1/4,2018.1/4,소아청소년과,1
정선군,2018,2/4,2018.2/4,소아청소년과,1
정선군,2018,3/4,2018.3/4,소아청소년과,1
정선군,2018,4/4,2018.4/4,소아청소년과,1
정선군,2019,1/4,2019.1/4,소아청소년과,1
정선군,2019,2/4,2019.2/4,소아청소년과,1
정선군,2019,3/4,2019.3/4,소아청소년과,1
정선군,2019,4/4,2019.4/4,소아청소년과,1
정선군,2020,1/4,2020.1/4,소아청소년과,1
정선군,2020,2/4,2020.2/4,소아청소년과,3
정선군,2020,3/4,2020.3/4,소아청소년과,4
정선군,2020,4/4,2020.4/4,소아청소년과,4
정선군,2021,1/4,2021.1/4,소아청소년과,4
정선군,2021,2/4,2021.2/4,소아청소년과,4
정선군,2021,3/4,2021.3/4,소아청소년과,4
정선군,2021,4/4,2021.4/4,소아청소년과,4
정선군,2022,1/4,2022.1/4,소아청소년과,4
정선군,2022,2/4,2022.2/4,소아청소년과,4
정선군,2022,3/4,2022.3/4,소아청소년과,3
정선군,2022,4/4,2022.4/4,소아청소년과,3
정선군,2023,1/4,2023.1/4,소아청소년과,1
정선군,2023,2/4,2023.2/4,소아청소년과,2
정선군,2023,3/4,2023.3/4,소아청소년과,2
정선군,2023,4/4,2023.4/4,소아청소년과,2
정선군,2024,1/4,2024.1/4,소아청소년과,2
정선군,2024,2/4,2024.2/4,소아청소년과,2
정선군,2024,3/4,2024.3/4,소아청소년과,2
정선군,2024,4/4,2024.4/4,소아청소년과,2
정선군,2025,1/4,2025.1/4,소아청소년과,2
정선군,2025,2/4,2025.2/4,소아청소년과,2
정선군,2025,3/4,2025.3/4,소아청소년과,2
정선군,2025,4/4,2025.4/4,소아청소년과,2
정선군,2009,1/4,2009.1/4,신경과,0
정선군,2009,2/4,2009.2/4,신경과,0
정선군,2009,3/4,2009.3/4,신경과,0
정선군,2009,4/4,2009.4/4,신경과,0
정선군,2010,1/4,2010.1/4,신경과,0
정선군,2010,2/4,2010.2/4,신경과,0
정선군,2010,3/4,2010.3/4,신경과,0
정선군,2010,4/4,2010.4/4,신경과,0
정선군,2011,1/4,2011.1/4,신경과,0
정선군,2011,2/4,2011.2/4,신경과,0
정선군,2011,3/4,2011.3/4,신경과,0
정선군,2011,4/4,2011.4/4,신경과,0
정선군,2012,1/4,2012.1/4,신경과,0
정선군,2012,2/4,2012.2/4,신경과,0
정선군,2012,3/4,2012.3/4,신경과,0
정선군,2012,4/4,2012.4/4,신경과,0
정선군,2013,1/4,2013.1/4,신경과,0
정선군,2013,2/4,2013.2/4,신경과,0
정선군,2013,3/4,2013.3/4,신경과,0
정선군,2013,4/4,2013.4/4,신경과,0
정선군,2014,1/4,2014.1/4,신경과,0
정선군,2014,2/4,2014.2/4,신경과,1
정선군,2014,3/4,2014.3/4,신경과,1
정선군,2014,4/4,2014.4/4,신경과,1
정선군,2015,1/4,2015.1/4,신경과,1
정선군,2015,2/4,2015.2/4,신경과,1
정선군,2015,3/4,2015.3/4,신경과,1
정선군,2015,4/4,2015.4/4,신경과,1
정선군,2016,1/4,2016.1/4,신경과,1
정선군,2016,2/4,2016.2/4,신경과,1
정선군,2016,3/4,2016.3/4,신경과,1
정선군,2016,4/4,2016.4/4,신경과,1
정선군,2017,1/4,2017.1/4,신경과,1
정선군,2017,2/4,2017.2/4,신경과,0
정선군,2017,3/4,2017.3/4,신경과,0
정선군,2017,4/4,2017.4/4,신경과,0
정선군,2018,1/4,2018.1/4,신경과,0
정선군,2018,2/4,2018.2/4,신경과,0
정선군,2018,3/4,2018.3/4,신경과,0
정선군,2018,4/4,2018.4/4,신경과,0
정선군,2019,1/4,2019.1/4,신경과,0
정선군,2019,2/4,2019.2/4,신경과,0
정선군,2019,3/4,2019.3/4,신경과,0
정선군,2019,4/4,2019.4/4,신경과,0
정선군,2020,1/4,2020.1/4,신경과,0
정선군,2020,2/4,2020.2/4,신경과,0
정선군,2020,3/4,2020.3/4,신경과,0
정선군,2020,4/4,2020.4/4,신경과,0
정선군,2021,1/4,2021.1/4,신경과,0
정선군,2021,2/4,2021.2/4,신경과,0
정선군,2021,3/4,2021.3/4,신경과,0
정선군,2021,4/4,2021.4/4,신경과,0
정선군,2022,1/4,2022.1/4,신경과,0
정선군,2022,2/4,2022.2/4,신경과,0
정선군,2022,3/4,2022.3/4,신경과,0
정선군,2022,4/4,2022.4/4,신경과,0
정선군,2023,1/4,2023.1/4,신경과,0
정선군,2023,2/4,2023.2/4,신경과,0
정선군,2023,3/4,2023.3/4,신경과,0
정선군,2023,4/4,2023.4/4,신경과,0
정선군,2024,1/4,2024.1/4,신경과,0
정선군,2024,2/4,2024.2/4,신경과,0
정선군,2024,3/4,2024.3/4,신경과,0
정선군,2024,4/4,2024.4/4,신경과,0
정선군,2025,1/4,2025.1/4,신경과,0
정선군,2025,2/4,2025.2/4,신경과,0
정선군,2025,3/4,2025.3/4,신경과,0
정선군,2025,4/4,2025.4/4,신경과,0
정선군,2009,1/4,2009.1/4,신경외과,2
정선군,2009,2/4,2009.2/4,신경외과,1
정선군,2009,3/4,2009.3/4,신경외과,1
정선군,2009,4/4,2009.4/4,신경외과,1
정선군,2010,1/4,2010.1/4,신경외과,1
정선군,2010,2/4,2010.2/4,신경외과,0
정선군,2010,3/4,2010.3/4,신경외과,0
정선군,2010,4/4,2010.4/4,신경외과,0
정선군,2011,1/4,2011.1/4,신경외과,0
정선군,2011,2/4,2011.2/4,신경외과,0
정선군,2011,3/4,2011.3/4,신경외과,0
정선군,2011,4/4,2011.4/4,신경외과,0
정선군,2012,1/4,2012.1/4,신경외과,0
정선군,2012,2/4,2012.2/4,신경외과,1
정선군,2012,3/4,2012.3/4,신경외과,1
정선군,2012,4/4,2012.4/4,신경외과,1
정선군,2013,1/4,2013.1/4,신경외과,1
정선군,2013,2/4,2013.2/4,신경외과,1
정선군,2013,3/4,2013.3/4,신경외과,1
정선군,2013,4/4,2013.4/4,신경외과,1
정선군,2014,1/4,2014.1/4,신경외과,1
정선군,2014,2/4,2014.2/4,신경외과,1
정선군,2014,3/4,2014.3/4,신경외과,1
정선군,2014,4/4,2014.4/4,신경외과,1
정선군,2015,1/4,2015.1/4,신경외과,1
정선군,2015,2/4,2015.2/4,신경외과,1
정선군,2015,3/4,2015.3/4,신경외과,1
정선군,2015,4/4,2015.4/4,신경외과,1
정선군,2016,1/4,2016.1/4,신경외과,1
정선군,2016,2/4,2016.2/4,신경외과,1
정선군,2016,3/4,2016.3/4,신경외과,1
정선군,2016,4/4,2016.4/4,신경외과,1
정선군,2017,1/4,2017.1/4,신경외과,1
정선군,2017,2/4,2017.2/4,신경외과,1
정선군,2017,3/4,2017.3/4,신경외과,1
정선군,2017,4/4,2017.4/4,신경외과,1
정선군,2018,1/4,2018.1/4,신경외과,1
정선군,2018,2/4,2018.2/4,신경외과,0
정선군,2018,3/4,2018.3/4,신경외과,0
정선군,2018,4/4,2018.4/4,신경외과,0
정선군,2019,1/4,2019.1/4,신경외과,0
정선군,2019,2/4,2019.2/4,신경외과,0
정선군,2019,3/4,2019.3/4,신경외과,0
정선군,2019,4/4,2019.4/4,신경외과,0
정선군,2020,1/4,2020.1/4,신경외과,0
정선군,2020,2/4,2020.2/4,신경외과,0
정선군,2020,3/4,2020.3/4,신경외과,0
정선군,2020,4/4,2020.4/4,신경외과,0
정선군,2021,1/4,2021.1/4,신경외과,0
정선군,2021,2/4,2021.2/4,신경외과,0
정선군,2021,3/4,2021.3/4,신경외과,0
정선군,2021,4/4,2021.4/4,신경외과,0
정선군,2022,1/4,2022.1/4,신경외과,0
정선군,2022,2/4,2022.2/4,신경외과,0
정선군,2022,3/4,2022.3/4,신경외과,0
정선군,2022,4/4,2022.4/4,신경외과,0
정선군,2023,1/4,2023.1/4,신경외과,0
정선군,2023,2/4,2023.2/4,신경외과,0
정선군,2023,3/4,2023.3/4,신경외과,0
정선군,2023,4/4,2023.4/4,신경외과,0
정선군,2024,1/4,2024.1/4,신경외과,0
정선군,2024,2/4,2024.2/4,신경외과,0
정선군,2024,3/4,2024.3/4,신경외과,0
정선군,2024,4/4,2024.4/4,신경외과,0
정선군,2025,1/4,2025.1/4,신경외과,0
정선군,2025,2/4,2025.2/4,신경외과,0
정선군,2025,3/4,2025.3/4,신경외과,0
정선군,2025,4/4,2025.4/4,신경외과,0
정선군,2009,1/4,2009.1/4,심장혈관흉부외과,1
정선군,2009,2/4,2009.2/4,심장혈관흉부외과,1
정선군,2009,3/4,2009.3/4,심장혈관흉부외과,1
정선군,2009,4/4,2009.4/4,심장혈관흉부외과,1
정선군,2010,1/4,2010.1/4,심장혈관흉부외과,1
정선군,2010,2/4,2010.2/4,심장혈관흉부외과,1
정선군,2010,3/4,2010.3/4,심장혈관흉부외과,1
정선군,2010,4/4,2010.4/4,심장혈관흉부외과,1
정선군,2011,1/4,2011.1/4,심장혈관흉부외과,1
정선군,2011,2/4,2011.2/4,심장혈관흉부외과,1
정선군,2011,3/4,2011.3/4,심장혈관흉부외과,1
정선군,2011,4/4,2011.4/4,심장혈관흉부외과,1
정선군,2012,1/4,2012.1/4,심장혈관흉부외과,1
정선군,2012,2/4,2012.2/4,심장혈관흉부외과,1
정선군,2012,3/4,2012.3/4,심장혈관흉부외과,1
정선군,2012,4/4,2012.4/4,심장혈관흉부외과,1
정선군,2013,1/4,2013.1/4,심장혈관흉부외과,1
정선군,2013,2/4,2013.2/4,심장혈관흉부외과,1
정선군,2013,3/4,2013.3/4,심장혈관흉부외과,1
정선군,2013,4/4,2013.4/4,심장혈관흉부외과,1
정선군,2014,1/4,2014.1/4,심장혈관흉부외과,1
정선군,2014,2/4,2014.2/4,심장혈관흉부외과,1
정선군,2014,3/4,2014.3/4,심장혈관흉부외과,1
정선군,2014,4/4,2014.4/4,심장혈관흉부외과,1
정선군,2015,1/4,2015.1/4,심장혈관흉부외과,1
정선군,2015,2/4,2015.2/4,심장혈관흉부외과,1
정선군,2015,3/4,2015.3/4,심장혈관흉부외과,1
정선군,2015,4/4,2015.4/4,심장혈관흉부외과,1
정선군,2016,1/4,2016.1/4,심장혈관흉부외과,1
정선군,2016,2/4,2016.2/4,심장혈관흉부외과,1
정선군,2016,3/4,2016.3/4,심장혈관흉부외과,1
정선군,2016,4/4,2016.4/4,심장혈관흉부외과,1
정선군,2017,1/4,2017.1/4,심장혈관흉부외과,1
정선군,2017,2/4,2017.2/4,심장혈관흉부외과,1
정선군,2017,3/4,2017.3/4,심장혈관흉부외과,1
정선군,2017,4/4,2017.4/4,심장혈관흉부외과,1
정선군,2018,1/4,2018.1/4,심장혈관흉부외과,1
정선군,2018,2/4,2018.2/4,심장혈관흉부외과,1
정선군,2018,3/4,2018.3/4,심장혈관흉부외과,1
정선군,2018,4/4,2018.4/4,심장혈관흉부외과,1
정선군,2019,1/4,2019.1/4,심장혈관흉부외과,1
정선군,2019,2/4,2019.2/4,심장혈관흉부외과,1
정선군,2019,3/4,2019.3/4,심장혈관흉부외과,1
정선군,2019,4/4,2019.4/4,심장혈관흉부외과,1
정선군,2020,1/4,2020.1/4,심장혈관흉부외과,1
정선군,2020,2/4,2020.2/4,심장혈관흉부외과,1
정선군,2020,3/4,2020.3/4,심장혈관흉부외과,1
정선군,2020,4/4,2020.4/4,심장혈관흉부외과,1
정선군,2021,1/4,2021.1/4,심장혈관흉부외과,1
정선군,2021,2/4,2021.2/4,심장혈관흉부외과,1
정선군,2021,3/4,2021.3/4,심장혈관흉부외과,1
정선군,2021,4/4,2021.4/4,심장혈관흉부외과,1
정선군,2022,1/4,2022.1/4,심장혈관흉부외과,1
정선군,2022,2/4,2022.2/4,심장혈관흉부외과,1
정선군,2022,3/4,2022.3/4,심장혈관흉부외과,1
정선군,2022,4/4,2022.4/4,심장혈관흉부외과,1
정선군,2023,1/4,2023.1/4,심장혈관흉부외과,1
정선군,2023,2/4,2023.2/4,심장혈관흉부외과,1
정선군,2023,3/4,2023.3/4,심장혈관흉부외과,1
정선군,2023,4/4,2023.4/4,심장혈관흉부외과,1
정선군,2024,1/4,2024.1/4,심장혈관흉부외과,1
정선군,2024,2/4,2024.2/4,심장혈관흉부외과,1
정선군,2024,3/4,2024.3/4,심장혈관흉부외과,1
정선군,2024,4/4,2024.4/4,심장혈관흉부외과,1
정선군,2025,1/4,2025.1/4,심장혈관흉부외과,1
정선군,2025,2/4,2025.2/4,심장혈관흉부외과,1
정선군,2025,3/4,2025.3/4,심장혈관흉부외과,1
정선군,2025,4/4,2025.4/4,심장혈관흉부외과,1
정선군,2009,1/4,2009.1/4,안과,1
정선군,2009,2/4,2009.2/4,안과,1
정선군,2009,3/4,2009.3/4,안과,1
정선군,2009,4/4,2009.4/4,안과,1
정선군,2010,1/4,2010.1/4,안과,0
정선군,2010,2/4,2010.2/4,안과,1
정선군,2010,3/4,2010.3/4,안과,1
정선군,2010,4/4,2010.4/4,안과,1
정선군,2011,1/4,2011.1/4,안과,1
정선군,2011,2/4,2011.2/4,안과,1
정선군,2011,3/4,2011.3/4,안과,1
정선군,2011,4/4,2011.4/4,안과,1
정선군,2012,1/4,2012.1/4,안과,1
정선군,2012,2/4,2012.2/4,안과,1
정선군,2012,3/4,2012.3/4,안과,1
정선군,2012,4/4,2012.4/4,안과,1
정선군,2013,1/4,2013.1/4,안과,1
정선군,2013,2/4,2013.2/4,안과,1
정선군,2013,3/4,2013.3/4,안과,2
정선군,2013,4/4,2013.4/4,안과,2
정선군,2014,1/4,2014.1/4,안과,2
정선군,2014,2/4,2014.2/4,안과,2
정선군,2014,3/4,2014.3/4,안과,2
정선군,2014,4/4,2014.4/4,안과,2
정선군,2015,1/4,2015.1/4,안과,2
정선군,2015,2/4,2015.2/4,안과,2
정선군,2015,3/4,2015.3/4,안과,2
정선군,2015,4/4,2015.4/4,안과,2
정선군,2016,1/4,2016.1/4,안과,2
정선군,2016,2/4,2016.2/4,안과,1
정선군,2016,3/4,2016.3/4,안과,1
정선군,2016,4/4,2016.4/4,안과,1
정선군,2017,1/4,2017.1/4,안과,1
정선군,2017,2/4,2017.2/4,안과,1
정선군,2017,3/4,2017.3/4,안과,1
정선군,2017,4/4,2017.4/4,안과,1
정선군,2018,1/4,2018.1/4,안과,1
정선군,2018,2/4,2018.2/4,안과,1
정선군,2018,3/4,2018.3/4,안과,1
정선군,2018,4/4,2018.4/4,안과,1
정선군,2019,1/4,2019.1/4,안과,1
정선군,2019,2/4,2019.2/4,안과,1
정선군,2019,3/4,2019.3/4,안과,1
정선군,2019,4/4,2019.4/4,안과,1
정선군,2020,1/4,2020.1/4,안과,1
정선군,2020,2/4,2020.2/4,안과,1
정선군,2020,3/4,2020.3/4,안과,0
정선군,2020,4/4,2020.4/4,안과,0
정선군,2021,1/4,2021.1/4,안과,0
정선군,2021,2/4,2021.2/4,안과,0
정선군,2021,3/4,2021.3/4,안과,0
정선군,2021,4/4,2021.4/4,안과,0
정선군,2022,1/4,2022.1/4,안과,0
정선군,2022,2/4,2022.2/4,안과,0
정선군,2022,3/4,2022.3/4,안과,0
정선군,2022,4/4,2022.4/4,안과,0
정선군,2023,1/4,2023.1/4,안과,0
정선군,2023,2/4,2023.2/4,안과,0
정선군,2023,3/4,2023.3/4,안과,0
정선군,2023,4/4,2023.4/4,안과,0
정선군,2024,1/4,2024.1/4,안과,0
정선군,2024,2/4,2024.2/4,안과,0
정선군,2024,3/4,2024.3/4,안과,0
정선군,2024,4/4,2024.4/4,안과,0
정선군,2025,1/4,2025.1/4,안과,0
정선군,2025,2/4,2025.2/4,안과,0
정선군,2025,3/4,2025.3/4,안과,0
정선군,2025,4/4,2025.4/4,안과,0
정선군,2009,1/4,2009.1/4,영상의학과,2
정선군,2009,2/4,2009.2/4,영상의학과,2
정선군,2009,3/4,2009.3/4,영상의학과,3
정선군,2009,4/4,2009.4/4,영상의학과,2
정선군,2010,1/4,2010.1/4,영상의학과,2
정선군,2010,2/4,2010.2/4,영상의학과,2
정선군,2010,3/4,2010.3/4,영상의학과,2
정선군,2010,4/4,2010.4/4,영상의학과,2
정선군,2011,1/4,2011.1/4,영상의학과,2
정선군,2011,2/4,2011.2/4,영상의학과,2
정선군,2011,3/4,2011.3/4,영상의학과,2
정선군,2011,4/4,2011.4/4,영상의학과,2
정선군,2012,1/4,2012.1/4,영상의학과,1
정선군,2012,2/4,2012.2/4,영상의학과,1
정선군,2012,3/4,2012.3/4,영상의학과,1
정선군,2012,4/4,2012.4/4,영상의학과,1
정선군,2013,1/4,2013.1/4,영상의학과,1
정선군,2013,2/4,2013.2/4,영상의학과,1
정선군,2013,3/4,2013.3/4,영상의학과,1
정선군,2013,4/4,2013.4/4,영상의학과,1
정선군,2014,1/4,2014.1/4,영상의학과,1
정선군,2014,2/4,2014.2/4,영상의학과,1
정선군,2014,3/4,2014.3/4,영상의학과,1
정선군,2014,4/4,2014.4/4,영상의학과,1
정선군,2015,1/4,2015.1/4,영상의학과,1
정선군,2015,2/4,2015.2/4,영상의학과,1
정선군,2015,3/4,2015.3/4,영상의학과,1
정선군,2015,4/4,2015.4/4,영상의학과,1
정선군,2016,1/4,2016.1/4,영상의학과,1
정선군,2016,2/4,2016.2/4,영상의학과,2
정선군,2016,3/4,2016.3/4,영상의학과,2
정선군,2016,4/4,2016.4/4,영상의학과,2
정선군,2017,1/4,2017.1/4,영상의학과,2
정선군,2017,2/4,2017.2/4,영상의학과,1
정선군,2017,3/4,2017.3/4,영상의학과,1
정선군,2017,4/4,2017.4/4,영상의학과,1
정선군,2018,1/4,2018.1/4,영상의학과,1
정선군,2018,2/4,2018.2/4,영상의학과,1
정선군,2018,3/4,2018.3/4,영상의학과,1
정선군,2018,4/4,2018.4/4,영상의학과,1
정선군,2019,1/4,2019.1/4,영상의학과,1
정선군,2019,2/4,2019.2/4,영상의학과,1
정선군,2019,3/4,2019.3/4,영상의학과,1
정선군,2019,4/4,2019.4/4,영상의학과,1
정선군,2020,1/4,2020.1/4,영상의학과,1
정선군,2020,2/4,2020.2/4,영상의학과,1
정선군,2020,3/4,2020.3/4,영상의학과,1
정선군,2020,4/4,2020.4/4,영상의학과,1
정선군,2021,1/4,2021.1/4,영상의학과,1
정선군,2021,2/4,2021.2/4,영상의학과,1
정선군,2021,3/4,2021.3/4,영상의학과,1
정선군,2021,4/4,2021.4/4,영상의학과,1
정선군,2022,1/4,2022.1/4,영상의학과,1
정선군,2022,2/4,2022.2/4,영상의학과,1
정선군,2022,3/4,2022.3/4,영상의학과,1
정선군,2022,4/4,2022.4/4,영상의학과,1
정선군,2023,1/4,2023.1/4,영상의학과,1
정선군,2023,2/4,2023.2/4,영상의학과,1
정선군,2023,3/4,2023.3/4,영상의학과,1
정선군,2023,4/4,2023.4/4,영상의학과,1
정선군,2024,1/4,2024.1/4,영상의학과,1
정선군,2024,2/4,2024.2/4,영상의학과,1
정선군,2024,3/4,2024.3/4,영상의학과,1
정선군,2024,4/4,2024.4/4,영상의학과,1
정선군,2025,1/4,2025.1/4,영상의학과,1
정선군,2025,2/4,2025.2/4,영상의학과,1
정선군,2025,3/4,2025.3/4,영상의학과,1
정선군,2025,4/4,2025.4/4,영상의학과,1
정선군,2009,1/4,2009.1/4,예방의학과,2
정선군,2009,2/4,2009.2/4,예방의학과,2
정선군,2009,3/4,2009.3/4,예방의학과,2
정선군,2009,4/4,2009.4/4,예방의학과,1
정선군,2010,1/4,2010.1/4,예방의학과,1
정선군,2010,2/4,2010.2/4,예방의학과,1
정선군,2010,3/4,2010.3/4,예방의학과,1
정선군,2010,4/4,2010.4/4,예방의학과,1
정선군,2011,1/4,2011.1/4,예방의학과,1
정선군,2011,2/4,2011.2/4,예방의학과,1
정선군,2011,3/4,2011.3/4,예방의학과,1
정선군,2011,4/4,2011.4/4,예방의학과,1
정선군,2012,1/4,2012.1/4,예방의학과,1
정선군,2012,2/4,2012.2/4,예방의학과,1
정선군,2012,3/4,2012.3/4,예방의학과,1
정선군,2012,4/4,2012.4/4,예방의학과,1
정선군,2013,1/4,2013.1/4,예방의학과,1
정선군,2013,2/4,2013.2/4,예방의학과,1
정선군,2013,3/4,2013.3/4,예방의학과,1
정선군,2013,4/4,2013.4/4,예방의학과,1
정선군,2014,1/4,2014.1/4,예방의학과,1
정선군,2014,2/4,2014.2/4,예방의학과,1
정선군,2014,3/4,2014.3/4,예방의학과,1
정선군,2014,4/4,2014.4/4,예방의학과,1
정선군,2015,1/4,2015.1/4,예방의학과,1
정선군,2015,2/4,2015.2/4,예방의학과,0
정선군,2015,3/4,2015.3/4,예방의학과,0
정선군,2015,4/4,2015.4/4,예방의학과,0
정선군,2016,1/4,2016.1/4,예방의학과,0
정선군,2016,2/4,2016.2/4,예방의학과,0
정선군,2016,3/4,2016.3/4,예방의학과,0
정선군,2016,4/4,2016.4/4,예방의학과,0
정선군,2017,1/4,2017.1/4,예방의학과,0
정선군,2017,2/4,2017.2/4,예방의학과,0
정선군,2017,3/4,2017.3/4,예방의학과,0
정선군,2017,4/4,2017.4/4,예방의학과,0
정선군,2018,1/4,2018.1/4,예방의학과,0
정선군,2018,2/4,2018.2/4,예방의학과,0
정선군,2018,3/4,2018.3/4,예방의학과,0
정선군,2018,4/4,2018.4/4,예방의학과,0
정선군,2019,1/4,2019.1/4,예방의학과,0
정선군,2019,2/4,2019.2/4,예방의학과,0
정선군,2019,3/4,2019.3/4,예방의학과,0
정선군,2019,4/4,2019.4/4,예방의학과,0
정선군,2020,1/4,2020.1/4,예방의학과,0
정선군,2020,2/4,2020.2/4,예방의학과,0
정선군,2020,3/4,2020.3/4,예방의학과,0
정선군,2020,4/4,2020.4/4,예방의학과,0
정선군,2021,1/4,2021.1/4,예방의학과,0
정선군,2021,2/4,2021.2/4,예방의학과,0
정선군,2021,3/4,2021.3/4,예방의학과,0
정선군,2021,4/4,2021.4/4,예방의학과,0
정선군,2022,1/4,2022.1/4,예방의학과,0
정선군,2022,2/4,2022.2/4,예방의학과,0
정선군,2022,3/4,2022.3/4,예방의학과,0
정선군,2022,4/4,2022.4/4,예방의학과,0
정선군,2023,1/4,2023.1/4,예방의학과,0
정선군,2023,2/4,2023.2/4,예방의학과,0
정선군,2023,3/4,2023.3/4,예방의학과,0
정선군,2023,4/4,2023.4/4,예방의학과,0
정선군,2024,1/4,2024.1/4,예방의학과,0
정선군,2024,2/4,2024.2/4,예방의학과,0
정선군,2024,3/4,2024.3/4,예방의학과,0
정선군,2024,4/4,2024.4/4,예방의학과,0
정선군,2025,1/4,2025.1/4,예방의학과,0
정선군,2025,2/4,2025.2/4,예방의학과,0
정선군,2025,3/4,2025.3/4,예방의학과,0
정선군,2025,4/4,2025.4/4,예방의학과,0
정선군,2009,1/4,2009.1/4,외과,3
정선군,2009,2/4,2009.2/4,외과,4
정선군,2009,3/4,2009.3/4,외과,4
정선군,2009,4/4,2009.4/4,외과,3
정선군,2010,1/4,2010.1/4,외과,2
정선군,2010,2/4,2010.2/4,외과,4
정선군,2010,3/4,2010.3/4,외과,4
정선군,2010,4/4,2010.4/4,외과,4
정선군,2011,1/4,2011.1/4,외과,4
정선군,2011,2/4,2011.2/4,외과,5
정선군,2011,3/4,2011.3/4,외과,4
정선군,2011,4/4,2011.4/4,외과,4
정선군,2012,1/4,2012.1/4,외과,4
정선군,2012,2/4,2012.2/4,외과,3
정선군,2012,3/4,2012.3/4,외과,3
정선군,2012,4/4,2012.4/4,외과,3
정선군,2013,1/4,2013.1/4,외과,3
정선군,2013,2/4,2013.2/4,외과,3
정선군,2013,3/4,2013.3/4,외과,3
정선군,2013,4/4,2013.4/4,외과,3
정선군,2014,1/4,2014.1/4,외과,3
정선군,2014,2/4,2014.2/4,외과,3
정선군,2014,3/4,2014.3/4,외과,3
정선군,2014,4/4,2014.4/4,외과,3
정선군,2015,1/4,2015.1/4,외과,3
정선군,2015,2/4,2015.2/4,외과,2
정선군,2015,3/4,2015.3/4,외과,2
정선군,2015,4/4,2015.4/4,외과,2
정선군,2016,1/4,2016.1/4,외과,2
정선군,2016,2/4,2016.2/4,외과,3
정선군,2016,3/4,2016.3/4,외과,3
정선군,2016,4/4,2016.4/4,외과,3
정선군,2017,1/4,2017.1/4,외과,3
정선군,2017,2/4,2017.2/4,외과,3
정선군,2017,3/4,2017.3/4,외과,3
정선군,2017,4/4,2017.4/4,외과,3
정선군,2018,1/4,2018.1/4,외과,4
정선군,2018,2/4,2018.2/4,외과,4
정선군,2018,3/4,2018.3/4,외과,4
정선군,2018,4/4,2018.4/4,외과,4
정선군,2019,1/4,2019.1/4,외과,3
정선군,2019,2/4,2019.2/4,외과,3
정선군,2019,3/4,2019.3/4,외과,2
정선군,2019,4/4,2019.4/4,외과,2
정선군,2020,1/4,2020.1/4,외과,3
정선군,2020,2/4,2020.2/4,외과,3
정선군,2020,3/4,2020.3/4,외과,3
정선군,2020,4/4,2020.4/4,외과,3
정선군,2021,1/4,2021.1/4,외과,3
정선군,2021,2/4,2021.2/4,외과,3
정선군,2021,3/4,2021.3/4,외과,3
정선군,2021,4/4,2021.4/4,외과,3
정선군,2022,1/4,2022.1/4,외과,3
정선군,2022,2/4,2022.2/4,외과,3
정선군,2022,3/4,2022.3/4,외과,3
정선군,2022,4/4,2022.4/4,외과,3
정선군,2023,1/4,2023.1/4,외과,3
정선군,2023,2/4,2023.2/4,외과,3
정선군,2023,3/4,2023.3/4,외과,3
정선군,2023,4/4,2023.4/4,외과,3
정선군,2024,1/4,2024.1/4,외과,3
정선군,2024,2/4,2024.2/4,외과,3
정선군,2024,3/4,2024.3/4,외과,3
정선군,2024,4/4,2024.4/4,외과,3
정선군,2025,1/4,2025.1/4,외과,3
정선군,2025,2/4,2025.2/4,외과,4
정선군,2025,3/4,2025.3/4,외과,4
정선군,2025,4/4,2025.4/4,외과,5
정선군,2009,1/4,2009.1/4,응급의학과,0
정선군,2009,2/4,2009.2/4,응급의학과,0
정선군,2009,3/4,2009.3/4,응급의학과,0
정선군,2009,4/4,2009.4/4,응급의학과,0
정선군,2010,1/4,2010.1/4,응급의학과,0
정선군,2010,2/4,2010.2/4,응급의학과,0
정선군,2010,3/4,2010.3/4,응급의학과,0
정선군,2010,4/4,2010.4/4,응급의학과,0
정선군,2011,1/4,2011.1/4,응급의학과,0
정선군,2011,2/4,2011.2/4,응급의학과,0
정선군,2011,3/4,2011.3/4,응급의학과,0
정선군,2011,4/4,2011.4/4,응급의학과,0
정선군,2012,1/4,2012.1/4,응급의학과,0
정선군,2012,2/4,2012.2/4,응급의학과,0
정선군,2012,3/4,2012.3/4,응급의학과,0
정선군,2012,4/4,2012.4/4,응급의학과,0
정선군,2013,1/4,2013.1/4,응급의학과,0
정선군,2013,2/4,2013.2/4,응급의학과,0
정선군,2013,3/4,2013.3/4,응급의학과,0
정선군,2013,4/4,2013.4/4,응급의학과,0
정선군,2014,1/4,2014.1/4,응급의학과,0
정선군,2014,2/4,2014.2/4,응급의학과,0
정선군,2014,3/4,2014.3/4,응급의학과,0
정선군,2014,4/4,2014.4/4,응급의학과,0
정선군,2015,1/4,2015.1/4,응급의학과,0
정선군,2015,2/4,2015.2/4,응급의학과,0
정선군,2015,3/4,2015.3/4,응급의학과,0
정선군,2015,4/4,2015.4/4,응급의학과,0
정선군,2016,1/4,2016.1/4,응급의학과,0
정선군,2016,2/4,2016.2/4,응급의학과,0
정선군,2016,3/4,2016.3/4,응급의학과,0
정선군,2016,4/4,2016.4/4,응급의학과,0
정선군,2017,1/4,2017.1/4,응급의학과,0
정선군,2017,2/4,2017.2/4,응급의학과,0
정선군,2017,3/4,2017.3/4,응급의학과,0
정선군,2017,4/4,2017.4/4,응급의학과,0
정선군,2018,1/4,2018.1/4,응급의학과,0
정선군,2018,2/4,2018.2/4,응급의학과,0
정선군,2018,3/4,2018.3/4,응급의학과,0
정선군,2018,4/4,2018.4/4,응급의학과,0
정선군,2019,1/4,2019.1/4,응급의학과,0
정선군,2019,2/4,2019.2/4,응급의학과,0
정선군,2019,3/4,2019.3/4,응급의학과,0
정선군,2019,4/4,2019.4/4,응급의학과,0
정선군,2020,1/4,2020.1/4,응급의학과,0
정선군,2020,2/4,2020.2/4,응급의학과,0
정선군,2020,3/4,2020.3/4,응급의학과,0
정선군,2020,4/4,2020.4/4,응급의학과,0
정선군,2021,1/4,2021.1/4,응급의학과,0
정선군,2021,2/4,2021.2/4,응급의학과,0
정선군,2021,3/4,2021.3/4,응급의학과,0
정선군,2021,4/4,2021.4/4,응급의학과,0
정선군,2022,1/4,2022.1/4,응급의학과,0
정선군,2022,2/4,2022.2/4,응급의학과,0
정선군,2022,3/4,2022.3/4,응급의학과,0
정선군,2022,4/4,2022.4/4,응급의학과,0
정선군,2023,1/4,2023.1/4,응급의학과,0
정선군,2023,2/4,2023.2/4,응급의학과,0
정선군,2023,3/4,2023.3/4,응급의학과,0
정선군,2023,4/4,2023.4/4,응급의학과,0
정선군,2024,1/4,2024.1/4,응급의학과,0
정선군,2024,2/4,2024.2/4,응급의학과,0
정선군,2024,3/4,2024.3/4,응급의학과,1
정선군,2024,4/4,2024.4/4,응급의학과,1
정선군,2025,1/4,2025.1/4,응급의학과,1
정선군,2025,2/4,2025.2/4,응급의학과,1
정선군,2025,3/4,2025.3/4,응급의학과,1
정선군,2025,4/4,2025.4/4,응급의학과,1
정선군,2009,1/4,2009.1/4,이비인후과,0
정선군,2009,2/4,2009.2/4,이비인후과,1
정선군,2009,3/4,2009.3/4,이비인후과,1
정선군,2009,4/4,2009.4/4,이비인후과,1
정선군,2010,1/4,2010.1/4,이비인후과,1
정선군,2010,2/4,2010.2/4,이비인후과,1
정선군,2010,3/4,2010.3/4,이비인후과,1
정선군,2010,4/4,2010.4/4,이비인후과,1
정선군,2011,1/4,2011.1/4,이비인후과,1
정선군,2011,2/4,2011.2/4,이비인후과,1
정선군,2011,3/4,2011.3/4,이비인후과,1
정선군,2011,4/4,2011.4/4,이비인후과,1
정선군,2012,1/4,2012.1/4,이비인후과,1
정선군,2012,2/4,2012.2/4,이비인후과,1
정선군,2012,3/4,2012.3/4,이비인후과,1
정선군,2012,4/4,2012.4/4,이비인후과,1
정선군,2013,1/4,2013.1/4,이비인후과,1
정선군,2013,2/4,2013.2/4,이비인후과,1
정선군,2013,3/4,2013.3/4,이비인후과,1
정선군,2013,4/4,2013.4/4,이비인후과,1
정선군,2014,1/4,2014.1/4,이비인후과,1
정선군,2014,2/4,2014.2/4,이비인후과,1
정선군,2014,3/4,2014.3/4,이비인후과,1
정선군,2014,4/4,2014.4/4,이비인후과,1
정선군,2015,1/4,2015.1/4,이비인후과,1
정선군,2015,2/4,2015.2/4,이비인후과,1
정선군,2015,3/4,2015.3/4,이비인후과,1
정선군,2015,4/4,2015.4/4,이비인후과,1
정선군,2016,1/4,2016.1/4,이비인후과,1
정선군,2016,2/4,2016.2/4,이비인후과,0
정선군,2016,3/4,2016.3/4,이비인후과,0
정선군,2016,4/4,2016.4/4,이비인후과,0
정선군,2017,1/4,2017.1/4,이비인후과,0
정선군,2017,2/4,2017.2/4,이비인후과,0
정선군,2017,3/4,2017.3/4,이비인후과,0
정선군,2017,4/4,2017.4/4,이비인후과,0
정선군,2018,1/4,2018.1/4,이비인후과,0
정선군,2018,2/4,2018.2/4,이비인후과,0
정선군,2018,3/4,2018.3/4,이비인후과,0
정선군,2018,4/4,2018.4/4,이비인후과,0
정선군,2019,1/4,2019.1/4,이비인후과,0
정선군,2019,2/4,2019.2/4,이비인후과,0
정선군,2019,3/4,2019.3/4,이비인후과,0
정선군,2019,4/4,2019.4/4,이비인후과,0
정선군,2020,1/4,2020.1/4,이비인후과,0
정선군,2020,2/4,2020.2/4,이비인후과,0
정선군,2020,3/4,2020.3/4,이비인후과,0
정선군,2020,4/4,2020.4/4,이비인후과,0
정선군,2021,1/4,2021.1/4,이비인후과,0
정선군,2021,2/4,2021.2/4,이비인후과,0
정선군,2021,3/4,2021.3/4,이비인후과,0
정선군,2021,4/4,2021.4/4,이비인후과,0
정선군,2022,1/4,2022.1/4,이비인후과,0
정선군,2022,2/4,2022.2/4,이비인후과,0
정선군,2022,3/4,2022.3/4,이비인후과,0
정선군,2022,4/4,2022.4/4,이비인후과,0
정선군,2023,1/4,2023.1/4,이비인후과,0
정선군,2023,2/4,2023.2/4,이비인후과,0
정선군,2023,3/4,2023.3/4,이비인후과,0
정선군,2023,4/4,2023.4/4,이비인후과,0
정선군,2024,1/4,2024.1/4,이비인후과,0
정선군,2024,2/4,2024.2/4,이비인후과,0
정선군,2024,3/4,2024.3/4,이비인후과,0
정선군,2024,4/4,2024.4/4,이비인후과,0
정선군,2025,1/4,2025.1/4,이비인후과,0
정선군,2025,2/4,2025.2/4,이비인후과,0
정선군,2025,3/4,2025.3/4,이비인후과,0
정선군,2025,4/4,2025.4/4,이비인후과,0
정선군,2009,1/4,2009.1/4,재활의학과,0
정선군,2009,2/4,2009.2/4,재활의학과,0
정선군,2009,3/4,2009.3/4,재활의학과,0
정선군,2009,4/4,2009.4/4,재활의학과,0
정선군,2010,1/4,2010.1/4,재활의학과,0
정선군,2010,2/4,2010.2/4,재활의학과,0
정선군,2010,3/4,2010.3/4,재활의학과,0
정선군,2010,4/4,2010.4/4,재활의학과,0
정선군,2011,1/4,2011.1/4,재활의학과,0
정선군,2011,2/4,2011.2/4,재활의학과,0
정선군,2011,3/4,2011.3/4,재활의학과,0
정선군,2011,4/4,2011.4/4,재활의학과,0
정선군,2012,1/4,2012.1/4,재활의학과,0
정선군,2012,2/4,2012.2/4,재활의학과,0
정선군,2012,3/4,2012.3/4,재활의학과,0
정선군,2012,4/4,2012.4/4,재활의학과,0
정선군,2013,1/4,2013.1/4,재활의학과,0
정선군,2013,2/4,2013.2/4,재활의학과,0
정선군,2013,3/4,2013.3/4,재활의학과,0
정선군,2013,4/4,2013.4/4,재활의학과,0
정선군,2014,1/4,2014.1/4,재활의학과,0
정선군,2014,2/4,2014.2/4,재활의학과,0
정선군,2014,3/4,2014.3/4,재활의학과,0
정선군,2014,4/4,2014.4/4,재활의학과,0
정선군,2015,1/4,2015.1/4,재활의학과,0
정선군,2015,2/4,2015.2/4,재활의학과,1
정선군,2015,3/4,2015.3/4,재활의학과,1
정선군,2015,4/4,2015.4/4,재활의학과,1
정선군,2016,1/4,2016.1/4,재활의학과,1
정선군,2016,2/4,2016.2/4,재활의학과,1
정선군,2016,3/4,2016.3/4,재활의학과,1
정선군,2016,4/4,2016.4/4,재활의학과,1
정선군,2017,1/4,2017.1/4,재활의학과,1
정선군,2017,2/4,2017.2/4,재활의학과,1
정선군,2017,3/4,2017.3/4,재활의학과,1
정선군,2017,4/4,2017.4/4,재활의학과,1
정선군,2018,1/4,2018.1/4,재활의학과,1
정선군,2018,2/4,2018.2/4,재활의학과,0
정선군,2018,3/4,2018.3/4,재활의학과,0
정선군,2018,4/4,2018.4/4,재활의학과,0
정선군,2019,1/4,2019.1/4,재활의학과,0
정선군,2019,2/4,2019.2/4,재활의학과,0
정선군,2019,3/4,2019.3/4,재활의학과,0
정선군,2019,4/4,2019.4/4,재활의학과,0
정선군,2020,1/4,2020.1/4,재활의학과,0
정선군,2020,2/4,2020.2/4,재활의학과,0
정선군,2020,3/4,2020.3/4,재활의학과,0
정선군,2020,4/4,2020.4/4,재활의학과,0
정선군,2021,1/4,2021.1/4,재활의학과,0
정선군,2021,2/4,2021.2/4,재활의학과,0
정선군,2021,3/4,2021.3/4,재활의학과,0
정선군,2021,4/4,2021.4/4,재활의학과,0
정선군,2022,1/4,2022.1/4,재활의학과,0
정선군,2022,2/4,2022.2/4,재활의학과,0
정선군,2022,3/4,2022.3/4,재활의학과,0
정선군,2022,4/4,2022.4/4,재활의학과,0
정선군,2023,1/4,2023.1/4,재활의학과,0
정선군,2023,2/4,2023.2/4,재활의학과,0
정선군,2023,3/4,2023.3/4,재활의학과,0
정선군,2023,4/4,2023.4/4,재활의학과,0
정선군,2024,1/4,2024.1/4,재활의학과,0
정선군,2024,2/4,2024.2/4,재활의학과,0
정선군,2024,3/4,2024.3/4,재활의학과,0
정선군,2024,4/4,2024.4/4,재활의학과,0
정선군,2025,1/4,2025.1/4,재활의학과,0
정선군,2025,2/4,2025.2/4,재활의학과,0
정선군,2025,3/4,2025.3/4,재활의학과,0
정선군,2025,4/4,2025.4/4,재활의학과,0
정선군,2009,1/4,2009.1/4,정신건강의학과,0
정선군,2009,2/4,2009.2/4,정신건강의학과,0
정선군,2009,3/4,2009.3/4,정신건강의학과,0
정선군,2009,4/4,2009.4/4,정신건강의학과,0
정선군,2010,1/4,2010.1/4,정신건강의학과,0
정선군,2010,2/4,2010.2/4,정신건강의학과,0
정선군,2010,3/4,2010.3/4,정신건강의학과,0
정선군,2010,4/4,2010.4/4,정신건강의학과,0
정선군,2011,1/4,2011.1/4,정신건강의학과,0
정선군,2011,2/4,2011.2/4,정신건강의학과,0
정선군,2011,3/4,2011.3/4,정신건강의학과,0
정선군,2011,4/4,2011.4/4,정신건강의학과,0
정선군,2012,1/4,2012.1/4,정신건강의학과,0
정선군,2012,2/4,2012.2/4,정신건강의학과,0
정선군,2012,3/4,2012.3/4,정신건강의학과,0
정선군,2012,4/4,2012.4/4,정신건강의학과,0
정선군,2013,1/4,2013.1/4,정신건강의학과,0
정선군,2013,2/4,2013.2/4,정신건강의학과,0
정선군,2013,3/4,2013.3/4,정신건강의학과,0
정선군,2013,4/4,2013.4/4,정신건강의학과,0
정선군,2014,1/4,2014.1/4,정신건강의학과,0
정선군,2014,2/4,2014.2/4,정신건강의학과,0
정선군,2014,3/4,2014.3/4,정신건강의학과,0
정선군,2014,4/4,2014.4/4,정신건강의학과,0
정선군,2015,1/4,2015.1/4,정신건강의학과,0
정선군,2015,2/4,2015.2/4,정신건강의학과,0
정선군,2015,3/4,2015.3/4,정신건강의학과,0
정선군,2015,4/4,2015.4/4,정신건강의학과,0
정선군,2016,1/4,2016.1/4,정신건강의학과,0
정선군,2016,2/4,2016.2/4,정신건강의학과,0
정선군,2016,3/4,2016.3/4,정신건강의학과,0
정선군,2016,4/4,2016.4/4,정신건강의학과,0
정선군,2017,1/4,2017.1/4,정신건강의학과,0
정선군,2017,2/4,2017.2/4,정신건강의학과,0
정선군,2017,3/4,2017.3/4,정신건강의학과,0
정선군,2017,4/4,2017.4/4,정신건강의학과,0
정선군,2018,1/4,2018.1/4,정신건강의학과,0
정선군,2018,2/4,2018.2/4,정신건강의학과,0
정선군,2018,3/4,2018.3/4,정신건강의학과,0
정선군,2018,4/4,2018.4/4,정신건강의학과,0
정선군,2019,1/4,2019.1/4,정신건강의학과,0
정선군,2019,2/4,2019.2/4,정신건강의학과,0
정선군,2019,3/4,2019.3/4,정신건강의학과,0
정선군,2019,4/4,2019.4/4,정신건강의학과,0
정선군,2020,1/4,2020.1/4,정신건강의학과,0
정선군,2020,2/4,2020.2/4,정신건강의학과,0
정선군,2020,3/4,2020.3/4,정신건강의학과,0
정선군,2020,4/4,2020.4/4,정신건강의학과,0
정선군,2021,1/4,2021.1/4,정신건강의학과,0
정선군,2021,2/4,2021.2/4,정신건강의학과,0
정선군,2021,3/4,2021.3/4,정신건강의학과,0
정선군,2021,4/4,2021.4/4,정신건강의학과,0
정선군,2022,1/4,2022.1/4,정신건강의학과,0
정선군,2022,2/4,2022.2/4,정신건강의학과,0
정선군,2022,3/4,2022.3/4,정신건강의학과,0
정선군,2022,4/4,2022.4/4,정신건강의학과,0
정선군,2023,1/4,2023.1/4,정신건강의학과,0
정선군,2023,2/4,2023.2/4,정신건강의학과,0
정선군,2023,3/4,2023.3/4,정신건강의학과,0
정선군,2023,4/4,2023.4/4,정신건강의학과,0
정선군,2024,1/4,2024.1/4,정신건강의학과,0
정선군,2024,2/4,2024.2/4,정신건강의학과,0
정선군,2024,3/4,2024.3/4,정신건강의학과,0
정선군,2024,4/4,2024.4/4,정신건강의학과,0
정선군,2025,1/4,2025.1/4,정신건강의학과,0
정선군,2025,2/4,2025.2/4,정신건강의학과,0
정선군,2025,3/4,2025.3/4,정신건강의학과,0
정선군,2025,4/4,2025.4/4,정신건강의학과,0
정선군,2009,1/4,2009.1/4,정형외과,4
정선군,2009,2/4,2009.2/4,정형외과,3
정선군,2009,3/4,2009.3/4,정형외과,3
정선군,2009,4/4,2009.4/4,정형외과,3
정선군,2010,1/4,2010.1/4,정형외과,2
정선군,2010,2/4,2010.2/4,정형외과,2
정선군,2010,3/4,2010.3/4,정형외과,2
정선군,2010,4/4,2010.4/4,정형외과,2
정선군,2011,1/4,2011.1/4,정형외과,2
정선군,2011,2/4,2011.2/4,정형외과,2
정선군,2011,3/4,2011.3/4,정형외과,2
정선군,2011,4/4,2011.4/4,정형외과,2
정선군,2012,1/4,2012.1/4,정형외과,2
정선군,2012,2/4,2012.2/4,정형외과,2
정선군,2012,3/4,2012.3/4,정형외과,2
정선군,2012,4/4,2012.4/4,정형외과,3
정선군,2013,1/4,2013.1/4,정형외과,3
정선군,2013,2/4,2013.2/4,정형외과,2
정선군,2013,3/4,2013.3/4,정형외과,2
정선군,2013,4/4,2013.4/4,정형외과,2
정선군,2014,1/4,2014.1/4,정형외과,2
정선군,2014,2/4,2014.2/4,정형외과,2
정선군,2014,3/4,2014.3/4,정형외과,2
정선군,2014,4/4,2014.4/4,정형외과,2
정선군,2015,1/4,2015.1/4,정형외과,2
정선군,2015,2/4,2015.2/4,정형외과,2
정선군,2015,3/4,2015.3/4,정형외과,2
정선군,2015,4/4,2015.4/4,정형외과,2
정선군,2016,1/4,2016.1/4,정형외과,1
정선군,2016,2/4,2016.2/4,정형외과,1
정선군,2016,3/4,2016.3/4,정형외과,1
정선군,2016,4/4,2016.4/4,정형외과,1
정선군,2017,1/4,2017.1/4,정형외과,1
정선군,2017,2/4,2017.2/4,정형외과,1
정선군,2017,3/4,2017.3/4,정형외과,1
정선군,2017,4/4,2017.4/4,정형외과,1
정선군,2018,1/4,2018.1/4,정형외과,1
정선군,2018,2/4,2018.2/4,정형외과,1
정선군,2018,3/4,2018.3/4,정형외과,1
정선군,2018,4/4,2018.4/4,정형외과,1
정선군,2019,1/4,2019.1/4,정형외과,1
정선군,2019,2/4,2019.2/4,정형외과,1
정선군,2019,3/4,2019.3/4,정형외과,1
정선군,2019,4/4,2019.4/4,정형외과,0
정선군,2020,1/4,2020.1/4,정형외과,0
정선군,2020,2/4,2020.2/4,정형외과,0
정선군,2020,3/4,2020.3/4,정형외과,1
정선군,2020,4/4,2020.4/4,정형외과,1
정선군,2021,1/4,2021.1/4,정형외과,1
정선군,2021,2/4,2021.2/4,정형외과,1
정선군,2021,3/4,2021.3/4,정형외과,1
정선군,2021,4/4,2021.4/4,정형외과,1
정선군,2022,1/4,2022.1/4,정형외과,1
정선군,2022,2/4,2022.2/4,정형외과,1
정선군,2022,3/4,2022.3/4,정형외과,1
정선군,2022,4/4,2022.4/4,정형외과,1
정선군,2023,1/4,2023.1/4,정형외과,1
정선군,2023,2/4,2023.2/4,정형외과,1
정선군,2023,3/4,2023.3/4,정형외과,1
정선군,2023,4/4,2023.4/4,정형외과,1
정선군,2024,1/4,2024.1/4,정형외과,1
정선군,2024,2/4,2024.2/4,정형외과,1
정선군,2024,3/4,2024.3/4,정형외과,1
정선군,2024,4/4,2024.4/4,정형외과,1
정선군,2025,1/4,2025.1/4,정형외과,1
정선군,2025,2/4,2025.2/4,정형외과,1
정선군,2025,3/4,2025.3/4,정형외과,1
정선군,2025,4/4,2025.4/4,정형외과,1
정선군,2009,1/4,2009.1/4,직업환경의학과,0
정선군,2009,2/4,2009.2/4,직업환경의학과,0
정선군,2009,3/4,2009.3/4,직업환경의학과,0
정선군,2009,4/4,2009.4/4,직업환경의학과,0
정선군,2010,1/4,2010.1/4,직업환경의학과,0
정선군,2010,2/4,2010.2/4,직업환경의학과,0
정선군,2010,3/4,2010.3/4,직업환경의학과,0
정선군,2010,4/4,2010.4/4,직업환경의학과,0
정선군,2011,1/4,2011.1/4,직업환경의학과,0
정선군,2011,2/4,2011.2/4,직업환경의학과,0
정선군,2011,3/4,2011.3/4,직업환경의학과,0
정선군,2011,4/4,2011.4/4,직업환경의학과,0
정선군,2012,1/4,2012.1/4,직업환경의학과,0
정선군,2012,2/4,2012.2/4,직업환경의학과,0
정선군,2012,3/4,2012.3/4,직업환경의학과,0
정선군,2012,4/4,2012.4/4,직업환경의학과,0
정선군,2013,1/4,2013.1/4,직업환경의학과,0
정선군,2013,2/4,2013.2/4,직업환경의학과,0
정선군,2013,3/4,2013.3/4,직업환경의학과,0
정선군,2013,4/4,2013.4/4,직업환경의학과,0
정선군,2014,1/4,2014.1/4,직업환경의학과,0
정선군,2014,2/4,2014.2/4,직업환경의학과,0
정선군,2014,3/4,2014.3/4,직업환경의학과,0
정선군,2014,4/4,2014.4/4,직업환경의학과,0
정선군,2015,1/4,2015.1/4,직업환경의학과,0
정선군,2015,2/4,2015.2/4,직업환경의학과,1
정선군,2015,3/4,2015.3/4,직업환경의학과,1
정선군,2015,4/4,2015.4/4,직업환경의학과,1
정선군,2016,1/4,2016.1/4,직업환경의학과,1
정선군,2016,2/4,2016.2/4,직업환경의학과,1
정선군,2016,3/4,2016.3/4,직업환경의학과,1
정선군,2016,4/4,2016.4/4,직업환경의학과,1
정선군,2017,1/4,2017.1/4,직업환경의학과,1
정선군,2017,2/4,2017.2/4,직업환경의학과,1
정선군,2017,3/4,2017.3/4,직업환경의학과,1
정선군,2017,4/4,2017.4/4,직업환경의학과,1
정선군,2018,1/4,2018.1/4,직업환경의학과,1
정선군,2018,2/4,2018.2/4,직업환경의학과,1
정선군,2018,3/4,2018.3/4,직업환경의학과,1
정선군,2018,4/4,2018.4/4,직업환경의학과,1
정선군,2019,1/4,2019.1/4,직업환경의학과,1
정선군,2019,2/4,2019.2/4,직업환경의학과,1
정선군,2019,3/4,2019.3/4,직업환경의학과,1
정선군,2019,4/4,2019.4/4,직업환경의학과,1
정선군,2020,1/4,2020.1/4,직업환경의학과,1
정선군,2020,2/4,2020.2/4,직업환경의학과,1
정선군,2020,3/4,2020.3/4,직업환경의학과,1
정선군,2020,4/4,2020.4/4,직업환경의학과,1
정선군,2021,1/4,2021.1/4,직업환경의학과,1
정선군,2021,2/4,2021.2/4,직업환경의학과,1
정선군,2021,3/4,2021.3/4,직업환경의학과,1
정선군,2021,4/4,2021.4/4,직업환경의학과,1
정선군,2022,1/4,2022.1/4,직업환경의학과,1
정선군,2022,2/4,2022.2/4,직업환경의학과,1
정선군,2022,3/4,2022.3/4,직업환경의학과,1
정선군,2022,4/4,2022.4/4,직업환경의학과,1
정선군,2023,1/4,2023.1/4,직업환경의학과,1
정선군,2023,2/4,2023.2/4,직업환경의학과,1
정선군,2023,3/4,2023.3/4,직업환경의학과,1
정선군,2023,4/4,2023.4/4,직업환경의학과,1
정선군,2024,1/4,2024.1/4,직업환경의학과,1
정선군,2024,2/4,2024.2/4,직업환경의학과,1
정선군,2024,3/4,2024.3/4,직업환경의학과,1
정선군,2024,4/4,2024.4/4,직업환경의학과,1
정선군,2025,1/4,2025.1/4,직업환경의학과,1
정선군,2025,2/4,2025.2/4,직업환경의학과,1
정선군,2025,3/4,2025.3/4,직업환경의학과,1
정선군,2025,4/4,2025.4/4,직업환경의학과,1
정선군,2009,1/4,2009.1/4,진단검사의학과,0
정선군,2009,2/4,2009.2/4,진단검사의학과,0
정선군,2009,3/4,2009.3/4,진단검사의학과,0
정선군,2009,4/4,2009.4/4,진단검사의학과,0
정선군,2010,1/4,2010.1/4,진단검사의학과,0
정선군,2010,2/4,2010.2/4,진단검사의학과,0
정선군,2010,3/4,2010.3/4,진단검사의학과,0
정선군,2010,4/4,2010.4/4,진단검사의학과,0
정선군,2011,1/4,2011.1/4,진단검사의학과,0
정선군,2011,2/4,2011.2/4,진단검사의학과,0
정선군,2011,3/4,2011.3/4,진단검사의학과,0
정선군,2011,4/4,2011.4/4,진단검사의학과,0
정선군,2012,1/4,2012.1/4,진단검사의학과,0
정선군,2012,2/4,2012.2/4,진단검사의학과,0
정선군,2012,3/4,2012.3/4,진단검사의학과,0
정선군,2012,4/4,2012.4/4,진단검사의학과,0
정선군,2013,1/4,2013.1/4,진단검사의학과,0
정선군,2013,2/4,2013.2/4,진단검사의학과,0
정선군,2013,3/4,2013.3/4,진단검사의학과,0
정선군,2013,4/4,2013.4/4,진단검사의학과,0
정선군,2014,1/4,2014.1/4,진단검사의학과,0
정선군,2014,2/4,2014.2/4,진단검사의학과,0
정선군,2014,3/4,2014.3/4,진단검사의학과,0
정선군,2014,4/4,2014.4/4,진단검사의학과,0
정선군,2015,1/4,2015.1/4,진단검사의학과,0
정선군,2015,2/4,2015.2/4,진단검사의학과,0
정선군,2015,3/4,2015.3/4,진단검사의학과,0
정선군,2015,4/4,2015.4/4,진단검사의학과,0
정선군,2016,1/4,2016.1/4,진단검사의학과,0
정선군,2016,2/4,2016.2/4,진단검사의학과,0
정선군,2016,3/4,2016.3/4,진단검사의학과,0
정선군,2016,4/4,2016.4/4,진단검사의학과,0
정선군,2017,1/4,2017.1/4,진단검사의학과,0
정선군,2017,2/4,2017.2/4,진단검사의학과,0
정선군,2017,3/4,2017.3/4,진단검사의학과,0
정선군,2017,4/4,2017.4/4,진단검사의학과,0
정선군,2018,1/4,2018.1/4,진단검사의학과,0
정선군,2018,2/4,2018.2/4,진단검사의학과,0
정선군,2018,3/4,2018.3/4,진단검사의학과,0
정선군,2018,4/4,2018.4/4,진단검사의학과,0
정선군,2019,1/4,2019.1/4,진단검사의학과,0
정선군,2019,2/4,2019.2/4,진단검사의학과,0
정선군,2019,3/4,2019.3/4,진단검사의학과,0
정선군,2019,4/4,2019.4/4,진단검사의학과,0
정선군,2020,1/4,2020.1/4,진단검사의학과,0
정선군,2020,2/4,2020.2/4,진단검사의학과,0
정선군,2020,3/4,2020.3/4,진단검사의학과,0
정선군,2020,4/4,2020.4/4,진단검사의학과,0
정선군,2021,1/4,2021.1/4,진단검사의학과,0
정선군,2021,2/4,2021.2/4,진단검사의학과,0
정선군,2021,3/4,2021.3/4,진단검사의학과,0
정선군,2021,4/4,2021.4/4,진단검사의학과,0
정선군,2022,1/4,2022.1/4,진단검사의학과,0
정선군,2022,2/4,2022.2/4,진단검사의학과,0
정선군,2022,3/4,2022.3/4,진단검사의학과,0
정선군,2022,4/4,2022.4/4,진단검사의학과,0
정선군,2023,1/4,2023.1/4,진단검사의학과,0
정선군,2023,2/4,2023.2/4,진단검사의학과,0
정선군,2023,3/4,2023.3/4,진단검사의학과,0
정선군,2023,4/4,2023.4/4,진단검사의학과,0
정선군,2024,1/4,2024.1/4,진단검사의학과,0
정선군,2024,2/4,2024.2/4,진단검사의학과,0
정선군,2024,3/4,2024.3/4,진단검사의학과,0
정선군,2024,4/4,2024.4/4,진단검사의학과,0
정선군,2025,1/4,2025.1/4,진단검사의학과,0
정선군,2025,2/4,2025.2/4,진단검사의학과,0
정선군,2025,3/4,2025.3/4,진단검사의학과,0
정선군,2025,4/4,2025.4/4,진단검사의학과,0
정선군,2009,1/4,2009.1/4,피부과,0
정선군,2009,2/4,2009.2/4,피부과,0
정선군,2009,3/4,2009.3/4,피부과,0
정선군,2009,4/4,2009.4/4,피부과,0
정선군,2010,1/4,2010.1/4,피부과,0
정선군,2010,2/4,2010.2/4,피부과,0
정선군,2010,3/4,2010.3/4,피부과,0
정선군,2010,4/4,2010.4/4,피부과,0
정선군,2011,1/4,2011.1/4,피부과,0
정선군,2011,2/4,2011.2/4,피부과,0
정선군,2011,3/4,2011.3/4,피부과,0
정선군,2011,4/4,2011.4/4,피부과,0
정선군,2012,1/4,2012.1/4,피부과,0
정선군,2012,2/4,2012.2/4,피부과,0
정선군,2012,3/4,2012.3/4,피부과,0
정선군,2012,4/4,2012.4/4,피부과,0
정선군,2013,1/4,2013.1/4,피부과,0
정선군,2013,2/4,2013.2/4,피부과,1
정선군,2013,3/4,2013.3/4,피부과,1
정선군,2013,4/4,2013.4/4,피부과,1
정선군,2014,1/4,2014.1/4,피부과,1
정선군,2014,2/4,2014.2/4,피부과,1
정선군,2014,3/4,2014.3/4,피부과,1
정선군,2014,4/4,2014.4/4,피부과,1
정선군,2015,1/4,2015.1/4,피부과,1
정선군,2015,2/4,2015.2/4,피부과,0
정선군,2015,3/4,2015.3/4,피부과,0
정선군,2015,4/4,2015.4/4,피부과,0
정선군,2016,1/4,2016.1/4,피부과,0
정선군,2016,2/4,2016.2/4,피부과,0
정선군,2016,3/4,2016.3/4,피부과,0
정선군,2016,4/4,2016.4/4,피부과,0
정선군,2017,1/4,2017.1/4,피부과,0
정선군,2017,2/4,2017.2/4,피부과,0
정선군,2017,3/4,2017.3/4,피부과,0
정선군,2017,4/4,2017.4/4,피부과,0
정선군,2018,1/4,2018.1/4,피부과,0
정선군,2018,2/4,2018.2/4,피부과,0
정선군,2018,3/4,2018.3/4,피부과,0
정선군,2018,4/4,2018.4/4,피부과,0
정선군,2019,1/4,2019.1/4,피부과,0
정선군,2019,2/4,2019.2/4,피부과,0
정선군,2019,3/4,2019.3/4,피부과,0
정선군,2019,4/4,2019.4/4,피부과,0
정선군,2020,1/4,2020.1/4,피부과,0
정선군,2020,2/4,2020.2/4,피부과,0
정선군,2020,3/4,2020.3/4,피부과,0
정선군,2020,4/4,2020.4/4,피부과,0
정선군,2021,1/4,2021.1/4,피부과,0
정선군,2021,2/4,2021.2/4,피부과,0
정선군,2021,3/4,2021.3/4,피부과,0
정선군,2021,4/4,2021.4/4,피부과,0
정선군,2022,1/4,2022.1/4,피부과,0
정선군,2022,2/4,2022.2/4,피부과,0
정선군,2022,3/4,2022.3/4,피부과,0
정선군,2022,4/4,2022.4/4,피부과,0
정선군,2023,1/4,2023.1/4,피부과,0
정선군,2023,2/4,2023.2/4,피부과,0
정선군,2023,3/4,2023.3/4,피부과,0
정선군,2023,4/4,2023.4/4,피부과,0
정선군,2024,1/4,2024.1/4,피부과,0
정선군,2024,2/4,2024.2/4,피부과,0
정선군,2024,3/4,2024.3/4,피부과,0
정선군,2024,4/4,2024.4/4,피부과,0
정선군,2025,1/4,2025.1/4,피부과,0
정선군,2025,2/4,2025.2/4,피부과,0
정선군,2025,3/4,2025.3/4,피부과,0
정선군,2025,4/4,2025.4/4,피부과,0
정선군,2009,1/4,2009.1/4,핵의학과,0
정선군,2009,2/4,2009.2/4,핵의학과,0
정선군,2009,3/4,2009.3/4,핵의학과,0
정선군,2009,4/4,2009.4/4,핵의학과,0
정선군,2010,1/4,2010.1/4,핵의학과,0
정선군,2010,2/4,2010.2/4,핵의학과,0
정선군,2010,3/4,2010.3/4,핵의학과,0
정선군,2010,4/4,2010.4/4,핵의학과,0
정선군,2011,1/4,2011.1/4,핵의학과,0
정선군,2011,2/4,2011.2/4,핵의학과,0
정선군,2011,3/4,2011.3/4,핵의학과,0
정선군,2011,4/4,2011.4/4,핵의학과,0
정선군,2012,1/4,2012.1/4,핵의학과,0
정선군,2012,2/4,2012.2/4,핵의학과,0
정선군,2012,3/4,2012.3/4,핵의학과,0
정선군,2012,4/4,2012.4/4,핵의학과,0
정선군,2013,1/4,2013.1/4,핵의학과,0
정선군,2013,2/4,2013.2/4,핵의학과,0
정선군,2013,3/4,2013.3/4,핵의학과,0
정선군,2013,4/4,2013.4/4,핵의학과,0
정선군,2014,1/4,2014.1/4,핵의학과,0
정선군,2014,2/4,2014.2/4,핵의학과,0
정선군,2014,3/4,2014.3/4,핵의학과,0
정선군,2014,4/4,2014.4/4,핵의학과,0
정선군,2015,1/4,2015.1/4,핵의학과,0
정선군,2015,2/4,2015.2/4,핵의학과,0
정선군,2015,3/4,2015.3/4,핵의학과,0
정선군,2015,4/4,2015.4/4,핵의학과,0
정선군,2016,1/4,2016.1/4,핵의학과,0
정선군,2016,2/4,2016.2/4,핵의학과,0
정선군,2016,3/4,2016.3/4,핵의학과,0
정선군,2016,4/4,2016.4/4,핵의학과,0
정선군,2017,1/4,2017.1/4,핵의학과,0
정선군,2017,2/4,2017.2/4,핵의학과,0
정선군,2017,3/4,2017.3/4,핵의학과,0
정선군,2017,4/4,2017.4/4,핵의학과,0
정선군,2018,1/4,2018.1/4,핵의학과,0
정선군,2018,2/4,2018.2/4,핵의학과,1
정선군,2018,3/4,2018.3/4,핵의학과,1
정선군,2018,4/4,2018.4/4,핵의학과,1
정선군,2019,1/4,2019.1/4,핵의학과,1
정선군,2019,2/4,2019.2/4,핵의학과,1
정선군,2019,3/4,2019.3/4,핵의학과,1
정선군,2019,4/4,2019.4/4,핵의학과,1
정선군,2020,1/4,2020.1/4,핵의학과,1
정선군,2020,2/4,2020.2/4,핵의학과,1
정선군,2020,3/4,2020.3/4,핵의학과,1
정선군,2020,4/4,2020.4/4,핵의학과,1
정선군,2021,1/4,2021.1/4,핵의학과,1
정선군,2021,2/4,2021.2/4,핵의학과,0
정선군,2021,3/4,2021.3/4,핵의학과,0
정선군,2021,4/4,2021.4/4,핵의학과,0
정선군,2022,1/4,2022.1/4,핵의학과,0
정선군,2022,2/4,2022.2/4,핵의학과,0
정선군,2022,3/4,2022.3/4,핵의학과,0
정선군,2022,4/4,2022.4/4,핵의학과,0
정선군,2023,1/4,2023.1/4,핵의학과,0
정선군,2023,2/4,2023.2/4,핵의학과,0
정선군,2023,3/4,2023.3/4,핵의학과,0
정선군,2023,4/4,2023.4/4,핵의학과,0
정선군,2024,1/4,2024.1/4,핵의학과,0
정선군,2024,2/4,2024.2/4,핵의학과,0
정선군,2024,3/4,2024.3/4,핵의학과,0
정선군,2024,4/4,2024.4/4,핵의학과,0
정선군,2025,1/4,2025.1/4,핵의학과,0
정선군,2025,2/4,2025.2/4,핵의학과,0
정선군,2025,3/4,2025.3/4,핵의학과,0
정선군,2025,4/4,2025.4/4,핵의학과,0
철원군,2009,1/4,2009.1/4,가정의학과,3
철원군,2009,2/4,2009.2/4,가정의학과,3
철원군,2009,3/4,2009.3/4,가정의학과,3
철원군,2009,4/4,2009.4/4,가정의학과,4
철원군,2010,1/4,2010.1/4,가정의학과,5
철원군,2010,2/4,2010.2/4,가정의학과,6
철원군,2010,3/4,2010.3/4,가정의학과,6
철원군,2010,4/4,2010.4/4,가정의학과,6
철원군,2011,1/4,2011.1/4,가정의학과,7
철원군,2011,2/4,2011.2/4,가정의학과,7
철원군,2011,3/4,2011.3/4,가정의학과,7
철원군,2011,4/4,2011.4/4,가정의학과,8
철원군,2012,1/4,2012.1/4,가정의학과,8
철원군,2012,2/4,2012.2/4,가정의학과,7
철원군,2012,3/4,2012.3/4,가정의학과,8
철원군,2012,4/4,2012.4/4,가정의학과,8
철원군,2013,1/4,2013.1/4,가정의학과,8
철원군,2013,2/4,2013.2/4,가정의학과,7
철원군,2013,3/4,2013.3/4,가정의학과,7
철원군,2013,4/4,2013.4/4,가정의학과,7
철원군,2014,1/4,2014.1/4,가정의학과,7
철원군,2014,2/4,2014.2/4,가정의학과,7
철원군,2014,3/4,2014.3/4,가정의학과,7
철원군,2014,4/4,2014.4/4,가정의학과,7
철원군,2015,1/4,2015.1/4,가정의학과,7
철원군,2015,2/4,2015.2/4,가정의학과,7
철원군,2015,3/4,2015.3/4,가정의학과,7
철원군,2015,4/4,2015.4/4,가정의학과,7
철원군,2016,1/4,2016.1/4,가정의학과,7
철원군,2016,2/4,2016.2/4,가정의학과,7
철원군,2016,3/4,2016.3/4,가정의학과,7
철원군,2016,4/4,2016.4/4,가정의학과,7
철원군,2017,1/4,2017.1/4,가정의학과,6
철원군,2017,2/4,2017.2/4,가정의학과,6
철원군,2017,3/4,2017.3/4,가정의학과,6
철원군,2017,4/4,2017.4/4,가정의학과,6
철원군,2018,1/4,2018.1/4,가정의학과,6
철원군,2018,2/4,2018.2/4,가정의학과,6
철원군,2018,3/4,2018.3/4,가정의학과,6
철원군,2018,4/4,2018.4/4,가정의학과,6
철원군,2019,1/4,2019.1/4,가정의학과,6
철원군,2019,2/4,2019.2/4,가정의학과,6
철원군,2019,3/4,2019.3/4,가정의학과,6
철원군,2019,4/4,2019.4/4,가정의학과,6
철원군,2020,1/4,2020.1/4,가정의학과,6
철원군,2020,2/4,2020.2/4,가정의학과,6
철원군,2020,3/4,2020.3/4,가정의학과,6
철원군,2020,4/4,2020.4/4,가정의학과,6
철원군,2021,1/4,2021.1/4,가정의학과,6
철원군,2021,2/4,2021.2/4,가정의학과,6
철원군,2021,3/4,2021.3/4,가정의학과,6
철원군,2021,4/4,2021.4/4,가정의학과,6
철원군,2022,1/4,2022.1/4,가정의학과,6
철원군,2022,2/4,2022.2/4,가정의학과,6
철원군,2022,3/4,2022.3/4,가정의학과,6
철원군,2022,4/4,2022.4/4,가정의학과,5
철원군,2023,1/4,2023.1/4,가정의학과,5
철원군,2023,2/4,2023.2/4,가정의학과,5
철원군,2023,3/4,2023.3/4,가정의학과,5
철원군,2023,4/4,2023.4/4,가정의학과,5
철원군,2024,1/4,2024.1/4,가정의학과,5
철원군,2024,2/4,2024.2/4,가정의학과,5
철원군,2024,3/4,2024.3/4,가정의학과,5
철원군,2024,4/4,2024.4/4,가정의학과,5
철원군,2025,1/4,2025.1/4,가정의학과,4
철원군,2025,2/4,2025.2/4,가정의학과,5
철원군,2025,3/4,2025.3/4,가정의학과,5
철원군,2025,4/4,2025.4/4,가정의학과,4
철원군,2009,1/4,2009.1/4,결핵과,0
철원군,2009,2/4,2009.2/4,결핵과,0
철원군,2009,3/4,2009.3/4,결핵과,0
철원군,2009,4/4,2009.4/4,결핵과,0
철원군,2010,1/4,2010.1/4,결핵과,0
철원군,2010,2/4,2010.2/4,결핵과,0
철원군,2010,3/4,2010.3/4,결핵과,0
철원군,2010,4/4,2010.4/4,결핵과,0
철원군,2011,1/4,2011.1/4,결핵과,0
철원군,2011,2/4,2011.2/4,결핵과,0
철원군,2011,3/4,2011.3/4,결핵과,0
철원군,2011,4/4,2011.4/4,결핵과,0
철원군,2012,1/4,2012.1/4,결핵과,0
철원군,2012,2/4,2012.2/4,결핵과,0
철원군,2012,3/4,2012.3/4,결핵과,0
철원군,2012,4/4,2012.4/4,결핵과,0
철원군,2013,1/4,2013.1/4,결핵과,0
철원군,2013,2/4,2013.2/4,결핵과,0
철원군,2013,3/4,2013.3/4,결핵과,0
철원군,2013,4/4,2013.4/4,결핵과,0
철원군,2014,1/4,2014.1/4,결핵과,0
철원군,2014,2/4,2014.2/4,결핵과,0
철원군,2014,3/4,2014.3/4,결핵과,0
철원군,2014,4/4,2014.4/4,결핵과,0
철원군,2015,1/4,2015.1/4,결핵과,0
철원군,2015,2/4,2015.2/4,결핵과,0
철원군,2015,3/4,2015.3/4,결핵과,0
철원군,2015,4/4,2015.4/4,결핵과,0
철원군,2016,1/4,2016.1/4,결핵과,0
철원군,2016,2/4,2016.2/4,결핵과,0
철원군,2016,3/4,2016.3/4,결핵과,0
철원군,2016,4/4,2016.4/4,결핵과,0
철원군,2017,1/4,2017.1/4,결핵과,0
철원군,2017,2/4,2017.2/4,결핵과,0
철원군,2017,3/4,2017.3/4,결핵과,0
철원군,2017,4/4,2017.4/4,결핵과,0
철원군,2018,1/4,2018.1/4,결핵과,0
철원군,2018,2/4,2018.2/4,결핵과,0
철원군,2018,3/4,2018.3/4,결핵과,0
철원군,2018,4/4,2018.4/4,결핵과,0
철원군,2019,1/4,2019.1/4,결핵과,0
철원군,2019,2/4,2019.2/4,결핵과,0
철원군,2019,3/4,2019.3/4,결핵과,0
철원군,2019,4/4,2019.4/4,결핵과,0
철원군,2020,1/4,2020.1/4,결핵과,0
철원군,2020,2/4,2020.2/4,결핵과,0
철원군,2020,3/4,2020.3/4,결핵과,0
철원군,2020,4/4,2020.4/4,결핵과,0
철원군,2021,1/4,2021.1/4,결핵과,0
철원군,2021,2/4,2021.2/4,결핵과,0
철원군,2021,3/4,2021.3/4,결핵과,0
철원군,2021,4/4,2021.4/4,결핵과,0
철원군,2022,1/4,2022.1/4,결핵과,0
철원군,2022,2/4,2022.2/4,결핵과,0
철원군,2022,3/4,2022.3/4,결핵과,0
철원군,2022,4/4,2022.4/4,결핵과,0
철원군,2023,1/4,2023.1/4,결핵과,0
철원군,2023,2/4,2023.2/4,결핵과,0
철원군,2023,3/4,2023.3/4,결핵과,0
철원군,2023,4/4,2023.4/4,결핵과,0
철원군,2024,1/4,2024.1/4,결핵과,0
철원군,2024,2/4,2024.2/4,결핵과,0
철원군,2024,3/4,2024.3/4,결핵과,0
철원군,2024,4/4,2024.4/4,결핵과,0
철원군,2025,1/4,2025.1/4,결핵과,0
철원군,2025,2/4,2025.2/4,결핵과,0
철원군,2025,3/4,2025.3/4,결핵과,0
철원군,2025,4/4,2025.4/4,결핵과,0
철원군,2009,1/4,2009.1/4,내과,3
철원군,2009,2/4,2009.2/4,내과,3
철원군,2009,3/4,2009.3/4,내과,4
철원군,2009,4/4,2009.4/4,내과,3
철원군,2010,1/4,2010.1/4,내과,3
철원군,2010,2/4,2010.2/4,내과,4
철원군,2010,3/4,2010.3/4,내과,4
철원군,2010,4/4,2010.4/4,내과,4
철원군,2011,1/4,2011.1/4,내과,4
철원군,2011,2/4,2011.2/4,내과,4
철원군,2011,3/4,2011.3/4,내과,4
철원군,2011,4/4,2011.4/4,내과,4
철원군,2012,1/4,2012.1/4,내과,4
철원군,2012,2/4,2012.2/4,내과,4
철원군,2012,3/4,2012.3/4,내과,4
철원군,2012,4/4,2012.4/4,내과,4
철원군,2013,1/4,2013.1/4,내과,5
철원군,2013,2/4,2013.2/4,내과,4
철원군,2013,3/4,2013.3/4,내과,4
철원군,2013,4/4,2013.4/4,내과,4
철원군,2014,1/4,2014.1/4,내과,3
철원군,2014,2/4,2014.2/4,내과,4
철원군,2014,3/4,2014.3/4,내과,4
철원군,2014,4/4,2014.4/4,내과,3
철원군,2015,1/4,2015.1/4,내과,3
철원군,2015,2/4,2015.2/4,내과,3
철원군,2015,3/4,2015.3/4,내과,3
철원군,2015,4/4,2015.4/4,내과,3
철원군,2016,1/4,2016.1/4,내과,3
철원군,2016,2/4,2016.2/4,내과,3
철원군,2016,3/4,2016.3/4,내과,3
철원군,2016,4/4,2016.4/4,내과,4
철원군,2017,1/4,2017.1/4,내과,4
철원군,2017,2/4,2017.2/4,내과,4
철원군,2017,3/4,2017.3/4,내과,4
철원군,2017,4/4,2017.4/4,내과,3
철원군,2018,1/4,2018.1/4,내과,3
철원군,2018,2/4,2018.2/4,내과,4
철원군,2018,3/4,2018.3/4,내과,4
철원군,2018,4/4,2018.4/4,내과,3
철원군,2019,1/4,2019.1/4,내과,3
철원군,2019,2/4,2019.2/4,내과,4
철원군,2019,3/4,2019.3/4,내과,4
철원군,2019,4/4,2019.4/4,내과,3
철원군,2020,1/4,2020.1/4,내과,3
철원군,2020,2/4,2020.2/4,내과,3
철원군,2020,3/4,2020.3/4,내과,3
철원군,2020,4/4,2020.4/4,내과,3
철원군,2021,1/4,2021.1/4,내과,3
철원군,2021,2/4,2021.2/4,내과,4
철원군,2021,3/4,2021.3/4,내과,4
철원군,2021,4/4,2021.4/4,내과,4
철원군,2022,1/4,2022.1/4,내과,4
철원군,2022,2/4,2022.2/4,내과,4
철원군,2022,3/4,2022.3/4,내과,4
철원군,2022,4/4,2022.4/4,내과,4
철원군,2023,1/4,2023.1/4,내과,4
철원군,2023,2/4,2023.2/4,내과,4
철원군,2023,3/4,2023.3/4,내과,4
철원군,2023,4/4,2023.4/4,내과,3
철원군,2024,1/4,2024.1/4,내과,3
철원군,2024,2/4,2024.2/4,내과,3
철원군,2024,3/4,2024.3/4,내과,3
철원군,2024,4/4,2024.4/4,내과,4
철원군,2025,1/4,2025.1/4,내과,4
철원군,2025,2/4,2025.2/4,내과,4
철원군,2025,3/4,2025.3/4,내과,4
철원군,2025,4/4,2025.4/4,내과,5
철원군,2009,1/4,2009.1/4,마취통증의학과,1
철원군,2009,2/4,2009.2/4,마취통증의학과,1
철원군,2009,3/4,2009.3/4,마취통증의학과,1
철원군,2009,4/4,2009.4/4,마취통증의학과,1
철원군,2010,1/4,2010.1/4,마취통증의학과,1
철원군,2010,2/4,2010.2/4,마취통증의학과,1
철원군,2010,3/4,2010.3/4,마취통증의학과,1
철원군,2010,4/4,2010.4/4,마취통증의학과,1
철원군,2011,1/4,2011.1/4,마취통증의학과,1
철원군,2011,2/4,2011.2/4,마취통증의학과,1
철원군,2011,3/4,2011.3/4,마취통증의학과,1
철원군,2011,4/4,2011.4/4,마취통증의학과,1
철원군,2012,1/4,2012.1/4,마취통증의학과,1
철원군,2012,2/4,2012.2/4,마취통증의학과,1
철원군,2012,3/4,2012.3/4,마취통증의학과,1
철원군,2012,4/4,2012.4/4,마취통증의학과,1
철원군,2013,1/4,2013.1/4,마취통증의학과,1
철원군,2013,2/4,2013.2/4,마취통증의학과,1
철원군,2013,3/4,2013.3/4,마취통증의학과,2
철원군,2013,4/4,2013.4/4,마취통증의학과,2
철원군,2014,1/4,2014.1/4,마취통증의학과,2
철원군,2014,2/4,2014.2/4,마취통증의학과,2
철원군,2014,3/4,2014.3/4,마취통증의학과,2
철원군,2014,4/4,2014.4/4,마취통증의학과,2
철원군,2015,1/4,2015.1/4,마취통증의학과,2
철원군,2015,2/4,2015.2/4,마취통증의학과,3
철원군,2015,3/4,2015.3/4,마취통증의학과,3
철원군,2015,4/4,2015.4/4,마취통증의학과,3
철원군,2016,1/4,2016.1/4,마취통증의학과,2
철원군,2016,2/4,2016.2/4,마취통증의학과,2
철원군,2016,3/4,2016.3/4,마취통증의학과,2
철원군,2016,4/4,2016.4/4,마취통증의학과,2
철원군,2017,1/4,2017.1/4,마취통증의학과,2
철원군,2017,2/4,2017.2/4,마취통증의학과,1
철원군,2017,3/4,2017.3/4,마취통증의학과,1
철원군,2017,4/4,2017.4/4,마취통증의학과,1
철원군,2018,1/4,2018.1/4,마취통증의학과,1
철원군,2018,2/4,2018.2/4,마취통증의학과,1
철원군,2018,3/4,2018.3/4,마취통증의학과,1
철원군,2018,4/4,2018.4/4,마취통증의학과,1
철원군,2019,1/4,2019.1/4,마취통증의학과,1
철원군,2019,2/4,2019.2/4,마취통증의학과,1
철원군,2019,3/4,2019.3/4,마취통증의학과,1
철원군,2019,4/4,2019.4/4,마취통증의학과,1
철원군,2020,1/4,2020.1/4,마취통증의학과,1
철원군,2020,2/4,2020.2/4,마취통증의학과,1
철원군,2020,3/4,2020.3/4,마취통증의학과,1
철원군,2020,4/4,2020.4/4,마취통증의학과,1
철원군,2021,1/4,2021.1/4,마취통증의학과,1
철원군,2021,2/4,2021.2/4,마취통증의학과,2
철원군,2021,3/4,2021.3/4,마취통증의학과,2
철원군,2021,4/4,2021.4/4,마취통증의학과,2
철원군,2022,1/4,2022.1/4,마취통증의학과,2
철원군,2022,2/4,2022.2/4,마취통증의학과,1
철원군,2022,3/4,2022.3/4,마취통증의학과,1
철원군,2022,4/4,2022.4/4,마취통증의학과,1
철원군,2023,1/4,2023.1/4,마취통증의학과,1
철원군,2023,2/4,2023.2/4,마취통증의학과,1
철원군,2023,3/4,2023.3/4,마취통증의학과,1
철원군,2023,4/4,2023.4/4,마취통증의학과,1
철원군,2024,1/4,2024.1/4,마취통증의학과,1
철원군,2024,2/4,2024.2/4,마취통증의학과,2
철원군,2024,3/4,2024.3/4,마취통증의학과,2
철원군,2024,4/4,2024.4/4,마취통증의학과,2
철원군,2025,1/4,2025.1/4,마취통증의학과,3
철원군,2025,2/4,2025.2/4,마취통증의학과,2
철원군,2025,3/4,2025.3/4,마취통증의학과,2
철원군,2025,4/4,2025.4/4,마취통증의학과,2
철원군,2009,1/4,2009.1/4,방사선종양학과,0
철원군,2009,2/4,2009.2/4,방사선종양학과,0
철원군,2009,3/4,2009.3/4,방사선종양학과,0
철원군,2009,4/4,2009.4/4,방사선종양학과,0
철원군,2010,1/4,2010.1/4,방사선종양학과,0
철원군,2010,2/4,2010.2/4,방사선종양학과,0
철원군,2010,3/4,2010.3/4,방사선종양학과,0
철원군,2010,4/4,2010.4/4,방사선종양학과,0
철원군,2011,1/4,2011.1/4,방사선종양학과,0
철원군,2011,2/4,2011.2/4,방사선종양학과,0
철원군,2011,3/4,2011.3/4,방사선종양학과,0
철원군,2011,4/4,2011.4/4,방사선종양학과,0
철원군,2012,1/4,2012.1/4,방사선종양학과,0
철원군,2012,2/4,2012.2/4,방사선종양학과,0
철원군,2012,3/4,2012.3/4,방사선종양학과,0
철원군,2012,4/4,2012.4/4,방사선종양학과,0
철원군,2013,1/4,2013.1/4,방사선종양학과,0
철원군,2013,2/4,2013.2/4,방사선종양학과,0
철원군,2013,3/4,2013.3/4,방사선종양학과,0
철원군,2013,4/4,2013.4/4,방사선종양학과,0
철원군,2014,1/4,2014.1/4,방사선종양학과,0
철원군,2014,2/4,2014.2/4,방사선종양학과,0
철원군,2014,3/4,2014.3/4,방사선종양학과,0
철원군,2014,4/4,2014.4/4,방사선종양학과,0
철원군,2015,1/4,2015.1/4,방사선종양학과,0
철원군,2015,2/4,2015.2/4,방사선종양학과,0
철원군,2015,3/4,2015.3/4,방사선종양학과,0
철원군,2015,4/4,2015.4/4,방사선종양학과,0
철원군,2016,1/4,2016.1/4,방사선종양학과,0
철원군,2016,2/4,2016.2/4,방사선종양학과,0
철원군,2016,3/4,2016.3/4,방사선종양학과,0
철원군,2016,4/4,2016.4/4,방사선종양학과,0
철원군,2017,1/4,2017.1/4,방사선종양학과,0
철원군,2017,2/4,2017.2/4,방사선종양학과,0
철원군,2017,3/4,2017.3/4,방사선종양학과,0
철원군,2017,4/4,2017.4/4,방사선종양학과,0
철원군,2018,1/4,2018.1/4,방사선종양학과,0
철원군,2018,2/4,2018.2/4,방사선종양학과,0
철원군,2018,3/4,2018.3/4,방사선종양학과,0
철원군,2018,4/4,2018.4/4,방사선종양학과,0
철원군,2019,1/4,2019.1/4,방사선종양학과,0
철원군,2019,2/4,2019.2/4,방사선종양학과,0
철원군,2019,3/4,2019.3/4,방사선종양학과,0
철원군,2019,4/4,2019.4/4,방사선종양학과,0
철원군,2020,1/4,2020.1/4,방사선종양학과,0
철원군,2020,2/4,2020.2/4,방사선종양학과,0
철원군,2020,3/4,2020.3/4,방사선종양학과,0
철원군,2020,4/4,2020.4/4,방사선종양학과,0
철원군,2021,1/4,2021.1/4,방사선종양학과,0
철원군,2021,2/4,2021.2/4,방사선종양학과,0
철원군,2021,3/4,2021.3/4,방사선종양학과,0
철원군,2021,4/4,2021.4/4,방사선종양학과,0
철원군,2022,1/4,2022.1/4,방사선종양학과,0
철원군,2022,2/4,2022.2/4,방사선종양학과,0
철원군,2022,3/4,2022.3/4,방사선종양학과,0
철원군,2022,4/4,2022.4/4,방사선종양학과,0
철원군,2023,1/4,2023.1/4,방사선종양학과,0
철원군,2023,2/4,2023.2/4,방사선종양학과,0
철원군,2023,3/4,2023.3/4,방사선종양학과,0
철원군,2023,4/4,2023.4/4,방사선종양학과,0
철원군,2024,1/4,2024.1/4,방사선종양학과,0
철원군,2024,2/4,2024.2/4,방사선종양학과,0
철원군,2024,3/4,2024.3/4,방사선종양학과,0
철원군,2024,4/4,2024.4/4,방사선종양학과,0
철원군,2025,1/4,2025.1/4,방사선종양학과,0
철원군,2025,2/4,2025.2/4,방사선종양학과,0
철원군,2025,3/4,2025.3/4,방사선종양학과,0
철원군,2025,4/4,2025.4/4,방사선종양학과,0
철원군,2009,1/4,2009.1/4,병리과,1
철원군,2009,2/4,2009.2/4,병리과,1
철원군,2009,3/4,2009.3/4,병리과,1
철원군,2009,4/4,2009.4/4,병리과,1
철원군,2010,1/4,2010.1/4,병리과,1
철원군,2010,2/4,2010.2/4,병리과,1
철원군,2010,3/4,2010.3/4,병리과,1
철원군,2010,4/4,2010.4/4,병리과,1
철원군,2011,1/4,2011.1/4,병리과,1
철원군,2011,2/4,2011.2/4,병리과,1
철원군,2011,3/4,2011.3/4,병리과,1
철원군,2011,4/4,2011.4/4,병리과,1
철원군,2012,1/4,2012.1/4,병리과,1
철원군,2012,2/4,2012.2/4,병리과,1
철원군,2012,3/4,2012.3/4,병리과,1
철원군,2012,4/4,2012.4/4,병리과,1
철원군,2013,1/4,2013.1/4,병리과,1
철원군,2013,2/4,2013.2/4,병리과,1
철원군,2013,3/4,2013.3/4,병리과,1
철원군,2013,4/4,2013.4/4,병리과,1
철원군,2014,1/4,2014.1/4,병리과,1
철원군,2014,2/4,2014.2/4,병리과,1
철원군,2014,3/4,2014.3/4,병리과,0
철원군,2014,4/4,2014.4/4,병리과,1
철원군,2015,1/4,2015.1/4,병리과,1
철원군,2015,2/4,2015.2/4,병리과,0
철원군,2015,3/4,2015.3/4,병리과,0
철원군,2015,4/4,2015.4/4,병리과,0
철원군,2016,1/4,2016.1/4,병리과,0
철원군,2016,2/4,2016.2/4,병리과,0
철원군,2016,3/4,2016.3/4,병리과,0
철원군,2016,4/4,2016.4/4,병리과,0
철원군,2017,1/4,2017.1/4,병리과,0
철원군,2017,2/4,2017.2/4,병리과,0
철원군,2017,3/4,2017.3/4,병리과,0
철원군,2017,4/4,2017.4/4,병리과,0
철원군,2018,1/4,2018.1/4,병리과,0
철원군,2018,2/4,2018.2/4,병리과,0
철원군,2018,3/4,2018.3/4,병리과,0
철원군,2018,4/4,2018.4/4,병리과,0
철원군,2019,1/4,2019.1/4,병리과,0
철원군,2019,2/4,2019.2/4,병리과,0
철원군,2019,3/4,2019.3/4,병리과,0
철원군,2019,4/4,2019.4/4,병리과,0
철원군,2020,1/4,2020.1/4,병리과,0
철원군,2020,2/4,2020.2/4,병리과,0
철원군,2020,3/4,2020.3/4,병리과,0
철원군,2020,4/4,2020.4/4,병리과,0
철원군,2021,1/4,2021.1/4,병리과,0
철원군,2021,2/4,2021.2/4,병리과,0
철원군,2021,3/4,2021.3/4,병리과,0
철원군,2021,4/4,2021.4/4,병리과,0
철원군,2022,1/4,2022.1/4,병리과,0
철원군,2022,2/4,2022.2/4,병리과,0
철원군,2022,3/4,2022.3/4,병리과,0
철원군,2022,4/4,2022.4/4,병리과,0
철원군,2023,1/4,2023.1/4,병리과,0
철원군,2023,2/4,2023.2/4,병리과,0
철원군,2023,3/4,2023.3/4,병리과,0
철원군,2023,4/4,2023.4/4,병리과,0
철원군,2024,1/4,2024.1/4,병리과,0
철원군,2024,2/4,2024.2/4,병리과,0
철원군,2024,3/4,2024.3/4,병리과,0
철원군,2024,4/4,2024.4/4,병리과,0
철원군,2025,1/4,2025.1/4,병리과,0
철원군,2025,2/4,2025.2/4,병리과,0
철원군,2025,3/4,2025.3/4,병리과,0
철원군,2025,4/4,2025.4/4,병리과,0
철원군,2009,1/4,2009.1/4,비뇨의학과,0
철원군,2009,2/4,2009.2/4,비뇨의학과,1
철원군,2009,3/4,2009.3/4,비뇨의학과,1
철원군,2009,4/4,2009.4/4,비뇨의학과,1
철원군,2010,1/4,2010.1/4,비뇨의학과,1
철원군,2010,2/4,2010.2/4,비뇨의학과,0
철원군,2010,3/4,2010.3/4,비뇨의학과,0
철원군,2010,4/4,2010.4/4,비뇨의학과,0
철원군,2011,1/4,2011.1/4,비뇨의학과,0
철원군,2011,2/4,2011.2/4,비뇨의학과,0
철원군,2011,3/4,2011.3/4,비뇨의학과,0
철원군,2011,4/4,2011.4/4,비뇨의학과,0
철원군,2012,1/4,2012.1/4,비뇨의학과,0
철원군,2012,2/4,2012.2/4,비뇨의학과,0
철원군,2012,3/4,2012.3/4,비뇨의학과,0
철원군,2012,4/4,2012.4/4,비뇨의학과,0
철원군,2013,1/4,2013.1/4,비뇨의학과,0
철원군,2013,2/4,2013.2/4,비뇨의학과,0
철원군,2013,3/4,2013.3/4,비뇨의학과,0
철원군,2013,4/4,2013.4/4,비뇨의학과,0
철원군,2014,1/4,2014.1/4,비뇨의학과,0
철원군,2014,2/4,2014.2/4,비뇨의학과,0
철원군,2014,3/4,2014.3/4,비뇨의학과,0
철원군,2014,4/4,2014.4/4,비뇨의학과,0
철원군,2015,1/4,2015.1/4,비뇨의학과,0
철원군,2015,2/4,2015.2/4,비뇨의학과,0
철원군,2015,3/4,2015.3/4,비뇨의학과,0
철원군,2015,4/4,2015.4/4,비뇨의학과,0
철원군,2016,1/4,2016.1/4,비뇨의학과,0
철원군,2016,2/4,2016.2/4,비뇨의학과,0
철원군,2016,3/4,2016.3/4,비뇨의학과,0
철원군,2016,4/4,2016.4/4,비뇨의학과,0
철원군,2017,1/4,2017.1/4,비뇨의학과,0
철원군,2017,2/4,2017.2/4,비뇨의학과,0
철원군,2017,3/4,2017.3/4,비뇨의학과,0
철원군,2017,4/4,2017.4/4,비뇨의학과,0
철원군,2018,1/4,2018.1/4,비뇨의학과,0
철원군,2018,2/4,2018.2/4,비뇨의학과,0
철원군,2018,3/4,2018.3/4,비뇨의학과,0
철원군,2018,4/4,2018.4/4,비뇨의학과,0
철원군,2019,1/4,2019.1/4,비뇨의학과,0
철원군,2019,2/4,2019.2/4,비뇨의학과,0
철원군,2019,3/4,2019.3/4,비뇨의학과,0
철원군,2019,4/4,2019.4/4,비뇨의학과,0
철원군,2020,1/4,2020.1/4,비뇨의학과,0
철원군,2020,2/4,2020.2/4,비뇨의학과,0
철원군,2020,3/4,2020.3/4,비뇨의학과,0
철원군,2020,4/4,2020.4/4,비뇨의학과,0
철원군,2021,1/4,2021.1/4,비뇨의학과,0
철원군,2021,2/4,2021.2/4,비뇨의학과,0
철원군,2021,3/4,2021.3/4,비뇨의학과,0
철원군,2021,4/4,2021.4/4,비뇨의학과,0
철원군,2022,1/4,2022.1/4,비뇨의학과,0
철원군,2022,2/4,2022.2/4,비뇨의학과,0
철원군,2022,3/4,2022.3/4,비뇨의학과,0
철원군,2022,4/4,2022.4/4,비뇨의학과,0
철원군,2023,1/4,2023.1/4,비뇨의학과,0
철원군,2023,2/4,2023.2/4,비뇨의학과,0
철원군,2023,3/4,2023.3/4,비뇨의학과,0
철원군,2023,4/4,2023.4/4,비뇨의학과,0
철원군,2024,1/4,2024.1/4,비뇨의학과,0
철원군,2024,2/4,2024.2/4,비뇨의학과,0
철원군,2024,3/4,2024.3/4,비뇨의학과,0
철원군,2024,4/4,2024.4/4,비뇨의학과,0
철원군,2025,1/4,2025.1/4,비뇨의학과,0
철원군,2025,2/4,2025.2/4,비뇨의학과,0
철원군,2025,3/4,2025.3/4,비뇨의학과,0
철원군,2025,4/4,2025.4/4,비뇨의학과,0
철원군,2009,1/4,2009.1/4,산부인과,3
철원군,2009,2/4,2009.2/4,산부인과,3
철원군,2009,3/4,2009.3/4,산부인과,3
철원군,2009,4/4,2009.4/4,산부인과,3
철원군,2010,1/4,2010.1/4,산부인과,3
철원군,2010,2/4,2010.2/4,산부인과,3
철원군,2010,3/4,2010.3/4,산부인과,3
철원군,2010,4/4,2010.4/4,산부인과,3
철원군,2011,1/4,2011.1/4,산부인과,3
철원군,2011,2/4,2011.2/4,산부인과,3
철원군,2011,3/4,2011.3/4,산부인과,3
철원군,2011,4/4,2011.4/4,산부인과,3
철원군,2012,1/4,2012.1/4,산부인과,3
철원군,2012,2/4,2012.2/4,산부인과,3
철원군,2012,3/4,2012.3/4,산부인과,3
철원군,2012,4/4,2012.4/4,산부인과,3
철원군,2013,1/4,2013.1/4,산부인과,3
철원군,2013,2/4,2013.2/4,산부인과,3
철원군,2013,3/4,2013.3/4,산부인과,3
철원군,2013,4/4,2013.4/4,산부인과,3
철원군,2014,1/4,2014.1/4,산부인과,3
철원군,2014,2/4,2014.2/4,산부인과,3
철원군,2014,3/4,2014.3/4,산부인과,3
철원군,2014,4/4,2014.4/4,산부인과,3
철원군,2015,1/4,2015.1/4,산부인과,3
철원군,2015,2/4,2015.2/4,산부인과,3
철원군,2015,3/4,2015.3/4,산부인과,3
철원군,2015,4/4,2015.4/4,산부인과,3
철원군,2016,1/4,2016.1/4,산부인과,3
철원군,2016,2/4,2016.2/4,산부인과,3
철원군,2016,3/4,2016.3/4,산부인과,2
철원군,2016,4/4,2016.4/4,산부인과,2
철원군,2017,1/4,2017.1/4,산부인과,2
철원군,2017,2/4,2017.2/4,산부인과,2
철원군,2017,3/4,2017.3/4,산부인과,2
철원군,2017,4/4,2017.4/4,산부인과,2
철원군,2018,1/4,2018.1/4,산부인과,3
철원군,2018,2/4,2018.2/4,산부인과,3
철원군,2018,3/4,2018.3/4,산부인과,3
철원군,2018,4/4,2018.4/4,산부인과,3
철원군,2019,1/4,2019.1/4,산부인과,3
철원군,2019,2/4,2019.2/4,산부인과,3
철원군,2019,3/4,2019.3/4,산부인과,3
철원군,2019,4/4,2019.4/4,산부인과,3
철원군,2020,1/4,2020.1/4,산부인과,4
철원군,2020,2/4,2020.2/4,산부인과,4
철원군,2020,3/4,2020.3/4,산부인과,4
철원군,2020,4/4,2020.4/4,산부인과,4
철원군,2021,1/4,2021.1/4,산부인과,4
철원군,2021,2/4,2021.2/4,산부인과,4
철원군,2021,3/4,2021.3/4,산부인과,4
철원군,2021,4/4,2021.4/4,산부인과,4
철원군,2022,1/4,2022.1/4,산부인과,4
철원군,2022,2/4,2022.2/4,산부인과,4
철원군,2022,3/4,2022.3/4,산부인과,4
철원군,2022,4/4,2022.4/4,산부인과,4
철원군,2023,1/4,2023.1/4,산부인과,4
철원군,2023,2/4,2023.2/4,산부인과,4
철원군,2023,3/4,2023.3/4,산부인과,4
철원군,2023,4/4,2023.4/4,산부인과,4
철원군,2024,1/4,2024.1/4,산부인과,4
철원군,2024,2/4,2024.2/4,산부인과,4
철원군,2024,3/4,2024.3/4,산부인과,4
철원군,2024,4/4,2024.4/4,산부인과,4
철원군,2025,1/4,2025.1/4,산부인과,3
철원군,2025,2/4,2025.2/4,산부인과,3
철원군,2025,3/4,2025.3/4,산부인과,3
철원군,2025,4/4,2025.4/4,산부인과,3
철원군,2009,1/4,2009.1/4,성형외과,1
철원군,2009,2/4,2009.2/4,성형외과,0
철원군,2009,3/4,2009.3/4,성형외과,0
철원군,2009,4/4,2009.4/4,성형외과,0
철원군,2010,1/4,2010.1/4,성형외과,0
철원군,2010,2/4,2010.2/4,성형외과,0
철원군,2010,3/4,2010.3/4,성형외과,0
철원군,2010,4/4,2010.4/4,성형외과,0
철원군,2011,1/4,2011.1/4,성형외과,0
철원군,2011,2/4,2011.2/4,성형외과,1
철원군,2011,3/4,2011.3/4,성형외과,1
철원군,2011,4/4,2011.4/4,성형외과,1
철원군,2012,1/4,2012.1/4,성형외과,1
철원군,2012,2/4,2012.2/4,성형외과,2
철원군,2012,3/4,2012.3/4,성형외과,2
철원군,2012,4/4,2012.4/4,성형외과,2
철원군,2013,1/4,2013.1/4,성형외과,2
철원군,2013,2/4,2013.2/4,성형외과,1
철원군,2013,3/4,2013.3/4,성형외과,1
철원군,2013,4/4,2013.4/4,성형외과,1
철원군,2014,1/4,2014.1/4,성형외과,1
철원군,2014,2/4,2014.2/4,성형외과,0
철원군,2014,3/4,2014.3/4,성형외과,0
철원군,2014,4/4,2014.4/4,성형외과,0
철원군,2015,1/4,2015.1/4,성형외과,0
철원군,2015,2/4,2015.2/4,성형외과,0
철원군,2015,3/4,2015.3/4,성형외과,0
철원군,2015,4/4,2015.4/4,성형외과,0
철원군,2016,1/4,2016.1/4,성형외과,0
철원군,2016,2/4,2016.2/4,성형외과,1
철원군,2016,3/4,2016.3/4,성형외과,1
철원군,2016,4/4,2016.4/4,성형외과,1
철원군,2017,1/4,2017.1/4,성형외과,1
철원군,2017,2/4,2017.2/4,성형외과,1
철원군,2017,3/4,2017.3/4,성형외과,1
철원군,2017,4/4,2017.4/4,성형외과,1
철원군,2018,1/4,2018.1/4,성형외과,1
철원군,2018,2/4,2018.2/4,성형외과,1
철원군,2018,3/4,2018.3/4,성형외과,1
철원군,2018,4/4,2018.4/4,성형외과,1
철원군,2019,1/4,2019.1/4,성형외과,1
철원군,2019,2/4,2019.2/4,성형외과,1
철원군,2019,3/4,2019.3/4,성형외과,1
철원군,2019,4/4,2019.4/4,성형외과,1
철원군,2020,1/4,2020.1/4,성형외과,1
철원군,2020,2/4,2020.2/4,성형외과,1
철원군,2020,3/4,2020.3/4,성형외과,1
철원군,2020,4/4,2020.4/4,성형외과,1
철원군,2021,1/4,2021.1/4,성형외과,1
철원군,2021,2/4,2021.2/4,성형외과,1
철원군,2021,3/4,2021.3/4,성형외과,1
철원군,2021,4/4,2021.4/4,성형외과,1
철원군,2022,1/4,2022.1/4,성형외과,1
철원군,2022,2/4,2022.2/4,성형외과,1
철원군,2022,3/4,2022.3/4,성형외과,1
철원군,2022,4/4,2022.4/4,성형외과,1
철원군,2023,1/4,2023.1/4,성형외과,1
철원군,2023,2/4,2023.2/4,성형외과,1
철원군,2023,3/4,2023.3/4,성형외과,1
철원군,2023,4/4,2023.4/4,성형외과,1
철원군,2024,1/4,2024.1/4,성형외과,0
철원군,2024,2/4,2024.2/4,성형외과,0
철원군,2024,3/4,2024.3/4,성형외과,0
철원군,2024,4/4,2024.4/4,성형외과,0
철원군,2025,1/4,2025.1/4,성형외과,0
철원군,2025,2/4,2025.2/4,성형외과,0
철원군,2025,3/4,2025.3/4,성형외과,0
철원군,2025,4/4,2025.4/4,성형외과,0
철원군,2009,1/4,2009.1/4,소아청소년과,1
철원군,2009,2/4,2009.2/4,소아청소년과,1
철원군,2009,3/4,2009.3/4,소아청소년과,1
철원군,2009,4/4,2009.4/4,소아청소년과,1
철원군,2010,1/4,2010.1/4,소아청소년과,1
철원군,2010,2/4,2010.2/4,소아청소년과,1
철원군,2010,3/4,2010.3/4,소아청소년과,1
철원군,2010,4/4,2010.4/4,소아청소년과,1
철원군,2011,1/4,2011.1/4,소아청소년과,1
철원군,2011,2/4,2011.2/4,소아청소년과,1
철원군,2011,3/4,2011.3/4,소아청소년과,1
철원군,2011,4/4,2011.4/4,소아청소년과,1
철원군,2012,1/4,2012.1/4,소아청소년과,1
철원군,2012,2/4,2012.2/4,소아청소년과,1
철원군,2012,3/4,2012.3/4,소아청소년과,1
철원군,2012,4/4,2012.4/4,소아청소년과,1
철원군,2013,1/4,2013.1/4,소아청소년과,1
철원군,2013,2/4,2013.2/4,소아청소년과,1
철원군,2013,3/4,2013.3/4,소아청소년과,1
철원군,2013,4/4,2013.4/4,소아청소년과,1
철원군,2014,1/4,2014.1/4,소아청소년과,1
철원군,2014,2/4,2014.2/4,소아청소년과,1
철원군,2014,3/4,2014.3/4,소아청소년과,2
철원군,2014,4/4,2014.4/4,소아청소년과,2
철원군,2015,1/4,2015.1/4,소아청소년과,2
철원군,2015,2/4,2015.2/4,소아청소년과,1
철원군,2015,3/4,2015.3/4,소아청소년과,1
철원군,2015,4/4,2015.4/4,소아청소년과,1
철원군,2016,1/4,2016.1/4,소아청소년과,2
철원군,2016,2/4,2016.2/4,소아청소년과,2
철원군,2016,3/4,2016.3/4,소아청소년과,1
철원군,2016,4/4,2016.4/4,소아청소년과,1
철원군,2017,1/4,2017.1/4,소아청소년과,2
철원군,2017,2/4,2017.2/4,소아청소년과,2
철원군,2017,3/4,2017.3/4,소아청소년과,2
철원군,2017,4/4,2017.4/4,소아청소년과,2
철원군,2018,1/4,2018.1/4,소아청소년과,2
철원군,2018,2/4,2018.2/4,소아청소년과,2
철원군,2018,3/4,2018.3/4,소아청소년과,2
철원군,2018,4/4,2018.4/4,소아청소년과,2
철원군,2019,1/4,2019.1/4,소아청소년과,2
철원군,2019,2/4,2019.2/4,소아청소년과,2
철원군,2019,3/4,2019.3/4,소아청소년과,2
철원군,2019,4/4,2019.4/4,소아청소년과,1
철원군,2020,1/4,2020.1/4,소아청소년과,1
철원군,2020,2/4,2020.2/4,소아청소년과,1
철원군,2020,3/4,2020.3/4,소아청소년과,2
철원군,2020,4/4,2020.4/4,소아청소년과,2
철원군,2021,1/4,2021.1/4,소아청소년과,2
철원군,2021,2/4,2021.2/4,소아청소년과,2
철원군,2021,3/4,2021.3/4,소아청소년과,2
철원군,2021,4/4,2021.4/4,소아청소년과,2
철원군,2022,1/4,2022.1/4,소아청소년과,2
철원군,2022,2/4,2022.2/4,소아청소년과,2
철원군,2022,3/4,2022.3/4,소아청소년과,1
철원군,2022,4/4,2022.4/4,소아청소년과,1
철원군,2023,1/4,2023.1/4,소아청소년과,1
철원군,2023,2/4,2023.2/4,소아청소년과,1
철원군,2023,3/4,2023.3/4,소아청소년과,1
철원군,2023,4/4,2023.4/4,소아청소년과,1
철원군,2024,1/4,2024.1/4,소아청소년과,0
철원군,2024,2/4,2024.2/4,소아청소년과,1
철원군,2024,3/4,2024.3/4,소아청소년과,1
철원군,2024,4/4,2024.4/4,소아청소년과,1
철원군,2025,1/4,2025.1/4,소아청소년과,1
철원군,2025,2/4,2025.2/4,소아청소년과,1
철원군,2025,3/4,2025.3/4,소아청소년과,1
철원군,2025,4/4,2025.4/4,소아청소년과,1
철원군,2009,1/4,2009.1/4,신경과,0
철원군,2009,2/4,2009.2/4,신경과,0
철원군,2009,3/4,2009.3/4,신경과,0
철원군,2009,4/4,2009.4/4,신경과,0
철원군,2010,1/4,2010.1/4,신경과,0
철원군,2010,2/4,2010.2/4,신경과,0
철원군,2010,3/4,2010.3/4,신경과,0
철원군,2010,4/4,2010.4/4,신경과,0
철원군,2011,1/4,2011.1/4,신경과,0
철원군,2011,2/4,2011.2/4,신경과,0
철원군,2011,3/4,2011.3/4,신경과,0
철원군,2011,4/4,2011.4/4,신경과,0
철원군,2012,1/4,2012.1/4,신경과,0
철원군,2012,2/4,2012.2/4,신경과,0
철원군,2012,3/4,2012.3/4,신경과,0
철원군,2012,4/4,2012.4/4,신경과,0
철원군,2013,1/4,2013.1/4,신경과,0
철원군,2013,2/4,2013.2/4,신경과,0
철원군,2013,3/4,2013.3/4,신경과,0
철원군,2013,4/4,2013.4/4,신경과,0
철원군,2014,1/4,2014.1/4,신경과,0
철원군,2014,2/4,2014.2/4,신경과,0
철원군,2014,3/4,2014.3/4,신경과,0
철원군,2014,4/4,2014.4/4,신경과,0
철원군,2015,1/4,2015.1/4,신경과,0
철원군,2015,2/4,2015.2/4,신경과,0
철원군,2015,3/4,2015.3/4,신경과,0
철원군,2015,4/4,2015.4/4,신경과,0
철원군,2016,1/4,2016.1/4,신경과,0
철원군,2016,2/4,2016.2/4,신경과,1
철원군,2016,3/4,2016.3/4,신경과,1
철원군,2016,4/4,2016.4/4,신경과,1
철원군,2017,1/4,2017.1/4,신경과,1
철원군,2017,2/4,2017.2/4,신경과,0
철원군,2017,3/4,2017.3/4,신경과,0
철원군,2017,4/4,2017.4/4,신경과,0
철원군,2018,1/4,2018.1/4,신경과,0
철원군,2018,2/4,2018.2/4,신경과,0
철원군,2018,3/4,2018.3/4,신경과,0
철원군,2018,4/4,2018.4/4,신경과,0
철원군,2019,1/4,2019.1/4,신경과,0
철원군,2019,2/4,2019.2/4,신경과,0
철원군,2019,3/4,2019.3/4,신경과,0
철원군,2019,4/4,2019.4/4,신경과,0
철원군,2020,1/4,2020.1/4,신경과,0
철원군,2020,2/4,2020.2/4,신경과,0
철원군,2020,3/4,2020.3/4,신경과,0
철원군,2020,4/4,2020.4/4,신경과,0
철원군,2021,1/4,2021.1/4,신경과,0
철원군,2021,2/4,2021.2/4,신경과,0
철원군,2021,3/4,2021.3/4,신경과,0
철원군,2021,4/4,2021.4/4,신경과,0
철원군,2022,1/4,2022.1/4,신경과,0
철원군,2022,2/4,2022.2/4,신경과,0
철원군,2022,3/4,2022.3/4,신경과,0
철원군,2022,4/4,2022.4/4,신경과,0
철원군,2023,1/4,2023.1/4,신경과,0
철원군,2023,2/4,2023.2/4,신경과,0
철원군,2023,3/4,2023.3/4,신경과,0
철원군,2023,4/4,2023.4/4,신경과,0
철원군,2024,1/4,2024.1/4,신경과,0
철원군,2024,2/4,2024.2/4,신경과,0
철원군,2024,3/4,2024.3/4,신경과,0
철원군,2024,4/4,2024.4/4,신경과,0
철원군,2025,1/4,2025.1/4,신경과,0
철원군,2025,2/4,2025.2/4,신경과,0
철원군,2025,3/4,2025.3/4,신경과,0
철원군,2025,4/4,2025.4/4,신경과,0
철원군,2009,1/4,2009.1/4,신경외과,2
철원군,2009,2/4,2009.2/4,신경외과,2
철원군,2009,3/4,2009.3/4,신경외과,2
철원군,2009,4/4,2009.4/4,신경외과,2
철원군,2010,1/4,2010.1/4,신경외과,2
철원군,2010,2/4,2010.2/4,신경외과,2
철원군,2010,3/4,2010.3/4,신경외과,2
철원군,2010,4/4,2010.4/4,신경외과,2
철원군,2011,1/4,2011.1/4,신경외과,2
철원군,2011,2/4,2011.2/4,신경외과,2
철원군,2011,3/4,2011.3/4,신경외과,2
철원군,2011,4/4,2011.4/4,신경외과,3
철원군,2012,1/4,2012.1/4,신경외과,3
철원군,2012,2/4,2012.2/4,신경외과,3
철원군,2012,3/4,2012.3/4,신경외과,3
철원군,2012,4/4,2012.4/4,신경외과,2
철원군,2013,1/4,2013.1/4,신경외과,2
철원군,2013,2/4,2013.2/4,신경외과,3
철원군,2013,3/4,2013.3/4,신경외과,3
철원군,2013,4/4,2013.4/4,신경외과,3
철원군,2014,1/4,2014.1/4,신경외과,3
철원군,2014,2/4,2014.2/4,신경외과,2
철원군,2014,3/4,2014.3/4,신경외과,3
철원군,2014,4/4,2014.4/4,신경외과,3
철원군,2015,1/4,2015.1/4,신경외과,3
철원군,2015,2/4,2015.2/4,신경외과,3
철원군,2015,3/4,2015.3/4,신경외과,3
철원군,2015,4/4,2015.4/4,신경외과,3
철원군,2016,1/4,2016.1/4,신경외과,3
철원군,2016,2/4,2016.2/4,신경외과,2
철원군,2016,3/4,2016.3/4,신경외과,2
철원군,2016,4/4,2016.4/4,신경외과,2
철원군,2017,1/4,2017.1/4,신경외과,2
철원군,2017,2/4,2017.2/4,신경외과,2
철원군,2017,3/4,2017.3/4,신경외과,2
철원군,2017,4/4,2017.4/4,신경외과,2
철원군,2018,1/4,2018.1/4,신경외과,2
철원군,2018,2/4,2018.2/4,신경외과,2
철원군,2018,3/4,2018.3/4,신경외과,2
철원군,2018,4/4,2018.4/4,신경외과,2
철원군,2019,1/4,2019.1/4,신경외과,2
철원군,2019,2/4,2019.2/4,신경외과,2
철원군,2019,3/4,2019.3/4,신경외과,2
철원군,2019,4/4,2019.4/4,신경외과,2
철원군,2020,1/4,2020.1/4,신경외과,2
철원군,2020,2/4,2020.2/4,신경외과,2
철원군,2020,3/4,2020.3/4,신경외과,2
철원군,2020,4/4,2020.4/4,신경외과,2
철원군,2021,1/4,2021.1/4,신경외과,2
철원군,2021,2/4,2021.2/4,신경외과,2
철원군,2021,3/4,2021.3/4,신경외과,2
철원군,2021,4/4,2021.4/4,신경외과,2
철원군,2022,1/4,2022.1/4,신경외과,2
철원군,2022,2/4,2022.2/4,신경외과,2
철원군,2022,3/4,2022.3/4,신경외과,2
철원군,2022,4/4,2022.4/4,신경외과,2
철원군,2023,1/4,2023.1/4,신경외과,2
철원군,2023,2/4,2023.2/4,신경외과,2
철원군,2023,3/4,2023.3/4,신경외과,2
철원군,2023,4/4,2023.4/4,신경외과,2
철원군,2024,1/4,2024.1/4,신경외과,2
철원군,2024,2/4,2024.2/4,신경외과,2
철원군,2024,3/4,2024.3/4,신경외과,2
철원군,2024,4/4,2024.4/4,신경외과,3
철원군,2025,1/4,2025.1/4,신경외과,2
철원군,2025,2/4,2025.2/4,신경외과,1
철원군,2025,3/4,2025.3/4,신경외과,1
철원군,2025,4/4,2025.4/4,신경외과,1
철원군,2009,1/4,2009.1/4,심장혈관흉부외과,1
철원군,2009,2/4,2009.2/4,심장혈관흉부외과,1
철원군,2009,3/4,2009.3/4,심장혈관흉부외과,1
철원군,2009,4/4,2009.4/4,심장혈관흉부외과,1
철원군,2010,1/4,2010.1/4,심장혈관흉부외과,1
철원군,2010,2/4,2010.2/4,심장혈관흉부외과,1
철원군,2010,3/4,2010.3/4,심장혈관흉부외과,1
철원군,2010,4/4,2010.4/4,심장혈관흉부외과,1
철원군,2011,1/4,2011.1/4,심장혈관흉부외과,1
철원군,2011,2/4,2011.2/4,심장혈관흉부외과,1
철원군,2011,3/4,2011.3/4,심장혈관흉부외과,2
철원군,2011,4/4,2011.4/4,심장혈관흉부외과,1
철원군,2012,1/4,2012.1/4,심장혈관흉부외과,1
철원군,2012,2/4,2012.2/4,심장혈관흉부외과,1
철원군,2012,3/4,2012.3/4,심장혈관흉부외과,1
철원군,2012,4/4,2012.4/4,심장혈관흉부외과,1
철원군,2013,1/4,2013.1/4,심장혈관흉부외과,1
철원군,2013,2/4,2013.2/4,심장혈관흉부외과,1
철원군,2013,3/4,2013.3/4,심장혈관흉부외과,1
철원군,2013,4/4,2013.4/4,심장혈관흉부외과,1
철원군,2014,1/4,2014.1/4,심장혈관흉부외과,1
철원군,2014,2/4,2014.2/4,심장혈관흉부외과,1
철원군,2014,3/4,2014.3/4,심장혈관흉부외과,1
철원군,2014,4/4,2014.4/4,심장혈관흉부외과,1
철원군,2015,1/4,2015.1/4,심장혈관흉부외과,1
철원군,2015,2/4,2015.2/4,심장혈관흉부외과,1
철원군,2015,3/4,2015.3/4,심장혈관흉부외과,1
철원군,2015,4/4,2015.4/4,심장혈관흉부외과,1
철원군,2016,1/4,2016.1/4,심장혈관흉부외과,1
철원군,2016,2/4,2016.2/4,심장혈관흉부외과,1
철원군,2016,3/4,2016.3/4,심장혈관흉부외과,1
철원군,2016,4/4,2016.4/4,심장혈관흉부외과,1
철원군,2017,1/4,2017.1/4,심장혈관흉부외과,1
철원군,2017,2/4,2017.2/4,심장혈관흉부외과,1
철원군,2017,3/4,2017.3/4,심장혈관흉부외과,1
철원군,2017,4/4,2017.4/4,심장혈관흉부외과,1
철원군,2018,1/4,2018.1/4,심장혈관흉부외과,1
철원군,2018,2/4,2018.2/4,심장혈관흉부외과,1
철원군,2018,3/4,2018.3/4,심장혈관흉부외과,1
철원군,2018,4/4,2018.4/4,심장혈관흉부외과,2
철원군,2019,1/4,2019.1/4,심장혈관흉부외과,2
철원군,2019,2/4,2019.2/4,심장혈관흉부외과,1
철원군,2019,3/4,2019.3/4,심장혈관흉부외과,1
철원군,2019,4/4,2019.4/4,심장혈관흉부외과,1
철원군,2020,1/4,2020.1/4,심장혈관흉부외과,1
철원군,2020,2/4,2020.2/4,심장혈관흉부외과,1
철원군,2020,3/4,2020.3/4,심장혈관흉부외과,1
철원군,2020,4/4,2020.4/4,심장혈관흉부외과,1
철원군,2021,1/4,2021.1/4,심장혈관흉부외과,1
철원군,2021,2/4,2021.2/4,심장혈관흉부외과,1
철원군,2021,3/4,2021.3/4,심장혈관흉부외과,1
철원군,2021,4/4,2021.4/4,심장혈관흉부외과,1
철원군,2022,1/4,2022.1/4,심장혈관흉부외과,1
철원군,2022,2/4,2022.2/4,심장혈관흉부외과,1
철원군,2022,3/4,2022.3/4,심장혈관흉부외과,1
철원군,2022,4/4,2022.4/4,심장혈관흉부외과,1
철원군,2023,1/4,2023.1/4,심장혈관흉부외과,1
철원군,2023,2/4,2023.2/4,심장혈관흉부외과,1
철원군,2023,3/4,2023.3/4,심장혈관흉부외과,1
철원군,2023,4/4,2023.4/4,심장혈관흉부외과,1
철원군,2024,1/4,2024.1/4,심장혈관흉부외과,1
철원군,2024,2/4,2024.2/4,심장혈관흉부외과,1
철원군,2024,3/4,2024.3/4,심장혈관흉부외과,1
철원군,2024,4/4,2024.4/4,심장혈관흉부외과,1
철원군,2025,1/4,2025.1/4,심장혈관흉부외과,1
철원군,2025,2/4,2025.2/4,심장혈관흉부외과,1
철원군,2025,3/4,2025.3/4,심장혈관흉부외과,1
철원군,2025,4/4,2025.4/4,심장혈관흉부외과,1
철원군,2009,1/4,2009.1/4,안과,1
철원군,2009,2/4,2009.2/4,안과,1
철원군,2009,3/4,2009.3/4,안과,1
철원군,2009,4/4,2009.4/4,안과,1
철원군,2010,1/4,2010.1/4,안과,1
철원군,2010,2/4,2010.2/4,안과,1
철원군,2010,3/4,2010.3/4,안과,1
철원군,2010,4/4,2010.4/4,안과,1
철원군,2011,1/4,2011.1/4,안과,1
철원군,2011,2/4,2011.2/4,안과,1
철원군,2011,3/4,2011.3/4,안과,1
철원군,2011,4/4,2011.4/4,안과,1
철원군,2012,1/4,2012.1/4,안과,1
철원군,2012,2/4,2012.2/4,안과,2
철원군,2012,3/4,2012.3/4,안과,2
철원군,2012,4/4,2012.4/4,안과,2
철원군,2013,1/4,2013.1/4,안과,2
철원군,2013,2/4,2013.2/4,안과,1
철원군,2013,3/4,2013.3/4,안과,1
철원군,2013,4/4,2013.4/4,안과,1
철원군,2014,1/4,2014.1/4,안과,2
철원군,2014,2/4,2014.2/4,안과,1
철원군,2014,3/4,2014.3/4,안과,1
철원군,2014,4/4,2014.4/4,안과,1
철원군,2015,1/4,2015.1/4,안과,1
철원군,2015,2/4,2015.2/4,안과,1
철원군,2015,3/4,2015.3/4,안과,1
철원군,2015,4/4,2015.4/4,안과,1
철원군,2016,1/4,2016.1/4,안과,1
철원군,2016,2/4,2016.2/4,안과,1
철원군,2016,3/4,2016.3/4,안과,1
철원군,2016,4/4,2016.4/4,안과,1
철원군,2017,1/4,2017.1/4,안과,1
철원군,2017,2/4,2017.2/4,안과,1
철원군,2017,3/4,2017.3/4,안과,1
철원군,2017,4/4,2017.4/4,안과,1
철원군,2018,1/4,2018.1/4,안과,1
철원군,2018,2/4,2018.2/4,안과,1
철원군,2018,3/4,2018.3/4,안과,1
철원군,2018,4/4,2018.4/4,안과,1
철원군,2019,1/4,2019.1/4,안과,1
철원군,2019,2/4,2019.2/4,안과,1
철원군,2019,3/4,2019.3/4,안과,1
철원군,2019,4/4,2019.4/4,안과,1
철원군,2020,1/4,2020.1/4,안과,1
철원군,2020,2/4,2020.2/4,안과,1
철원군,2020,3/4,2020.3/4,안과,1
철원군,2020,4/4,2020.4/4,안과,1
철원군,2021,1/4,2021.1/4,안과,1
철원군,2021,2/4,2021.2/4,안과,1
철원군,2021,3/4,2021.3/4,안과,1
철원군,2021,4/4,2021.4/4,안과,1
철원군,2022,1/4,2022.1/4,안과,1
철원군,2022,2/4,2022.2/4,안과,1
철원군,2022,3/4,2022.3/4,안과,1
철원군,2022,4/4,2022.4/4,안과,1
철원군,2023,1/4,2023.1/4,안과,1
철원군,2023,2/4,2023.2/4,안과,1
철원군,2023,3/4,2023.3/4,안과,1
철원군,2023,4/4,2023.4/4,안과,1
철원군,2024,1/4,2024.1/4,안과,1
철원군,2024,2/4,2024.2/4,안과,1
철원군,2024,3/4,2024.3/4,안과,1
철원군,2024,4/4,2024.4/4,안과,1
철원군,2025,1/4,2025.1/4,안과,1
철원군,2025,2/4,2025.2/4,안과,1
철원군,2025,3/4,2025.3/4,안과,1
철원군,2025,4/4,2025.4/4,안과,1
철원군,2009,1/4,2009.1/4,영상의학과,1
철원군,2009,2/4,2009.2/4,영상의학과,1
철원군,2009,3/4,2009.3/4,영상의학과,1
철원군,2009,4/4,2009.4/4,영상의학과,1
철원군,2010,1/4,2010.1/4,영상의학과,1
철원군,2010,2/4,2010.2/4,영상의학과,1
철원군,2010,3/4,2010.3/4,영상의학과,1
철원군,2010,4/4,2010.4/4,영상의학과,2
철원군,2011,1/4,2011.1/4,영상의학과,1
철원군,2011,2/4,2011.2/4,영상의학과,1
철원군,2011,3/4,2011.3/4,영상의학과,1
철원군,2011,4/4,2011.4/4,영상의학과,1
철원군,2012,1/4,2012.1/4,영상의학과,1
철원군,2012,2/4,2012.2/4,영상의학과,1
철원군,2012,3/4,2012.3/4,영상의학과,1
철원군,2012,4/4,2012.4/4,영상의학과,1
철원군,2013,1/4,2013.1/4,영상의학과,1
철원군,2013,2/4,2013.2/4,영상의학과,1
철원군,2013,3/4,2013.3/4,영상의학과,1
철원군,2013,4/4,2013.4/4,영상의학과,1
철원군,2014,1/4,2014.1/4,영상의학과,1
철원군,2014,2/4,2014.2/4,영상의학과,1
철원군,2014,3/4,2014.3/4,영상의학과,1
철원군,2014,4/4,2014.4/4,영상의학과,1
철원군,2015,1/4,2015.1/4,영상의학과,1
철원군,2015,2/4,2015.2/4,영상의학과,1
철원군,2015,3/4,2015.3/4,영상의학과,1
철원군,2015,4/4,2015.4/4,영상의학과,1
철원군,2016,1/4,2016.1/4,영상의학과,1
철원군,2016,2/4,2016.2/4,영상의학과,1
철원군,2016,3/4,2016.3/4,영상의학과,1
철원군,2016,4/4,2016.4/4,영상의학과,1
철원군,2017,1/4,2017.1/4,영상의학과,1
철원군,2017,2/4,2017.2/4,영상의학과,1
철원군,2017,3/4,2017.3/4,영상의학과,1
철원군,2017,4/4,2017.4/4,영상의학과,1
철원군,2018,1/4,2018.1/4,영상의학과,1
철원군,2018,2/4,2018.2/4,영상의학과,1
철원군,2018,3/4,2018.3/4,영상의학과,0
철원군,2018,4/4,2018.4/4,영상의학과,1
철원군,2019,1/4,2019.1/4,영상의학과,1
철원군,2019,2/4,2019.2/4,영상의학과,1
철원군,2019,3/4,2019.3/4,영상의학과,1
철원군,2019,4/4,2019.4/4,영상의학과,1
철원군,2020,1/4,2020.1/4,영상의학과,1
철원군,2020,2/4,2020.2/4,영상의학과,1
철원군,2020,3/4,2020.3/4,영상의학과,1
철원군,2020,4/4,2020.4/4,영상의학과,1
철원군,2021,1/4,2021.1/4,영상의학과,1
철원군,2021,2/4,2021.2/4,영상의학과,1
철원군,2021,3/4,2021.3/4,영상의학과,1
철원군,2021,4/4,2021.4/4,영상의학과,1
철원군,2022,1/4,2022.1/4,영상의학과,1
철원군,2022,2/4,2022.2/4,영상의학과,1
철원군,2022,3/4,2022.3/4,영상의학과,1
철원군,2022,4/4,2022.4/4,영상의학과,1
철원군,2023,1/4,2023.1/4,영상의학과,1
철원군,2023,2/4,2023.2/4,영상의학과,1
철원군,2023,3/4,2023.3/4,영상의학과,1
철원군,2023,4/4,2023.4/4,영상의학과,1
철원군,2024,1/4,2024.1/4,영상의학과,1
철원군,2024,2/4,2024.2/4,영상의학과,1
철원군,2024,3/4,2024.3/4,영상의학과,1
철원군,2024,4/4,2024.4/4,영상의학과,1
철원군,2025,1/4,2025.1/4,영상의학과,1
철원군,2025,2/4,2025.2/4,영상의학과,1
철원군,2025,3/4,2025.3/4,영상의학과,1
철원군,2025,4/4,2025.4/4,영상의학과,1
철원군,2009,1/4,2009.1/4,예방의학과,0
철원군,2009,2/4,2009.2/4,예방의학과,0
철원군,2009,3/4,2009.3/4,예방의학과,0
철원군,2009,4/4,2009.4/4,예방의학과,0
철원군,2010,1/4,2010.1/4,예방의학과,0
철원군,2010,2/4,2010.2/4,예방의학과,0
철원군,2010,3/4,2010.3/4,예방의학과,0
철원군,2010,4/4,2010.4/4,예방의학과,0
철원군,2011,1/4,2011.1/4,예방의학과,0
철원군,2011,2/4,2011.2/4,예방의학과,0
철원군,2011,3/4,2011.3/4,예방의학과,0
철원군,2011,4/4,2011.4/4,예방의학과,0
철원군,2012,1/4,2012.1/4,예방의학과,0
철원군,2012,2/4,2012.2/4,예방의학과,0
철원군,2012,3/4,2012.3/4,예방의학과,0
철원군,2012,4/4,2012.4/4,예방의학과,0
철원군,2013,1/4,2013.1/4,예방의학과,0
철원군,2013,2/4,2013.2/4,예방의학과,0
철원군,2013,3/4,2013.3/4,예방의학과,0
철원군,2013,4/4,2013.4/4,예방의학과,0
철원군,2014,1/4,2014.1/4,예방의학과,0
철원군,2014,2/4,2014.2/4,예방의학과,0
철원군,2014,3/4,2014.3/4,예방의학과,0
철원군,2014,4/4,2014.4/4,예방의학과,0
철원군,2015,1/4,2015.1/4,예방의학과,0
철원군,2015,2/4,2015.2/4,예방의학과,0
철원군,2015,3/4,2015.3/4,예방의학과,0
철원군,2015,4/4,2015.4/4,예방의학과,0
철원군,2016,1/4,2016.1/4,예방의학과,0
철원군,2016,2/4,2016.2/4,예방의학과,0
철원군,2016,3/4,2016.3/4,예방의학과,0
철원군,2016,4/4,2016.4/4,예방의학과,0
철원군,2017,1/4,2017.1/4,예방의학과,0
철원군,2017,2/4,2017.2/4,예방의학과,0
철원군,2017,3/4,2017.3/4,예방의학과,0
철원군,2017,4/4,2017.4/4,예방의학과,0
철원군,2018,1/4,2018.1/4,예방의학과,0
철원군,2018,2/4,2018.2/4,예방의학과,0
철원군,2018,3/4,2018.3/4,예방의학과,0
철원군,2018,4/4,2018.4/4,예방의학과,0
철원군,2019,1/4,2019.1/4,예방의학과,0
철원군,2019,2/4,2019.2/4,예방의학과,0
철원군,2019,3/4,2019.3/4,예방의학과,0
철원군,2019,4/4,2019.4/4,예방의학과,0
철원군,2020,1/4,2020.1/4,예방의학과,1
철원군,2020,2/4,2020.2/4,예방의학과,1
철원군,2020,3/4,2020.3/4,예방의학과,0
철원군,2020,4/4,2020.4/4,예방의학과,0
철원군,2021,1/4,2021.1/4,예방의학과,0
철원군,2021,2/4,2021.2/4,예방의학과,0
철원군,2021,3/4,2021.3/4,예방의학과,0
철원군,2021,4/4,2021.4/4,예방의학과,0
철원군,2022,1/4,2022.1/4,예방의학과,0
철원군,2022,2/4,2022.2/4,예방의학과,0
철원군,2022,3/4,2022.3/4,예방의학과,0
철원군,2022,4/4,2022.4/4,예방의학과,0
철원군,2023,1/4,2023.1/4,예방의학과,0
철원군,2023,2/4,2023.2/4,예방의학과,0
철원군,2023,3/4,2023.3/4,예방의학과,0
철원군,2023,4/4,2023.4/4,예방의학과,0
철원군,2024,1/4,2024.1/4,예방의학과,0
철원군,2024,2/4,2024.2/4,예방의학과,0
철원군,2024,3/4,2024.3/4,예방의학과,0
철원군,2024,4/4,2024.4/4,예방의학과,0
철원군,2025,1/4,2025.1/4,예방의학과,0
철원군,2025,2/4,2025.2/4,예방의학과,0
철원군,2025,3/4,2025.3/4,예방의학과,0
철원군,2025,4/4,2025.4/4,예방의학과,0
철원군,2009,1/4,2009.1/4,외과,2
철원군,2009,2/4,2009.2/4,외과,4
철원군,2009,3/4,2009.3/4,외과,4
철원군,2009,4/4,2009.4/4,외과,4
철원군,2010,1/4,2010.1/4,외과,4
철원군,2010,2/4,2010.2/4,외과,4
철원군,2010,3/4,2010.3/4,외과,4
철원군,2010,4/4,2010.4/4,외과,4
철원군,2011,1/4,2011.1/4,외과,4
철원군,2011,2/4,2011.2/4,외과,4
철원군,2011,3/4,2011.3/4,외과,4
철원군,2011,4/4,2011.4/4,외과,3
철원군,2012,1/4,2012.1/4,외과,4
철원군,2012,2/4,2012.2/4,외과,4
철원군,2012,3/4,2012.3/4,외과,4
철원군,2012,4/4,2012.4/4,외과,4
철원군,2013,1/4,2013.1/4,외과,4
철원군,2013,2/4,2013.2/4,외과,2
철원군,2013,3/4,2013.3/4,외과,3
철원군,2013,4/4,2013.4/4,외과,3
철원군,2014,1/4,2014.1/4,외과,5
철원군,2014,2/4,2014.2/4,외과,4
철원군,2014,3/4,2014.3/4,외과,4
철원군,2014,4/4,2014.4/4,외과,4
철원군,2015,1/4,2015.1/4,외과,4
철원군,2015,2/4,2015.2/4,외과,5
철원군,2015,3/4,2015.3/4,외과,5
철원군,2015,4/4,2015.4/4,외과,5
철원군,2016,1/4,2016.1/4,외과,5
철원군,2016,2/4,2016.2/4,외과,4
철원군,2016,3/4,2016.3/4,외과,4
철원군,2016,4/4,2016.4/4,외과,4
철원군,2017,1/4,2017.1/4,외과,5
철원군,2017,2/4,2017.2/4,외과,6
철원군,2017,3/4,2017.3/4,외과,5
철원군,2017,4/4,2017.4/4,외과,5
철원군,2018,1/4,2018.1/4,외과,4
철원군,2018,2/4,2018.2/4,외과,4
철원군,2018,3/4,2018.3/4,외과,4
철원군,2018,4/4,2018.4/4,외과,4
철원군,2019,1/4,2019.1/4,외과,4
철원군,2019,2/4,2019.2/4,외과,5
철원군,2019,3/4,2019.3/4,외과,5
철원군,2019,4/4,2019.4/4,외과,5
철원군,2020,1/4,2020.1/4,외과,5
철원군,2020,2/4,2020.2/4,외과,5
철원군,2020,3/4,2020.3/4,외과,5
철원군,2020,4/4,2020.4/4,외과,5
철원군,2021,1/4,2021.1/4,외과,5
철원군,2021,2/4,2021.2/4,외과,4
철원군,2021,3/4,2021.3/4,외과,4
철원군,2021,4/4,2021.4/4,외과,4
철원군,2022,1/4,2022.1/4,외과,4
철원군,2022,2/4,2022.2/4,외과,4
철원군,2022,3/4,2022.3/4,외과,4
철원군,2022,4/4,2022.4/4,외과,4
철원군,2023,1/4,2023.1/4,외과,4
철원군,2023,2/4,2023.2/4,외과,4
철원군,2023,3/4,2023.3/4,외과,4
철원군,2023,4/4,2023.4/4,외과,3
철원군,2024,1/4,2024.1/4,외과,3
철원군,2024,2/4,2024.2/4,외과,4
철원군,2024,3/4,2024.3/4,외과,4
철원군,2024,4/4,2024.4/4,외과,4
철원군,2025,1/4,2025.1/4,외과,3
철원군,2025,2/4,2025.2/4,외과,3
철원군,2025,3/4,2025.3/4,외과,3
철원군,2025,4/4,2025.4/4,외과,3
철원군,2009,1/4,2009.1/4,응급의학과,0
철원군,2009,2/4,2009.2/4,응급의학과,0
철원군,2009,3/4,2009.3/4,응급의학과,0
철원군,2009,4/4,2009.4/4,응급의학과,0
철원군,2010,1/4,2010.1/4,응급의학과,0
철원군,2010,2/4,2010.2/4,응급의학과,0
철원군,2010,3/4,2010.3/4,응급의학과,0
철원군,2010,4/4,2010.4/4,응급의학과,0
철원군,2011,1/4,2011.1/4,응급의학과,0
철원군,2011,2/4,2011.2/4,응급의학과,0
철원군,2011,3/4,2011.3/4,응급의학과,0
철원군,2011,4/4,2011.4/4,응급의학과,0
철원군,2012,1/4,2012.1/4,응급의학과,0
철원군,2012,2/4,2012.2/4,응급의학과,0
철원군,2012,3/4,2012.3/4,응급의학과,0
철원군,2012,4/4,2012.4/4,응급의학과,0
철원군,2013,1/4,2013.1/4,응급의학과,0
철원군,2013,2/4,2013.2/4,응급의학과,0
철원군,2013,3/4,2013.3/4,응급의학과,0
철원군,2013,4/4,2013.4/4,응급의학과,0
철원군,2014,1/4,2014.1/4,응급의학과,0
철원군,2014,2/4,2014.2/4,응급의학과,0
철원군,2014,3/4,2014.3/4,응급의학과,0
철원군,2014,4/4,2014.4/4,응급의학과,0
철원군,2015,1/4,2015.1/4,응급의학과,0
철원군,2015,2/4,2015.2/4,응급의학과,0
철원군,2015,3/4,2015.3/4,응급의학과,0
철원군,2015,4/4,2015.4/4,응급의학과,0
철원군,2016,1/4,2016.1/4,응급의학과,0
철원군,2016,2/4,2016.2/4,응급의학과,0
철원군,2016,3/4,2016.3/4,응급의학과,0
철원군,2016,4/4,2016.4/4,응급의학과,0
철원군,2017,1/4,2017.1/4,응급의학과,0
철원군,2017,2/4,2017.2/4,응급의학과,0
철원군,2017,3/4,2017.3/4,응급의학과,0
철원군,2017,4/4,2017.4/4,응급의학과,0
철원군,2018,1/4,2018.1/4,응급의학과,0
철원군,2018,2/4,2018.2/4,응급의학과,1
철원군,2018,3/4,2018.3/4,응급의학과,1
철원군,2018,4/4,2018.4/4,응급의학과,1
철원군,2019,1/4,2019.1/4,응급의학과,1
철원군,2019,2/4,2019.2/4,응급의학과,0
철원군,2019,3/4,2019.3/4,응급의학과,0
철원군,2019,4/4,2019.4/4,응급의학과,0
철원군,2020,1/4,2020.1/4,응급의학과,0
철원군,2020,2/4,2020.2/4,응급의학과,1
철원군,2020,3/4,2020.3/4,응급의학과,1
철원군,2020,4/4,2020.4/4,응급의학과,1
철원군,2021,1/4,2021.1/4,응급의학과,1
철원군,2021,2/4,2021.2/4,응급의학과,1
철원군,2021,3/4,2021.3/4,응급의학과,1
철원군,2021,4/4,2021.4/4,응급의학과,1
철원군,2022,1/4,2022.1/4,응급의학과,1
철원군,2022,2/4,2022.2/4,응급의학과,1
철원군,2022,3/4,2022.3/4,응급의학과,1
철원군,2022,4/4,2022.4/4,응급의학과,0
철원군,2023,1/4,2023.1/4,응급의학과,1
철원군,2023,2/4,2023.2/4,응급의학과,1
철원군,2023,3/4,2023.3/4,응급의학과,1
철원군,2023,4/4,2023.4/4,응급의학과,1
철원군,2024,1/4,2024.1/4,응급의학과,2
철원군,2024,2/4,2024.2/4,응급의학과,1
철원군,2024,3/4,2024.3/4,응급의학과,1
철원군,2024,4/4,2024.4/4,응급의학과,1
철원군,2025,1/4,2025.1/4,응급의학과,1
철원군,2025,2/4,2025.2/4,응급의학과,1
철원군,2025,3/4,2025.3/4,응급의학과,1
철원군,2025,4/4,2025.4/4,응급의학과,1
철원군,2009,1/4,2009.1/4,이비인후과,1
철원군,2009,2/4,2009.2/4,이비인후과,1
철원군,2009,3/4,2009.3/4,이비인후과,1
철원군,2009,4/4,2009.4/4,이비인후과,1
철원군,2010,1/4,2010.1/4,이비인후과,1
철원군,2010,2/4,2010.2/4,이비인후과,1
철원군,2010,3/4,2010.3/4,이비인후과,1
철원군,2010,4/4,2010.4/4,이비인후과,1
철원군,2011,1/4,2011.1/4,이비인후과,1
철원군,2011,2/4,2011.2/4,이비인후과,1
철원군,2011,3/4,2011.3/4,이비인후과,1
철원군,2011,4/4,2011.4/4,이비인후과,1
철원군,2012,1/4,2012.1/4,이비인후과,1
철원군,2012,2/4,2012.2/4,이비인후과,1
철원군,2012,3/4,2012.3/4,이비인후과,1
철원군,2012,4/4,2012.4/4,이비인후과,1
철원군,2013,1/4,2013.1/4,이비인후과,1
철원군,2013,2/4,2013.2/4,이비인후과,0
철원군,2013,3/4,2013.3/4,이비인후과,0
철원군,2013,4/4,2013.4/4,이비인후과,0
철원군,2014,1/4,2014.1/4,이비인후과,0
철원군,2014,2/4,2014.2/4,이비인후과,0
철원군,2014,3/4,2014.3/4,이비인후과,0
철원군,2014,4/4,2014.4/4,이비인후과,0
철원군,2015,1/4,2015.1/4,이비인후과,0
철원군,2015,2/4,2015.2/4,이비인후과,1
철원군,2015,3/4,2015.3/4,이비인후과,1
철원군,2015,4/4,2015.4/4,이비인후과,1
철원군,2016,1/4,2016.1/4,이비인후과,1
철원군,2016,2/4,2016.2/4,이비인후과,1
철원군,2016,3/4,2016.3/4,이비인후과,1
철원군,2016,4/4,2016.4/4,이비인후과,1
철원군,2017,1/4,2017.1/4,이비인후과,1
철원군,2017,2/4,2017.2/4,이비인후과,1
철원군,2017,3/4,2017.3/4,이비인후과,1
철원군,2017,4/4,2017.4/4,이비인후과,1
철원군,2018,1/4,2018.1/4,이비인후과,1
철원군,2018,2/4,2018.2/4,이비인후과,1
철원군,2018,3/4,2018.3/4,이비인후과,1
철원군,2018,4/4,2018.4/4,이비인후과,1
철원군,2019,1/4,2019.1/4,이비인후과,1
철원군,2019,2/4,2019.2/4,이비인후과,1
철원군,2019,3/4,2019.3/4,이비인후과,1
철원군,2019,4/4,2019.4/4,이비인후과,1
철원군,2020,1/4,2020.1/4,이비인후과,1
철원군,2020,2/4,2020.2/4,이비인후과,1
철원군,2020,3/4,2020.3/4,이비인후과,1
철원군,2020,4/4,2020.4/4,이비인후과,1
철원군,2021,1/4,2021.1/4,이비인후과,1
철원군,2021,2/4,2021.2/4,이비인후과,1
철원군,2021,3/4,2021.3/4,이비인후과,1
철원군,2021,4/4,2021.4/4,이비인후과,1
철원군,2022,1/4,2022.1/4,이비인후과,1
철원군,2022,2/4,2022.2/4,이비인후과,1
철원군,2022,3/4,2022.3/4,이비인후과,1
철원군,2022,4/4,2022.4/4,이비인후과,1
철원군,2023,1/4,2023.1/4,이비인후과,1
철원군,2023,2/4,2023.2/4,이비인후과,1
철원군,2023,3/4,2023.3/4,이비인후과,1
철원군,2023,4/4,2023.4/4,이비인후과,1
철원군,2024,1/4,2024.1/4,이비인후과,1
철원군,2024,2/4,2024.2/4,이비인후과,1
철원군,2024,3/4,2024.3/4,이비인후과,1
철원군,2024,4/4,2024.4/4,이비인후과,2
철원군,2025,1/4,2025.1/4,이비인후과,2
철원군,2025,2/4,2025.2/4,이비인후과,2
철원군,2025,3/4,2025.3/4,이비인후과,2
철원군,2025,4/4,2025.4/4,이비인후과,2
철원군,2009,1/4,2009.1/4,재활의학과,0
철원군,2009,2/4,2009.2/4,재활의학과,0
철원군,2009,3/4,2009.3/4,재활의학과,0
철원군,2009,4/4,2009.4/4,재활의학과,0
철원군,2010,1/4,2010.1/4,재활의학과,0
철원군,2010,2/4,2010.2/4,재활의학과,0
철원군,2010,3/4,2010.3/4,재활의학과,0
철원군,2010,4/4,2010.4/4,재활의학과,0
철원군,2011,1/4,2011.1/4,재활의학과,0
철원군,2011,2/4,2011.2/4,재활의학과,0
철원군,2011,3/4,2011.3/4,재활의학과,0
철원군,2011,4/4,2011.4/4,재활의학과,0
철원군,2012,1/4,2012.1/4,재활의학과,0
철원군,2012,2/4,2012.2/4,재활의학과,0
철원군,2012,3/4,2012.3/4,재활의학과,0
철원군,2012,4/4,2012.4/4,재활의학과,0
철원군,2013,1/4,2013.1/4,재활의학과,0
철원군,2013,2/4,2013.2/4,재활의학과,0
철원군,2013,3/4,2013.3/4,재활의학과,0
철원군,2013,4/4,2013.4/4,재활의학과,0
철원군,2014,1/4,2014.1/4,재활의학과,0
철원군,2014,2/4,2014.2/4,재활의학과,0
철원군,2014,3/4,2014.3/4,재활의학과,0
철원군,2014,4/4,2014.4/4,재활의학과,0
철원군,2015,1/4,2015.1/4,재활의학과,0
철원군,2015,2/4,2015.2/4,재활의학과,0
철원군,2015,3/4,2015.3/4,재활의학과,0
철원군,2015,4/4,2015.4/4,재활의학과,0
철원군,2016,1/4,2016.1/4,재활의학과,0
철원군,2016,2/4,2016.2/4,재활의학과,0
철원군,2016,3/4,2016.3/4,재활의학과,0
철원군,2016,4/4,2016.4/4,재활의학과,0
철원군,2017,1/4,2017.1/4,재활의학과,0
철원군,2017,2/4,2017.2/4,재활의학과,0
철원군,2017,3/4,2017.3/4,재활의학과,0
철원군,2017,4/4,2017.4/4,재활의학과,0
철원군,2018,1/4,2018.1/4,재활의학과,0
철원군,2018,2/4,2018.2/4,재활의학과,0
철원군,2018,3/4,2018.3/4,재활의학과,0
철원군,2018,4/4,2018.4/4,재활의학과,0
철원군,2019,1/4,2019.1/4,재활의학과,0
철원군,2019,2/4,2019.2/4,재활의학과,0
철원군,2019,3/4,2019.3/4,재활의학과,0
철원군,2019,4/4,2019.4/4,재활의학과,0
철원군,2020,1/4,2020.1/4,재활의학과,0
철원군,2020,2/4,2020.2/4,재활의학과,0
철원군,2020,3/4,2020.3/4,재활의학과,0
철원군,2020,4/4,2020.4/4,재활의학과,0
철원군,2021,1/4,2021.1/4,재활의학과,0
철원군,2021,2/4,2021.2/4,재활의학과,0
철원군,2021,3/4,2021.3/4,재활의학과,0
철원군,2021,4/4,2021.4/4,재활의학과,0
철원군,2022,1/4,2022.1/4,재활의학과,0
철원군,2022,2/4,2022.2/4,재활의학과,0
철원군,2022,3/4,2022.3/4,재활의학과,0
철원군,2022,4/4,2022.4/4,재활의학과,0
철원군,2023,1/4,2023.1/4,재활의학과,0
철원군,2023,2/4,2023.2/4,재활의학과,0
철원군,2023,3/4,2023.3/4,재활의학과,0
철원군,2023,4/4,2023.4/4,재활의학과,0
철원군,2024,1/4,2024.1/4,재활의학과,0
철원군,2024,2/4,2024.2/4,재활의학과,0
철원군,2024,3/4,2024.3/4,재활의학과,0
철원군,2024,4/4,2024.4/4,재활의학과,0
철원군,2025,1/4,2025.1/4,재활의학과,0
철원군,2025,2/4,2025.2/4,재활의학과,0
철원군,2025,3/4,2025.3/4,재활의학과,0
철원군,2025,4/4,2025.4/4,재활의학과,0
철원군,2009,1/4,2009.1/4,정신건강의학과,0
철원군,2009,2/4,2009.2/4,정신건강의학과,0
철원군,2009,3/4,2009.3/4,정신건강의학과,0
철원군,2009,4/4,2009.4/4,정신건강의학과,0
철원군,2010,1/4,2010.1/4,정신건강의학과,0
철원군,2010,2/4,2010.2/4,정신건강의학과,1
철원군,2010,3/4,2010.3/4,정신건강의학과,1
철원군,2010,4/4,2010.4/4,정신건강의학과,1
철원군,2011,1/4,2011.1/4,정신건강의학과,1
철원군,2011,2/4,2011.2/4,정신건강의학과,1
철원군,2011,3/4,2011.3/4,정신건강의학과,1
철원군,2011,4/4,2011.4/4,정신건강의학과,1
철원군,2012,1/4,2012.1/4,정신건강의학과,1
철원군,2012,2/4,2012.2/4,정신건강의학과,0
철원군,2012,3/4,2012.3/4,정신건강의학과,0
철원군,2012,4/4,2012.4/4,정신건강의학과,0
철원군,2013,1/4,2013.1/4,정신건강의학과,0
철원군,2013,2/4,2013.2/4,정신건강의학과,1
철원군,2013,3/4,2013.3/4,정신건강의학과,1
철원군,2013,4/4,2013.4/4,정신건강의학과,1
철원군,2014,1/4,2014.1/4,정신건강의학과,1
철원군,2014,2/4,2014.2/4,정신건강의학과,1
철원군,2014,3/4,2014.3/4,정신건강의학과,1
철원군,2014,4/4,2014.4/4,정신건강의학과,1
철원군,2015,1/4,2015.1/4,정신건강의학과,1
철원군,2015,2/4,2015.2/4,정신건강의학과,1
철원군,2015,3/4,2015.3/4,정신건강의학과,1
철원군,2015,4/4,2015.4/4,정신건강의학과,1
철원군,2016,1/4,2016.1/4,정신건강의학과,1
철원군,2016,2/4,2016.2/4,정신건강의학과,0
철원군,2016,3/4,2016.3/4,정신건강의학과,0
철원군,2016,4/4,2016.4/4,정신건강의학과,0
철원군,2017,1/4,2017.1/4,정신건강의학과,0
철원군,2017,2/4,2017.2/4,정신건강의학과,0
철원군,2017,3/4,2017.3/4,정신건강의학과,1
철원군,2017,4/4,2017.4/4,정신건강의학과,1
철원군,2018,1/4,2018.1/4,정신건강의학과,1
철원군,2018,2/4,2018.2/4,정신건강의학과,0
철원군,2018,3/4,2018.3/4,정신건강의학과,0
철원군,2018,4/4,2018.4/4,정신건강의학과,0
철원군,2019,1/4,2019.1/4,정신건강의학과,0
철원군,2019,2/4,2019.2/4,정신건강의학과,0
철원군,2019,3/4,2019.3/4,정신건강의학과,0
철원군,2019,4/4,2019.4/4,정신건강의학과,0
철원군,2020,1/4,2020.1/4,정신건강의학과,0
철원군,2020,2/4,2020.2/4,정신건강의학과,0
철원군,2020,3/4,2020.3/4,정신건강의학과,0
철원군,2020,4/4,2020.4/4,정신건강의학과,0
철원군,2021,1/4,2021.1/4,정신건강의학과,0
철원군,2021,2/4,2021.2/4,정신건강의학과,0
철원군,2021,3/4,2021.3/4,정신건강의학과,0
철원군,2021,4/4,2021.4/4,정신건강의학과,0
철원군,2022,1/4,2022.1/4,정신건강의학과,0
철원군,2022,2/4,2022.2/4,정신건강의학과,0
철원군,2022,3/4,2022.3/4,정신건강의학과,0
철원군,2022,4/4,2022.4/4,정신건강의학과,0
철원군,2023,1/4,2023.1/4,정신건강의학과,0
철원군,2023,2/4,2023.2/4,정신건강의학과,0
철원군,2023,3/4,2023.3/4,정신건강의학과,0
철원군,2023,4/4,2023.4/4,정신건강의학과,0
철원군,2024,1/4,2024.1/4,정신건강의학과,0
철원군,2024,2/4,2024.2/4,정신건강의학과,0
철원군,2024,3/4,2024.3/4,정신건강의학과,0
철원군,2024,4/4,2024.4/4,정신건강의학과,0
철원군,2025,1/4,2025.1/4,정신건강의학과,0
철원군,2025,2/4,2025.2/4,정신건강의학과,0
철원군,2025,3/4,2025.3/4,정신건강의학과,0
철원군,2025,4/4,2025.4/4,정신건강의학과,0
철원군,2009,1/4,2009.1/4,정형외과,2
철원군,2009,2/4,2009.2/4,정형외과,2
철원군,2009,3/4,2009.3/4,정형외과,3
철원군,2009,4/4,2009.4/4,정형외과,3
철원군,2010,1/4,2010.1/4,정형외과,2
철원군,2010,2/4,2010.2/4,정형외과,2
철원군,2010,3/4,2010.3/4,정형외과,2
철원군,2010,4/4,2010.4/4,정형외과,2
철원군,2011,1/4,2011.1/4,정형외과,2
철원군,2011,2/4,2011.2/4,정형외과,2
철원군,2011,3/4,2011.3/4,정형외과,2
철원군,2011,4/4,2011.4/4,정형외과,2
철원군,2012,1/4,2012.1/4,정형외과,2
철원군,2012,2/4,2012.2/4,정형외과,2
철원군,2012,3/4,2012.3/4,정형외과,2
철원군,2012,4/4,2012.4/4,정형외과,2
철원군,2013,1/4,2013.1/4,정형외과,3
철원군,2013,2/4,2013.2/4,정형외과,4
철원군,2013,3/4,2013.3/4,정형외과,4
철원군,2013,4/4,2013.4/4,정형외과,4
철원군,2014,1/4,2014.1/4,정형외과,3
철원군,2014,2/4,2014.2/4,정형외과,2
철원군,2014,3/4,2014.3/4,정형외과,2
철원군,2014,4/4,2014.4/4,정형외과,2
철원군,2015,1/4,2015.1/4,정형외과,2
철원군,2015,2/4,2015.2/4,정형외과,1
철원군,2015,3/4,2015.3/4,정형외과,1
철원군,2015,4/4,2015.4/4,정형외과,2
철원군,2016,1/4,2016.1/4,정형외과,2
철원군,2016,2/4,2016.2/4,정형외과,2
철원군,2016,3/4,2016.3/4,정형외과,2
철원군,2016,4/4,2016.4/4,정형외과,3
철원군,2017,1/4,2017.1/4,정형외과,3
철원군,2017,2/4,2017.2/4,정형외과,3
철원군,2017,3/4,2017.3/4,정형외과,4
철원군,2017,4/4,2017.4/4,정형외과,3
철원군,2018,1/4,2018.1/4,정형외과,3
철원군,2018,2/4,2018.2/4,정형외과,3
철원군,2018,3/4,2018.3/4,정형외과,2
철원군,2018,4/4,2018.4/4,정형외과,2
철원군,2019,1/4,2019.1/4,정형외과,2
철원군,2019,2/4,2019.2/4,정형외과,2
철원군,2019,3/4,2019.3/4,정형외과,2
철원군,2019,4/4,2019.4/4,정형외과,2
철원군,2020,1/4,2020.1/4,정형외과,2
철원군,2020,2/4,2020.2/4,정형외과,2
철원군,2020,3/4,2020.3/4,정형외과,2
철원군,2020,4/4,2020.4/4,정형외과,2
철원군,2021,1/4,2021.1/4,정형외과,2
철원군,2021,2/4,2021.2/4,정형외과,2
철원군,2021,3/4,2021.3/4,정형외과,2
철원군,2021,4/4,2021.4/4,정형외과,2
철원군,2022,1/4,2022.1/4,정형외과,3
철원군,2022,2/4,2022.2/4,정형외과,2
철원군,2022,3/4,2022.3/4,정형외과,2
철원군,2022,4/4,2022.4/4,정형외과,2
철원군,2023,1/4,2023.1/4,정형외과,2
철원군,2023,2/4,2023.2/4,정형외과,2
철원군,2023,3/4,2023.3/4,정형외과,2
철원군,2023,4/4,2023.4/4,정형외과,2
철원군,2024,1/4,2024.1/4,정형외과,2
철원군,2024,2/4,2024.2/4,정형외과,2
철원군,2024,3/4,2024.3/4,정형외과,2
철원군,2024,4/4,2024.4/4,정형외과,4
철원군,2025,1/4,2025.1/4,정형외과,4
철원군,2025,2/4,2025.2/4,정형외과,3
철원군,2025,3/4,2025.3/4,정형외과,3
철원군,2025,4/4,2025.4/4,정형외과,3
철원군,2009,1/4,2009.1/4,직업환경의학과,0
철원군,2009,2/4,2009.2/4,직업환경의학과,0
철원군,2009,3/4,2009.3/4,직업환경의학과,0
철원군,2009,4/4,2009.4/4,직업환경의학과,0
철원군,2010,1/4,2010.1/4,직업환경의학과,0
철원군,2010,2/4,2010.2/4,직업환경의학과,0
철원군,2010,3/4,2010.3/4,직업환경의학과,0
철원군,2010,4/4,2010.4/4,직업환경의학과,0
철원군,2011,1/4,2011.1/4,직업환경의학과,0
철원군,2011,2/4,2011.2/4,직업환경의학과,0
철원군,2011,3/4,2011.3/4,직업환경의학과,0
철원군,2011,4/4,2011.4/4,직업환경의학과,0
철원군,2012,1/4,2012.1/4,직업환경의학과,0
철원군,2012,2/4,2012.2/4,직업환경의학과,0
철원군,2012,3/4,2012.3/4,직업환경의학과,0
철원군,2012,4/4,2012.4/4,직업환경의학과,0
철원군,2013,1/4,2013.1/4,직업환경의학과,0
철원군,2013,2/4,2013.2/4,직업환경의학과,0
철원군,2013,3/4,2013.3/4,직업환경의학과,0
철원군,2013,4/4,2013.4/4,직업환경의학과,0
철원군,2014,1/4,2014.1/4,직업환경의학과,0
철원군,2014,2/4,2014.2/4,직업환경의학과,0
철원군,2014,3/4,2014.3/4,직업환경의학과,0
철원군,2014,4/4,2014.4/4,직업환경의학과,0
철원군,2015,1/4,2015.1/4,직업환경의학과,0
철원군,2015,2/4,2015.2/4,직업환경의학과,0
철원군,2015,3/4,2015.3/4,직업환경의학과,0
철원군,2015,4/4,2015.4/4,직업환경의학과,0
철원군,2016,1/4,2016.1/4,직업환경의학과,0
철원군,2016,2/4,2016.2/4,직업환경의학과,0
철원군,2016,3/4,2016.3/4,직업환경의학과,0
철원군,2016,4/4,2016.4/4,직업환경의학과,0
철원군,2017,1/4,2017.1/4,직업환경의학과,0
철원군,2017,2/4,2017.2/4,직업환경의학과,0
철원군,2017,3/4,2017.3/4,직업환경의학과,0
철원군,2017,4/4,2017.4/4,직업환경의학과,0
철원군,2018,1/4,2018.1/4,직업환경의학과,0
철원군,2018,2/4,2018.2/4,직업환경의학과,0
철원군,2018,3/4,2018.3/4,직업환경의학과,0
철원군,2018,4/4,2018.4/4,직업환경의학과,0
철원군,2019,1/4,2019.1/4,직업환경의학과,0
철원군,2019,2/4,2019.2/4,직업환경의학과,0
철원군,2019,3/4,2019.3/4,직업환경의학과,0
철원군,2019,4/4,2019.4/4,직업환경의학과,0
철원군,2020,1/4,2020.1/4,직업환경의학과,0
철원군,2020,2/4,2020.2/4,직업환경의학과,0
철원군,2020,3/4,2020.3/4,직업환경의학과,0
철원군,2020,4/4,2020.4/4,직업환경의학과,0
철원군,2021,1/4,2021.1/4,직업환경의학과,0
철원군,2021,2/4,2021.2/4,직업환경의학과,0
철원군,2021,3/4,2021.3/4,직업환경의학과,0
철원군,2021,4/4,2021.4/4,직업환경의학과,0
철원군,2022,1/4,2022.1/4,직업환경의학과,0
철원군,2022,2/4,2022.2/4,직업환경의학과,0
철원군,2022,3/4,2022.3/4,직업환경의학과,0
철원군,2022,4/4,2022.4/4,직업환경의학과,0
철원군,2023,1/4,2023.1/4,직업환경의학과,0
철원군,2023,2/4,2023.2/4,직업환경의학과,0
철원군,2023,3/4,2023.3/4,직업환경의학과,0
철원군,2023,4/4,2023.4/4,직업환경의학과,0
철원군,2024,1/4,2024.1/4,직업환경의학과,0
철원군,2024,2/4,2024.2/4,직업환경의학과,0
철원군,2024,3/4,2024.3/4,직업환경의학과,0
철원군,2024,4/4,2024.4/4,직업환경의학과,0
철원군,2025,1/4,2025.1/4,직업환경의학과,0
철원군,2025,2/4,2025.2/4,직업환경의학과,0
철원군,2025,3/4,2025.3/4,직업환경의학과,0
철원군,2025,4/4,2025.4/4,직업환경의학과,0
철원군,2009,1/4,2009.1/4,진단검사의학과,0
철원군,2009,2/4,2009.2/4,진단검사의학과,0
철원군,2009,3/4,2009.3/4,진단검사의학과,0
철원군,2009,4/4,2009.4/4,진단검사의학과,0
철원군,2010,1/4,2010.1/4,진단검사의학과,0
철원군,2010,2/4,2010.2/4,진단검사의학과,0
철원군,2010,3/4,2010.3/4,진단검사의학과,0
철원군,2010,4/4,2010.4/4,진단검사의학과,0
철원군,2011,1/4,2011.1/4,진단검사의학과,0
철원군,2011,2/4,2011.2/4,진단검사의학과,0
철원군,2011,3/4,2011.3/4,진단검사의학과,0
철원군,2011,4/4,2011.4/4,진단검사의학과,0
철원군,2012,1/4,2012.1/4,진단검사의학과,0
철원군,2012,2/4,2012.2/4,진단검사의학과,0
철원군,2012,3/4,2012.3/4,진단검사의학과,0
철원군,2012,4/4,2012.4/4,진단검사의학과,0
철원군,2013,1/4,2013.1/4,진단검사의학과,0
철원군,2013,2/4,2013.2/4,진단검사의학과,0
철원군,2013,3/4,2013.3/4,진단검사의학과,0
철원군,2013,4/4,2013.4/4,진단검사의학과,0
철원군,2014,1/4,2014.1/4,진단검사의학과,0
철원군,2014,2/4,2014.2/4,진단검사의학과,0
철원군,2014,3/4,2014.3/4,진단검사의학과,0
철원군,2014,4/4,2014.4/4,진단검사의학과,0
철원군,2015,1/4,2015.1/4,진단검사의학과,0
철원군,2015,2/4,2015.2/4,진단검사의학과,0
철원군,2015,3/4,2015.3/4,진단검사의학과,0
철원군,2015,4/4,2015.4/4,진단검사의학과,0
철원군,2016,1/4,2016.1/4,진단검사의학과,0
철원군,2016,2/4,2016.2/4,진단검사의학과,0
철원군,2016,3/4,2016.3/4,진단검사의학과,0
철원군,2016,4/4,2016.4/4,진단검사의학과,0
철원군,2017,1/4,2017.1/4,진단검사의학과,0
철원군,2017,2/4,2017.2/4,진단검사의학과,0
철원군,2017,3/4,2017.3/4,진단검사의학과,0
철원군,2017,4/4,2017.4/4,진단검사의학과,0
철원군,2018,1/4,2018.1/4,진단검사의학과,0
철원군,2018,2/4,2018.2/4,진단검사의학과,0
철원군,2018,3/4,2018.3/4,진단검사의학과,0
철원군,2018,4/4,2018.4/4,진단검사의학과,0
철원군,2019,1/4,2019.1/4,진단검사의학과,0
철원군,2019,2/4,2019.2/4,진단검사의학과,0
철원군,2019,3/4,2019.3/4,진단검사의학과,0
철원군,2019,4/4,2019.4/4,진단검사의학과,0
철원군,2020,1/4,2020.1/4,진단검사의학과,0
철원군,2020,2/4,2020.2/4,진단검사의학과,0
철원군,2020,3/4,2020.3/4,진단검사의학과,0
철원군,2020,4/4,2020.4/4,진단검사의학과,0
철원군,2021,1/4,2021.1/4,진단검사의학과,0
철원군,2021,2/4,2021.2/4,진단검사의학과,0
철원군,2021,3/4,2021.3/4,진단검사의학과,0
철원군,2021,4/4,2021.4/4,진단검사의학과,0
철원군,2022,1/4,2022.1/4,진단검사의학과,0
철원군,2022,2/4,2022.2/4,진단검사의학과,0
철원군,2022,3/4,2022.3/4,진단검사의학과,0
철원군,2022,4/4,2022.4/4,진단검사의학과,0
철원군,2023,1/4,2023.1/4,진단검사의학과,0
철원군,2023,2/4,2023.2/4,진단검사의학과,0
철원군,2023,3/4,2023.3/4,진단검사의학과,0
철원군,2023,4/4,2023.4/4,진단검사의학과,0
철원군,2024,1/4,2024.1/4,진단검사의학과,0
철원군,2024,2/4,2024.2/4,진단검사의학과,0
철원군,2024,3/4,2024.3/4,진단검사의학과,0
철원군,2024,4/4,2024.4/4,진단검사의학과,0
철원군,2025,1/4,2025.1/4,진단검사의학과,0
철원군,2025,2/4,2025.2/4,진단검사의학과,0
철원군,2025,3/4,2025.3/4,진단검사의학과,0
철원군,2025,4/4,2025.4/4,진단검사의학과,0
철원군,2009,1/4,2009.1/4,피부과,0
철원군,2009,2/4,2009.2/4,피부과,0
철원군,2009,3/4,2009.3/4,피부과,0
철원군,2009,4/4,2009.4/4,피부과,0
철원군,2010,1/4,2010.1/4,피부과,0
철원군,2010,2/4,2010.2/4,피부과,0
철원군,2010,3/4,2010.3/4,피부과,0
철원군,2010,4/4,2010.4/4,피부과,0
철원군,2011,1/4,2011.1/4,피부과,0
철원군,2011,2/4,2011.2/4,피부과,0
철원군,2011,3/4,2011.3/4,피부과,0
철원군,2011,4/4,2011.4/4,피부과,0
철원군,2012,1/4,2012.1/4,피부과,0
철원군,2012,2/4,2012.2/4,피부과,0
철원군,2012,3/4,2012.3/4,피부과,0
철원군,2012,4/4,2012.4/4,피부과,0
철원군,2013,1/4,2013.1/4,피부과,0
철원군,2013,2/4,2013.2/4,피부과,1
철원군,2013,3/4,2013.3/4,피부과,0
철원군,2013,4/4,2013.4/4,피부과,0
철원군,2014,1/4,2014.1/4,피부과,0
철원군,2014,2/4,2014.2/4,피부과,0
철원군,2014,3/4,2014.3/4,피부과,0
철원군,2014,4/4,2014.4/4,피부과,0
철원군,2015,1/4,2015.1/4,피부과,0
철원군,2015,2/4,2015.2/4,피부과,0
철원군,2015,3/4,2015.3/4,피부과,0
철원군,2015,4/4,2015.4/4,피부과,0
철원군,2016,1/4,2016.1/4,피부과,0
철원군,2016,2/4,2016.2/4,피부과,0
철원군,2016,3/4,2016.3/4,피부과,0
철원군,2016,4/4,2016.4/4,피부과,0
철원군,2017,1/4,2017.1/4,피부과,0
철원군,2017,2/4,2017.2/4,피부과,0
철원군,2017,3/4,2017.3/4,피부과,0
철원군,2017,4/4,2017.4/4,피부과,0
철원군,2018,1/4,2018.1/4,피부과,0
철원군,2018,2/4,2018.2/4,피부과,0
철원군,2018,3/4,2018.3/4,피부과,0
철원군,2018,4/4,2018.4/4,피부과,0
철원군,2019,1/4,2019.1/4,피부과,0
철원군,2019,2/4,2019.2/4,피부과,0
철원군,2019,3/4,2019.3/4,피부과,0
철원군,2019,4/4,2019.4/4,피부과,0
철원군,2020,1/4,2020.1/4,피부과,0
철원군,2020,2/4,2020.2/4,피부과,0
철원군,2020,3/4,2020.3/4,피부과,0
철원군,2020,4/4,2020.4/4,피부과,0
철원군,2021,1/4,2021.1/4,피부과,0
철원군,2021,2/4,2021.2/4,피부과,0
철원군,2021,3/4,2021.3/4,피부과,0
철원군,2021,4/4,2021.4/4,피부과,0
철원군,2022,1/4,2022.1/4,피부과,0
철원군,2022,2/4,2022.2/4,피부과,0
철원군,2022,3/4,2022.3/4,피부과,0
철원군,2022,4/4,2022.4/4,피부과,0
철원군,2023,1/4,2023.1/4,피부과,0
철원군,2023,2/4,2023.2/4,피부과,0
철원군,2023,3/4,2023.3/4,피부과,0
철원군,2023,4/4,2023.4/4,피부과,0
철원군,2024,1/4,2024.1/4,피부과,0
철원군,2024,2/4,2024.2/4,피부과,0
철원군,2024,3/4,2024.3/4,피부과,0
철원군,2024,4/4,2024.4/4,피부과,0
철원군,2025,1/4,2025.1/4,피부과,0
철원군,2025,2/4,2025.2/4,피부과,0
철원군,2025,3/4,2025.3/4,피부과,0
철원군,2025,4/4,2025.4/4,피부과,0
철원군,2009,1/4,2009.1/4,핵의학과,0
철원군,2009,2/4,2009.2/4,핵의학과,0
철원군,2009,3/4,2009.3/4,핵의학과,0
철원군,2009,4/4,2009.4/4,핵의학과,0
철원군,2010,1/4,2010.1/4,핵의학과,0
철원군,2010,2/4,2010.2/4,핵의학과,0
철원군,2010,3/4,2010.3/4,핵의학과,0
철원군,2010,4/4,2010.4/4,핵의학과,0
철원군,2011,1/4,2011.1/4,핵의학과,0
철원군,2011,2/4,2011.2/4,핵의학과,0
철원군,2011,3/4,2011.3/4,핵의학과,0
철원군,2011,4/4,2011.4/4,핵의학과,0
철원군,2012,1/4,2012.1/4,핵의학과,0
철원군,2012,2/4,2012.2/4,핵의학과,0
철원군,2012,3/4,2012.3/4,핵의학과,0
철원군,2012,4/4,2012.4/4,핵의학과,0
철원군,2013,1/4,2013.1/4,핵의학과,0
철원군,2013,2/4,2013.2/4,핵의학과,0
철원군,2013,3/4,2013.3/4,핵의학과,0
철원군,2013,4/4,2013.4/4,핵의학과,0
철원군,2014,1/4,2014.1/4,핵의학과,0
철원군,2014,2/4,2014.2/4,핵의학과,0
철원군,2014,3/4,2014.3/4,핵의학과,0
철원군,2014,4/4,2014.4/4,핵의학과,0
철원군,2015,1/4,2015.1/4,핵의학과,0
철원군,2015,2/4,2015.2/4,핵의학과,0
철원군,2015,3/4,2015.3/4,핵의학과,0
철원군,2015,4/4,2015.4/4,핵의학과,0
철원군,2016,1/4,2016.1/4,핵의학과,0
철원군,2016,2/4,2016.2/4,핵의학과,0
철원군,2016,3/4,2016.3/4,핵의학과,0
철원군,2016,4/4,2016.4/4,핵의학과,0
철원군,2017,1/4,2017.1/4,핵의학과,0
철원군,2017,2/4,2017.2/4,핵의학과,0
철원군,2017,3/4,2017.3/4,핵의학과,0
철원군,2017,4/4,2017.4/4,핵의학과,0
철원군,2018,1/4,2018.1/4,핵의학과,0
철원군,2018,2/4,2018.2/4,핵의학과,0
철원군,2018,3/4,2018.3/4,핵의학과,0
철원군,2018,4/4,2018.4/4,핵의학과,0
철원군,2019,1/4,2019.1/4,핵의학과,0
철원군,2019,2/4,2019.2/4,핵의학과,0
철원군,2019,3/4,2019.3/4,핵의학과,0
철원군,2019,4/4,2019.4/4,핵의학과,0
철원군,2020,1/4,2020.1/4,핵의학과,0
철원군,2020,2/4,2020.2/4,핵의학과,0
철원군,2020,3/4,2020.3/4,핵의학과,0
철원군,2020,4/4,2020.4/4,핵의학과,0
철원군,2021,1/4,2021.1/4,핵의학과,0
철원군,2021,2/4,2021.2/4,핵의학과,0
철원군,2021,3/4,2021.3/4,핵의학과,0
철원군,2021,4/4,2021.4/4,핵의학과,0
철원군,2022,1/4,2022.1/4,핵의학과,0
철원군,2022,2/4,2022.2/4,핵의학과,0
철원군,2022,3/4,2022.3/4,핵의학과,0
철원군,2022,4/4,2022.4/4,핵의학과,0
철원군,2023,1/4,2023.1/4,핵의학과,0
철원군,2023,2/4,2023.2/4,핵의학과,0
철원군,2023,3/4,2023.3/4,핵의학과,0
철원군,2023,4/4,2023.4/4,핵의학과,0
철원군,2024,1/4,2024.1/4,핵의학과,0
철원군,2024,2/4,2024.2/4,핵의학과,0
철원군,2024,3/4,2024.3/4,핵의학과,0
철원군,2024,4/4,2024.4/4,핵의학과,0
철원군,2025,1/4,2025.1/4,핵의학과,0
철원군,2025,2/4,2025.2/4,핵의학과,0
철원군,2025,3/4,2025.3/4,핵의학과,0
철원군,2025,4/4,2025.4/4,핵의학과,0
춘천시,2009,1/4,2009.1/4,가정의학과,23
춘천시,2009,2/4,2009.2/4,가정의학과,21
춘천시,2009,3/4,2009.3/4,가정의학과,20
춘천시,2009,4/4,2009.4/4,가정의학과,20
춘천시,2010,1/4,2010.1/4,가정의학과,23
춘천시,2010,2/4,2010.2/4,가정의학과,24
춘천시,2010,3/4,2010.3/4,가정의학과,24
춘천시,2010,4/4,2010.4/4,가정의학과,23
춘천시,2011,1/4,2011.1/4,가정의학과,27
춘천시,2011,2/4,2011.2/4,가정의학과,28
춘천시,2011,3/4,2011.3/4,가정의학과,26
춘천시,2011,4/4,2011.4/4,가정의학과,29
춘천시,2012,1/4,2012.1/4,가정의학과,30
춘천시,2012,2/4,2012.2/4,가정의학과,29
춘천시,2012,3/4,2012.3/4,가정의학과,31
춘천시,2012,4/4,2012.4/4,가정의학과,31
춘천시,2013,1/4,2013.1/4,가정의학과,33
춘천시,2013,2/4,2013.2/4,가정의학과,33
춘천시,2013,3/4,2013.3/4,가정의학과,33
춘천시,2013,4/4,2013.4/4,가정의학과,32
춘천시,2014,1/4,2014.1/4,가정의학과,36
춘천시,2014,2/4,2014.2/4,가정의학과,35
춘천시,2014,3/4,2014.3/4,가정의학과,36
춘천시,2014,4/4,2014.4/4,가정의학과,36
춘천시,2015,1/4,2015.1/4,가정의학과,34
춘천시,2015,2/4,2015.2/4,가정의학과,35
춘천시,2015,3/4,2015.3/4,가정의학과,36
춘천시,2015,4/4,2015.4/4,가정의학과,37
춘천시,2016,1/4,2016.1/4,가정의학과,39
춘천시,2016,2/4,2016.2/4,가정의학과,40
춘천시,2016,3/4,2016.3/4,가정의학과,39
춘천시,2016,4/4,2016.4/4,가정의학과,38
춘천시,2017,1/4,2017.1/4,가정의학과,36
춘천시,2017,2/4,2017.2/4,가정의학과,36
춘천시,2017,3/4,2017.3/4,가정의학과,38
춘천시,2017,4/4,2017.4/4,가정의학과,39
춘천시,2018,1/4,2018.1/4,가정의학과,38
춘천시,2018,2/4,2018.2/4,가정의학과,42
춘천시,2018,3/4,2018.3/4,가정의학과,42
춘천시,2018,4/4,2018.4/4,가정의학과,42
춘천시,2019,1/4,2019.1/4,가정의학과,44
춘천시,2019,2/4,2019.2/4,가정의학과,43
춘천시,2019,3/4,2019.3/4,가정의학과,45
춘천시,2019,4/4,2019.4/4,가정의학과,44
춘천시,2020,1/4,2020.1/4,가정의학과,52
춘천시,2020,2/4,2020.2/4,가정의학과,53
춘천시,2020,3/4,2020.3/4,가정의학과,53
춘천시,2020,4/4,2020.4/4,가정의학과,52
춘천시,2021,1/4,2021.1/4,가정의학과,54
춘천시,2021,2/4,2021.2/4,가정의학과,54
춘천시,2021,3/4,2021.3/4,가정의학과,53
춘천시,2021,4/4,2021.4/4,가정의학과,55
춘천시,2022,1/4,2022.1/4,가정의학과,51
춘천시,2022,2/4,2022.2/4,가정의학과,53
춘천시,2022,3/4,2022.3/4,가정의학과,48
춘천시,2022,4/4,2022.4/4,가정의학과,47
춘천시,2023,1/4,2023.1/4,가정의학과,51
춘천시,2023,2/4,2023.2/4,가정의학과,51
춘천시,2023,3/4,2023.3/4,가정의학과,53
춘천시,2023,4/4,2023.4/4,가정의학과,57
춘천시,2024,1/4,2024.1/4,가정의학과,55
춘천시,2024,2/4,2024.2/4,가정의학과,56
춘천시,2024,3/4,2024.3/4,가정의학과,54
춘천시,2024,4/4,2024.4/4,가정의학과,53
춘천시,2025,1/4,2025.1/4,가정의학과,52
춘천시,2025,2/4,2025.2/4,가정의학과,51
춘천시,2025,3/4,2025.3/4,가정의학과,51
춘천시,2025,4/4,2025.4/4,가정의학과,50
춘천시,2009,1/4,2009.1/4,결핵과,1
춘천시,2009,2/4,2009.2/4,결핵과,1
춘천시,2009,3/4,2009.3/4,결핵과,1
춘천시,2009,4/4,2009.4/4,결핵과,1
춘천시,2010,1/4,2010.1/4,결핵과,1
춘천시,2010,2/4,2010.2/4,결핵과,1
춘천시,2010,3/4,2010.3/4,결핵과,1
춘천시,2010,4/4,2010.4/4,결핵과,1
춘천시,2011,1/4,2011.1/4,결핵과,1
춘천시,2011,2/4,2011.2/4,결핵과,1
춘천시,2011,3/4,2011.3/4,결핵과,1
춘천시,2011,4/4,2011.4/4,결핵과,1
춘천시,2012,1/4,2012.1/4,결핵과,1
춘천시,2012,2/4,2012.2/4,결핵과,1
춘천시,2012,3/4,2012.3/4,결핵과,1
춘천시,2012,4/4,2012.4/4,결핵과,1
춘천시,2013,1/4,2013.1/4,결핵과,1
춘천시,2013,2/4,2013.2/4,결핵과,2
춘천시,2013,3/4,2013.3/4,결핵과,1
춘천시,2013,4/4,2013.4/4,결핵과,1
춘천시,2014,1/4,2014.1/4,결핵과,1
춘천시,2014,2/4,2014.2/4,결핵과,1
춘천시,2014,3/4,2014.3/4,결핵과,1
춘천시,2014,4/4,2014.4/4,결핵과,1
춘천시,2015,1/4,2015.1/4,결핵과,1
춘천시,2015,2/4,2015.2/4,결핵과,1
춘천시,2015,3/4,2015.3/4,결핵과,1
춘천시,2015,4/4,2015.4/4,결핵과,1
춘천시,2016,1/4,2016.1/4,결핵과,1
춘천시,2016,2/4,2016.2/4,결핵과,1
춘천시,2016,3/4,2016.3/4,결핵과,1
춘천시,2016,4/4,2016.4/4,결핵과,1
춘천시,2017,1/4,2017.1/4,결핵과,1
춘천시,2017,2/4,2017.2/4,결핵과,1
춘천시,2017,3/4,2017.3/4,결핵과,1
춘천시,2017,4/4,2017.4/4,결핵과,1
춘천시,2018,1/4,2018.1/4,결핵과,1
춘천시,2018,2/4,2018.2/4,결핵과,1
춘천시,2018,3/4,2018.3/4,결핵과,1
춘천시,2018,4/4,2018.4/4,결핵과,1
춘천시,2019,1/4,2019.1/4,결핵과,1
춘천시,2019,2/4,2019.2/4,결핵과,1
춘천시,2019,3/4,2019.3/4,결핵과,1
춘천시,2019,4/4,2019.4/4,결핵과,1
춘천시,2020,1/4,2020.1/4,결핵과,1
춘천시,2020,2/4,2020.2/4,결핵과,1
춘천시,2020,3/4,2020.3/4,결핵과,1
춘천시,2020,4/4,2020.4/4,결핵과,1
춘천시,2021,1/4,2021.1/4,결핵과,1
춘천시,2021,2/4,2021.2/4,결핵과,1
춘천시,2021,3/4,2021.3/4,결핵과,1
춘천시,2021,4/4,2021.4/4,결핵과,1
춘천시,2022,1/4,2022.1/4,결핵과,1
춘천시,2022,2/4,2022.2/4,결핵과,1
춘천시,2022,3/4,2022.3/4,결핵과,1
춘천시,2022,4/4,2022.4/4,결핵과,1
춘천시,2023,1/4,2023.1/4,결핵과,0
춘천시,2023,2/4,2023.2/4,결핵과,0
춘천시,2023,3/4,2023.3/4,결핵과,0
춘천시,2023,4/4,2023.4/4,결핵과,0
춘천시,2024,1/4,2024.1/4,결핵과,0
춘천시,2024,2/4,2024.2/4,결핵과,0
춘천시,2024,3/4,2024.3/4,결핵과,0
춘천시,2024,4/4,2024.4/4,결핵과,0
춘천시,2025,1/4,2025.1/4,결핵과,0
춘천시,2025,2/4,2025.2/4,결핵과,1
춘천시,2025,3/4,2025.3/4,결핵과,1
춘천시,2025,4/4,2025.4/4,결핵과,1
춘천시,2009,1/4,2009.1/4,내과,64
춘천시,2009,2/4,2009.2/4,내과,69
춘천시,2009,3/4,2009.3/4,내과,69
춘천시,2009,4/4,2009.4/4,내과,68
춘천시,2010,1/4,2010.1/4,내과,67
춘천시,2010,2/4,2010.2/4,내과,72
춘천시,2010,3/4,2010.3/4,내과,72
춘천시,2010,4/4,2010.4/4,내과,71
춘천시,2011,1/4,2011.1/4,내과,77
춘천시,2011,2/4,2011.2/4,내과,79
춘천시,2011,3/4,2011.3/4,내과,81
춘천시,2011,4/4,2011.4/4,내과,79
춘천시,2012,1/4,2012.1/4,내과,78
춘천시,2012,2/4,2012.2/4,내과,79
춘천시,2012,3/4,2012.3/4,내과,78
춘천시,2012,4/4,2012.4/4,내과,77
춘천시,2013,1/4,2013.1/4,내과,81
춘천시,2013,2/4,2013.2/4,내과,87
춘천시,2013,3/4,2013.3/4,내과,86
춘천시,2013,4/4,2013.4/4,내과,87
춘천시,2014,1/4,2014.1/4,내과,91
춘천시,2014,2/4,2014.2/4,내과,95
춘천시,2014,3/4,2014.3/4,내과,93
춘천시,2014,4/4,2014.4/4,내과,95
춘천시,2015,1/4,2015.1/4,내과,93
춘천시,2015,2/4,2015.2/4,내과,94
춘천시,2015,3/4,2015.3/4,내과,96
춘천시,2015,4/4,2015.4/4,내과,93
춘천시,2016,1/4,2016.1/4,내과,97
춘천시,2016,2/4,2016.2/4,내과,94
춘천시,2016,3/4,2016.3/4,내과,95
춘천시,2016,4/4,2016.4/4,내과,97
춘천시,2017,1/4,2017.1/4,내과,101
춘천시,2017,2/4,2017.2/4,내과,98
춘천시,2017,3/4,2017.3/4,내과,97
춘천시,2017,4/4,2017.4/4,내과,94
춘천시,2018,1/4,2018.1/4,내과,101
춘천시,2018,2/4,2018.2/4,내과,108
춘천시,2018,3/4,2018.3/4,내과,107
춘천시,2018,4/4,2018.4/4,내과,106
춘천시,2019,1/4,2019.1/4,내과,108
춘천시,2019,2/4,2019.2/4,내과,110
춘천시,2019,3/4,2019.3/4,내과,112
춘천시,2019,4/4,2019.4/4,내과,110
춘천시,2020,1/4,2020.1/4,내과,112
춘천시,2020,2/4,2020.2/4,내과,114
춘천시,2020,3/4,2020.3/4,내과,113
춘천시,2020,4/4,2020.4/4,내과,112
춘천시,2021,1/4,2021.1/4,내과,111
춘천시,2021,2/4,2021.2/4,내과,111
춘천시,2021,3/4,2021.3/4,내과,112
춘천시,2021,4/4,2021.4/4,내과,110
춘천시,2022,1/4,2022.1/4,내과,110
춘천시,2022,2/4,2022.2/4,내과,116
춘천시,2022,3/4,2022.3/4,내과,116
춘천시,2022,4/4,2022.4/4,내과,116
춘천시,2023,1/4,2023.1/4,내과,119
춘천시,2023,2/4,2023.2/4,내과,124
춘천시,2023,3/4,2023.3/4,내과,125
춘천시,2023,4/4,2023.4/4,내과,125
춘천시,2024,1/4,2024.1/4,내과,122
춘천시,2024,2/4,2024.2/4,내과,125
춘천시,2024,3/4,2024.3/4,내과,125
춘천시,2024,4/4,2024.4/4,내과,122
춘천시,2025,1/4,2025.1/4,내과,126
춘천시,2025,2/4,2025.2/4,내과,122
춘천시,2025,3/4,2025.3/4,내과,123
춘천시,2025,4/4,2025.4/4,내과,121
춘천시,2009,1/4,2009.1/4,마취통증의학과,20
춘천시,2009,2/4,2009.2/4,마취통증의학과,18
춘천시,2009,3/4,2009.3/4,마취통증의학과,18
춘천시,2009,4/4,2009.4/4,마취통증의학과,18
춘천시,2010,1/4,2010.1/4,마취통증의학과,18
춘천시,2010,2/4,2010.2/4,마취통증의학과,21
춘천시,2010,3/4,2010.3/4,마취통증의학과,21
춘천시,2010,4/4,2010.4/4,마취통증의학과,20
춘천시,2011,1/4,2011.1/4,마취통증의학과,19
춘천시,2011,2/4,2011.2/4,마취통증의학과,21
춘천시,2011,3/4,2011.3/4,마취통증의학과,20
춘천시,2011,4/4,2011.4/4,마취통증의학과,19
춘천시,2012,1/4,2012.1/4,마취통증의학과,19
춘천시,2012,2/4,2012.2/4,마취통증의학과,23
춘천시,2012,3/4,2012.3/4,마취통증의학과,23
춘천시,2012,4/4,2012.4/4,마취통증의학과,22
춘천시,2013,1/4,2013.1/4,마취통증의학과,24
춘천시,2013,2/4,2013.2/4,마취통증의학과,25
춘천시,2013,3/4,2013.3/4,마취통증의학과,25
춘천시,2013,4/4,2013.4/4,마취통증의학과,26
춘천시,2014,1/4,2014.1/4,마취통증의학과,27
춘천시,2014,2/4,2014.2/4,마취통증의학과,26
춘천시,2014,3/4,2014.3/4,마취통증의학과,26
춘천시,2014,4/4,2014.4/4,마취통증의학과,26
춘천시,2015,1/4,2015.1/4,마취통증의학과,27
춘천시,2015,2/4,2015.2/4,마취통증의학과,26
춘천시,2015,3/4,2015.3/4,마취통증의학과,28
춘천시,2015,4/4,2015.4/4,마취통증의학과,28
춘천시,2016,1/4,2016.1/4,마취통증의학과,26
춘천시,2016,2/4,2016.2/4,마취통증의학과,29
춘천시,2016,3/4,2016.3/4,마취통증의학과,30
춘천시,2016,4/4,2016.4/4,마취통증의학과,30
춘천시,2017,1/4,2017.1/4,마취통증의학과,29
춘천시,2017,2/4,2017.2/4,마취통증의학과,30
춘천시,2017,3/4,2017.3/4,마취통증의학과,28
춘천시,2017,4/4,2017.4/4,마취통증의학과,28
춘천시,2018,1/4,2018.1/4,마취통증의학과,30
춘천시,2018,2/4,2018.2/4,마취통증의학과,29
춘천시,2018,3/4,2018.3/4,마취통증의학과,29
춘천시,2018,4/4,2018.4/4,마취통증의학과,29
춘천시,2019,1/4,2019.1/4,마취통증의학과,28
춘천시,2019,2/4,2019.2/4,마취통증의학과,28
춘천시,2019,3/4,2019.3/4,마취통증의학과,27
춘천시,2019,4/4,2019.4/4,마취통증의학과,27
춘천시,2020,1/4,2020.1/4,마취통증의학과,28
춘천시,2020,2/4,2020.2/4,마취통증의학과,27
춘천시,2020,3/4,2020.3/4,마취통증의학과,27
춘천시,2020,4/4,2020.4/4,마취통증의학과,27
춘천시,2021,1/4,2021.1/4,마취통증의학과,28
춘천시,2021,2/4,2021.2/4,마취통증의학과,28
춘천시,2021,3/4,2021.3/4,마취통증의학과,28
춘천시,2021,4/4,2021.4/4,마취통증의학과,28
춘천시,2022,1/4,2022.1/4,마취통증의학과,28
춘천시,2022,2/4,2022.2/4,마취통증의학과,28
춘천시,2022,3/4,2022.3/4,마취통증의학과,26
춘천시,2022,4/4,2022.4/4,마취통증의학과,26
춘천시,2023,1/4,2023.1/4,마취통증의학과,27
춘천시,2023,2/4,2023.2/4,마취통증의학과,28
춘천시,2023,3/4,2023.3/4,마취통증의학과,28
춘천시,2023,4/4,2023.4/4,마취통증의학과,27
춘천시,2024,1/4,2024.1/4,마취통증의학과,27
춘천시,2024,2/4,2024.2/4,마취통증의학과,28
춘천시,2024,3/4,2024.3/4,마취통증의학과,28
춘천시,2024,4/4,2024.4/4,마취통증의학과,28
춘천시,2025,1/4,2025.1/4,마취통증의학과,28
춘천시,2025,2/4,2025.2/4,마취통증의학과,28
춘천시,2025,3/4,2025.3/4,마취통증의학과,28
춘천시,2025,4/4,2025.4/4,마취통증의학과,28
춘천시,2009,1/4,2009.1/4,방사선종양학과,1
춘천시,2009,2/4,2009.2/4,방사선종양학과,1
춘천시,2009,3/4,2009.3/4,방사선종양학과,1
춘천시,2009,4/4,2009.4/4,방사선종양학과,1
춘천시,2010,1/4,2010.1/4,방사선종양학과,1
춘천시,2010,2/4,2010.2/4,방사선종양학과,1
춘천시,2010,3/4,2010.3/4,방사선종양학과,1
춘천시,2010,4/4,2010.4/4,방사선종양학과,1
춘천시,2011,1/4,2011.1/4,방사선종양학과,1
춘천시,2011,2/4,2011.2/4,방사선종양학과,1
춘천시,2011,3/4,2011.3/4,방사선종양학과,1
춘천시,2011,4/4,2011.4/4,방사선종양학과,1
춘천시,2012,1/4,2012.1/4,방사선종양학과,1
춘천시,2012,2/4,2012.2/4,방사선종양학과,1
춘천시,2012,3/4,2012.3/4,방사선종양학과,1
춘천시,2012,4/4,2012.4/4,방사선종양학과,1
춘천시,2013,1/4,2013.1/4,방사선종양학과,1
춘천시,2013,2/4,2013.2/4,방사선종양학과,1
춘천시,2013,3/4,2013.3/4,방사선종양학과,1
춘천시,2013,4/4,2013.4/4,방사선종양학과,1
춘천시,2014,1/4,2014.1/4,방사선종양학과,1
춘천시,2014,2/4,2014.2/4,방사선종양학과,1
춘천시,2014,3/4,2014.3/4,방사선종양학과,1
춘천시,2014,4/4,2014.4/4,방사선종양학과,1
춘천시,2015,1/4,2015.1/4,방사선종양학과,2
춘천시,2015,2/4,2015.2/4,방사선종양학과,2
춘천시,2015,3/4,2015.3/4,방사선종양학과,2
춘천시,2015,4/4,2015.4/4,방사선종양학과,2
춘천시,2016,1/4,2016.1/4,방사선종양학과,2
춘천시,2016,2/4,2016.2/4,방사선종양학과,3
춘천시,2016,3/4,2016.3/4,방사선종양학과,3
춘천시,2016,4/4,2016.4/4,방사선종양학과,3
춘천시,2017,1/4,2017.1/4,방사선종양학과,4
춘천시,2017,2/4,2017.2/4,방사선종양학과,3
춘천시,2017,3/4,2017.3/4,방사선종양학과,3
춘천시,2017,4/4,2017.4/4,방사선종양학과,3
춘천시,2018,1/4,2018.1/4,방사선종양학과,4
춘천시,2018,2/4,2018.2/4,방사선종양학과,4
춘천시,2018,3/4,2018.3/4,방사선종양학과,4
춘천시,2018,4/4,2018.4/4,방사선종양학과,4
춘천시,2019,1/4,2019.1/4,방사선종양학과,3
춘천시,2019,2/4,2019.2/4,방사선종양학과,4
춘천시,2019,3/4,2019.3/4,방사선종양학과,4
춘천시,2019,4/4,2019.4/4,방사선종양학과,3
춘천시,2020,1/4,2020.1/4,방사선종양학과,3
춘천시,2020,2/4,2020.2/4,방사선종양학과,3
춘천시,2020,3/4,2020.3/4,방사선종양학과,3
춘천시,2020,4/4,2020.4/4,방사선종양학과,3
춘천시,2021,1/4,2021.1/4,방사선종양학과,3
춘천시,2021,2/4,2021.2/4,방사선종양학과,3
춘천시,2021,3/4,2021.3/4,방사선종양학과,3
춘천시,2021,4/4,2021.4/4,방사선종양학과,3
춘천시,2022,1/4,2022.1/4,방사선종양학과,3
춘천시,2022,2/4,2022.2/4,방사선종양학과,3
춘천시,2022,3/4,2022.3/4,방사선종양학과,3
춘천시,2022,4/4,2022.4/4,방사선종양학과,3
춘천시,2023,1/4,2023.1/4,방사선종양학과,3
춘천시,2023,2/4,2023.2/4,방사선종양학과,3
춘천시,2023,3/4,2023.3/4,방사선종양학과,3
춘천시,2023,4/4,2023.4/4,방사선종양학과,3
춘천시,2024,1/4,2024.1/4,방사선종양학과,3
춘천시,2024,2/4,2024.2/4,방사선종양학과,3
춘천시,2024,3/4,2024.3/4,방사선종양학과,4
춘천시,2024,4/4,2024.4/4,방사선종양학과,4
춘천시,2025,1/4,2025.1/4,방사선종양학과,3
춘천시,2025,2/4,2025.2/4,방사선종양학과,3
춘천시,2025,3/4,2025.3/4,방사선종양학과,3
춘천시,2025,4/4,2025.4/4,방사선종양학과,3
춘천시,2009,1/4,2009.1/4,병리과,5
춘천시,2009,2/4,2009.2/4,병리과,5
춘천시,2009,3/4,2009.3/4,병리과,4
춘천시,2009,4/4,2009.4/4,병리과,4
춘천시,2010,1/4,2010.1/4,병리과,4
춘천시,2010,2/4,2010.2/4,병리과,4
춘천시,2010,3/4,2010.3/4,병리과,4
춘천시,2010,4/4,2010.4/4,병리과,4
춘천시,2011,1/4,2011.1/4,병리과,6
춘천시,2011,2/4,2011.2/4,병리과,6
춘천시,2011,3/4,2011.3/4,병리과,6
춘천시,2011,4/4,2011.4/4,병리과,7
춘천시,2012,1/4,2012.1/4,병리과,7
춘천시,2012,2/4,2012.2/4,병리과,6
춘천시,2012,3/4,2012.3/4,병리과,5
춘천시,2012,4/4,2012.4/4,병리과,4
춘천시,2013,1/4,2013.1/4,병리과,5
춘천시,2013,2/4,2013.2/4,병리과,5
춘천시,2013,3/4,2013.3/4,병리과,5
춘천시,2013,4/4,2013.4/4,병리과,5
춘천시,2014,1/4,2014.1/4,병리과,5
춘천시,2014,2/4,2014.2/4,병리과,5
춘천시,2014,3/4,2014.3/4,병리과,5
춘천시,2014,4/4,2014.4/4,병리과,5
춘천시,2015,1/4,2015.1/4,병리과,6
춘천시,2015,2/4,2015.2/4,병리과,6
춘천시,2015,3/4,2015.3/4,병리과,6
춘천시,2015,4/4,2015.4/4,병리과,6
춘천시,2016,1/4,2016.1/4,병리과,7
춘천시,2016,2/4,2016.2/4,병리과,7
춘천시,2016,3/4,2016.3/4,병리과,7
춘천시,2016,4/4,2016.4/4,병리과,7
춘천시,2017,1/4,2017.1/4,병리과,7
춘천시,2017,2/4,2017.2/4,병리과,7
춘천시,2017,3/4,2017.3/4,병리과,6
춘천시,2017,4/4,2017.4/4,병리과,6
춘천시,2018,1/4,2018.1/4,병리과,6
춘천시,2018,2/4,2018.2/4,병리과,6
춘천시,2018,3/4,2018.3/4,병리과,6
춘천시,2018,4/4,2018.4/4,병리과,6
춘천시,2019,1/4,2019.1/4,병리과,6
춘천시,2019,2/4,2019.2/4,병리과,6
춘천시,2019,3/4,2019.3/4,병리과,6
춘천시,2019,4/4,2019.4/4,병리과,6
춘천시,2020,1/4,2020.1/4,병리과,6
춘천시,2020,2/4,2020.2/4,병리과,6
춘천시,2020,3/4,2020.3/4,병리과,6
춘천시,2020,4/4,2020.4/4,병리과,6
춘천시,2021,1/4,2021.1/4,병리과,6
춘천시,2021,2/4,2021.2/4,병리과,6
춘천시,2021,3/4,2021.3/4,병리과,6
춘천시,2021,4/4,2021.4/4,병리과,6
춘천시,2022,1/4,2022.1/4,병리과,6
춘천시,2022,2/4,2022.2/4,병리과,6
춘천시,2022,3/4,2022.3/4,병리과,5
춘천시,2022,4/4,2022.4/4,병리과,5
춘천시,2023,1/4,2023.1/4,병리과,5
춘천시,2023,2/4,2023.2/4,병리과,5
춘천시,2023,3/4,2023.3/4,병리과,5
춘천시,2023,4/4,2023.4/4,병리과,5
춘천시,2024,1/4,2024.1/4,병리과,5
춘천시,2024,2/4,2024.2/4,병리과,5
춘천시,2024,3/4,2024.3/4,병리과,5
춘천시,2024,4/4,2024.4/4,병리과,5
춘천시,2025,1/4,2025.1/4,병리과,5
춘천시,2025,2/4,2025.2/4,병리과,5
춘천시,2025,3/4,2025.3/4,병리과,5
춘천시,2025,4/4,2025.4/4,병리과,5
춘천시,2009,1/4,2009.1/4,비뇨의학과,10
춘천시,2009,2/4,2009.2/4,비뇨의학과,11
춘천시,2009,3/4,2009.3/4,비뇨의학과,11
춘천시,2009,4/4,2009.4/4,비뇨의학과,11
춘천시,2010,1/4,2010.1/4,비뇨의학과,11
춘천시,2010,2/4,2010.2/4,비뇨의학과,12
춘천시,2010,3/4,2010.3/4,비뇨의학과,12
춘천시,2010,4/4,2010.4/4,비뇨의학과,12
춘천시,2011,1/4,2011.1/4,비뇨의학과,12
춘천시,2011,2/4,2011.2/4,비뇨의학과,12
춘천시,2011,3/4,2011.3/4,비뇨의학과,12
춘천시,2011,4/4,2011.4/4,비뇨의학과,12
춘천시,2012,1/4,2012.1/4,비뇨의학과,12
춘천시,2012,2/4,2012.2/4,비뇨의학과,12
춘천시,2012,3/4,2012.3/4,비뇨의학과,12
춘천시,2012,4/4,2012.4/4,비뇨의학과,11
춘천시,2013,1/4,2013.1/4,비뇨의학과,11
춘천시,2013,2/4,2013.2/4,비뇨의학과,12
춘천시,2013,3/4,2013.3/4,비뇨의학과,12
춘천시,2013,4/4,2013.4/4,비뇨의학과,12
춘천시,2014,1/4,2014.1/4,비뇨의학과,13
춘천시,2014,2/4,2014.2/4,비뇨의학과,13
춘천시,2014,3/4,2014.3/4,비뇨의학과,12
춘천시,2014,4/4,2014.4/4,비뇨의학과,12
춘천시,2015,1/4,2015.1/4,비뇨의학과,12
춘천시,2015,2/4,2015.2/4,비뇨의학과,12
춘천시,2015,3/4,2015.3/4,비뇨의학과,12
춘천시,2015,4/4,2015.4/4,비뇨의학과,12
춘천시,2016,1/4,2016.1/4,비뇨의학과,12
춘천시,2016,2/4,2016.2/4,비뇨의학과,12
춘천시,2016,3/4,2016.3/4,비뇨의학과,12
춘천시,2016,4/4,2016.4/4,비뇨의학과,12
춘천시,2017,1/4,2017.1/4,비뇨의학과,12
춘천시,2017,2/4,2017.2/4,비뇨의학과,12
춘천시,2017,3/4,2017.3/4,비뇨의학과,12
춘천시,2017,4/4,2017.4/4,비뇨의학과,12
춘천시,2018,1/4,2018.1/4,비뇨의학과,12
춘천시,2018,2/4,2018.2/4,비뇨의학과,12
춘천시,2018,3/4,2018.3/4,비뇨의학과,12
춘천시,2018,4/4,2018.4/4,비뇨의학과,12
춘천시,2019,1/4,2019.1/4,비뇨의학과,11
춘천시,2019,2/4,2019.2/4,비뇨의학과,11
춘천시,2019,3/4,2019.3/4,비뇨의학과,11
춘천시,2019,4/4,2019.4/4,비뇨의학과,11
춘천시,2020,1/4,2020.1/4,비뇨의학과,11
춘천시,2020,2/4,2020.2/4,비뇨의학과,11
춘천시,2020,3/4,2020.3/4,비뇨의학과,10
춘천시,2020,4/4,2020.4/4,비뇨의학과,10
춘천시,2021,1/4,2021.1/4,비뇨의학과,10
춘천시,2021,2/4,2021.2/4,비뇨의학과,10
춘천시,2021,3/4,2021.3/4,비뇨의학과,10
춘천시,2021,4/4,2021.4/4,비뇨의학과,10
춘천시,2022,1/4,2022.1/4,비뇨의학과,10
춘천시,2022,2/4,2022.2/4,비뇨의학과,11
춘천시,2022,3/4,2022.3/4,비뇨의학과,11
춘천시,2022,4/4,2022.4/4,비뇨의학과,11
춘천시,2023,1/4,2023.1/4,비뇨의학과,12
춘천시,2023,2/4,2023.2/4,비뇨의학과,11
춘천시,2023,3/4,2023.3/4,비뇨의학과,10
춘천시,2023,4/4,2023.4/4,비뇨의학과,10
춘천시,2024,1/4,2024.1/4,비뇨의학과,11
춘천시,2024,2/4,2024.2/4,비뇨의학과,12
춘천시,2024,3/4,2024.3/4,비뇨의학과,10
춘천시,2024,4/4,2024.4/4,비뇨의학과,11
춘천시,2025,1/4,2025.1/4,비뇨의학과,12
춘천시,2025,2/4,2025.2/4,비뇨의학과,12
춘천시,2025,3/4,2025.3/4,비뇨의학과,12
춘천시,2025,4/4,2025.4/4,비뇨의학과,12
춘천시,2009,1/4,2009.1/4,산부인과,30
춘천시,2009,2/4,2009.2/4,산부인과,29
춘천시,2009,3/4,2009.3/4,산부인과,29
춘천시,2009,4/4,2009.4/4,산부인과,30
춘천시,2010,1/4,2010.1/4,산부인과,30
춘천시,2010,2/4,2010.2/4,산부인과,32
춘천시,2010,3/4,2010.3/4,산부인과,32
춘천시,2010,4/4,2010.4/4,산부인과,34
춘천시,2011,1/4,2011.1/4,산부인과,35
춘천시,2011,2/4,2011.2/4,산부인과,38
춘천시,2011,3/4,2011.3/4,산부인과,37
춘천시,2011,4/4,2011.4/4,산부인과,38
춘천시,2012,1/4,2012.1/4,산부인과,37
춘천시,2012,2/4,2012.2/4,산부인과,37
춘천시,2012,3/4,2012.3/4,산부인과,37
춘천시,2012,4/4,2012.4/4,산부인과,37
춘천시,2013,1/4,2013.1/4,산부인과,37
춘천시,2013,2/4,2013.2/4,산부인과,38
춘천시,2013,3/4,2013.3/4,산부인과,37
춘천시,2013,4/4,2013.4/4,산부인과,38
춘천시,2014,1/4,2014.1/4,산부인과,37
춘천시,2014,2/4,2014.2/4,산부인과,38
춘천시,2014,3/4,2014.3/4,산부인과,36
춘천시,2014,4/4,2014.4/4,산부인과,36
춘천시,2015,1/4,2015.1/4,산부인과,37
춘천시,2015,2/4,2015.2/4,산부인과,38
춘천시,2015,3/4,2015.3/4,산부인과,39
춘천시,2015,4/4,2015.4/4,산부인과,39
춘천시,2016,1/4,2016.1/4,산부인과,39
춘천시,2016,2/4,2016.2/4,산부인과,38
춘천시,2016,3/4,2016.3/4,산부인과,39
춘천시,2016,4/4,2016.4/4,산부인과,37
춘천시,2017,1/4,2017.1/4,산부인과,37
춘천시,2017,2/4,2017.2/4,산부인과,38
춘천시,2017,3/4,2017.3/4,산부인과,39
춘천시,2017,4/4,2017.4/4,산부인과,37
춘천시,2018,1/4,2018.1/4,산부인과,37
춘천시,2018,2/4,2018.2/4,산부인과,38
춘천시,2018,3/4,2018.3/4,산부인과,37
춘천시,2018,4/4,2018.4/4,산부인과,37
춘천시,2019,1/4,2019.1/4,산부인과,40
춘천시,2019,2/4,2019.2/4,산부인과,38
춘천시,2019,3/4,2019.3/4,산부인과,41
춘천시,2019,4/4,2019.4/4,산부인과,41
춘천시,2020,1/4,2020.1/4,산부인과,38
춘천시,2020,2/4,2020.2/4,산부인과,40
춘천시,2020,3/4,2020.3/4,산부인과,38
춘천시,2020,4/4,2020.4/4,산부인과,39
춘천시,2021,1/4,2021.1/4,산부인과,39
춘천시,2021,2/4,2021.2/4,산부인과,41
춘천시,2021,3/4,2021.3/4,산부인과,38
춘천시,2021,4/4,2021.4/4,산부인과,38
춘천시,2022,1/4,2022.1/4,산부인과,40
춘천시,2022,2/4,2022.2/4,산부인과,41
춘천시,2022,3/4,2022.3/4,산부인과,42
춘천시,2022,4/4,2022.4/4,산부인과,41
춘천시,2023,1/4,2023.1/4,산부인과,41
춘천시,2023,2/4,2023.2/4,산부인과,39
춘천시,2023,3/4,2023.3/4,산부인과,39
춘천시,2023,4/4,2023.4/4,산부인과,39
춘천시,2024,1/4,2024.1/4,산부인과,38
춘천시,2024,2/4,2024.2/4,산부인과,38
춘천시,2024,3/4,2024.3/4,산부인과,39
춘천시,2024,4/4,2024.4/4,산부인과,39
춘천시,2025,1/4,2025.1/4,산부인과,38
춘천시,2025,2/4,2025.2/4,산부인과,38
춘천시,2025,3/4,2025.3/4,산부인과,38
춘천시,2025,4/4,2025.4/4,산부인과,39
춘천시,2009,1/4,2009.1/4,성형외과,4
춘천시,2009,2/4,2009.2/4,성형외과,3
춘천시,2009,3/4,2009.3/4,성형외과,3
춘천시,2009,4/4,2009.4/4,성형외과,3
춘천시,2010,1/4,2010.1/4,성형외과,3
춘천시,2010,2/4,2010.2/4,성형외과,4
춘천시,2010,3/4,2010.3/4,성형외과,4
춘천시,2010,4/4,2010.4/4,성형외과,4
춘천시,2011,1/4,2011.1/4,성형외과,4
춘천시,2011,2/4,2011.2/4,성형외과,4
춘천시,2011,3/4,2011.3/4,성형외과,4
춘천시,2011,4/4,2011.4/4,성형외과,4
춘천시,2012,1/4,2012.1/4,성형외과,4
춘천시,2012,2/4,2012.2/4,성형외과,5
춘천시,2012,3/4,2012.3/4,성형외과,5
춘천시,2012,4/4,2012.4/4,성형외과,5
춘천시,2013,1/4,2013.1/4,성형외과,5
춘천시,2013,2/4,2013.2/4,성형외과,5
춘천시,2013,3/4,2013.3/4,성형외과,4
춘천시,2013,4/4,2013.4/4,성형외과,4
춘천시,2014,1/4,2014.1/4,성형외과,4
춘천시,2014,2/4,2014.2/4,성형외과,4
춘천시,2014,3/4,2014.3/4,성형외과,4
춘천시,2014,4/4,2014.4/4,성형외과,4
춘천시,2015,1/4,2015.1/4,성형외과,5
춘천시,2015,2/4,2015.2/4,성형외과,6
춘천시,2015,3/4,2015.3/4,성형외과,6
춘천시,2015,4/4,2015.4/4,성형외과,6
춘천시,2016,1/4,2016.1/4,성형외과,6
춘천시,2016,2/4,2016.2/4,성형외과,6
춘천시,2016,3/4,2016.3/4,성형외과,5
춘천시,2016,4/4,2016.4/4,성형외과,6
춘천시,2017,1/4,2017.1/4,성형외과,6
춘천시,2017,2/4,2017.2/4,성형외과,6
춘천시,2017,3/4,2017.3/4,성형외과,6
춘천시,2017,4/4,2017.4/4,성형외과,6
춘천시,2018,1/4,2018.1/4,성형외과,6
춘천시,2018,2/4,2018.2/4,성형외과,6
춘천시,2018,3/4,2018.3/4,성형외과,6
춘천시,2018,4/4,2018.4/4,성형외과,6
춘천시,2019,1/4,2019.1/4,성형외과,6
춘천시,2019,2/4,2019.2/4,성형외과,6
춘천시,2019,3/4,2019.3/4,성형외과,6
춘천시,2019,4/4,2019.4/4,성형외과,8
춘천시,2020,1/4,2020.1/4,성형외과,8
춘천시,2020,2/4,2020.2/4,성형외과,8
춘천시,2020,3/4,2020.3/4,성형외과,8
춘천시,2020,4/4,2020.4/4,성형외과,8
춘천시,2021,1/4,2021.1/4,성형외과,8
춘천시,2021,2/4,2021.2/4,성형외과,8
춘천시,2021,3/4,2021.3/4,성형외과,8
춘천시,2021,4/4,2021.4/4,성형외과,7
춘천시,2022,1/4,2022.1/4,성형외과,7
춘천시,2022,2/4,2022.2/4,성형외과,7
춘천시,2022,3/4,2022.3/4,성형외과,7
춘천시,2022,4/4,2022.4/4,성형외과,7
춘천시,2023,1/4,2023.1/4,성형외과,8
춘천시,2023,2/4,2023.2/4,성형외과,8
춘천시,2023,3/4,2023.3/4,성형외과,8
춘천시,2023,4/4,2023.4/4,성형외과,8
춘천시,2024,1/4,2024.1/4,성형외과,8
춘천시,2024,2/4,2024.2/4,성형외과,8
춘천시,2024,3/4,2024.3/4,성형외과,8
춘천시,2024,4/4,2024.4/4,성형외과,8
춘천시,2025,1/4,2025.1/4,성형외과,7
춘천시,2025,2/4,2025.2/4,성형외과,6
춘천시,2025,3/4,2025.3/4,성형외과,6
춘천시,2025,4/4,2025.4/4,성형외과,6
춘천시,2009,1/4,2009.1/4,소아청소년과,21
춘천시,2009,2/4,2009.2/4,소아청소년과,21
춘천시,2009,3/4,2009.3/4,소아청소년과,21
춘천시,2009,4/4,2009.4/4,소아청소년과,21
춘천시,2010,1/4,2010.1/4,소아청소년과,21
춘천시,2010,2/4,2010.2/4,소아청소년과,23
춘천시,2010,3/4,2010.3/4,소아청소년과,23
춘천시,2010,4/4,2010.4/4,소아청소년과,23
춘천시,2011,1/4,2011.1/4,소아청소년과,23
춘천시,2011,2/4,2011.2/4,소아청소년과,23
춘천시,2011,3/4,2011.3/4,소아청소년과,23
춘천시,2011,4/4,2011.4/4,소아청소년과,22
춘천시,2012,1/4,2012.1/4,소아청소년과,24
춘천시,2012,2/4,2012.2/4,소아청소년과,25
춘천시,2012,3/4,2012.3/4,소아청소년과,25
춘천시,2012,4/4,2012.4/4,소아청소년과,26
춘천시,2013,1/4,2013.1/4,소아청소년과,26
춘천시,2013,2/4,2013.2/4,소아청소년과,26
춘천시,2013,3/4,2013.3/4,소아청소년과,26
춘천시,2013,4/4,2013.4/4,소아청소년과,26
춘천시,2014,1/4,2014.1/4,소아청소년과,24
춘천시,2014,2/4,2014.2/4,소아청소년과,24
춘천시,2014,3/4,2014.3/4,소아청소년과,26
춘천시,2014,4/4,2014.4/4,소아청소년과,26
춘천시,2015,1/4,2015.1/4,소아청소년과,26
춘천시,2015,2/4,2015.2/4,소아청소년과,29
춘천시,2015,3/4,2015.3/4,소아청소년과,29
춘천시,2015,4/4,2015.4/4,소아청소년과,30
춘천시,2016,1/4,2016.1/4,소아청소년과,29
춘천시,2016,2/4,2016.2/4,소아청소년과,30
춘천시,2016,3/4,2016.3/4,소아청소년과,30
춘천시,2016,4/4,2016.4/4,소아청소년과,32
춘천시,2017,1/4,2017.1/4,소아청소년과,33
춘천시,2017,2/4,2017.2/4,소아청소년과,36
춘천시,2017,3/4,2017.3/4,소아청소년과,36
춘천시,2017,4/4,2017.4/4,소아청소년과,35
춘천시,2018,1/4,2018.1/4,소아청소년과,35
춘천시,2018,2/4,2018.2/4,소아청소년과,34
춘천시,2018,3/4,2018.3/4,소아청소년과,34
춘천시,2018,4/4,2018.4/4,소아청소년과,33
춘천시,2019,1/4,2019.1/4,소아청소년과,35
춘천시,2019,2/4,2019.2/4,소아청소년과,35
춘천시,2019,3/4,2019.3/4,소아청소년과,34
춘천시,2019,4/4,2019.4/4,소아청소년과,33
춘천시,2020,1/4,2020.1/4,소아청소년과,34
춘천시,2020,2/4,2020.2/4,소아청소년과,34
춘천시,2020,3/4,2020.3/4,소아청소년과,35
춘천시,2020,4/4,2020.4/4,소아청소년과,35
춘천시,2021,1/4,2021.1/4,소아청소년과,38
춘천시,2021,2/4,2021.2/4,소아청소년과,37
춘천시,2021,3/4,2021.3/4,소아청소년과,37
춘천시,2021,4/4,2021.4/4,소아청소년과,37
춘천시,2022,1/4,2022.1/4,소아청소년과,41
춘천시,2022,2/4,2022.2/4,소아청소년과,41
춘천시,2022,3/4,2022.3/4,소아청소년과,42
춘천시,2022,4/4,2022.4/4,소아청소년과,42
춘천시,2023,1/4,2023.1/4,소아청소년과,44
춘천시,2023,2/4,2023.2/4,소아청소년과,44
춘천시,2023,3/4,2023.3/4,소아청소년과,45
춘천시,2023,4/4,2023.4/4,소아청소년과,44
춘천시,2024,1/4,2024.1/4,소아청소년과,43
춘천시,2024,2/4,2024.2/4,소아청소년과,48
춘천시,2024,3/4,2024.3/4,소아청소년과,48
춘천시,2024,4/4,2024.4/4,소아청소년과,47
춘천시,2025,1/4,2025.1/4,소아청소년과,44
춘천시,2025,2/4,2025.2/4,소아청소년과,44
춘천시,2025,3/4,2025.3/4,소아청소년과,44
춘천시,2025,4/4,2025.4/4,소아청소년과,44
춘천시,2009,1/4,2009.1/4,신경과,9
춘천시,2009,2/4,2009.2/4,신경과,11
춘천시,2009,3/4,2009.3/4,신경과,11
춘천시,2009,4/4,2009.4/4,신경과,11
춘천시,2010,1/4,2010.1/4,신경과,11
춘천시,2010,2/4,2010.2/4,신경과,11
춘천시,2010,3/4,2010.3/4,신경과,12
춘천시,2010,4/4,2010.4/4,신경과,12
춘천시,2011,1/4,2011.1/4,신경과,13
춘천시,2011,2/4,2011.2/4,신경과,12
춘천시,2011,3/4,2011.3/4,신경과,12
춘천시,2011,4/4,2011.4/4,신경과,12
춘천시,2012,1/4,2012.1/4,신경과,14
춘천시,2012,2/4,2012.2/4,신경과,14
춘천시,2012,3/4,2012.3/4,신경과,14
춘천시,2012,4/4,2012.4/4,신경과,14
춘천시,2013,1/4,2013.1/4,신경과,13
춘천시,2013,2/4,2013.2/4,신경과,14
춘천시,2013,3/4,2013.3/4,신경과,14
춘천시,2013,4/4,2013.4/4,신경과,15
춘천시,2014,1/4,2014.1/4,신경과,16
춘천시,2014,2/4,2014.2/4,신경과,15
춘천시,2014,3/4,2014.3/4,신경과,15
춘천시,2014,4/4,2014.4/4,신경과,15
춘천시,2015,1/4,2015.1/4,신경과,15
춘천시,2015,2/4,2015.2/4,신경과,15
춘천시,2015,3/4,2015.3/4,신경과,15
춘천시,2015,4/4,2015.4/4,신경과,15
춘천시,2016,1/4,2016.1/4,신경과,16
춘천시,2016,2/4,2016.2/4,신경과,16
춘천시,2016,3/4,2016.3/4,신경과,16
춘천시,2016,4/4,2016.4/4,신경과,15
춘천시,2017,1/4,2017.1/4,신경과,15
춘천시,2017,2/4,2017.2/4,신경과,16
춘천시,2017,3/4,2017.3/4,신경과,15
춘천시,2017,4/4,2017.4/4,신경과,15
춘천시,2018,1/4,2018.1/4,신경과,16
춘천시,2018,2/4,2018.2/4,신경과,16
춘천시,2018,3/4,2018.3/4,신경과,17
춘천시,2018,4/4,2018.4/4,신경과,16
춘천시,2019,1/4,2019.1/4,신경과,17
춘천시,2019,2/4,2019.2/4,신경과,16
춘천시,2019,3/4,2019.3/4,신경과,17
춘천시,2019,4/4,2019.4/4,신경과,17
춘천시,2020,1/4,2020.1/4,신경과,17
춘천시,2020,2/4,2020.2/4,신경과,17
춘천시,2020,3/4,2020.3/4,신경과,17
춘천시,2020,4/4,2020.4/4,신경과,16
춘천시,2021,1/4,2021.1/4,신경과,17
춘천시,2021,2/4,2021.2/4,신경과,17
춘천시,2021,3/4,2021.3/4,신경과,17
춘천시,2021,4/4,2021.4/4,신경과,17
춘천시,2022,1/4,2022.1/4,신경과,17
춘천시,2022,2/4,2022.2/4,신경과,16
춘천시,2022,3/4,2022.3/4,신경과,16
춘천시,2022,4/4,2022.4/4,신경과,16
춘천시,2023,1/4,2023.1/4,신경과,15
춘천시,2023,2/4,2023.2/4,신경과,15
춘천시,2023,3/4,2023.3/4,신경과,15
춘천시,2023,4/4,2023.4/4,신경과,16
춘천시,2024,1/4,2024.1/4,신경과,17
춘천시,2024,2/4,2024.2/4,신경과,17
춘천시,2024,3/4,2024.3/4,신경과,18
춘천시,2024,4/4,2024.4/4,신경과,18
춘천시,2025,1/4,2025.1/4,신경과,17
춘천시,2025,2/4,2025.2/4,신경과,18
춘천시,2025,3/4,2025.3/4,신경과,18
춘천시,2025,4/4,2025.4/4,신경과,18
춘천시,2009,1/4,2009.1/4,신경외과,14
춘천시,2009,2/4,2009.2/4,신경외과,15
춘천시,2009,3/4,2009.3/4,신경외과,15
춘천시,2009,4/4,2009.4/4,신경외과,15
춘천시,2010,1/4,2010.1/4,신경외과,16
춘천시,2010,2/4,2010.2/4,신경외과,18
춘천시,2010,3/4,2010.3/4,신경외과,18
춘천시,2010,4/4,2010.4/4,신경외과,18
춘천시,2011,1/4,2011.1/4,신경외과,17
춘천시,2011,2/4,2011.2/4,신경외과,19
춘천시,2011,3/4,2011.3/4,신경외과,17
춘천시,2011,4/4,2011.4/4,신경외과,17
춘천시,2012,1/4,2012.1/4,신경외과,17
춘천시,2012,2/4,2012.2/4,신경외과,16
춘천시,2012,3/4,2012.3/4,신경외과,17
춘천시,2012,4/4,2012.4/4,신경외과,18
춘천시,2013,1/4,2013.1/4,신경외과,17
춘천시,2013,2/4,2013.2/4,신경외과,15
춘천시,2013,3/4,2013.3/4,신경외과,15
춘천시,2013,4/4,2013.4/4,신경외과,15
춘천시,2014,1/4,2014.1/4,신경외과,16
춘천시,2014,2/4,2014.2/4,신경외과,16
춘천시,2014,3/4,2014.3/4,신경외과,16
춘천시,2014,4/4,2014.4/4,신경외과,16
춘천시,2015,1/4,2015.1/4,신경외과,16
춘천시,2015,2/4,2015.2/4,신경외과,16
춘천시,2015,3/4,2015.3/4,신경외과,17
춘천시,2015,4/4,2015.4/4,신경외과,18
춘천시,2016,1/4,2016.1/4,신경외과,18
춘천시,2016,2/4,2016.2/4,신경외과,19
춘천시,2016,3/4,2016.3/4,신경외과,20
춘천시,2016,4/4,2016.4/4,신경외과,20
춘천시,2017,1/4,2017.1/4,신경외과,18
춘천시,2017,2/4,2017.2/4,신경외과,19
춘천시,2017,3/4,2017.3/4,신경외과,19
춘천시,2017,4/4,2017.4/4,신경외과,20
춘천시,2018,1/4,2018.1/4,신경외과,19
춘천시,2018,2/4,2018.2/4,신경외과,22
춘천시,2018,3/4,2018.3/4,신경외과,22
춘천시,2018,4/4,2018.4/4,신경외과,22
춘천시,2019,1/4,2019.1/4,신경외과,22
춘천시,2019,2/4,2019.2/4,신경외과,22
춘천시,2019,3/4,2019.3/4,신경외과,22
춘천시,2019,4/4,2019.4/4,신경외과,22
춘천시,2020,1/4,2020.1/4,신경외과,23
춘천시,2020,2/4,2020.2/4,신경외과,24
춘천시,2020,3/4,2020.3/4,신경외과,25
춘천시,2020,4/4,2020.4/4,신경외과,24
춘천시,2021,1/4,2021.1/4,신경외과,23
춘천시,2021,2/4,2021.2/4,신경외과,23
춘천시,2021,3/4,2021.3/4,신경외과,22
춘천시,2021,4/4,2021.4/4,신경외과,23
춘천시,2022,1/4,2022.1/4,신경외과,23
춘천시,2022,2/4,2022.2/4,신경외과,23
춘천시,2022,3/4,2022.3/4,신경외과,23
춘천시,2022,4/4,2022.4/4,신경외과,23
춘천시,2023,1/4,2023.1/4,신경외과,20
춘천시,2023,2/4,2023.2/4,신경외과,20
춘천시,2023,3/4,2023.3/4,신경외과,20
춘천시,2023,4/4,2023.4/4,신경외과,21
춘천시,2024,1/4,2024.1/4,신경외과,21
춘천시,2024,2/4,2024.2/4,신경외과,21
춘천시,2024,3/4,2024.3/4,신경외과,20
춘천시,2024,4/4,2024.4/4,신경외과,20
춘천시,2025,1/4,2025.1/4,신경외과,20
춘천시,2025,2/4,2025.2/4,신경외과,21
춘천시,2025,3/4,2025.3/4,신경외과,20
춘천시,2025,4/4,2025.4/4,신경외과,20
춘천시,2009,1/4,2009.1/4,심장혈관흉부외과,7
춘천시,2009,2/4,2009.2/4,심장혈관흉부외과,7
춘천시,2009,3/4,2009.3/4,심장혈관흉부외과,7
춘천시,2009,4/4,2009.4/4,심장혈관흉부외과,7
춘천시,2010,1/4,2010.1/4,심장혈관흉부외과,8
춘천시,2010,2/4,2010.2/4,심장혈관흉부외과,8
춘천시,2010,3/4,2010.3/4,심장혈관흉부외과,8
춘천시,2010,4/4,2010.4/4,심장혈관흉부외과,8
춘천시,2011,1/4,2011.1/4,심장혈관흉부외과,8
춘천시,2011,2/4,2011.2/4,심장혈관흉부외과,9
춘천시,2011,3/4,2011.3/4,심장혈관흉부외과,9
춘천시,2011,4/4,2011.4/4,심장혈관흉부외과,9
춘천시,2012,1/4,2012.1/4,심장혈관흉부외과,9
춘천시,2012,2/4,2012.2/4,심장혈관흉부외과,7
춘천시,2012,3/4,2012.3/4,심장혈관흉부외과,7
춘천시,2012,4/4,2012.4/4,심장혈관흉부외과,7
춘천시,2013,1/4,2013.1/4,심장혈관흉부외과,7
춘천시,2013,2/4,2013.2/4,심장혈관흉부외과,7
춘천시,2013,3/4,2013.3/4,심장혈관흉부외과,7
춘천시,2013,4/4,2013.4/4,심장혈관흉부외과,8
춘천시,2014,1/4,2014.1/4,심장혈관흉부외과,8
춘천시,2014,2/4,2014.2/4,심장혈관흉부외과,8
춘천시,2014,3/4,2014.3/4,심장혈관흉부외과,8
춘천시,2014,4/4,2014.4/4,심장혈관흉부외과,7
춘천시,2015,1/4,2015.1/4,심장혈관흉부외과,7
춘천시,2015,2/4,2015.2/4,심장혈관흉부외과,8
춘천시,2015,3/4,2015.3/4,심장혈관흉부외과,7
춘천시,2015,4/4,2015.4/4,심장혈관흉부외과,7
춘천시,2016,1/4,2016.1/4,심장혈관흉부외과,7
춘천시,2016,2/4,2016.2/4,심장혈관흉부외과,7
춘천시,2016,3/4,2016.3/4,심장혈관흉부외과,7
춘천시,2016,4/4,2016.4/4,심장혈관흉부외과,7
춘천시,2017,1/4,2017.1/4,심장혈관흉부외과,8
춘천시,2017,2/4,2017.2/4,심장혈관흉부외과,8
춘천시,2017,3/4,2017.3/4,심장혈관흉부외과,8
춘천시,2017,4/4,2017.4/4,심장혈관흉부외과,8
춘천시,2018,1/4,2018.1/4,심장혈관흉부외과,9
춘천시,2018,2/4,2018.2/4,심장혈관흉부외과,9
춘천시,2018,3/4,2018.3/4,심장혈관흉부외과,9
춘천시,2018,4/4,2018.4/4,심장혈관흉부외과,9
춘천시,2019,1/4,2019.1/4,심장혈관흉부외과,9
춘천시,2019,2/4,2019.2/4,심장혈관흉부외과,9
춘천시,2019,3/4,2019.3/4,심장혈관흉부외과,9
춘천시,2019,4/4,2019.4/4,심장혈관흉부외과,9
춘천시,2020,1/4,2020.1/4,심장혈관흉부외과,9
춘천시,2020,2/4,2020.2/4,심장혈관흉부외과,10
춘천시,2020,3/4,2020.3/4,심장혈관흉부외과,10
춘천시,2020,4/4,2020.4/4,심장혈관흉부외과,10
춘천시,2021,1/4,2021.1/4,심장혈관흉부외과,10
춘천시,2021,2/4,2021.2/4,심장혈관흉부외과,10
춘천시,2021,3/4,2021.3/4,심장혈관흉부외과,10
춘천시,2021,4/4,2021.4/4,심장혈관흉부외과,10
춘천시,2022,1/4,2022.1/4,심장혈관흉부외과,10
춘천시,2022,2/4,2022.2/4,심장혈관흉부외과,10
춘천시,2022,3/4,2022.3/4,심장혈관흉부외과,11
춘천시,2022,4/4,2022.4/4,심장혈관흉부외과,11
춘천시,2023,1/4,2023.1/4,심장혈관흉부외과,9
춘천시,2023,2/4,2023.2/4,심장혈관흉부외과,10
춘천시,2023,3/4,2023.3/4,심장혈관흉부외과,10
춘천시,2023,4/4,2023.4/4,심장혈관흉부외과,10
춘천시,2024,1/4,2024.1/4,심장혈관흉부외과,10
춘천시,2024,2/4,2024.2/4,심장혈관흉부외과,10
춘천시,2024,3/4,2024.3/4,심장혈관흉부외과,10
춘천시,2024,4/4,2024.4/4,심장혈관흉부외과,10
춘천시,2025,1/4,2025.1/4,심장혈관흉부외과,9
춘천시,2025,2/4,2025.2/4,심장혈관흉부외과,10
춘천시,2025,3/4,2025.3/4,심장혈관흉부외과,10
춘천시,2025,4/4,2025.4/4,심장혈관흉부외과,10
춘천시,2009,1/4,2009.1/4,안과,15
춘천시,2009,2/4,2009.2/4,안과,16
춘천시,2009,3/4,2009.3/4,안과,16
춘천시,2009,4/4,2009.4/4,안과,16
춘천시,2010,1/4,2010.1/4,안과,16
춘천시,2010,2/4,2010.2/4,안과,15
춘천시,2010,3/4,2010.3/4,안과,15
춘천시,2010,4/4,2010.4/4,안과,15
춘천시,2011,1/4,2011.1/4,안과,15
춘천시,2011,2/4,2011.2/4,안과,15
춘천시,2011,3/4,2011.3/4,안과,15
춘천시,2011,4/4,2011.4/4,안과,15
춘천시,2012,1/4,2012.1/4,안과,15
춘천시,2012,2/4,2012.2/4,안과,14
춘천시,2012,3/4,2012.3/4,안과,13
춘천시,2012,4/4,2012.4/4,안과,13
춘천시,2013,1/4,2013.1/4,안과,13
춘천시,2013,2/4,2013.2/4,안과,15
춘천시,2013,3/4,2013.3/4,안과,15
춘천시,2013,4/4,2013.4/4,안과,15
춘천시,2014,1/4,2014.1/4,안과,17
춘천시,2014,2/4,2014.2/4,안과,18
춘천시,2014,3/4,2014.3/4,안과,18
춘천시,2014,4/4,2014.4/4,안과,18
춘천시,2015,1/4,2015.1/4,안과,19
춘천시,2015,2/4,2015.2/4,안과,18
춘천시,2015,3/4,2015.3/4,안과,18
춘천시,2015,4/4,2015.4/4,안과,19
춘천시,2016,1/4,2016.1/4,안과,19
춘천시,2016,2/4,2016.2/4,안과,19
춘천시,2016,3/4,2016.3/4,안과,19
춘천시,2016,4/4,2016.4/4,안과,19
춘천시,2017,1/4,2017.1/4,안과,20
춘천시,2017,2/4,2017.2/4,안과,20
춘천시,2017,3/4,2017.3/4,안과,21
춘천시,2017,4/4,2017.4/4,안과,21
춘천시,2018,1/4,2018.1/4,안과,23
춘천시,2018,2/4,2018.2/4,안과,23
춘천시,2018,3/4,2018.3/4,안과,23
춘천시,2018,4/4,2018.4/4,안과,23
춘천시,2019,1/4,2019.1/4,안과,22
춘천시,2019,2/4,2019.2/4,안과,22
춘천시,2019,3/4,2019.3/4,안과,22
춘천시,2019,4/4,2019.4/4,안과,21
춘천시,2020,1/4,2020.1/4,안과,23
춘천시,2020,2/4,2020.2/4,안과,24
춘천시,2020,3/4,2020.3/4,안과,25
춘천시,2020,4/4,2020.4/4,안과,25
춘천시,2021,1/4,2021.1/4,안과,26
춘천시,2021,2/4,2021.2/4,안과,25
춘천시,2021,3/4,2021.3/4,안과,24
춘천시,2021,4/4,2021.4/4,안과,24
춘천시,2022,1/4,2022.1/4,안과,22
춘천시,2022,2/4,2022.2/4,안과,22
춘천시,2022,3/4,2022.3/4,안과,22
춘천시,2022,4/4,2022.4/4,안과,22
춘천시,2023,1/4,2023.1/4,안과,22
춘천시,2023,2/4,2023.2/4,안과,22
춘천시,2023,3/4,2023.3/4,안과,24
춘천시,2023,4/4,2023.4/4,안과,23
춘천시,2024,1/4,2024.1/4,안과,24
춘천시,2024,2/4,2024.2/4,안과,24
춘천시,2024,3/4,2024.3/4,안과,24
춘천시,2024,4/4,2024.4/4,안과,23
춘천시,2025,1/4,2025.1/4,안과,21
춘천시,2025,2/4,2025.2/4,안과,21
춘천시,2025,3/4,2025.3/4,안과,20
춘천시,2025,4/4,2025.4/4,안과,21
춘천시,2009,1/4,2009.1/4,영상의학과,12
춘천시,2009,2/4,2009.2/4,영상의학과,13
춘천시,2009,3/4,2009.3/4,영상의학과,13
춘천시,2009,4/4,2009.4/4,영상의학과,14
춘천시,2010,1/4,2010.1/4,영상의학과,14
춘천시,2010,2/4,2010.2/4,영상의학과,13
춘천시,2010,3/4,2010.3/4,영상의학과,14
춘천시,2010,4/4,2010.4/4,영상의학과,14
춘천시,2011,1/4,2011.1/4,영상의학과,13
춘천시,2011,2/4,2011.2/4,영상의학과,14
춘천시,2011,3/4,2011.3/4,영상의학과,14
춘천시,2011,4/4,2011.4/4,영상의학과,14
춘천시,2012,1/4,2012.1/4,영상의학과,15
춘천시,2012,2/4,2012.2/4,영상의학과,17
춘천시,2012,3/4,2012.3/4,영상의학과,16
춘천시,2012,4/4,2012.4/4,영상의학과,16
춘천시,2013,1/4,2013.1/4,영상의학과,16
춘천시,2013,2/4,2013.2/4,영상의학과,17
춘천시,2013,3/4,2013.3/4,영상의학과,17
춘천시,2013,4/4,2013.4/4,영상의학과,17
춘천시,2014,1/4,2014.1/4,영상의학과,17
춘천시,2014,2/4,2014.2/4,영상의학과,18
춘천시,2014,3/4,2014.3/4,영상의학과,17
춘천시,2014,4/4,2014.4/4,영상의학과,17
춘천시,2015,1/4,2015.1/4,영상의학과,17
춘천시,2015,2/4,2015.2/4,영상의학과,17
춘천시,2015,3/4,2015.3/4,영상의학과,19
춘천시,2015,4/4,2015.4/4,영상의학과,19
춘천시,2016,1/4,2016.1/4,영상의학과,20
춘천시,2016,2/4,2016.2/4,영상의학과,20
춘천시,2016,3/4,2016.3/4,영상의학과,20
춘천시,2016,4/4,2016.4/4,영상의학과,20
춘천시,2017,1/4,2017.1/4,영상의학과,19
춘천시,2017,2/4,2017.2/4,영상의학과,17
춘천시,2017,3/4,2017.3/4,영상의학과,18
춘천시,2017,4/4,2017.4/4,영상의학과,18
춘천시,2018,1/4,2018.1/4,영상의학과,20
춘천시,2018,2/4,2018.2/4,영상의학과,21
춘천시,2018,3/4,2018.3/4,영상의학과,19
춘천시,2018,4/4,2018.4/4,영상의학과,19
춘천시,2019,1/4,2019.1/4,영상의학과,22
춘천시,2019,2/4,2019.2/4,영상의학과,22
춘천시,2019,3/4,2019.3/4,영상의학과,22
춘천시,2019,4/4,2019.4/4,영상의학과,22
춘천시,2020,1/4,2020.1/4,영상의학과,21
춘천시,2020,2/4,2020.2/4,영상의학과,22
춘천시,2020,3/4,2020.3/4,영상의학과,22
춘천시,2020,4/4,2020.4/4,영상의학과,22
춘천시,2021,1/4,2021.1/4,영상의학과,20
춘천시,2021,2/4,2021.2/4,영상의학과,21
춘천시,2021,3/4,2021.3/4,영상의학과,20
춘천시,2021,4/4,2021.4/4,영상의학과,20
춘천시,2022,1/4,2022.1/4,영상의학과,22
춘천시,2022,2/4,2022.2/4,영상의학과,20
춘천시,2022,3/4,2022.3/4,영상의학과,21
춘천시,2022,4/4,2022.4/4,영상의학과,21
춘천시,2023,1/4,2023.1/4,영상의학과,21
춘천시,2023,2/4,2023.2/4,영상의학과,22
춘천시,2023,3/4,2023.3/4,영상의학과,22
춘천시,2023,4/4,2023.4/4,영상의학과,22
춘천시,2024,1/4,2024.1/4,영상의학과,23
춘천시,2024,2/4,2024.2/4,영상의학과,24
춘천시,2024,3/4,2024.3/4,영상의학과,21
춘천시,2024,4/4,2024.4/4,영상의학과,20
춘천시,2025,1/4,2025.1/4,영상의학과,18
춘천시,2025,2/4,2025.2/4,영상의학과,19
춘천시,2025,3/4,2025.3/4,영상의학과,20
춘천시,2025,4/4,2025.4/4,영상의학과,20
춘천시,2009,1/4,2009.1/4,예방의학과,2
춘천시,2009,2/4,2009.2/4,예방의학과,2
춘천시,2009,3/4,2009.3/4,예방의학과,2
춘천시,2009,4/4,2009.4/4,예방의학과,2
춘천시,2010,1/4,2010.1/4,예방의학과,2
춘천시,2010,2/4,2010.2/4,예방의학과,2
춘천시,2010,3/4,2010.3/4,예방의학과,2
춘천시,2010,4/4,2010.4/4,예방의학과,2
춘천시,2011,1/4,2011.1/4,예방의학과,2
춘천시,2011,2/4,2011.2/4,예방의학과,2
춘천시,2011,3/4,2011.3/4,예방의학과,2
춘천시,2011,4/4,2011.4/4,예방의학과,2
춘천시,2012,1/4,2012.1/4,예방의학과,2
춘천시,2012,2/4,2012.2/4,예방의학과,2
춘천시,2012,3/4,2012.3/4,예방의학과,2
춘천시,2012,4/4,2012.4/4,예방의학과,2
춘천시,2013,1/4,2013.1/4,예방의학과,2
춘천시,2013,2/4,2013.2/4,예방의학과,3
춘천시,2013,3/4,2013.3/4,예방의학과,3
춘천시,2013,4/4,2013.4/4,예방의학과,3
춘천시,2014,1/4,2014.1/4,예방의학과,3
춘천시,2014,2/4,2014.2/4,예방의학과,2
춘천시,2014,3/4,2014.3/4,예방의학과,2
춘천시,2014,4/4,2014.4/4,예방의학과,2
춘천시,2015,1/4,2015.1/4,예방의학과,2
춘천시,2015,2/4,2015.2/4,예방의학과,2
춘천시,2015,3/4,2015.3/4,예방의학과,2
춘천시,2015,4/4,2015.4/4,예방의학과,2
춘천시,2016,1/4,2016.1/4,예방의학과,2
춘천시,2016,2/4,2016.2/4,예방의학과,2
춘천시,2016,3/4,2016.3/4,예방의학과,2
춘천시,2016,4/4,2016.4/4,예방의학과,2
춘천시,2017,1/4,2017.1/4,예방의학과,1
춘천시,2017,2/4,2017.2/4,예방의학과,2
춘천시,2017,3/4,2017.3/4,예방의학과,2
춘천시,2017,4/4,2017.4/4,예방의학과,2
춘천시,2018,1/4,2018.1/4,예방의학과,2
춘천시,2018,2/4,2018.2/4,예방의학과,2
춘천시,2018,3/4,2018.3/4,예방의학과,2
춘천시,2018,4/4,2018.4/4,예방의학과,2
춘천시,2019,1/4,2019.1/4,예방의학과,3
춘천시,2019,2/4,2019.2/4,예방의학과,3
춘천시,2019,3/4,2019.3/4,예방의학과,3
춘천시,2019,4/4,2019.4/4,예방의학과,3
춘천시,2020,1/4,2020.1/4,예방의학과,3
춘천시,2020,2/4,2020.2/4,예방의학과,3
춘천시,2020,3/4,2020.3/4,예방의학과,4
춘천시,2020,4/4,2020.4/4,예방의학과,4
춘천시,2021,1/4,2021.1/4,예방의학과,4
춘천시,2021,2/4,2021.2/4,예방의학과,4
춘천시,2021,3/4,2021.3/4,예방의학과,4
춘천시,2021,4/4,2021.4/4,예방의학과,4
춘천시,2022,1/4,2022.1/4,예방의학과,4
춘천시,2022,2/4,2022.2/4,예방의학과,4
춘천시,2022,3/4,2022.3/4,예방의학과,4
춘천시,2022,4/4,2022.4/4,예방의학과,4
춘천시,2023,1/4,2023.1/4,예방의학과,4
춘천시,2023,2/4,2023.2/4,예방의학과,4
춘천시,2023,3/4,2023.3/4,예방의학과,4
춘천시,2023,4/4,2023.4/4,예방의학과,4
춘천시,2024,1/4,2024.1/4,예방의학과,4
춘천시,2024,2/4,2024.2/4,예방의학과,4
춘천시,2024,3/4,2024.3/4,예방의학과,3
춘천시,2024,4/4,2024.4/4,예방의학과,3
춘천시,2025,1/4,2025.1/4,예방의학과,3
춘천시,2025,2/4,2025.2/4,예방의학과,3
춘천시,2025,3/4,2025.3/4,예방의학과,3
춘천시,2025,4/4,2025.4/4,예방의학과,3
춘천시,2009,1/4,2009.1/4,외과,26
춘천시,2009,2/4,2009.2/4,외과,27
춘천시,2009,3/4,2009.3/4,외과,26
춘천시,2009,4/4,2009.4/4,외과,27
춘천시,2010,1/4,2010.1/4,외과,26
춘천시,2010,2/4,2010.2/4,외과,28
춘천시,2010,3/4,2010.3/4,외과,29
춘천시,2010,4/4,2010.4/4,외과,30
춘천시,2011,1/4,2011.1/4,외과,27
춘천시,2011,2/4,2011.2/4,외과,28
춘천시,2011,3/4,2011.3/4,외과,27
춘천시,2011,4/4,2011.4/4,외과,27
춘천시,2012,1/4,2012.1/4,외과,26
춘천시,2012,2/4,2012.2/4,외과,24
춘천시,2012,3/4,2012.3/4,외과,24
춘천시,2012,4/4,2012.4/4,외과,25
춘천시,2013,1/4,2013.1/4,외과,26
춘천시,2013,2/4,2013.2/4,외과,25
춘천시,2013,3/4,2013.3/4,외과,26
춘천시,2013,4/4,2013.4/4,외과,26
춘천시,2014,1/4,2014.1/4,외과,26
춘천시,2014,2/4,2014.2/4,외과,28
춘천시,2014,3/4,2014.3/4,외과,29
춘천시,2014,4/4,2014.4/4,외과,29
춘천시,2015,1/4,2015.1/4,외과,29
춘천시,2015,2/4,2015.2/4,외과,30
춘천시,2015,3/4,2015.3/4,외과,31
춘천시,2015,4/4,2015.4/4,외과,30
춘천시,2016,1/4,2016.1/4,외과,28
춘천시,2016,2/4,2016.2/4,외과,27
춘천시,2016,3/4,2016.3/4,외과,28
춘천시,2016,4/4,2016.4/4,외과,29
춘천시,2017,1/4,2017.1/4,외과,30
춘천시,2017,2/4,2017.2/4,외과,29
춘천시,2017,3/4,2017.3/4,외과,29
춘천시,2017,4/4,2017.4/4,외과,30
춘천시,2018,1/4,2018.1/4,외과,30
춘천시,2018,2/4,2018.2/4,외과,30
춘천시,2018,3/4,2018.3/4,외과,31
춘천시,2018,4/4,2018.4/4,외과,31
춘천시,2019,1/4,2019.1/4,외과,31
춘천시,2019,2/4,2019.2/4,외과,31
춘천시,2019,3/4,2019.3/4,외과,30
춘천시,2019,4/4,2019.4/4,외과,31
춘천시,2020,1/4,2020.1/4,외과,31
춘천시,2020,2/4,2020.2/4,외과,30
춘천시,2020,3/4,2020.3/4,외과,30
춘천시,2020,4/4,2020.4/4,외과,30
춘천시,2021,1/4,2021.1/4,외과,29
춘천시,2021,2/4,2021.2/4,외과,30
춘천시,2021,3/4,2021.3/4,외과,28
춘천시,2021,4/4,2021.4/4,외과,29
춘천시,2022,1/4,2022.1/4,외과,29
춘천시,2022,2/4,2022.2/4,외과,28
춘천시,2022,3/4,2022.3/4,외과,28
춘천시,2022,4/4,2022.4/4,외과,29
춘천시,2023,1/4,2023.1/4,외과,25
춘천시,2023,2/4,2023.2/4,외과,27
춘천시,2023,3/4,2023.3/4,외과,26
춘천시,2023,4/4,2023.4/4,외과,26
춘천시,2024,1/4,2024.1/4,외과,28
춘천시,2024,2/4,2024.2/4,외과,26
춘천시,2024,3/4,2024.3/4,외과,27
춘천시,2024,4/4,2024.4/4,외과,27
춘천시,2025,1/4,2025.1/4,외과,27
춘천시,2025,2/4,2025.2/4,외과,28
춘천시,2025,3/4,2025.3/4,외과,28
춘천시,2025,4/4,2025.4/4,외과,28
춘천시,2009,1/4,2009.1/4,응급의학과,7
춘천시,2009,2/4,2009.2/4,응급의학과,7
춘천시,2009,3/4,2009.3/4,응급의학과,7
춘천시,2009,4/4,2009.4/4,응급의학과,7
춘천시,2010,1/4,2010.1/4,응급의학과,7
춘천시,2010,2/4,2010.2/4,응급의학과,10
춘천시,2010,3/4,2010.3/4,응급의학과,10
춘천시,2010,4/4,2010.4/4,응급의학과,10
춘천시,2011,1/4,2011.1/4,응급의학과,10
춘천시,2011,2/4,2011.2/4,응급의학과,9
춘천시,2011,3/4,2011.3/4,응급의학과,9
춘천시,2011,4/4,2011.4/4,응급의학과,9
춘천시,2012,1/4,2012.1/4,응급의학과,10
춘천시,2012,2/4,2012.2/4,응급의학과,11
춘천시,2012,3/4,2012.3/4,응급의학과,11
춘천시,2012,4/4,2012.4/4,응급의학과,11
춘천시,2013,1/4,2013.1/4,응급의학과,9
춘천시,2013,2/4,2013.2/4,응급의학과,10
춘천시,2013,3/4,2013.3/4,응급의학과,10
춘천시,2013,4/4,2013.4/4,응급의학과,10
춘천시,2014,1/4,2014.1/4,응급의학과,9
춘천시,2014,2/4,2014.2/4,응급의학과,12
춘천시,2014,3/4,2014.3/4,응급의학과,12
춘천시,2014,4/4,2014.4/4,응급의학과,12
춘천시,2015,1/4,2015.1/4,응급의학과,11
춘천시,2015,2/4,2015.2/4,응급의학과,12
춘천시,2015,3/4,2015.3/4,응급의학과,12
춘천시,2015,4/4,2015.4/4,응급의학과,12
춘천시,2016,1/4,2016.1/4,응급의학과,13
춘천시,2016,2/4,2016.2/4,응급의학과,13
춘천시,2016,3/4,2016.3/4,응급의학과,13
춘천시,2016,4/4,2016.4/4,응급의학과,13
춘천시,2017,1/4,2017.1/4,응급의학과,14
춘천시,2017,2/4,2017.2/4,응급의학과,14
춘천시,2017,3/4,2017.3/4,응급의학과,14
춘천시,2017,4/4,2017.4/4,응급의학과,14
춘천시,2018,1/4,2018.1/4,응급의학과,14
춘천시,2018,2/4,2018.2/4,응급의학과,14
춘천시,2018,3/4,2018.3/4,응급의학과,14
춘천시,2018,4/4,2018.4/4,응급의학과,14
춘천시,2019,1/4,2019.1/4,응급의학과,16
춘천시,2019,2/4,2019.2/4,응급의학과,17
춘천시,2019,3/4,2019.3/4,응급의학과,16
춘천시,2019,4/4,2019.4/4,응급의학과,17
춘천시,2020,1/4,2020.1/4,응급의학과,17
춘천시,2020,2/4,2020.2/4,응급의학과,19
춘천시,2020,3/4,2020.3/4,응급의학과,19
춘천시,2020,4/4,2020.4/4,응급의학과,19
춘천시,2021,1/4,2021.1/4,응급의학과,20
춘천시,2021,2/4,2021.2/4,응급의학과,20
춘천시,2021,3/4,2021.3/4,응급의학과,19
춘천시,2021,4/4,2021.4/4,응급의학과,19
춘천시,2022,1/4,2022.1/4,응급의학과,21
춘천시,2022,2/4,2022.2/4,응급의학과,20
춘천시,2022,3/4,2022.3/4,응급의학과,21
춘천시,2022,4/4,2022.4/4,응급의학과,21
춘천시,2023,1/4,2023.1/4,응급의학과,22
춘천시,2023,2/4,2023.2/4,응급의학과,23
춘천시,2023,3/4,2023.3/4,응급의학과,20
춘천시,2023,4/4,2023.4/4,응급의학과,19
춘천시,2024,1/4,2024.1/4,응급의학과,21
춘천시,2024,2/4,2024.2/4,응급의학과,21
춘천시,2024,3/4,2024.3/4,응급의학과,21
춘천시,2024,4/4,2024.4/4,응급의학과,21
춘천시,2025,1/4,2025.1/4,응급의학과,23
춘천시,2025,2/4,2025.2/4,응급의학과,28
춘천시,2025,3/4,2025.3/4,응급의학과,30
춘천시,2025,4/4,2025.4/4,응급의학과,30
춘천시,2009,1/4,2009.1/4,이비인후과,20
춘천시,2009,2/4,2009.2/4,이비인후과,20
춘천시,2009,3/4,2009.3/4,이비인후과,20
춘천시,2009,4/4,2009.4/4,이비인후과,22
춘천시,2010,1/4,2010.1/4,이비인후과,22
춘천시,2010,2/4,2010.2/4,이비인후과,23
춘천시,2010,3/4,2010.3/4,이비인후과,22
춘천시,2010,4/4,2010.4/4,이비인후과,22
춘천시,2011,1/4,2011.1/4,이비인후과,23
춘천시,2011,2/4,2011.2/4,이비인후과,23
춘천시,2011,3/4,2011.3/4,이비인후과,21
춘천시,2011,4/4,2011.4/4,이비인후과,21
춘천시,2012,1/4,2012.1/4,이비인후과,20
춘천시,2012,2/4,2012.2/4,이비인후과,20
춘천시,2012,3/4,2012.3/4,이비인후과,19
춘천시,2012,4/4,2012.4/4,이비인후과,19
춘천시,2013,1/4,2013.1/4,이비인후과,20
춘천시,2013,2/4,2013.2/4,이비인후과,20
춘천시,2013,3/4,2013.3/4,이비인후과,20
춘천시,2013,4/4,2013.4/4,이비인후과,20
춘천시,2014,1/4,2014.1/4,이비인후과,20
춘천시,2014,2/4,2014.2/4,이비인후과,20
춘천시,2014,3/4,2014.3/4,이비인후과,20
춘천시,2014,4/4,2014.4/4,이비인후과,20
춘천시,2015,1/4,2015.1/4,이비인후과,20
춘천시,2015,2/4,2015.2/4,이비인후과,21
춘천시,2015,3/4,2015.3/4,이비인후과,22
춘천시,2015,4/4,2015.4/4,이비인후과,21
춘천시,2016,1/4,2016.1/4,이비인후과,23
춘천시,2016,2/4,2016.2/4,이비인후과,24
춘천시,2016,3/4,2016.3/4,이비인후과,24
춘천시,2016,4/4,2016.4/4,이비인후과,24
춘천시,2017,1/4,2017.1/4,이비인후과,25
춘천시,2017,2/4,2017.2/4,이비인후과,25
춘천시,2017,3/4,2017.3/4,이비인후과,25
춘천시,2017,4/4,2017.4/4,이비인후과,25
춘천시,2018,1/4,2018.1/4,이비인후과,24
춘천시,2018,2/4,2018.2/4,이비인후과,25
춘천시,2018,3/4,2018.3/4,이비인후과,24
춘천시,2018,4/4,2018.4/4,이비인후과,23
춘천시,2019,1/4,2019.1/4,이비인후과,23
춘천시,2019,2/4,2019.2/4,이비인후과,24
춘천시,2019,3/4,2019.3/4,이비인후과,24
춘천시,2019,4/4,2019.4/4,이비인후과,24
춘천시,2020,1/4,2020.1/4,이비인후과,23
춘천시,2020,2/4,2020.2/4,이비인후과,23
춘천시,2020,3/4,2020.3/4,이비인후과,22
춘천시,2020,4/4,2020.4/4,이비인후과,23
춘천시,2021,1/4,2021.1/4,이비인후과,23
춘천시,2021,2/4,2021.2/4,이비인후과,24
춘천시,2021,3/4,2021.3/4,이비인후과,22
춘천시,2021,4/4,2021.4/4,이비인후과,22
춘천시,2022,1/4,2022.1/4,이비인후과,23
춘천시,2022,2/4,2022.2/4,이비인후과,23
춘천시,2022,3/4,2022.3/4,이비인후과,22
춘천시,2022,4/4,2022.4/4,이비인후과,22
춘천시,2023,1/4,2023.1/4,이비인후과,22
춘천시,2023,2/4,2023.2/4,이비인후과,23
춘천시,2023,3/4,2023.3/4,이비인후과,23
춘천시,2023,4/4,2023.4/4,이비인후과,23
춘천시,2024,1/4,2024.1/4,이비인후과,23
춘천시,2024,2/4,2024.2/4,이비인후과,22
춘천시,2024,3/4,2024.3/4,이비인후과,22
춘천시,2024,4/4,2024.4/4,이비인후과,22
춘천시,2025,1/4,2025.1/4,이비인후과,21
춘천시,2025,2/4,2025.2/4,이비인후과,21
춘천시,2025,3/4,2025.3/4,이비인후과,21
춘천시,2025,4/4,2025.4/4,이비인후과,21
춘천시,2009,1/4,2009.1/4,재활의학과,11
춘천시,2009,2/4,2009.2/4,재활의학과,12
춘천시,2009,3/4,2009.3/4,재활의학과,12
춘천시,2009,4/4,2009.4/4,재활의학과,13
춘천시,2010,1/4,2010.1/4,재활의학과,14
춘천시,2010,2/4,2010.2/4,재활의학과,14
춘천시,2010,3/4,2010.3/4,재활의학과,14
춘천시,2010,4/4,2010.4/4,재활의학과,14
춘천시,2011,1/4,2011.1/4,재활의학과,15
춘천시,2011,2/4,2011.2/4,재활의학과,16
춘천시,2011,3/4,2011.3/4,재활의학과,16
춘천시,2011,4/4,2011.4/4,재활의학과,16
춘천시,2012,1/4,2012.1/4,재활의학과,17
춘천시,2012,2/4,2012.2/4,재활의학과,16
춘천시,2012,3/4,2012.3/4,재활의학과,16
춘천시,2012,4/4,2012.4/4,재활의학과,16
춘천시,2013,1/4,2013.1/4,재활의학과,17
춘천시,2013,2/4,2013.2/4,재활의학과,14
춘천시,2013,3/4,2013.3/4,재활의학과,14
춘천시,2013,4/4,2013.4/4,재활의학과,14
춘천시,2014,1/4,2014.1/4,재활의학과,14
춘천시,2014,2/4,2014.2/4,재활의학과,16
춘천시,2014,3/4,2014.3/4,재활의학과,16
춘천시,2014,4/4,2014.4/4,재활의학과,16
춘천시,2015,1/4,2015.1/4,재활의학과,16
춘천시,2015,2/4,2015.2/4,재활의학과,16
춘천시,2015,3/4,2015.3/4,재활의학과,16
춘천시,2015,4/4,2015.4/4,재활의학과,16
춘천시,2016,1/4,2016.1/4,재활의학과,17
춘천시,2016,2/4,2016.2/4,재활의학과,16
춘천시,2016,3/4,2016.3/4,재활의학과,16
춘천시,2016,4/4,2016.4/4,재활의학과,17
춘천시,2017,1/4,2017.1/4,재활의학과,16
춘천시,2017,2/4,2017.2/4,재활의학과,16
춘천시,2017,3/4,2017.3/4,재활의학과,16
춘천시,2017,4/4,2017.4/4,재활의학과,15
춘천시,2018,1/4,2018.1/4,재활의학과,15
춘천시,2018,2/4,2018.2/4,재활의학과,15
춘천시,2018,3/4,2018.3/4,재활의학과,15
춘천시,2018,4/4,2018.4/4,재활의학과,15
춘천시,2019,1/4,2019.1/4,재활의학과,16
춘천시,2019,2/4,2019.2/4,재활의학과,16
춘천시,2019,3/4,2019.3/4,재활의학과,16
춘천시,2019,4/4,2019.4/4,재활의학과,16
춘천시,2020,1/4,2020.1/4,재활의학과,13
춘천시,2020,2/4,2020.2/4,재활의학과,16
춘천시,2020,3/4,2020.3/4,재활의학과,16
춘천시,2020,4/4,2020.4/4,재활의학과,17
춘천시,2021,1/4,2021.1/4,재활의학과,16
춘천시,2021,2/4,2021.2/4,재활의학과,17
춘천시,2021,3/4,2021.3/4,재활의학과,17
춘천시,2021,4/4,2021.4/4,재활의학과,17
춘천시,2022,1/4,2022.1/4,재활의학과,18
춘천시,2022,2/4,2022.2/4,재활의학과,18
춘천시,2022,3/4,2022.3/4,재활의학과,18
춘천시,2022,4/4,2022.4/4,재활의학과,19
춘천시,2023,1/4,2023.1/4,재활의학과,19
춘천시,2023,2/4,2023.2/4,재활의학과,19
춘천시,2023,3/4,2023.3/4,재활의학과,19
춘천시,2023,4/4,2023.4/4,재활의학과,19
춘천시,2024,1/4,2024.1/4,재활의학과,19
춘천시,2024,2/4,2024.2/4,재활의학과,20
춘천시,2024,3/4,2024.3/4,재활의학과,19
춘천시,2024,4/4,2024.4/4,재활의학과,19
춘천시,2025,1/4,2025.1/4,재활의학과,18
춘천시,2025,2/4,2025.2/4,재활의학과,19
춘천시,2025,3/4,2025.3/4,재활의학과,19
춘천시,2025,4/4,2025.4/4,재활의학과,19
춘천시,2009,1/4,2009.1/4,정신건강의학과,24
춘천시,2009,2/4,2009.2/4,정신건강의학과,23
춘천시,2009,3/4,2009.3/4,정신건강의학과,24
춘천시,2009,4/4,2009.4/4,정신건강의학과,25
춘천시,2010,1/4,2010.1/4,정신건강의학과,24
춘천시,2010,2/4,2010.2/4,정신건강의학과,28
춘천시,2010,3/4,2010.3/4,정신건강의학과,28
춘천시,2010,4/4,2010.4/4,정신건강의학과,28
춘천시,2011,1/4,2011.1/4,정신건강의학과,27
춘천시,2011,2/4,2011.2/4,정신건강의학과,29
춘천시,2011,3/4,2011.3/4,정신건강의학과,30
춘천시,2011,4/4,2011.4/4,정신건강의학과,30
춘천시,2012,1/4,2012.1/4,정신건강의학과,31
춘천시,2012,2/4,2012.2/4,정신건강의학과,32
춘천시,2012,3/4,2012.3/4,정신건강의학과,32
춘천시,2012,4/4,2012.4/4,정신건강의학과,32
춘천시,2013,1/4,2013.1/4,정신건강의학과,33
춘천시,2013,2/4,2013.2/4,정신건강의학과,33
춘천시,2013,3/4,2013.3/4,정신건강의학과,33
춘천시,2013,4/4,2013.4/4,정신건강의학과,33
춘천시,2014,1/4,2014.1/4,정신건강의학과,34
춘천시,2014,2/4,2014.2/4,정신건강의학과,35
춘천시,2014,3/4,2014.3/4,정신건강의학과,35
춘천시,2014,4/4,2014.4/4,정신건강의학과,34
춘천시,2015,1/4,2015.1/4,정신건강의학과,34
춘천시,2015,2/4,2015.2/4,정신건강의학과,34
춘천시,2015,3/4,2015.3/4,정신건강의학과,37
춘천시,2015,4/4,2015.4/4,정신건강의학과,37
춘천시,2016,1/4,2016.1/4,정신건강의학과,36
춘천시,2016,2/4,2016.2/4,정신건강의학과,37
춘천시,2016,3/4,2016.3/4,정신건강의학과,38
춘천시,2016,4/4,2016.4/4,정신건강의학과,38
춘천시,2017,1/4,2017.1/4,정신건강의학과,37
춘천시,2017,2/4,2017.2/4,정신건강의학과,38
춘천시,2017,3/4,2017.3/4,정신건강의학과,37
춘천시,2017,4/4,2017.4/4,정신건강의학과,36
춘천시,2018,1/4,2018.1/4,정신건강의학과,37
춘천시,2018,2/4,2018.2/4,정신건강의학과,36
춘천시,2018,3/4,2018.3/4,정신건강의학과,39
춘천시,2018,4/4,2018.4/4,정신건강의학과,39
춘천시,2019,1/4,2019.1/4,정신건강의학과,39
춘천시,2019,2/4,2019.2/4,정신건강의학과,42
춘천시,2019,3/4,2019.3/4,정신건강의학과,43
춘천시,2019,4/4,2019.4/4,정신건강의학과,42
춘천시,2020,1/4,2020.1/4,정신건강의학과,39
춘천시,2020,2/4,2020.2/4,정신건강의학과,40
춘천시,2020,3/4,2020.3/4,정신건강의학과,40
춘천시,2020,4/4,2020.4/4,정신건강의학과,40
춘천시,2021,1/4,2021.1/4,정신건강의학과,40
춘천시,2021,2/4,2021.2/4,정신건강의학과,34
춘천시,2021,3/4,2021.3/4,정신건강의학과,39
춘천시,2021,4/4,2021.4/4,정신건강의학과,39
춘천시,2022,1/4,2022.1/4,정신건강의학과,37
춘천시,2022,2/4,2022.2/4,정신건강의학과,37
춘천시,2022,3/4,2022.3/4,정신건강의학과,36
춘천시,2022,4/4,2022.4/4,정신건강의학과,35
춘천시,2023,1/4,2023.1/4,정신건강의학과,33
춘천시,2023,2/4,2023.2/4,정신건강의학과,34
춘천시,2023,3/4,2023.3/4,정신건강의학과,34
춘천시,2023,4/4,2023.4/4,정신건강의학과,34
춘천시,2024,1/4,2024.1/4,정신건강의학과,32
춘천시,2024,2/4,2024.2/4,정신건강의학과,32
춘천시,2024,3/4,2024.3/4,정신건강의학과,31
춘천시,2024,4/4,2024.4/4,정신건강의학과,31
춘천시,2025,1/4,2025.1/4,정신건강의학과,31
춘천시,2025,2/4,2025.2/4,정신건강의학과,30
춘천시,2025,3/4,2025.3/4,정신건강의학과,30
춘천시,2025,4/4,2025.4/4,정신건강의학과,31
춘천시,2009,1/4,2009.1/4,정형외과,27
춘천시,2009,2/4,2009.2/4,정형외과,27
춘천시,2009,3/4,2009.3/4,정형외과,27
춘천시,2009,4/4,2009.4/4,정형외과,27
춘천시,2010,1/4,2010.1/4,정형외과,27
춘천시,2010,2/4,2010.2/4,정형외과,30
춘천시,2010,3/4,2010.3/4,정형외과,29
춘천시,2010,4/4,2010.4/4,정형외과,29
춘천시,2011,1/4,2011.1/4,정형외과,29
춘천시,2011,2/4,2011.2/4,정형외과,31
춘천시,2011,3/4,2011.3/4,정형외과,31
춘천시,2011,4/4,2011.4/4,정형외과,31
춘천시,2012,1/4,2012.1/4,정형외과,35
춘천시,2012,2/4,2012.2/4,정형외과,36
춘천시,2012,3/4,2012.3/4,정형외과,37
춘천시,2012,4/4,2012.4/4,정형외과,36
춘천시,2013,1/4,2013.1/4,정형외과,36
춘천시,2013,2/4,2013.2/4,정형외과,36
춘천시,2013,3/4,2013.3/4,정형외과,35
춘천시,2013,4/4,2013.4/4,정형외과,37
춘천시,2014,1/4,2014.1/4,정형외과,37
춘천시,2014,2/4,2014.2/4,정형외과,34
춘천시,2014,3/4,2014.3/4,정형외과,35
춘천시,2014,4/4,2014.4/4,정형외과,35
춘천시,2015,1/4,2015.1/4,정형외과,32
춘천시,2015,2/4,2015.2/4,정형외과,35
춘천시,2015,3/4,2015.3/4,정형외과,38
춘천시,2015,4/4,2015.4/4,정형외과,39
춘천시,2016,1/4,2016.1/4,정형외과,41
춘천시,2016,2/4,2016.2/4,정형외과,41
춘천시,2016,3/4,2016.3/4,정형외과,42
춘천시,2016,4/4,2016.4/4,정형외과,42
춘천시,2017,1/4,2017.1/4,정형외과,43
춘천시,2017,2/4,2017.2/4,정형외과,40
춘천시,2017,3/4,2017.3/4,정형외과,38
춘천시,2017,4/4,2017.4/4,정형외과,39
춘천시,2018,1/4,2018.1/4,정형외과,42
춘천시,2018,2/4,2018.2/4,정형외과,44
춘천시,2018,3/4,2018.3/4,정형외과,45
춘천시,2018,4/4,2018.4/4,정형외과,44
춘천시,2019,1/4,2019.1/4,정형외과,45
춘천시,2019,2/4,2019.2/4,정형외과,43
춘천시,2019,3/4,2019.3/4,정형외과,43
춘천시,2019,4/4,2019.4/4,정형외과,42
춘천시,2020,1/4,2020.1/4,정형외과,41
춘천시,2020,2/4,2020.2/4,정형외과,44
춘천시,2020,3/4,2020.3/4,정형외과,44
춘천시,2020,4/4,2020.4/4,정형외과,44
춘천시,2021,1/4,2021.1/4,정형외과,42
춘천시,2021,2/4,2021.2/4,정형외과,42
춘천시,2021,3/4,2021.3/4,정형외과,42
춘천시,2021,4/4,2021.4/4,정형외과,42
춘천시,2022,1/4,2022.1/4,정형외과,41
춘천시,2022,2/4,2022.2/4,정형외과,44
춘천시,2022,3/4,2022.3/4,정형외과,43
춘천시,2022,4/4,2022.4/4,정형외과,44
춘천시,2023,1/4,2023.1/4,정형외과,47
춘천시,2023,2/4,2023.2/4,정형외과,46
춘천시,2023,3/4,2023.3/4,정형외과,46
춘천시,2023,4/4,2023.4/4,정형외과,48
춘천시,2024,1/4,2024.1/4,정형외과,49
춘천시,2024,2/4,2024.2/4,정형외과,47
춘천시,2024,3/4,2024.3/4,정형외과,47
춘천시,2024,4/4,2024.4/4,정형외과,47
춘천시,2025,1/4,2025.1/4,정형외과,48
춘천시,2025,2/4,2025.2/4,정형외과,50
춘천시,2025,3/4,2025.3/4,정형외과,50
춘천시,2025,4/4,2025.4/4,정형외과,50
춘천시,2009,1/4,2009.1/4,직업환경의학과,0
춘천시,2009,2/4,2009.2/4,직업환경의학과,0
춘천시,2009,3/4,2009.3/4,직업환경의학과,0
춘천시,2009,4/4,2009.4/4,직업환경의학과,0
춘천시,2010,1/4,2010.1/4,직업환경의학과,0
춘천시,2010,2/4,2010.2/4,직업환경의학과,0
춘천시,2010,3/4,2010.3/4,직업환경의학과,0
춘천시,2010,4/4,2010.4/4,직업환경의학과,0
춘천시,2011,1/4,2011.1/4,직업환경의학과,0
춘천시,2011,2/4,2011.2/4,직업환경의학과,0
춘천시,2011,3/4,2011.3/4,직업환경의학과,0
춘천시,2011,4/4,2011.4/4,직업환경의학과,0
춘천시,2012,1/4,2012.1/4,직업환경의학과,0
춘천시,2012,2/4,2012.2/4,직업환경의학과,0
춘천시,2012,3/4,2012.3/4,직업환경의학과,0
춘천시,2012,4/4,2012.4/4,직업환경의학과,0
춘천시,2013,1/4,2013.1/4,직업환경의학과,0
춘천시,2013,2/4,2013.2/4,직업환경의학과,0
춘천시,2013,3/4,2013.3/4,직업환경의학과,0
춘천시,2013,4/4,2013.4/4,직업환경의학과,0
춘천시,2014,1/4,2014.1/4,직업환경의학과,0
춘천시,2014,2/4,2014.2/4,직업환경의학과,0
춘천시,2014,3/4,2014.3/4,직업환경의학과,0
춘천시,2014,4/4,2014.4/4,직업환경의학과,0
춘천시,2015,1/4,2015.1/4,직업환경의학과,0
춘천시,2015,2/4,2015.2/4,직업환경의학과,0
춘천시,2015,3/4,2015.3/4,직업환경의학과,0
춘천시,2015,4/4,2015.4/4,직업환경의학과,0
춘천시,2016,1/4,2016.1/4,직업환경의학과,0
춘천시,2016,2/4,2016.2/4,직업환경의학과,0
춘천시,2016,3/4,2016.3/4,직업환경의학과,0
춘천시,2016,4/4,2016.4/4,직업환경의학과,0
춘천시,2017,1/4,2017.1/4,직업환경의학과,0
춘천시,2017,2/4,2017.2/4,직업환경의학과,0
춘천시,2017,3/4,2017.3/4,직업환경의학과,0
춘천시,2017,4/4,2017.4/4,직업환경의학과,0
춘천시,2018,1/4,2018.1/4,직업환경의학과,0
춘천시,2018,2/4,2018.2/4,직업환경의학과,0
춘천시,2018,3/4,2018.3/4,직업환경의학과,0
춘천시,2018,4/4,2018.4/4,직업환경의학과,0
춘천시,2019,1/4,2019.1/4,직업환경의학과,0
춘천시,2019,2/4,2019.2/4,직업환경의학과,0
춘천시,2019,3/4,2019.3/4,직업환경의학과,0
춘천시,2019,4/4,2019.4/4,직업환경의학과,0
춘천시,2020,1/4,2020.1/4,직업환경의학과,0
춘천시,2020,2/4,2020.2/4,직업환경의학과,0
춘천시,2020,3/4,2020.3/4,직업환경의학과,0
춘천시,2020,4/4,2020.4/4,직업환경의학과,0
춘천시,2021,1/4,2021.1/4,직업환경의학과,0
춘천시,2021,2/4,2021.2/4,직업환경의학과,0
춘천시,2021,3/4,2021.3/4,직업환경의학과,0
춘천시,2021,4/4,2021.4/4,직업환경의학과,0
춘천시,2022,1/4,2022.1/4,직업환경의학과,0
춘천시,2022,2/4,2022.2/4,직업환경의학과,0
춘천시,2022,3/4,2022.3/4,직업환경의학과,0
춘천시,2022,4/4,2022.4/4,직업환경의학과,0
춘천시,2023,1/4,2023.1/4,직업환경의학과,0
춘천시,2023,2/4,2023.2/4,직업환경의학과,0
춘천시,2023,3/4,2023.3/4,직업환경의학과,0
춘천시,2023,4/4,2023.4/4,직업환경의학과,0
춘천시,2024,1/4,2024.1/4,직업환경의학과,0
춘천시,2024,2/4,2024.2/4,직업환경의학과,0
춘천시,2024,3/4,2024.3/4,직업환경의학과,0
춘천시,2024,4/4,2024.4/4,직업환경의학과,0
춘천시,2025,1/4,2025.1/4,직업환경의학과,0
춘천시,2025,2/4,2025.2/4,직업환경의학과,0
춘천시,2025,3/4,2025.3/4,직업환경의학과,0
춘천시,2025,4/4,2025.4/4,직업환경의학과,0
춘천시,2009,1/4,2009.1/4,진단검사의학과,4
춘천시,2009,2/4,2009.2/4,진단검사의학과,4
춘천시,2009,3/4,2009.3/4,진단검사의학과,4
춘천시,2009,4/4,2009.4/4,진단검사의학과,4
춘천시,2010,1/4,2010.1/4,진단검사의학과,4
춘천시,2010,2/4,2010.2/4,진단검사의학과,4
춘천시,2010,3/4,2010.3/4,진단검사의학과,4
춘천시,2010,4/4,2010.4/4,진단검사의학과,4
춘천시,2011,1/4,2011.1/4,진단검사의학과,4
춘천시,2011,2/4,2011.2/4,진단검사의학과,4
춘천시,2011,3/4,2011.3/4,진단검사의학과,4
춘천시,2011,4/4,2011.4/4,진단검사의학과,4
춘천시,2012,1/4,2012.1/4,진단검사의학과,4
춘천시,2012,2/4,2012.2/4,진단검사의학과,4
춘천시,2012,3/4,2012.3/4,진단검사의학과,5
춘천시,2012,4/4,2012.4/4,진단검사의학과,6
춘천시,2013,1/4,2013.1/4,진단검사의학과,6
춘천시,2013,2/4,2013.2/4,진단검사의학과,6
춘천시,2013,3/4,2013.3/4,진단검사의학과,6
춘천시,2013,4/4,2013.4/4,진단검사의학과,6
춘천시,2014,1/4,2014.1/4,진단검사의학과,5
춘천시,2014,2/4,2014.2/4,진단검사의학과,5
춘천시,2014,3/4,2014.3/4,진단검사의학과,6
춘천시,2014,4/4,2014.4/4,진단검사의학과,6
춘천시,2015,1/4,2015.1/4,진단검사의학과,6
춘천시,2015,2/4,2015.2/4,진단검사의학과,5
춘천시,2015,3/4,2015.3/4,진단검사의학과,5
춘천시,2015,4/4,2015.4/4,진단검사의학과,5
춘천시,2016,1/4,2016.1/4,진단검사의학과,5
춘천시,2016,2/4,2016.2/4,진단검사의학과,5
춘천시,2016,3/4,2016.3/4,진단검사의학과,5
춘천시,2016,4/4,2016.4/4,진단검사의학과,5
춘천시,2017,1/4,2017.1/4,진단검사의학과,5
춘천시,2017,2/4,2017.2/4,진단검사의학과,4
춘천시,2017,3/4,2017.3/4,진단검사의학과,4
춘천시,2017,4/4,2017.4/4,진단검사의학과,4
춘천시,2018,1/4,2018.1/4,진단검사의학과,4
춘천시,2018,2/4,2018.2/4,진단검사의학과,4
춘천시,2018,3/4,2018.3/4,진단검사의학과,4
춘천시,2018,4/4,2018.4/4,진단검사의학과,4
춘천시,2019,1/4,2019.1/4,진단검사의학과,5
춘천시,2019,2/4,2019.2/4,진단검사의학과,5
춘천시,2019,3/4,2019.3/4,진단검사의학과,5
춘천시,2019,4/4,2019.4/4,진단검사의학과,5
춘천시,2020,1/4,2020.1/4,진단검사의학과,4
춘천시,2020,2/4,2020.2/4,진단검사의학과,4
춘천시,2020,3/4,2020.3/4,진단검사의학과,5
춘천시,2020,4/4,2020.4/4,진단검사의학과,5
춘천시,2021,1/4,2021.1/4,진단검사의학과,5
춘천시,2021,2/4,2021.2/4,진단검사의학과,5
춘천시,2021,3/4,2021.3/4,진단검사의학과,5
춘천시,2021,4/4,2021.4/4,진단검사의학과,5
춘천시,2022,1/4,2022.1/4,진단검사의학과,5
춘천시,2022,2/4,2022.2/4,진단검사의학과,5
춘천시,2022,3/4,2022.3/4,진단검사의학과,6
춘천시,2022,4/4,2022.4/4,진단검사의학과,6
춘천시,2023,1/4,2023.1/4,진단검사의학과,6
춘천시,2023,2/4,2023.2/4,진단검사의학과,6
춘천시,2023,3/4,2023.3/4,진단검사의학과,5
춘천시,2023,4/4,2023.4/4,진단검사의학과,5
춘천시,2024,1/4,2024.1/4,진단검사의학과,5
춘천시,2024,2/4,2024.2/4,진단검사의학과,5
춘천시,2024,3/4,2024.3/4,진단검사의학과,5
춘천시,2024,4/4,2024.4/4,진단검사의학과,5
춘천시,2025,1/4,2025.1/4,진단검사의학과,5
춘천시,2025,2/4,2025.2/4,진단검사의학과,5
춘천시,2025,3/4,2025.3/4,진단검사의학과,5
춘천시,2025,4/4,2025.4/4,진단검사의학과,5
춘천시,2009,1/4,2009.1/4,피부과,7
춘천시,2009,2/4,2009.2/4,피부과,7
춘천시,2009,3/4,2009.3/4,피부과,7
춘천시,2009,4/4,2009.4/4,피부과,7
춘천시,2010,1/4,2010.1/4,피부과,7
춘천시,2010,2/4,2010.2/4,피부과,7
춘천시,2010,3/4,2010.3/4,피부과,7
춘천시,2010,4/4,2010.4/4,피부과,7
춘천시,2011,1/4,2011.1/4,피부과,7
춘천시,2011,2/4,2011.2/4,피부과,9
춘천시,2011,3/4,2011.3/4,피부과,9
춘천시,2011,4/4,2011.4/4,피부과,9
춘천시,2012,1/4,2012.1/4,피부과,9
춘천시,2012,2/4,2012.2/4,피부과,9
춘천시,2012,3/4,2012.3/4,피부과,9
춘천시,2012,4/4,2012.4/4,피부과,9
춘천시,2013,1/4,2013.1/4,피부과,9
춘천시,2013,2/4,2013.2/4,피부과,7
춘천시,2013,3/4,2013.3/4,피부과,8
춘천시,2013,4/4,2013.4/4,피부과,8
춘천시,2014,1/4,2014.1/4,피부과,8
춘천시,2014,2/4,2014.2/4,피부과,9
춘천시,2014,3/4,2014.3/4,피부과,9
춘천시,2014,4/4,2014.4/4,피부과,9
춘천시,2015,1/4,2015.1/4,피부과,8
춘천시,2015,2/4,2015.2/4,피부과,8
춘천시,2015,3/4,2015.3/4,피부과,9
춘천시,2015,4/4,2015.4/4,피부과,9
춘천시,2016,1/4,2016.1/4,피부과,9
춘천시,2016,2/4,2016.2/4,피부과,9
춘천시,2016,3/4,2016.3/4,피부과,9
춘천시,2016,4/4,2016.4/4,피부과,10
춘천시,2017,1/4,2017.1/4,피부과,12
춘천시,2017,2/4,2017.2/4,피부과,12
춘천시,2017,3/4,2017.3/4,피부과,12
춘천시,2017,4/4,2017.4/4,피부과,11
춘천시,2018,1/4,2018.1/4,피부과,10
춘천시,2018,2/4,2018.2/4,피부과,10
춘천시,2018,3/4,2018.3/4,피부과,10
춘천시,2018,4/4,2018.4/4,피부과,10
춘천시,2019,1/4,2019.1/4,피부과,10
춘천시,2019,2/4,2019.2/4,피부과,10
춘천시,2019,3/4,2019.3/4,피부과,10
춘천시,2019,4/4,2019.4/4,피부과,10
춘천시,2020,1/4,2020.1/4,피부과,10
춘천시,2020,2/4,2020.2/4,피부과,10
춘천시,2020,3/4,2020.3/4,피부과,11
춘천시,2020,4/4,2020.4/4,피부과,11
춘천시,2021,1/4,2021.1/4,피부과,10
춘천시,2021,2/4,2021.2/4,피부과,11
춘천시,2021,3/4,2021.3/4,피부과,10
춘천시,2021,4/4,2021.4/4,피부과,10
춘천시,2022,1/4,2022.1/4,피부과,10
춘천시,2022,2/4,2022.2/4,피부과,10
춘천시,2022,3/4,2022.3/4,피부과,10
춘천시,2022,4/4,2022.4/4,피부과,10
춘천시,2023,1/4,2023.1/4,피부과,11
춘천시,2023,2/4,2023.2/4,피부과,12
춘천시,2023,3/4,2023.3/4,피부과,12
춘천시,2023,4/4,2023.4/4,피부과,12
춘천시,2024,1/4,2024.1/4,피부과,12
춘천시,2024,2/4,2024.2/4,피부과,11
춘천시,2024,3/4,2024.3/4,피부과,10
춘천시,2024,4/4,2024.4/4,피부과,9
춘천시,2025,1/4,2025.1/4,피부과,9
춘천시,2025,2/4,2025.2/4,피부과,10
춘천시,2025,3/4,2025.3/4,피부과,10
춘천시,2025,4/4,2025.4/4,피부과,10
춘천시,2009,1/4,2009.1/4,핵의학과,1
춘천시,2009,2/4,2009.2/4,핵의학과,1
춘천시,2009,3/4,2009.3/4,핵의학과,1
춘천시,2009,4/4,2009.4/4,핵의학과,1
춘천시,2010,1/4,2010.1/4,핵의학과,0
춘천시,2010,2/4,2010.2/4,핵의학과,0
춘천시,2010,3/4,2010.3/4,핵의학과,0
춘천시,2010,4/4,2010.4/4,핵의학과,0
춘천시,2011,1/4,2011.1/4,핵의학과,0
춘천시,2011,2/4,2011.2/4,핵의학과,0
춘천시,2011,3/4,2011.3/4,핵의학과,0
춘천시,2011,4/4,2011.4/4,핵의학과,0
춘천시,2012,1/4,2012.1/4,핵의학과,0
춘천시,2012,2/4,2012.2/4,핵의학과,0
춘천시,2012,3/4,2012.3/4,핵의학과,0
춘천시,2012,4/4,2012.4/4,핵의학과,0
춘천시,2013,1/4,2013.1/4,핵의학과,0
춘천시,2013,2/4,2013.2/4,핵의학과,0
춘천시,2013,3/4,2013.3/4,핵의학과,0
춘천시,2013,4/4,2013.4/4,핵의학과,0
춘천시,2014,1/4,2014.1/4,핵의학과,1
춘천시,2014,2/4,2014.2/4,핵의학과,1
춘천시,2014,3/4,2014.3/4,핵의학과,1
춘천시,2014,4/4,2014.4/4,핵의학과,1
춘천시,2015,1/4,2015.1/4,핵의학과,1
춘천시,2015,2/4,2015.2/4,핵의학과,1
춘천시,2015,3/4,2015.3/4,핵의학과,1
춘천시,2015,4/4,2015.4/4,핵의학과,1
춘천시,2016,1/4,2016.1/4,핵의학과,1
춘천시,2016,2/4,2016.2/4,핵의학과,1
춘천시,2016,3/4,2016.3/4,핵의학과,1
춘천시,2016,4/4,2016.4/4,핵의학과,1
춘천시,2017,1/4,2017.1/4,핵의학과,1
춘천시,2017,2/4,2017.2/4,핵의학과,1
춘천시,2017,3/4,2017.3/4,핵의학과,1
춘천시,2017,4/4,2017.4/4,핵의학과,1
춘천시,2018,1/4,2018.1/4,핵의학과,1
춘천시,2018,2/4,2018.2/4,핵의학과,1
춘천시,2018,3/4,2018.3/4,핵의학과,1
춘천시,2018,4/4,2018.4/4,핵의학과,1
춘천시,2019,1/4,2019.1/4,핵의학과,1
춘천시,2019,2/4,2019.2/4,핵의학과,1
춘천시,2019,3/4,2019.3/4,핵의학과,1
춘천시,2019,4/4,2019.4/4,핵의학과,1
춘천시,2020,1/4,2020.1/4,핵의학과,1
춘천시,2020,2/4,2020.2/4,핵의학과,1
춘천시,2020,3/4,2020.3/4,핵의학과,1
춘천시,2020,4/4,2020.4/4,핵의학과,1
춘천시,2021,1/4,2021.1/4,핵의학과,1
춘천시,2021,2/4,2021.2/4,핵의학과,1
춘천시,2021,3/4,2021.3/4,핵의학과,1
춘천시,2021,4/4,2021.4/4,핵의학과,1
춘천시,2022,1/4,2022.1/4,핵의학과,1
춘천시,2022,2/4,2022.2/4,핵의학과,1
춘천시,2022,3/4,2022.3/4,핵의학과,1
춘천시,2022,4/4,2022.4/4,핵의학과,1
춘천시,2023,1/4,2023.1/4,핵의학과,1
춘천시,2023,2/4,2023.2/4,핵의학과,1
춘천시,2023,3/4,2023.3/4,핵의학과,2
춘천시,2023,4/4,2023.4/4,핵의학과,2
춘천시,2024,1/4,2024.1/4,핵의학과,1
춘천시,2024,2/4,2024.2/4,핵의학과,1
춘천시,2024,3/4,2024.3/4,핵의학과,1
춘천시,2024,4/4,2024.4/4,핵의학과,1
춘천시,2025,1/4,2025.1/4,핵의학과,1
춘천시,2025,2/4,2025.2/4,핵의학과,1
춘천시,2025,3/4,2025.3/4,핵의학과,1
춘천시,2025,4/4,2025.4/4,핵의학과,1
태백시,2009,1/4,2009.1/4,가정의학과,1
태백시,2009,2/4,2009.2/4,가정의학과,1
태백시,2009,3/4,2009.3/4,가정의학과,1
태백시,2009,4/4,2009.4/4,가정의학과,0
태백시,2010,1/4,2010.1/4,가정의학과,1
태백시,2010,2/4,2010.2/4,가정의학과,2
태백시,2010,3/4,2010.3/4,가정의학과,2
태백시,2010,4/4,2010.4/4,가정의학과,2
태백시,2011,1/4,2011.1/4,가정의학과,2
태백시,2011,2/4,2011.2/4,가정의학과,1
태백시,2011,3/4,2011.3/4,가정의학과,1
태백시,2011,4/4,2011.4/4,가정의학과,1
태백시,2012,1/4,2012.1/4,가정의학과,1
태백시,2012,2/4,2012.2/4,가정의학과,1
태백시,2012,3/4,2012.3/4,가정의학과,1
태백시,2012,4/4,2012.4/4,가정의학과,1
태백시,2013,1/4,2013.1/4,가정의학과,1
태백시,2013,2/4,2013.2/4,가정의학과,1
태백시,2013,3/4,2013.3/4,가정의학과,1
태백시,2013,4/4,2013.4/4,가정의학과,1
태백시,2014,1/4,2014.1/4,가정의학과,1
태백시,2014,2/4,2014.2/4,가정의학과,1
태백시,2014,3/4,2014.3/4,가정의학과,1
태백시,2014,4/4,2014.4/4,가정의학과,1
태백시,2015,1/4,2015.1/4,가정의학과,1
태백시,2015,2/4,2015.2/4,가정의학과,1
태백시,2015,3/4,2015.3/4,가정의학과,0
태백시,2015,4/4,2015.4/4,가정의학과,0
태백시,2016,1/4,2016.1/4,가정의학과,0
태백시,2016,2/4,2016.2/4,가정의학과,0
태백시,2016,3/4,2016.3/4,가정의학과,0
태백시,2016,4/4,2016.4/4,가정의학과,0
태백시,2017,1/4,2017.1/4,가정의학과,0
태백시,2017,2/4,2017.2/4,가정의학과,0
태백시,2017,3/4,2017.3/4,가정의학과,0
태백시,2017,4/4,2017.4/4,가정의학과,0
태백시,2018,1/4,2018.1/4,가정의학과,1
태백시,2018,2/4,2018.2/4,가정의학과,1
태백시,2018,3/4,2018.3/4,가정의학과,0
태백시,2018,4/4,2018.4/4,가정의학과,0
태백시,2019,1/4,2019.1/4,가정의학과,1
태백시,2019,2/4,2019.2/4,가정의학과,1
태백시,2019,3/4,2019.3/4,가정의학과,1
태백시,2019,4/4,2019.4/4,가정의학과,1
태백시,2020,1/4,2020.1/4,가정의학과,1
태백시,2020,2/4,2020.2/4,가정의학과,0
태백시,2020,3/4,2020.3/4,가정의학과,0
태백시,2020,4/4,2020.4/4,가정의학과,0
태백시,2021,1/4,2021.1/4,가정의학과,0
태백시,2021,2/4,2021.2/4,가정의학과,0
태백시,2021,3/4,2021.3/4,가정의학과,0
태백시,2021,4/4,2021.4/4,가정의학과,2
태백시,2022,1/4,2022.1/4,가정의학과,2
태백시,2022,2/4,2022.2/4,가정의학과,2
태백시,2022,3/4,2022.3/4,가정의학과,2
태백시,2022,4/4,2022.4/4,가정의학과,1
태백시,2023,1/4,2023.1/4,가정의학과,1
태백시,2023,2/4,2023.2/4,가정의학과,1
태백시,2023,3/4,2023.3/4,가정의학과,0
태백시,2023,4/4,2023.4/4,가정의학과,0
태백시,2024,1/4,2024.1/4,가정의학과,1
태백시,2024,2/4,2024.2/4,가정의학과,1
태백시,2024,3/4,2024.3/4,가정의학과,1
태백시,2024,4/4,2024.4/4,가정의학과,1
태백시,2025,1/4,2025.1/4,가정의학과,1
태백시,2025,2/4,2025.2/4,가정의학과,1
태백시,2025,3/4,2025.3/4,가정의학과,1
태백시,2025,4/4,2025.4/4,가정의학과,1
태백시,2009,1/4,2009.1/4,결핵과,0
태백시,2009,2/4,2009.2/4,결핵과,0
태백시,2009,3/4,2009.3/4,결핵과,0
태백시,2009,4/4,2009.4/4,결핵과,0
태백시,2010,1/4,2010.1/4,결핵과,0
태백시,2010,2/4,2010.2/4,결핵과,0
태백시,2010,3/4,2010.3/4,결핵과,0
태백시,2010,4/4,2010.4/4,결핵과,0
태백시,2011,1/4,2011.1/4,결핵과,0
태백시,2011,2/4,2011.2/4,결핵과,0
태백시,2011,3/4,2011.3/4,결핵과,1
태백시,2011,4/4,2011.4/4,결핵과,1
태백시,2012,1/4,2012.1/4,결핵과,1
태백시,2012,2/4,2012.2/4,결핵과,1
태백시,2012,3/4,2012.3/4,결핵과,1
태백시,2012,4/4,2012.4/4,결핵과,2
태백시,2013,1/4,2013.1/4,결핵과,2
태백시,2013,2/4,2013.2/4,결핵과,2
태백시,2013,3/4,2013.3/4,결핵과,2
태백시,2013,4/4,2013.4/4,결핵과,2
태백시,2014,1/4,2014.1/4,결핵과,2
태백시,2014,2/4,2014.2/4,결핵과,2
태백시,2014,3/4,2014.3/4,결핵과,2
태백시,2014,4/4,2014.4/4,결핵과,2
태백시,2015,1/4,2015.1/4,결핵과,2
태백시,2015,2/4,2015.2/4,결핵과,2
태백시,2015,3/4,2015.3/4,결핵과,2
태백시,2015,4/4,2015.4/4,결핵과,2
태백시,2016,1/4,2016.1/4,결핵과,2
태백시,2016,2/4,2016.2/4,결핵과,2
태백시,2016,3/4,2016.3/4,결핵과,2
태백시,2016,4/4,2016.4/4,결핵과,2
태백시,2017,1/4,2017.1/4,결핵과,1
태백시,2017,2/4,2017.2/4,결핵과,0
태백시,2017,3/4,2017.3/4,결핵과,0
태백시,2017,4/4,2017.4/4,결핵과,0
태백시,2018,1/4,2018.1/4,결핵과,0
태백시,2018,2/4,2018.2/4,결핵과,0
태백시,2018,3/4,2018.3/4,결핵과,0
태백시,2018,4/4,2018.4/4,결핵과,1
태백시,2019,1/4,2019.1/4,결핵과,1
태백시,2019,2/4,2019.2/4,결핵과,1
태백시,2019,3/4,2019.3/4,결핵과,1
태백시,2019,4/4,2019.4/4,결핵과,0
태백시,2020,1/4,2020.1/4,결핵과,0
태백시,2020,2/4,2020.2/4,결핵과,0
태백시,2020,3/4,2020.3/4,결핵과,0
태백시,2020,4/4,2020.4/4,결핵과,0
태백시,2021,1/4,2021.1/4,결핵과,0
태백시,2021,2/4,2021.2/4,결핵과,0
태백시,2021,3/4,2021.3/4,결핵과,0
태백시,2021,4/4,2021.4/4,결핵과,0
태백시,2022,1/4,2022.1/4,결핵과,0
태백시,2022,2/4,2022.2/4,결핵과,0
태백시,2022,3/4,2022.3/4,결핵과,0
태백시,2022,4/4,2022.4/4,결핵과,0
태백시,2023,1/4,2023.1/4,결핵과,0
태백시,2023,2/4,2023.2/4,결핵과,0
태백시,2023,3/4,2023.3/4,결핵과,0
태백시,2023,4/4,2023.4/4,결핵과,0
태백시,2024,1/4,2024.1/4,결핵과,0
태백시,2024,2/4,2024.2/4,결핵과,0
태백시,2024,3/4,2024.3/4,결핵과,0
태백시,2024,4/4,2024.4/4,결핵과,0
태백시,2025,1/4,2025.1/4,결핵과,0
태백시,2025,2/4,2025.2/4,결핵과,1
태백시,2025,3/4,2025.3/4,결핵과,1
태백시,2025,4/4,2025.4/4,결핵과,1
태백시,2009,1/4,2009.1/4,내과,6
태백시,2009,2/4,2009.2/4,내과,5
태백시,2009,3/4,2009.3/4,내과,5
태백시,2009,4/4,2009.4/4,내과,5
태백시,2010,1/4,2010.1/4,내과,5
태백시,2010,2/4,2010.2/4,내과,7
태백시,2010,3/4,2010.3/4,내과,7
태백시,2010,4/4,2010.4/4,내과,7
태백시,2011,1/4,2011.1/4,내과,7
태백시,2011,2/4,2011.2/4,내과,7
태백시,2011,3/4,2011.3/4,내과,6
태백시,2011,4/4,2011.4/4,내과,6
태백시,2012,1/4,2012.1/4,내과,6
태백시,2012,2/4,2012.2/4,내과,5
태백시,2012,3/4,2012.3/4,내과,6
태백시,2012,4/4,2012.4/4,내과,6
태백시,2013,1/4,2013.1/4,내과,6
태백시,2013,2/4,2013.2/4,내과,5
태백시,2013,3/4,2013.3/4,내과,5
태백시,2013,4/4,2013.4/4,내과,5
태백시,2014,1/4,2014.1/4,내과,5
태백시,2014,2/4,2014.2/4,내과,5
태백시,2014,3/4,2014.3/4,내과,5
태백시,2014,4/4,2014.4/4,내과,5
태백시,2015,1/4,2015.1/4,내과,5
태백시,2015,2/4,2015.2/4,내과,5
태백시,2015,3/4,2015.3/4,내과,5
태백시,2015,4/4,2015.4/4,내과,5
태백시,2016,1/4,2016.1/4,내과,5
태백시,2016,2/4,2016.2/4,내과,3
태백시,2016,3/4,2016.3/4,내과,5
태백시,2016,4/4,2016.4/4,내과,6
태백시,2017,1/4,2017.1/4,내과,6
태백시,2017,2/4,2017.2/4,내과,7
태백시,2017,3/4,2017.3/4,내과,7
태백시,2017,4/4,2017.4/4,내과,6
태백시,2018,1/4,2018.1/4,내과,5
태백시,2018,2/4,2018.2/4,내과,6
태백시,2018,3/4,2018.3/4,내과,7
태백시,2018,4/4,2018.4/4,내과,7
태백시,2019,1/4,2019.1/4,내과,7
태백시,2019,2/4,2019.2/4,내과,7
태백시,2019,3/4,2019.3/4,내과,6
태백시,2019,4/4,2019.4/4,내과,7
태백시,2020,1/4,2020.1/4,내과,7
태백시,2020,2/4,2020.2/4,내과,7
태백시,2020,3/4,2020.3/4,내과,7
태백시,2020,4/4,2020.4/4,내과,7
태백시,2021,1/4,2021.1/4,내과,7
태백시,2021,2/4,2021.2/4,내과,7
태백시,2021,3/4,2021.3/4,내과,8
태백시,2021,4/4,2021.4/4,내과,6
태백시,2022,1/4,2022.1/4,내과,6
태백시,2022,2/4,2022.2/4,내과,6
태백시,2022,3/4,2022.3/4,내과,7
태백시,2022,4/4,2022.4/4,내과,7
태백시,2023,1/4,2023.1/4,내과,7
태백시,2023,2/4,2023.2/4,내과,7
태백시,2023,3/4,2023.3/4,내과,6
태백시,2023,4/4,2023.4/4,내과,6
태백시,2024,1/4,2024.1/4,내과,6
태백시,2024,2/4,2024.2/4,내과,6
태백시,2024,3/4,2024.3/4,내과,7
태백시,2024,4/4,2024.4/4,내과,7
태백시,2025,1/4,2025.1/4,내과,6
태백시,2025,2/4,2025.2/4,내과,5
태백시,2025,3/4,2025.3/4,내과,7
태백시,2025,4/4,2025.4/4,내과,7
태백시,2009,1/4,2009.1/4,마취통증의학과,6
태백시,2009,2/4,2009.2/4,마취통증의학과,6
태백시,2009,3/4,2009.3/4,마취통증의학과,6
태백시,2009,4/4,2009.4/4,마취통증의학과,5
태백시,2010,1/4,2010.1/4,마취통증의학과,5
태백시,2010,2/4,2010.2/4,마취통증의학과,5
태백시,2010,3/4,2010.3/4,마취통증의학과,5
태백시,2010,4/4,2010.4/4,마취통증의학과,5
태백시,2011,1/4,2011.1/4,마취통증의학과,5
태백시,2011,2/4,2011.2/4,마취통증의학과,5
태백시,2011,3/4,2011.3/4,마취통증의학과,5
태백시,2011,4/4,2011.4/4,마취통증의학과,5
태백시,2012,1/4,2012.1/4,마취통증의학과,5
태백시,2012,2/4,2012.2/4,마취통증의학과,5
태백시,2012,3/4,2012.3/4,마취통증의학과,5
태백시,2012,4/4,2012.4/4,마취통증의학과,5
태백시,2013,1/4,2013.1/4,마취통증의학과,5
태백시,2013,2/4,2013.2/4,마취통증의학과,5
태백시,2013,3/4,2013.3/4,마취통증의학과,5
태백시,2013,4/4,2013.4/4,마취통증의학과,5
태백시,2014,1/4,2014.1/4,마취통증의학과,5
태백시,2014,2/4,2014.2/4,마취통증의학과,5
태백시,2014,3/4,2014.3/4,마취통증의학과,5
태백시,2014,4/4,2014.4/4,마취통증의학과,5
태백시,2015,1/4,2015.1/4,마취통증의학과,5
태백시,2015,2/4,2015.2/4,마취통증의학과,5
태백시,2015,3/4,2015.3/4,마취통증의학과,5
태백시,2015,4/4,2015.4/4,마취통증의학과,5
태백시,2016,1/4,2016.1/4,마취통증의학과,5
태백시,2016,2/4,2016.2/4,마취통증의학과,5
태백시,2016,3/4,2016.3/4,마취통증의학과,5
태백시,2016,4/4,2016.4/4,마취통증의학과,5
태백시,2017,1/4,2017.1/4,마취통증의학과,5
태백시,2017,2/4,2017.2/4,마취통증의학과,5
태백시,2017,3/4,2017.3/4,마취통증의학과,5
태백시,2017,4/4,2017.4/4,마취통증의학과,5
태백시,2018,1/4,2018.1/4,마취통증의학과,5
태백시,2018,2/4,2018.2/4,마취통증의학과,5
태백시,2018,3/4,2018.3/4,마취통증의학과,5
태백시,2018,4/4,2018.4/4,마취통증의학과,5
태백시,2019,1/4,2019.1/4,마취통증의학과,5
태백시,2019,2/4,2019.2/4,마취통증의학과,5
태백시,2019,3/4,2019.3/4,마취통증의학과,5
태백시,2019,4/4,2019.4/4,마취통증의학과,5
태백시,2020,1/4,2020.1/4,마취통증의학과,5
태백시,2020,2/4,2020.2/4,마취통증의학과,6
태백시,2020,3/4,2020.3/4,마취통증의학과,6
태백시,2020,4/4,2020.4/4,마취통증의학과,6
태백시,2021,1/4,2021.1/4,마취통증의학과,5
태백시,2021,2/4,2021.2/4,마취통증의학과,4
태백시,2021,3/4,2021.3/4,마취통증의학과,4
태백시,2021,4/4,2021.4/4,마취통증의학과,4
태백시,2022,1/4,2022.1/4,마취통증의학과,4
태백시,2022,2/4,2022.2/4,마취통증의학과,4
태백시,2022,3/4,2022.3/4,마취통증의학과,4
태백시,2022,4/4,2022.4/4,마취통증의학과,4
태백시,2023,1/4,2023.1/4,마취통증의학과,4
태백시,2023,2/4,2023.2/4,마취통증의학과,5
태백시,2023,3/4,2023.3/4,마취통증의학과,4
태백시,2023,4/4,2023.4/4,마취통증의학과,5
태백시,2024,1/4,2024.1/4,마취통증의학과,5
태백시,2024,2/4,2024.2/4,마취통증의학과,6
태백시,2024,3/4,2024.3/4,마취통증의학과,6
태백시,2024,4/4,2024.4/4,마취통증의학과,6
태백시,2025,1/4,2025.1/4,마취통증의학과,6
태백시,2025,2/4,2025.2/4,마취통증의학과,5
태백시,2025,3/4,2025.3/4,마취통증의학과,5
태백시,2025,4/4,2025.4/4,마취통증의학과,5
태백시,2009,1/4,2009.1/4,방사선종양학과,0
태백시,2009,2/4,2009.2/4,방사선종양학과,0
태백시,2009,3/4,2009.3/4,방사선종양학과,0
태백시,2009,4/4,2009.4/4,방사선종양학과,0
태백시,2010,1/4,2010.1/4,방사선종양학과,0
태백시,2010,2/4,2010.2/4,방사선종양학과,0
태백시,2010,3/4,2010.3/4,방사선종양학과,0
태백시,2010,4/4,2010.4/4,방사선종양학과,0
태백시,2011,1/4,2011.1/4,방사선종양학과,0
태백시,2011,2/4,2011.2/4,방사선종양학과,0
태백시,2011,3/4,2011.3/4,방사선종양학과,0
태백시,2011,4/4,2011.4/4,방사선종양학과,0
태백시,2012,1/4,2012.1/4,방사선종양학과,0
태백시,2012,2/4,2012.2/4,방사선종양학과,0
태백시,2012,3/4,2012.3/4,방사선종양학과,0
태백시,2012,4/4,2012.4/4,방사선종양학과,0
태백시,2013,1/4,2013.1/4,방사선종양학과,0
태백시,2013,2/4,2013.2/4,방사선종양학과,0
태백시,2013,3/4,2013.3/4,방사선종양학과,0
태백시,2013,4/4,2013.4/4,방사선종양학과,0
태백시,2014,1/4,2014.1/4,방사선종양학과,0
태백시,2014,2/4,2014.2/4,방사선종양학과,0
태백시,2014,3/4,2014.3/4,방사선종양학과,0
태백시,2014,4/4,2014.4/4,방사선종양학과,0
태백시,2015,1/4,2015.1/4,방사선종양학과,0
태백시,2015,2/4,2015.2/4,방사선종양학과,0
태백시,2015,3/4,2015.3/4,방사선종양학과,0
태백시,2015,4/4,2015.4/4,방사선종양학과,0
태백시,2016,1/4,2016.1/4,방사선종양학과,0
태백시,2016,2/4,2016.2/4,방사선종양학과,0
태백시,2016,3/4,2016.3/4,방사선종양학과,0
태백시,2016,4/4,2016.4/4,방사선종양학과,0
태백시,2017,1/4,2017.1/4,방사선종양학과,0
태백시,2017,2/4,2017.2/4,방사선종양학과,0
태백시,2017,3/4,2017.3/4,방사선종양학과,0
태백시,2017,4/4,2017.4/4,방사선종양학과,0
태백시,2018,1/4,2018.1/4,방사선종양학과,0
태백시,2018,2/4,2018.2/4,방사선종양학과,0
태백시,2018,3/4,2018.3/4,방사선종양학과,0
태백시,2018,4/4,2018.4/4,방사선종양학과,0
태백시,2019,1/4,2019.1/4,방사선종양학과,0
태백시,2019,2/4,2019.2/4,방사선종양학과,0
태백시,2019,3/4,2019.3/4,방사선종양학과,0
태백시,2019,4/4,2019.4/4,방사선종양학과,0
태백시,2020,1/4,2020.1/4,방사선종양학과,0
태백시,2020,2/4,2020.2/4,방사선종양학과,0
태백시,2020,3/4,2020.3/4,방사선종양학과,0
태백시,2020,4/4,2020.4/4,방사선종양학과,0
태백시,2021,1/4,2021.1/4,방사선종양학과,0
태백시,2021,2/4,2021.2/4,방사선종양학과,0
태백시,2021,3/4,2021.3/4,방사선종양학과,0
태백시,2021,4/4,2021.4/4,방사선종양학과,0
태백시,2022,1/4,2022.1/4,방사선종양학과,0
태백시,2022,2/4,2022.2/4,방사선종양학과,0
태백시,2022,3/4,2022.3/4,방사선종양학과,0
태백시,2022,4/4,2022.4/4,방사선종양학과,0
태백시,2023,1/4,2023.1/4,방사선종양학과,0
태백시,2023,2/4,2023.2/4,방사선종양학과,0
태백시,2023,3/4,2023.3/4,방사선종양학과,0
태백시,2023,4/4,2023.4/4,방사선종양학과,0
태백시,2024,1/4,2024.1/4,방사선종양학과,0
태백시,2024,2/4,2024.2/4,방사선종양학과,0
태백시,2024,3/4,2024.3/4,방사선종양학과,0
태백시,2024,4/4,2024.4/4,방사선종양학과,0
태백시,2025,1/4,2025.1/4,방사선종양학과,0
태백시,2025,2/4,2025.2/4,방사선종양학과,0
태백시,2025,3/4,2025.3/4,방사선종양학과,0
태백시,2025,4/4,2025.4/4,방사선종양학과,0
태백시,2009,1/4,2009.1/4,병리과,0
태백시,2009,2/4,2009.2/4,병리과,0
태백시,2009,3/4,2009.3/4,병리과,0
태백시,2009,4/4,2009.4/4,병리과,0
태백시,2010,1/4,2010.1/4,병리과,0
태백시,2010,2/4,2010.2/4,병리과,0
태백시,2010,3/4,2010.3/4,병리과,0
태백시,2010,4/4,2010.4/4,병리과,0
태백시,2011,1/4,2011.1/4,병리과,0
태백시,2011,2/4,2011.2/4,병리과,0
태백시,2011,3/4,2011.3/4,병리과,0
태백시,2011,4/4,2011.4/4,병리과,0
태백시,2012,1/4,2012.1/4,병리과,0
태백시,2012,2/4,2012.2/4,병리과,0
태백시,2012,3/4,2012.3/4,병리과,0
태백시,2012,4/4,2012.4/4,병리과,0
태백시,2013,1/4,2013.1/4,병리과,0
태백시,2013,2/4,2013.2/4,병리과,0
태백시,2013,3/4,2013.3/4,병리과,0
태백시,2013,4/4,2013.4/4,병리과,0
태백시,2014,1/4,2014.1/4,병리과,0
태백시,2014,2/4,2014.2/4,병리과,0
태백시,2014,3/4,2014.3/4,병리과,0
태백시,2014,4/4,2014.4/4,병리과,0
태백시,2015,1/4,2015.1/4,병리과,0
태백시,2015,2/4,2015.2/4,병리과,0
태백시,2015,3/4,2015.3/4,병리과,0
태백시,2015,4/4,2015.4/4,병리과,0
태백시,2016,1/4,2016.1/4,병리과,0
태백시,2016,2/4,2016.2/4,병리과,0
태백시,2016,3/4,2016.3/4,병리과,0
태백시,2016,4/4,2016.4/4,병리과,0
태백시,2017,1/4,2017.1/4,병리과,0
태백시,2017,2/4,2017.2/4,병리과,0
태백시,2017,3/4,2017.3/4,병리과,0
태백시,2017,4/4,2017.4/4,병리과,0
태백시,2018,1/4,2018.1/4,병리과,0
태백시,2018,2/4,2018.2/4,병리과,0
태백시,2018,3/4,2018.3/4,병리과,0
태백시,2018,4/4,2018.4/4,병리과,0
태백시,2019,1/4,2019.1/4,병리과,0
태백시,2019,2/4,2019.2/4,병리과,0
태백시,2019,3/4,2019.3/4,병리과,0
태백시,2019,4/4,2019.4/4,병리과,0
태백시,2020,1/4,2020.1/4,병리과,0
태백시,2020,2/4,2020.2/4,병리과,0
태백시,2020,3/4,2020.3/4,병리과,0
태백시,2020,4/4,2020.4/4,병리과,0
태백시,2021,1/4,2021.1/4,병리과,0
태백시,2021,2/4,2021.2/4,병리과,0
태백시,2021,3/4,2021.3/4,병리과,0
태백시,2021,4/4,2021.4/4,병리과,0
태백시,2022,1/4,2022.1/4,병리과,0
태백시,2022,2/4,2022.2/4,병리과,0
태백시,2022,3/4,2022.3/4,병리과,0
태백시,2022,4/4,2022.4/4,병리과,0
태백시,2023,1/4,2023.1/4,병리과,0
태백시,2023,2/4,2023.2/4,병리과,0
태백시,2023,3/4,2023.3/4,병리과,0
태백시,2023,4/4,2023.4/4,병리과,0
태백시,2024,1/4,2024.1/4,병리과,0
태백시,2024,2/4,2024.2/4,병리과,0
태백시,2024,3/4,2024.3/4,병리과,0
태백시,2024,4/4,2024.4/4,병리과,0
태백시,2025,1/4,2025.1/4,병리과,0
태백시,2025,2/4,2025.2/4,병리과,0
태백시,2025,3/4,2025.3/4,병리과,0
태백시,2025,4/4,2025.4/4,병리과,0
태백시,2009,1/4,2009.1/4,비뇨의학과,1
태백시,2009,2/4,2009.2/4,비뇨의학과,1
태백시,2009,3/4,2009.3/4,비뇨의학과,1
태백시,2009,4/4,2009.4/4,비뇨의학과,1
태백시,2010,1/4,2010.1/4,비뇨의학과,1
태백시,2010,2/4,2010.2/4,비뇨의학과,1
태백시,2010,3/4,2010.3/4,비뇨의학과,1
태백시,2010,4/4,2010.4/4,비뇨의학과,1
태백시,2011,1/4,2011.1/4,비뇨의학과,1
태백시,2011,2/4,2011.2/4,비뇨의학과,1
태백시,2011,3/4,2011.3/4,비뇨의학과,1
태백시,2011,4/4,2011.4/4,비뇨의학과,1
태백시,2012,1/4,2012.1/4,비뇨의학과,1
태백시,2012,2/4,2012.2/4,비뇨의학과,1
태백시,2012,3/4,2012.3/4,비뇨의학과,1
태백시,2012,4/4,2012.4/4,비뇨의학과,1
태백시,2013,1/4,2013.1/4,비뇨의학과,1
태백시,2013,2/4,2013.2/4,비뇨의학과,1
태백시,2013,3/4,2013.3/4,비뇨의학과,1
태백시,2013,4/4,2013.4/4,비뇨의학과,1
태백시,2014,1/4,2014.1/4,비뇨의학과,1
태백시,2014,2/4,2014.2/4,비뇨의학과,1
태백시,2014,3/4,2014.3/4,비뇨의학과,1
태백시,2014,4/4,2014.4/4,비뇨의학과,1
태백시,2015,1/4,2015.1/4,비뇨의학과,1
태백시,2015,2/4,2015.2/4,비뇨의학과,1
태백시,2015,3/4,2015.3/4,비뇨의학과,1
태백시,2015,4/4,2015.4/4,비뇨의학과,1
태백시,2016,1/4,2016.1/4,비뇨의학과,1
태백시,2016,2/4,2016.2/4,비뇨의학과,1
태백시,2016,3/4,2016.3/4,비뇨의학과,1
태백시,2016,4/4,2016.4/4,비뇨의학과,1
태백시,2017,1/4,2017.1/4,비뇨의학과,1
태백시,2017,2/4,2017.2/4,비뇨의학과,1
태백시,2017,3/4,2017.3/4,비뇨의학과,1
태백시,2017,4/4,2017.4/4,비뇨의학과,1
태백시,2018,1/4,2018.1/4,비뇨의학과,1
태백시,2018,2/4,2018.2/4,비뇨의학과,1
태백시,2018,3/4,2018.3/4,비뇨의학과,1
태백시,2018,4/4,2018.4/4,비뇨의학과,1
태백시,2019,1/4,2019.1/4,비뇨의학과,1
태백시,2019,2/4,2019.2/4,비뇨의학과,1
태백시,2019,3/4,2019.3/4,비뇨의학과,1
태백시,2019,4/4,2019.4/4,비뇨의학과,1
태백시,2020,1/4,2020.1/4,비뇨의학과,1
태백시,2020,2/4,2020.2/4,비뇨의학과,1
태백시,2020,3/4,2020.3/4,비뇨의학과,1
태백시,2020,4/4,2020.4/4,비뇨의학과,1
태백시,2021,1/4,2021.1/4,비뇨의학과,1
태백시,2021,2/4,2021.2/4,비뇨의학과,1
태백시,2021,3/4,2021.3/4,비뇨의학과,1
태백시,2021,4/4,2021.4/4,비뇨의학과,1
태백시,2022,1/4,2022.1/4,비뇨의학과,1
태백시,2022,2/4,2022.2/4,비뇨의학과,1
태백시,2022,3/4,2022.3/4,비뇨의학과,1
태백시,2022,4/4,2022.4/4,비뇨의학과,1
태백시,2023,1/4,2023.1/4,비뇨의학과,1
태백시,2023,2/4,2023.2/4,비뇨의학과,1
태백시,2023,3/4,2023.3/4,비뇨의학과,1
태백시,2023,4/4,2023.4/4,비뇨의학과,1
태백시,2024,1/4,2024.1/4,비뇨의학과,1
태백시,2024,2/4,2024.2/4,비뇨의학과,1
태백시,2024,3/4,2024.3/4,비뇨의학과,1
태백시,2024,4/4,2024.4/4,비뇨의학과,1
태백시,2025,1/4,2025.1/4,비뇨의학과,1
태백시,2025,2/4,2025.2/4,비뇨의학과,1
태백시,2025,3/4,2025.3/4,비뇨의학과,1
태백시,2025,4/4,2025.4/4,비뇨의학과,1
태백시,2009,1/4,2009.1/4,산부인과,3
태백시,2009,2/4,2009.2/4,산부인과,3
태백시,2009,3/4,2009.3/4,산부인과,3
태백시,2009,4/4,2009.4/4,산부인과,3
태백시,2010,1/4,2010.1/4,산부인과,3
태백시,2010,2/4,2010.2/4,산부인과,3
태백시,2010,3/4,2010.3/4,산부인과,3
태백시,2010,4/4,2010.4/4,산부인과,3
태백시,2011,1/4,2011.1/4,산부인과,3
태백시,2011,2/4,2011.2/4,산부인과,3
태백시,2011,3/4,2011.3/4,산부인과,3
태백시,2011,4/4,2011.4/4,산부인과,3
태백시,2012,1/4,2012.1/4,산부인과,3
태백시,2012,2/4,2012.2/4,산부인과,3
태백시,2012,3/4,2012.3/4,산부인과,3
태백시,2012,4/4,2012.4/4,산부인과,3
태백시,2013,1/4,2013.1/4,산부인과,3
태백시,2013,2/4,2013.2/4,산부인과,3
태백시,2013,3/4,2013.3/4,산부인과,3
태백시,2013,4/4,2013.4/4,산부인과,3
태백시,2014,1/4,2014.1/4,산부인과,3
태백시,2014,2/4,2014.2/4,산부인과,3
태백시,2014,3/4,2014.3/4,산부인과,3
태백시,2014,4/4,2014.4/4,산부인과,3
태백시,2015,1/4,2015.1/4,산부인과,3
태백시,2015,2/4,2015.2/4,산부인과,3
태백시,2015,3/4,2015.3/4,산부인과,4
태백시,2015,4/4,2015.4/4,산부인과,4
태백시,2016,1/4,2016.1/4,산부인과,4
태백시,2016,2/4,2016.2/4,산부인과,4
태백시,2016,3/4,2016.3/4,산부인과,4
태백시,2016,4/4,2016.4/4,산부인과,4
태백시,2017,1/4,2017.1/4,산부인과,4
태백시,2017,2/4,2017.2/4,산부인과,3
태백시,2017,3/4,2017.3/4,산부인과,3
태백시,2017,4/4,2017.4/4,산부인과,3
태백시,2018,1/4,2018.1/4,산부인과,4
태백시,2018,2/4,2018.2/4,산부인과,4
태백시,2018,3/4,2018.3/4,산부인과,4
태백시,2018,4/4,2018.4/4,산부인과,4
태백시,2019,1/4,2019.1/4,산부인과,3
태백시,2019,2/4,2019.2/4,산부인과,3
태백시,2019,3/4,2019.3/4,산부인과,3
태백시,2019,4/4,2019.4/4,산부인과,3
태백시,2020,1/4,2020.1/4,산부인과,3
태백시,2020,2/4,2020.2/4,산부인과,3
태백시,2020,3/4,2020.3/4,산부인과,3
태백시,2020,4/4,2020.4/4,산부인과,3
태백시,2021,1/4,2021.1/4,산부인과,3
태백시,2021,2/4,2021.2/4,산부인과,3
태백시,2021,3/4,2021.3/4,산부인과,3
태백시,2021,4/4,2021.4/4,산부인과,3
태백시,2022,1/4,2022.1/4,산부인과,3
태백시,2022,2/4,2022.2/4,산부인과,3
태백시,2022,3/4,2022.3/4,산부인과,3
태백시,2022,4/4,2022.4/4,산부인과,4
태백시,2023,1/4,2023.1/4,산부인과,4
태백시,2023,2/4,2023.2/4,산부인과,4
태백시,2023,3/4,2023.3/4,산부인과,5
태백시,2023,4/4,2023.4/4,산부인과,7
태백시,2024,1/4,2024.1/4,산부인과,7
태백시,2024,2/4,2024.2/4,산부인과,8
태백시,2024,3/4,2024.3/4,산부인과,8
태백시,2024,4/4,2024.4/4,산부인과,8
태백시,2025,1/4,2025.1/4,산부인과,7
태백시,2025,2/4,2025.2/4,산부인과,9
태백시,2025,3/4,2025.3/4,산부인과,9
태백시,2025,4/4,2025.4/4,산부인과,9
태백시,2009,1/4,2009.1/4,성형외과,0
태백시,2009,2/4,2009.2/4,성형외과,0
태백시,2009,3/4,2009.3/4,성형외과,0
태백시,2009,4/4,2009.4/4,성형외과,0
태백시,2010,1/4,2010.1/4,성형외과,0
태백시,2010,2/4,2010.2/4,성형외과,0
태백시,2010,3/4,2010.3/4,성형외과,0
태백시,2010,4/4,2010.4/4,성형외과,0
태백시,2011,1/4,2011.1/4,성형외과,0
태백시,2011,2/4,2011.2/4,성형외과,0
태백시,2011,3/4,2011.3/4,성형외과,0
태백시,2011,4/4,2011.4/4,성형외과,0
태백시,2012,1/4,2012.1/4,성형외과,0
태백시,2012,2/4,2012.2/4,성형외과,0
태백시,2012,3/4,2012.3/4,성형외과,0
태백시,2012,4/4,2012.4/4,성형외과,0
태백시,2013,1/4,2013.1/4,성형외과,0
태백시,2013,2/4,2013.2/4,성형외과,0
태백시,2013,3/4,2013.3/4,성형외과,0
태백시,2013,4/4,2013.4/4,성형외과,0
태백시,2014,1/4,2014.1/4,성형외과,0
태백시,2014,2/4,2014.2/4,성형외과,0
태백시,2014,3/4,2014.3/4,성형외과,0
태백시,2014,4/4,2014.4/4,성형외과,0
태백시,2015,1/4,2015.1/4,성형외과,0
태백시,2015,2/4,2015.2/4,성형외과,0
태백시,2015,3/4,2015.3/4,성형외과,0
태백시,2015,4/4,2015.4/4,성형외과,0
태백시,2016,1/4,2016.1/4,성형외과,0
태백시,2016,2/4,2016.2/4,성형외과,0
태백시,2016,3/4,2016.3/4,성형외과,0
태백시,2016,4/4,2016.4/4,성형외과,0
태백시,2017,1/4,2017.1/4,성형외과,0
태백시,2017,2/4,2017.2/4,성형외과,0
태백시,2017,3/4,2017.3/4,성형외과,0
태백시,2017,4/4,2017.4/4,성형외과,0
태백시,2018,1/4,2018.1/4,성형외과,0
태백시,2018,2/4,2018.2/4,성형외과,0
태백시,2018,3/4,2018.3/4,성형외과,0
태백시,2018,4/4,2018.4/4,성형외과,0
태백시,2019,1/4,2019.1/4,성형외과,0
태백시,2019,2/4,2019.2/4,성형외과,0
태백시,2019,3/4,2019.3/4,성형외과,0
태백시,2019,4/4,2019.4/4,성형외과,0
태백시,2020,1/4,2020.1/4,성형외과,0
태백시,2020,2/4,2020.2/4,성형외과,0
태백시,2020,3/4,2020.3/4,성형외과,0
태백시,2020,4/4,2020.4/4,성형외과,0
태백시,2021,1/4,2021.1/4,성형외과,0
태백시,2021,2/4,2021.2/4,성형외과,0
태백시,2021,3/4,2021.3/4,성형외과,0
태백시,2021,4/4,2021.4/4,성형외과,0
태백시,2022,1/4,2022.1/4,성형외과,0
태백시,2022,2/4,2022.2/4,성형외과,0
태백시,2022,3/4,2022.3/4,성형외과,0
태백시,2022,4/4,2022.4/4,성형외과,0
태백시,2023,1/4,2023.1/4,성형외과,0
태백시,2023,2/4,2023.2/4,성형외과,0
태백시,2023,3/4,2023.3/4,성형외과,0
태백시,2023,4/4,2023.4/4,성형외과,0
태백시,2024,1/4,2024.1/4,성형외과,0
태백시,2024,2/4,2024.2/4,성형외과,0
태백시,2024,3/4,2024.3/4,성형외과,0
태백시,2024,4/4,2024.4/4,성형외과,0
태백시,2025,1/4,2025.1/4,성형외과,0
태백시,2025,2/4,2025.2/4,성형외과,0
태백시,2025,3/4,2025.3/4,성형외과,0
태백시,2025,4/4,2025.4/4,성형외과,0
태백시,2009,1/4,2009.1/4,소아청소년과,2
태백시,2009,2/4,2009.2/4,소아청소년과,2
태백시,2009,3/4,2009.3/4,소아청소년과,2
태백시,2009,4/4,2009.4/4,소아청소년과,2
태백시,2010,1/4,2010.1/4,소아청소년과,2
태백시,2010,2/4,2010.2/4,소아청소년과,3
태백시,2010,3/4,2010.3/4,소아청소년과,3
태백시,2010,4/4,2010.4/4,소아청소년과,3
태백시,2011,1/4,2011.1/4,소아청소년과,3
태백시,2011,2/4,2011.2/4,소아청소년과,3
태백시,2011,3/4,2011.3/4,소아청소년과,3
태백시,2011,4/4,2011.4/4,소아청소년과,3
태백시,2012,1/4,2012.1/4,소아청소년과,3
태백시,2012,2/4,2012.2/4,소아청소년과,3
태백시,2012,3/4,2012.3/4,소아청소년과,3
태백시,2012,4/4,2012.4/4,소아청소년과,3
태백시,2013,1/4,2013.1/4,소아청소년과,3
태백시,2013,2/4,2013.2/4,소아청소년과,3
태백시,2013,3/4,2013.3/4,소아청소년과,3
태백시,2013,4/4,2013.4/4,소아청소년과,3
태백시,2014,1/4,2014.1/4,소아청소년과,2
태백시,2014,2/4,2014.2/4,소아청소년과,3
태백시,2014,3/4,2014.3/4,소아청소년과,3
태백시,2014,4/4,2014.4/4,소아청소년과,3
태백시,2015,1/4,2015.1/4,소아청소년과,3
태백시,2015,2/4,2015.2/4,소아청소년과,3
태백시,2015,3/4,2015.3/4,소아청소년과,4
태백시,2015,4/4,2015.4/4,소아청소년과,4
태백시,2016,1/4,2016.1/4,소아청소년과,4
태백시,2016,2/4,2016.2/4,소아청소년과,4
태백시,2016,3/4,2016.3/4,소아청소년과,4
태백시,2016,4/4,2016.4/4,소아청소년과,4
태백시,2017,1/4,2017.1/4,소아청소년과,4
태백시,2017,2/4,2017.2/4,소아청소년과,4
태백시,2017,3/4,2017.3/4,소아청소년과,4
태백시,2017,4/4,2017.4/4,소아청소년과,4
태백시,2018,1/4,2018.1/4,소아청소년과,4
태백시,2018,2/4,2018.2/4,소아청소년과,4
태백시,2018,3/4,2018.3/4,소아청소년과,4
태백시,2018,4/4,2018.4/4,소아청소년과,4
태백시,2019,1/4,2019.1/4,소아청소년과,4
태백시,2019,2/4,2019.2/4,소아청소년과,3
태백시,2019,3/4,2019.3/4,소아청소년과,4
태백시,2019,4/4,2019.4/4,소아청소년과,4
태백시,2020,1/4,2020.1/4,소아청소년과,4
태백시,2020,2/4,2020.2/4,소아청소년과,4
태백시,2020,3/4,2020.3/4,소아청소년과,4
태백시,2020,4/4,2020.4/4,소아청소년과,4
태백시,2021,1/4,2021.1/4,소아청소년과,4
태백시,2021,2/4,2021.2/4,소아청소년과,4
태백시,2021,3/4,2021.3/4,소아청소년과,4
태백시,2021,4/4,2021.4/4,소아청소년과,4
태백시,2022,1/4,2022.1/4,소아청소년과,4
태백시,2022,2/4,2022.2/4,소아청소년과,4
태백시,2022,3/4,2022.3/4,소아청소년과,4
태백시,2022,4/4,2022.4/4,소아청소년과,4
태백시,2023,1/4,2023.1/4,소아청소년과,4
태백시,2023,2/4,2023.2/4,소아청소년과,4
태백시,2023,3/4,2023.3/4,소아청소년과,4
태백시,2023,4/4,2023.4/4,소아청소년과,4
태백시,2024,1/4,2024.1/4,소아청소년과,4
태백시,2024,2/4,2024.2/4,소아청소년과,2
태백시,2024,3/4,2024.3/4,소아청소년과,2
태백시,2024,4/4,2024.4/4,소아청소년과,2
태백시,2025,1/4,2025.1/4,소아청소년과,2
태백시,2025,2/4,2025.2/4,소아청소년과,2
태백시,2025,3/4,2025.3/4,소아청소년과,2
태백시,2025,4/4,2025.4/4,소아청소년과,2
태백시,2009,1/4,2009.1/4,신경과,0
태백시,2009,2/4,2009.2/4,신경과,0
태백시,2009,3/4,2009.3/4,신경과,0
태백시,2009,4/4,2009.4/4,신경과,0
태백시,2010,1/4,2010.1/4,신경과,0
태백시,2010,2/4,2010.2/4,신경과,0
태백시,2010,3/4,2010.3/4,신경과,0
태백시,2010,4/4,2010.4/4,신경과,0
태백시,2011,1/4,2011.1/4,신경과,0
태백시,2011,2/4,2011.2/4,신경과,0
태백시,2011,3/4,2011.3/4,신경과,0
태백시,2011,4/4,2011.4/4,신경과,0
태백시,2012,1/4,2012.1/4,신경과,0
태백시,2012,2/4,2012.2/4,신경과,0
태백시,2012,3/4,2012.3/4,신경과,0
태백시,2012,4/4,2012.4/4,신경과,0
태백시,2013,1/4,2013.1/4,신경과,0
태백시,2013,2/4,2013.2/4,신경과,0
태백시,2013,3/4,2013.3/4,신경과,0
태백시,2013,4/4,2013.4/4,신경과,0
태백시,2014,1/4,2014.1/4,신경과,0
태백시,2014,2/4,2014.2/4,신경과,0
태백시,2014,3/4,2014.3/4,신경과,0
태백시,2014,4/4,2014.4/4,신경과,0
태백시,2015,1/4,2015.1/4,신경과,0
태백시,2015,2/4,2015.2/4,신경과,0
태백시,2015,3/4,2015.3/4,신경과,0
태백시,2015,4/4,2015.4/4,신경과,0
태백시,2016,1/4,2016.1/4,신경과,0
태백시,2016,2/4,2016.2/4,신경과,0
태백시,2016,3/4,2016.3/4,신경과,0
태백시,2016,4/4,2016.4/4,신경과,0
태백시,2017,1/4,2017.1/4,신경과,0
태백시,2017,2/4,2017.2/4,신경과,0
태백시,2017,3/4,2017.3/4,신경과,0
태백시,2017,4/4,2017.4/4,신경과,0
태백시,2018,1/4,2018.1/4,신경과,0
태백시,2018,2/4,2018.2/4,신경과,0
태백시,2018,3/4,2018.3/4,신경과,0
태백시,2018,4/4,2018.4/4,신경과,0
태백시,2019,1/4,2019.1/4,신경과,0
태백시,2019,2/4,2019.2/4,신경과,0
태백시,2019,3/4,2019.3/4,신경과,0
태백시,2019,4/4,2019.4/4,신경과,0
태백시,2020,1/4,2020.1/4,신경과,0
태백시,2020,2/4,2020.2/4,신경과,0
태백시,2020,3/4,2020.3/4,신경과,0
태백시,2020,4/4,2020.4/4,신경과,0
태백시,2021,1/4,2021.1/4,신경과,0
태백시,2021,2/4,2021.2/4,신경과,0
태백시,2021,3/4,2021.3/4,신경과,0
태백시,2021,4/4,2021.4/4,신경과,0
태백시,2022,1/4,2022.1/4,신경과,0
태백시,2022,2/4,2022.2/4,신경과,0
태백시,2022,3/4,2022.3/4,신경과,0
태백시,2022,4/4,2022.4/4,신경과,0
태백시,2023,1/4,2023.1/4,신경과,0
태백시,2023,2/4,2023.2/4,신경과,0
태백시,2023,3/4,2023.3/4,신경과,0
태백시,2023,4/4,2023.4/4,신경과,0
태백시,2024,1/4,2024.1/4,신경과,0
태백시,2024,2/4,2024.2/4,신경과,0
태백시,2024,3/4,2024.3/4,신경과,0
태백시,2024,4/4,2024.4/4,신경과,0
태백시,2025,1/4,2025.1/4,신경과,0
태백시,2025,2/4,2025.2/4,신경과,0
태백시,2025,3/4,2025.3/4,신경과,0
태백시,2025,4/4,2025.4/4,신경과,0
태백시,2009,1/4,2009.1/4,신경외과,2
태백시,2009,2/4,2009.2/4,신경외과,2
태백시,2009,3/4,2009.3/4,신경외과,2
태백시,2009,4/4,2009.4/4,신경외과,3
태백시,2010,1/4,2010.1/4,신경외과,3
태백시,2010,2/4,2010.2/4,신경외과,3
태백시,2010,3/4,2010.3/4,신경외과,3
태백시,2010,4/4,2010.4/4,신경외과,3
태백시,2011,1/4,2011.1/4,신경외과,4
태백시,2011,2/4,2011.2/4,신경외과,4
태백시,2011,3/4,2011.3/4,신경외과,3
태백시,2011,4/4,2011.4/4,신경외과,3
태백시,2012,1/4,2012.1/4,신경외과,3
태백시,2012,2/4,2012.2/4,신경외과,3
태백시,2012,3/4,2012.3/4,신경외과,3
태백시,2012,4/4,2012.4/4,신경외과,3
태백시,2013,1/4,2013.1/4,신경외과,3
태백시,2013,2/4,2013.2/4,신경외과,3
태백시,2013,3/4,2013.3/4,신경외과,3
태백시,2013,4/4,2013.4/4,신경외과,3
태백시,2014,1/4,2014.1/4,신경외과,3
태백시,2014,2/4,2014.2/4,신경외과,3
태백시,2014,3/4,2014.3/4,신경외과,3
태백시,2014,4/4,2014.4/4,신경외과,3
태백시,2015,1/4,2015.1/4,신경외과,3
태백시,2015,2/4,2015.2/4,신경외과,3
태백시,2015,3/4,2015.3/4,신경외과,3
태백시,2015,4/4,2015.4/4,신경외과,3
태백시,2016,1/4,2016.1/4,신경외과,3
태백시,2016,2/4,2016.2/4,신경외과,2
태백시,2016,3/4,2016.3/4,신경외과,2
태백시,2016,4/4,2016.4/4,신경외과,2
태백시,2017,1/4,2017.1/4,신경외과,2
태백시,2017,2/4,2017.2/4,신경외과,2
태백시,2017,3/4,2017.3/4,신경외과,2
태백시,2017,4/4,2017.4/4,신경외과,2
태백시,2018,1/4,2018.1/4,신경외과,2
태백시,2018,2/4,2018.2/4,신경외과,2
태백시,2018,3/4,2018.3/4,신경외과,2
태백시,2018,4/4,2018.4/4,신경외과,2
태백시,2019,1/4,2019.1/4,신경외과,2
태백시,2019,2/4,2019.2/4,신경외과,2
태백시,2019,3/4,2019.3/4,신경외과,2
태백시,2019,4/4,2019.4/4,신경외과,2
태백시,2020,1/4,2020.1/4,신경외과,2
태백시,2020,2/4,2020.2/4,신경외과,2
태백시,2020,3/4,2020.3/4,신경외과,2
태백시,2020,4/4,2020.4/4,신경외과,2
태백시,2021,1/4,2021.1/4,신경외과,2
태백시,2021,2/4,2021.2/4,신경외과,2
태백시,2021,3/4,2021.3/4,신경외과,2
태백시,2021,4/4,2021.4/4,신경외과,2
태백시,2022,1/4,2022.1/4,신경외과,2
태백시,2022,2/4,2022.2/4,신경외과,2
태백시,2022,3/4,2022.3/4,신경외과,2
태백시,2022,4/4,2022.4/4,신경외과,2
태백시,2023,1/4,2023.1/4,신경외과,2
태백시,2023,2/4,2023.2/4,신경외과,2
태백시,2023,3/4,2023.3/4,신경외과,2
태백시,2023,4/4,2023.4/4,신경외과,2
태백시,2024,1/4,2024.1/4,신경외과,2
태백시,2024,2/4,2024.2/4,신경외과,2
태백시,2024,3/4,2024.3/4,신경외과,3
태백시,2024,4/4,2024.4/4,신경외과,3
태백시,2025,1/4,2025.1/4,신경외과,3
태백시,2025,2/4,2025.2/4,신경외과,3
태백시,2025,3/4,2025.3/4,신경외과,3
태백시,2025,4/4,2025.4/4,신경외과,3
태백시,2009,1/4,2009.1/4,심장혈관흉부외과,1
태백시,2009,2/4,2009.2/4,심장혈관흉부외과,1
태백시,2009,3/4,2009.3/4,심장혈관흉부외과,1
태백시,2009,4/4,2009.4/4,심장혈관흉부외과,1
태백시,2010,1/4,2010.1/4,심장혈관흉부외과,1
태백시,2010,2/4,2010.2/4,심장혈관흉부외과,1
태백시,2010,3/4,2010.3/4,심장혈관흉부외과,1
태백시,2010,4/4,2010.4/4,심장혈관흉부외과,1
태백시,2011,1/4,2011.1/4,심장혈관흉부외과,1
태백시,2011,2/4,2011.2/4,심장혈관흉부외과,1
태백시,2011,3/4,2011.3/4,심장혈관흉부외과,0
태백시,2011,4/4,2011.4/4,심장혈관흉부외과,0
태백시,2012,1/4,2012.1/4,심장혈관흉부외과,0
태백시,2012,2/4,2012.2/4,심장혈관흉부외과,0
태백시,2012,3/4,2012.3/4,심장혈관흉부외과,0
태백시,2012,4/4,2012.4/4,심장혈관흉부외과,0
태백시,2013,1/4,2013.1/4,심장혈관흉부외과,0
태백시,2013,2/4,2013.2/4,심장혈관흉부외과,0
태백시,2013,3/4,2013.3/4,심장혈관흉부외과,0
태백시,2013,4/4,2013.4/4,심장혈관흉부외과,0
태백시,2014,1/4,2014.1/4,심장혈관흉부외과,0
태백시,2014,2/4,2014.2/4,심장혈관흉부외과,0
태백시,2014,3/4,2014.3/4,심장혈관흉부외과,0
태백시,2014,4/4,2014.4/4,심장혈관흉부외과,0
태백시,2015,1/4,2015.1/4,심장혈관흉부외과,0
태백시,2015,2/4,2015.2/4,심장혈관흉부외과,0
태백시,2015,3/4,2015.3/4,심장혈관흉부외과,0
태백시,2015,4/4,2015.4/4,심장혈관흉부외과,0
태백시,2016,1/4,2016.1/4,심장혈관흉부외과,0
태백시,2016,2/4,2016.2/4,심장혈관흉부외과,0
태백시,2016,3/4,2016.3/4,심장혈관흉부외과,0
태백시,2016,4/4,2016.4/4,심장혈관흉부외과,0
태백시,2017,1/4,2017.1/4,심장혈관흉부외과,0
태백시,2017,2/4,2017.2/4,심장혈관흉부외과,0
태백시,2017,3/4,2017.3/4,심장혈관흉부외과,0
태백시,2017,4/4,2017.4/4,심장혈관흉부외과,0
태백시,2018,1/4,2018.1/4,심장혈관흉부외과,0
태백시,2018,2/4,2018.2/4,심장혈관흉부외과,0
태백시,2018,3/4,2018.3/4,심장혈관흉부외과,0
태백시,2018,4/4,2018.4/4,심장혈관흉부외과,0
태백시,2019,1/4,2019.1/4,심장혈관흉부외과,0
태백시,2019,2/4,2019.2/4,심장혈관흉부외과,0
태백시,2019,3/4,2019.3/4,심장혈관흉부외과,0
태백시,2019,4/4,2019.4/4,심장혈관흉부외과,0
태백시,2020,1/4,2020.1/4,심장혈관흉부외과,0
태백시,2020,2/4,2020.2/4,심장혈관흉부외과,0
태백시,2020,3/4,2020.3/4,심장혈관흉부외과,0
태백시,2020,4/4,2020.4/4,심장혈관흉부외과,0
태백시,2021,1/4,2021.1/4,심장혈관흉부외과,0
태백시,2021,2/4,2021.2/4,심장혈관흉부외과,0
태백시,2021,3/4,2021.3/4,심장혈관흉부외과,0
태백시,2021,4/4,2021.4/4,심장혈관흉부외과,0
태백시,2022,1/4,2022.1/4,심장혈관흉부외과,0
태백시,2022,2/4,2022.2/4,심장혈관흉부외과,0
태백시,2022,3/4,2022.3/4,심장혈관흉부외과,0
태백시,2022,4/4,2022.4/4,심장혈관흉부외과,0
태백시,2023,1/4,2023.1/4,심장혈관흉부외과,0
태백시,2023,2/4,2023.2/4,심장혈관흉부외과,0
태백시,2023,3/4,2023.3/4,심장혈관흉부외과,0
태백시,2023,4/4,2023.4/4,심장혈관흉부외과,0
태백시,2024,1/4,2024.1/4,심장혈관흉부외과,0
태백시,2024,2/4,2024.2/4,심장혈관흉부외과,0
태백시,2024,3/4,2024.3/4,심장혈관흉부외과,0
태백시,2024,4/4,2024.4/4,심장혈관흉부외과,0
태백시,2025,1/4,2025.1/4,심장혈관흉부외과,0
태백시,2025,2/4,2025.2/4,심장혈관흉부외과,0
태백시,2025,3/4,2025.3/4,심장혈관흉부외과,0
태백시,2025,4/4,2025.4/4,심장혈관흉부외과,0
태백시,2009,1/4,2009.1/4,안과,2
태백시,2009,2/4,2009.2/4,안과,2
태백시,2009,3/4,2009.3/4,안과,2
태백시,2009,4/4,2009.4/4,안과,4
태백시,2010,1/4,2010.1/4,안과,2
태백시,2010,2/4,2010.2/4,안과,2
태백시,2010,3/4,2010.3/4,안과,2
태백시,2010,4/4,2010.4/4,안과,2
태백시,2011,1/4,2011.1/4,안과,2
태백시,2011,2/4,2011.2/4,안과,2
태백시,2011,3/4,2011.3/4,안과,2
태백시,2011,4/4,2011.4/4,안과,2
태백시,2012,1/4,2012.1/4,안과,2
태백시,2012,2/4,2012.2/4,안과,2
태백시,2012,3/4,2012.3/4,안과,2
태백시,2012,4/4,2012.4/4,안과,2
태백시,2013,1/4,2013.1/4,안과,2
태백시,2013,2/4,2013.2/4,안과,2
태백시,2013,3/4,2013.3/4,안과,2
태백시,2013,4/4,2013.4/4,안과,2
태백시,2014,1/4,2014.1/4,안과,2
태백시,2014,2/4,2014.2/4,안과,2
태백시,2014,3/4,2014.3/4,안과,2
태백시,2014,4/4,2014.4/4,안과,2
태백시,2015,1/4,2015.1/4,안과,2
태백시,2015,2/4,2015.2/4,안과,2
태백시,2015,3/4,2015.3/4,안과,2
태백시,2015,4/4,2015.4/4,안과,2
태백시,2016,1/4,2016.1/4,안과,2
태백시,2016,2/4,2016.2/4,안과,3
태백시,2016,3/4,2016.3/4,안과,3
태백시,2016,4/4,2016.4/4,안과,3
태백시,2017,1/4,2017.1/4,안과,3
태백시,2017,2/4,2017.2/4,안과,3
태백시,2017,3/4,2017.3/4,안과,3
태백시,2017,4/4,2017.4/4,안과,3
태백시,2018,1/4,2018.1/4,안과,3
태백시,2018,2/4,2018.2/4,안과,3
태백시,2018,3/4,2018.3/4,안과,3
태백시,2018,4/4,2018.4/4,안과,3
태백시,2019,1/4,2019.1/4,안과,3
태백시,2019,2/4,2019.2/4,안과,2
태백시,2019,3/4,2019.3/4,안과,2
태백시,2019,4/4,2019.4/4,안과,2
태백시,2020,1/4,2020.1/4,안과,2
태백시,2020,2/4,2020.2/4,안과,2
태백시,2020,3/4,2020.3/4,안과,2
태백시,2020,4/4,2020.4/4,안과,2
태백시,2021,1/4,2021.1/4,안과,2
태백시,2021,2/4,2021.2/4,안과,2
태백시,2021,3/4,2021.3/4,안과,2
태백시,2021,4/4,2021.4/4,안과,2
태백시,2022,1/4,2022.1/4,안과,2
태백시,2022,2/4,2022.2/4,안과,2
태백시,2022,3/4,2022.3/4,안과,2
태백시,2022,4/4,2022.4/4,안과,1
태백시,2023,1/4,2023.1/4,안과,1
태백시,2023,2/4,2023.2/4,안과,1
태백시,2023,3/4,2023.3/4,안과,1
태백시,2023,4/4,2023.4/4,안과,1
태백시,2024,1/4,2024.1/4,안과,1
태백시,2024,2/4,2024.2/4,안과,1
태백시,2024,3/4,2024.3/4,안과,1
태백시,2024,4/4,2024.4/4,안과,1
태백시,2025,1/4,2025.1/4,안과,1
태백시,2025,2/4,2025.2/4,안과,1
태백시,2025,3/4,2025.3/4,안과,1
태백시,2025,4/4,2025.4/4,안과,2
태백시,2009,1/4,2009.1/4,영상의학과,2
태백시,2009,2/4,2009.2/4,영상의학과,2
태백시,2009,3/4,2009.3/4,영상의학과,2
태백시,2009,4/4,2009.4/4,영상의학과,2
태백시,2010,1/4,2010.1/4,영상의학과,2
태백시,2010,2/4,2010.2/4,영상의학과,2
태백시,2010,3/4,2010.3/4,영상의학과,2
태백시,2010,4/4,2010.4/4,영상의학과,2
태백시,2011,1/4,2011.1/4,영상의학과,2
태백시,2011,2/4,2011.2/4,영상의학과,2
태백시,2011,3/4,2011.3/4,영상의학과,2
태백시,2011,4/4,2011.4/4,영상의학과,2
태백시,2012,1/4,2012.1/4,영상의학과,2
태백시,2012,2/4,2012.2/4,영상의학과,2
태백시,2012,3/4,2012.3/4,영상의학과,2
태백시,2012,4/4,2012.4/4,영상의학과,2
태백시,2013,1/4,2013.1/4,영상의학과,2
태백시,2013,2/4,2013.2/4,영상의학과,2
태백시,2013,3/4,2013.3/4,영상의학과,2
태백시,2013,4/4,2013.4/4,영상의학과,2
태백시,2014,1/4,2014.1/4,영상의학과,2
태백시,2014,2/4,2014.2/4,영상의학과,2
태백시,2014,3/4,2014.3/4,영상의학과,2
태백시,2014,4/4,2014.4/4,영상의학과,2
태백시,2015,1/4,2015.1/4,영상의학과,2
태백시,2015,2/4,2015.2/4,영상의학과,2
태백시,2015,3/4,2015.3/4,영상의학과,2
태백시,2015,4/4,2015.4/4,영상의학과,3
태백시,2016,1/4,2016.1/4,영상의학과,2
태백시,2016,2/4,2016.2/4,영상의학과,2
태백시,2016,3/4,2016.3/4,영상의학과,2
태백시,2016,4/4,2016.4/4,영상의학과,2
태백시,2017,1/4,2017.1/4,영상의학과,2
태백시,2017,2/4,2017.2/4,영상의학과,2
태백시,2017,3/4,2017.3/4,영상의학과,2
태백시,2017,4/4,2017.4/4,영상의학과,2
태백시,2018,1/4,2018.1/4,영상의학과,2
태백시,2018,2/4,2018.2/4,영상의학과,2
태백시,2018,3/4,2018.3/4,영상의학과,2
태백시,2018,4/4,2018.4/4,영상의학과,2
태백시,2019,1/4,2019.1/4,영상의학과,2
태백시,2019,2/4,2019.2/4,영상의학과,2
태백시,2019,3/4,2019.3/4,영상의학과,2
태백시,2019,4/4,2019.4/4,영상의학과,2
태백시,2020,1/4,2020.1/4,영상의학과,2
태백시,2020,2/4,2020.2/4,영상의학과,2
태백시,2020,3/4,2020.3/4,영상의학과,2
태백시,2020,4/4,2020.4/4,영상의학과,2
태백시,2021,1/4,2021.1/4,영상의학과,2
태백시,2021,2/4,2021.2/4,영상의학과,3
태백시,2021,3/4,2021.3/4,영상의학과,3
태백시,2021,4/4,2021.4/4,영상의학과,2
태백시,2022,1/4,2022.1/4,영상의학과,3
태백시,2022,2/4,2022.2/4,영상의학과,3
태백시,2022,3/4,2022.3/4,영상의학과,3
태백시,2022,4/4,2022.4/4,영상의학과,3
태백시,2023,1/4,2023.1/4,영상의학과,3
태백시,2023,2/4,2023.2/4,영상의학과,2
태백시,2023,3/4,2023.3/4,영상의학과,2
태백시,2023,4/4,2023.4/4,영상의학과,2
태백시,2024,1/4,2024.1/4,영상의학과,2
태백시,2024,2/4,2024.2/4,영상의학과,2
태백시,2024,3/4,2024.3/4,영상의학과,2
태백시,2024,4/4,2024.4/4,영상의학과,2
태백시,2025,1/4,2025.1/4,영상의학과,2
태백시,2025,2/4,2025.2/4,영상의학과,2
태백시,2025,3/4,2025.3/4,영상의학과,2
태백시,2025,4/4,2025.4/4,영상의학과,2
태백시,2009,1/4,2009.1/4,예방의학과,0
태백시,2009,2/4,2009.2/4,예방의학과,0
태백시,2009,3/4,2009.3/4,예방의학과,0
태백시,2009,4/4,2009.4/4,예방의학과,0
태백시,2010,1/4,2010.1/4,예방의학과,0
태백시,2010,2/4,2010.2/4,예방의학과,0
태백시,2010,3/4,2010.3/4,예방의학과,0
태백시,2010,4/4,2010.4/4,예방의학과,0
태백시,2011,1/4,2011.1/4,예방의학과,0
태백시,2011,2/4,2011.2/4,예방의학과,0
태백시,2011,3/4,2011.3/4,예방의학과,0
태백시,2011,4/4,2011.4/4,예방의학과,0
태백시,2012,1/4,2012.1/4,예방의학과,0
태백시,2012,2/4,2012.2/4,예방의학과,0
태백시,2012,3/4,2012.3/4,예방의학과,0
태백시,2012,4/4,2012.4/4,예방의학과,0
태백시,2013,1/4,2013.1/4,예방의학과,0
태백시,2013,2/4,2013.2/4,예방의학과,0
태백시,2013,3/4,2013.3/4,예방의학과,0
태백시,2013,4/4,2013.4/4,예방의학과,0
태백시,2014,1/4,2014.1/4,예방의학과,0
태백시,2014,2/4,2014.2/4,예방의학과,0
태백시,2014,3/4,2014.3/4,예방의학과,0
태백시,2014,4/4,2014.4/4,예방의학과,0
태백시,2015,1/4,2015.1/4,예방의학과,0
태백시,2015,2/4,2015.2/4,예방의학과,0
태백시,2015,3/4,2015.3/4,예방의학과,0
태백시,2015,4/4,2015.4/4,예방의학과,0
태백시,2016,1/4,2016.1/4,예방의학과,0
태백시,2016,2/4,2016.2/4,예방의학과,0
태백시,2016,3/4,2016.3/4,예방의학과,0
태백시,2016,4/4,2016.4/4,예방의학과,0
태백시,2017,1/4,2017.1/4,예방의학과,0
태백시,2017,2/4,2017.2/4,예방의학과,0
태백시,2017,3/4,2017.3/4,예방의학과,0
태백시,2017,4/4,2017.4/4,예방의학과,0
태백시,2018,1/4,2018.1/4,예방의학과,0
태백시,2018,2/4,2018.2/4,예방의학과,0
태백시,2018,3/4,2018.3/4,예방의학과,0
태백시,2018,4/4,2018.4/4,예방의학과,0
태백시,2019,1/4,2019.1/4,예방의학과,0
태백시,2019,2/4,2019.2/4,예방의학과,0
태백시,2019,3/4,2019.3/4,예방의학과,0
태백시,2019,4/4,2019.4/4,예방의학과,0
태백시,2020,1/4,2020.1/4,예방의학과,0
태백시,2020,2/4,2020.2/4,예방의학과,0
태백시,2020,3/4,2020.3/4,예방의학과,0
태백시,2020,4/4,2020.4/4,예방의학과,0
태백시,2021,1/4,2021.1/4,예방의학과,0
태백시,2021,2/4,2021.2/4,예방의학과,0
태백시,2021,3/4,2021.3/4,예방의학과,0
태백시,2021,4/4,2021.4/4,예방의학과,0
태백시,2022,1/4,2022.1/4,예방의학과,0
태백시,2022,2/4,2022.2/4,예방의학과,0
태백시,2022,3/4,2022.3/4,예방의학과,0
태백시,2022,4/4,2022.4/4,예방의학과,0
태백시,2023,1/4,2023.1/4,예방의학과,0
태백시,2023,2/4,2023.2/4,예방의학과,0
태백시,2023,3/4,2023.3/4,예방의학과,0
태백시,2023,4/4,2023.4/4,예방의학과,0
태백시,2024,1/4,2024.1/4,예방의학과,0
태백시,2024,2/4,2024.2/4,예방의학과,0
태백시,2024,3/4,2024.3/4,예방의학과,0
태백시,2024,4/4,2024.4/4,예방의학과,0
태백시,2025,1/4,2025.1/4,예방의학과,0
태백시,2025,2/4,2025.2/4,예방의학과,0
태백시,2025,3/4,2025.3/4,예방의학과,0
태백시,2025,4/4,2025.4/4,예방의학과,0
태백시,2009,1/4,2009.1/4,외과,5
태백시,2009,2/4,2009.2/4,외과,5
태백시,2009,3/4,2009.3/4,외과,3
태백시,2009,4/4,2009.4/4,외과,3
태백시,2010,1/4,2010.1/4,외과,3
태백시,2010,2/4,2010.2/4,외과,3
태백시,2010,3/4,2010.3/4,외과,3
태백시,2010,4/4,2010.4/4,외과,5
태백시,2011,1/4,2011.1/4,외과,5
태백시,2011,2/4,2011.2/4,외과,5
태백시,2011,3/4,2011.3/4,외과,6
태백시,2011,4/4,2011.4/4,외과,6
태백시,2012,1/4,2012.1/4,외과,6
태백시,2012,2/4,2012.2/4,외과,5
태백시,2012,3/4,2012.3/4,외과,5
태백시,2012,4/4,2012.4/4,외과,5
태백시,2013,1/4,2013.1/4,외과,5
태백시,2013,2/4,2013.2/4,외과,5
태백시,2013,3/4,2013.3/4,외과,5
태백시,2013,4/4,2013.4/4,외과,5
태백시,2014,1/4,2014.1/4,외과,5
태백시,2014,2/4,2014.2/4,외과,5
태백시,2014,3/4,2014.3/4,외과,5
태백시,2014,4/4,2014.4/4,외과,4
태백시,2015,1/4,2015.1/4,외과,4
태백시,2015,2/4,2015.2/4,외과,4
태백시,2015,3/4,2015.3/4,외과,4
태백시,2015,4/4,2015.4/4,외과,4
태백시,2016,1/4,2016.1/4,외과,4
태백시,2016,2/4,2016.2/4,외과,3
태백시,2016,3/4,2016.3/4,외과,4
태백시,2016,4/4,2016.4/4,외과,4
태백시,2017,1/4,2017.1/4,외과,4
태백시,2017,2/4,2017.2/4,외과,4
태백시,2017,3/4,2017.3/4,외과,4
태백시,2017,4/4,2017.4/4,외과,4
태백시,2018,1/4,2018.1/4,외과,4
태백시,2018,2/4,2018.2/4,외과,4
태백시,2018,3/4,2018.3/4,외과,4
태백시,2018,4/4,2018.4/4,외과,4
태백시,2019,1/4,2019.1/4,외과,4
태백시,2019,2/4,2019.2/4,외과,5
태백시,2019,3/4,2019.3/4,외과,5
태백시,2019,4/4,2019.4/4,외과,5
태백시,2020,1/4,2020.1/4,외과,5
태백시,2020,2/4,2020.2/4,외과,5
태백시,2020,3/4,2020.3/4,외과,4
태백시,2020,4/4,2020.4/4,외과,4
태백시,2021,1/4,2021.1/4,외과,5
태백시,2021,2/4,2021.2/4,외과,5
태백시,2021,3/4,2021.3/4,외과,4
태백시,2021,4/4,2021.4/4,외과,5
태백시,2022,1/4,2022.1/4,외과,5
태백시,2022,2/4,2022.2/4,외과,5
태백시,2022,3/4,2022.3/4,외과,5
태백시,2022,4/4,2022.4/4,외과,5
태백시,2023,1/4,2023.1/4,외과,5
태백시,2023,2/4,2023.2/4,외과,5
태백시,2023,3/4,2023.3/4,외과,5
태백시,2023,4/4,2023.4/4,외과,5
태백시,2024,1/4,2024.1/4,외과,5
태백시,2024,2/4,2024.2/4,외과,4
태백시,2024,3/4,2024.3/4,외과,3
태백시,2024,4/4,2024.4/4,외과,4
태백시,2025,1/4,2025.1/4,외과,4
태백시,2025,2/4,2025.2/4,외과,5
태백시,2025,3/4,2025.3/4,외과,5
태백시,2025,4/4,2025.4/4,외과,5
태백시,2009,1/4,2009.1/4,응급의학과,0
태백시,2009,2/4,2009.2/4,응급의학과,0
태백시,2009,3/4,2009.3/4,응급의학과,0
태백시,2009,4/4,2009.4/4,응급의학과,0
태백시,2010,1/4,2010.1/4,응급의학과,0
태백시,2010,2/4,2010.2/4,응급의학과,1
태백시,2010,3/4,2010.3/4,응급의학과,1
태백시,2010,4/4,2010.4/4,응급의학과,1
태백시,2011,1/4,2011.1/4,응급의학과,1
태백시,2011,2/4,2011.2/4,응급의학과,0
태백시,2011,3/4,2011.3/4,응급의학과,0
태백시,2011,4/4,2011.4/4,응급의학과,0
태백시,2012,1/4,2012.1/4,응급의학과,0
태백시,2012,2/4,2012.2/4,응급의학과,0
태백시,2012,3/4,2012.3/4,응급의학과,0
태백시,2012,4/4,2012.4/4,응급의학과,0
태백시,2013,1/4,2013.1/4,응급의학과,0
태백시,2013,2/4,2013.2/4,응급의학과,0
태백시,2013,3/4,2013.3/4,응급의학과,0
태백시,2013,4/4,2013.4/4,응급의학과,0
태백시,2014,1/4,2014.1/4,응급의학과,0
태백시,2014,2/4,2014.2/4,응급의학과,0
태백시,2014,3/4,2014.3/4,응급의학과,0
태백시,2014,4/4,2014.4/4,응급의학과,0
태백시,2015,1/4,2015.1/4,응급의학과,0
태백시,2015,2/4,2015.2/4,응급의학과,0
태백시,2015,3/4,2015.3/4,응급의학과,0
태백시,2015,4/4,2015.4/4,응급의학과,0
태백시,2016,1/4,2016.1/4,응급의학과,0
태백시,2016,2/4,2016.2/4,응급의학과,0
태백시,2016,3/4,2016.3/4,응급의학과,1
태백시,2016,4/4,2016.4/4,응급의학과,1
태백시,2017,1/4,2017.1/4,응급의학과,1
태백시,2017,2/4,2017.2/4,응급의학과,1
태백시,2017,3/4,2017.3/4,응급의학과,1
태백시,2017,4/4,2017.4/4,응급의학과,1
태백시,2018,1/4,2018.1/4,응급의학과,0
태백시,2018,2/4,2018.2/4,응급의학과,0
태백시,2018,3/4,2018.3/4,응급의학과,0
태백시,2018,4/4,2018.4/4,응급의학과,0
태백시,2019,1/4,2019.1/4,응급의학과,0
태백시,2019,2/4,2019.2/4,응급의학과,0
태백시,2019,3/4,2019.3/4,응급의학과,0
태백시,2019,4/4,2019.4/4,응급의학과,0
태백시,2020,1/4,2020.1/4,응급의학과,0
태백시,2020,2/4,2020.2/4,응급의학과,0
태백시,2020,3/4,2020.3/4,응급의학과,0
태백시,2020,4/4,2020.4/4,응급의학과,0
태백시,2021,1/4,2021.1/4,응급의학과,0
태백시,2021,2/4,2021.2/4,응급의학과,0
태백시,2021,3/4,2021.3/4,응급의학과,0
태백시,2021,4/4,2021.4/4,응급의학과,0
태백시,2022,1/4,2022.1/4,응급의학과,0
태백시,2022,2/4,2022.2/4,응급의학과,0
태백시,2022,3/4,2022.3/4,응급의학과,0
태백시,2022,4/4,2022.4/4,응급의학과,0
태백시,2023,1/4,2023.1/4,응급의학과,0
태백시,2023,2/4,2023.2/4,응급의학과,0
태백시,2023,3/4,2023.3/4,응급의학과,0
태백시,2023,4/4,2023.4/4,응급의학과,0
태백시,2024,1/4,2024.1/4,응급의학과,0
태백시,2024,2/4,2024.2/4,응급의학과,0
태백시,2024,3/4,2024.3/4,응급의학과,0
태백시,2024,4/4,2024.4/4,응급의학과,0
태백시,2025,1/4,2025.1/4,응급의학과,0
태백시,2025,2/4,2025.2/4,응급의학과,0
태백시,2025,3/4,2025.3/4,응급의학과,0
태백시,2025,4/4,2025.4/4,응급의학과,0
태백시,2009,1/4,2009.1/4,이비인후과,1
태백시,2009,2/4,2009.2/4,이비인후과,1
태백시,2009,3/4,2009.3/4,이비인후과,1
태백시,2009,4/4,2009.4/4,이비인후과,1
태백시,2010,1/4,2010.1/4,이비인후과,1
태백시,2010,2/4,2010.2/4,이비인후과,1
태백시,2010,3/4,2010.3/4,이비인후과,1
태백시,2010,4/4,2010.4/4,이비인후과,1
태백시,2011,1/4,2011.1/4,이비인후과,1
태백시,2011,2/4,2011.2/4,이비인후과,1
태백시,2011,3/4,2011.3/4,이비인후과,1
태백시,2011,4/4,2011.4/4,이비인후과,1
태백시,2012,1/4,2012.1/4,이비인후과,1
태백시,2012,2/4,2012.2/4,이비인후과,1
태백시,2012,3/4,2012.3/4,이비인후과,1
태백시,2012,4/4,2012.4/4,이비인후과,1
태백시,2013,1/4,2013.1/4,이비인후과,1
태백시,2013,2/4,2013.2/4,이비인후과,1
태백시,2013,3/4,2013.3/4,이비인후과,1
태백시,2013,4/4,2013.4/4,이비인후과,1
태백시,2014,1/4,2014.1/4,이비인후과,1
태백시,2014,2/4,2014.2/4,이비인후과,1
태백시,2014,3/4,2014.3/4,이비인후과,1
태백시,2014,4/4,2014.4/4,이비인후과,1
태백시,2015,1/4,2015.1/4,이비인후과,1
태백시,2015,2/4,2015.2/4,이비인후과,1
태백시,2015,3/4,2015.3/4,이비인후과,1
태백시,2015,4/4,2015.4/4,이비인후과,1
태백시,2016,1/4,2016.1/4,이비인후과,1
태백시,2016,2/4,2016.2/4,이비인후과,1
태백시,2016,3/4,2016.3/4,이비인후과,1
태백시,2016,4/4,2016.4/4,이비인후과,1
태백시,2017,1/4,2017.1/4,이비인후과,1
태백시,2017,2/4,2017.2/4,이비인후과,1
태백시,2017,3/4,2017.3/4,이비인후과,1
태백시,2017,4/4,2017.4/4,이비인후과,1
태백시,2018,1/4,2018.1/4,이비인후과,1
태백시,2018,2/4,2018.2/4,이비인후과,1
태백시,2018,3/4,2018.3/4,이비인후과,1
태백시,2018,4/4,2018.4/4,이비인후과,1
태백시,2019,1/4,2019.1/4,이비인후과,1
태백시,2019,2/4,2019.2/4,이비인후과,1
태백시,2019,3/4,2019.3/4,이비인후과,1
태백시,2019,4/4,2019.4/4,이비인후과,1
태백시,2020,1/4,2020.1/4,이비인후과,1
태백시,2020,2/4,2020.2/4,이비인후과,1
태백시,2020,3/4,2020.3/4,이비인후과,1
태백시,2020,4/4,2020.4/4,이비인후과,1
태백시,2021,1/4,2021.1/4,이비인후과,1
태백시,2021,2/4,2021.2/4,이비인후과,1
태백시,2021,3/4,2021.3/4,이비인후과,1
태백시,2021,4/4,2021.4/4,이비인후과,1
태백시,2022,1/4,2022.1/4,이비인후과,1
태백시,2022,2/4,2022.2/4,이비인후과,1
태백시,2022,3/4,2022.3/4,이비인후과,1
태백시,2022,4/4,2022.4/4,이비인후과,1
태백시,2023,1/4,2023.1/4,이비인후과,1
태백시,2023,2/4,2023.2/4,이비인후과,1
태백시,2023,3/4,2023.3/4,이비인후과,2
태백시,2023,4/4,2023.4/4,이비인후과,2
태백시,2024,1/4,2024.1/4,이비인후과,1
태백시,2024,2/4,2024.2/4,이비인후과,2
태백시,2024,3/4,2024.3/4,이비인후과,2
태백시,2024,4/4,2024.4/4,이비인후과,2
태백시,2025,1/4,2025.1/4,이비인후과,2
태백시,2025,2/4,2025.2/4,이비인후과,2
태백시,2025,3/4,2025.3/4,이비인후과,2
태백시,2025,4/4,2025.4/4,이비인후과,2
태백시,2009,1/4,2009.1/4,재활의학과,0
태백시,2009,2/4,2009.2/4,재활의학과,0
태백시,2009,3/4,2009.3/4,재활의학과,0
태백시,2009,4/4,2009.4/4,재활의학과,0
태백시,2010,1/4,2010.1/4,재활의학과,1
태백시,2010,2/4,2010.2/4,재활의학과,1
태백시,2010,3/4,2010.3/4,재활의학과,1
태백시,2010,4/4,2010.4/4,재활의학과,1
태백시,2011,1/4,2011.1/4,재활의학과,1
태백시,2011,2/4,2011.2/4,재활의학과,1
태백시,2011,3/4,2011.3/4,재활의학과,1
태백시,2011,4/4,2011.4/4,재활의학과,1
태백시,2012,1/4,2012.1/4,재활의학과,1
태백시,2012,2/4,2012.2/4,재활의학과,1
태백시,2012,3/4,2012.3/4,재활의학과,1
태백시,2012,4/4,2012.4/4,재활의학과,1
태백시,2013,1/4,2013.1/4,재활의학과,1
태백시,2013,2/4,2013.2/4,재활의학과,1
태백시,2013,3/4,2013.3/4,재활의학과,1
태백시,2013,4/4,2013.4/4,재활의학과,1
태백시,2014,1/4,2014.1/4,재활의학과,1
태백시,2014,2/4,2014.2/4,재활의학과,1
태백시,2014,3/4,2014.3/4,재활의학과,1
태백시,2014,4/4,2014.4/4,재활의학과,1
태백시,2015,1/4,2015.1/4,재활의학과,1
태백시,2015,2/4,2015.2/4,재활의학과,1
태백시,2015,3/4,2015.3/4,재활의학과,1
태백시,2015,4/4,2015.4/4,재활의학과,1
태백시,2016,1/4,2016.1/4,재활의학과,1
태백시,2016,2/4,2016.2/4,재활의학과,1
태백시,2016,3/4,2016.3/4,재활의학과,1
태백시,2016,4/4,2016.4/4,재활의학과,1
태백시,2017,1/4,2017.1/4,재활의학과,1
태백시,2017,2/4,2017.2/4,재활의학과,1
태백시,2017,3/4,2017.3/4,재활의학과,1
태백시,2017,4/4,2017.4/4,재활의학과,1
태백시,2018,1/4,2018.1/4,재활의학과,1
태백시,2018,2/4,2018.2/4,재활의학과,1
태백시,2018,3/4,2018.3/4,재활의학과,1
태백시,2018,4/4,2018.4/4,재활의학과,1
태백시,2019,1/4,2019.1/4,재활의학과,1
태백시,2019,2/4,2019.2/4,재활의학과,1
태백시,2019,3/4,2019.3/4,재활의학과,1
태백시,2019,4/4,2019.4/4,재활의학과,1
태백시,2020,1/4,2020.1/4,재활의학과,1
태백시,2020,2/4,2020.2/4,재활의학과,0
태백시,2020,3/4,2020.3/4,재활의학과,1
태백시,2020,4/4,2020.4/4,재활의학과,1
태백시,2021,1/4,2021.1/4,재활의학과,1
태백시,2021,2/4,2021.2/4,재활의학과,1
태백시,2021,3/4,2021.3/4,재활의학과,1
태백시,2021,4/4,2021.4/4,재활의학과,1
태백시,2022,1/4,2022.1/4,재활의학과,1
태백시,2022,2/4,2022.2/4,재활의학과,1
태백시,2022,3/4,2022.3/4,재활의학과,1
태백시,2022,4/4,2022.4/4,재활의학과,1
태백시,2023,1/4,2023.1/4,재활의학과,1
태백시,2023,2/4,2023.2/4,재활의학과,1
태백시,2023,3/4,2023.3/4,재활의학과,1
태백시,2023,4/4,2023.4/4,재활의학과,1
태백시,2024,1/4,2024.1/4,재활의학과,1
태백시,2024,2/4,2024.2/4,재활의학과,1
태백시,2024,3/4,2024.3/4,재활의학과,1
태백시,2024,4/4,2024.4/4,재활의학과,1
태백시,2025,1/4,2025.1/4,재활의학과,1
태백시,2025,2/4,2025.2/4,재활의학과,1
태백시,2025,3/4,2025.3/4,재활의학과,1
태백시,2025,4/4,2025.4/4,재활의학과,1
태백시,2009,1/4,2009.1/4,정신건강의학과,2
태백시,2009,2/4,2009.2/4,정신건강의학과,2
태백시,2009,3/4,2009.3/4,정신건강의학과,2
태백시,2009,4/4,2009.4/4,정신건강의학과,2
태백시,2010,1/4,2010.1/4,정신건강의학과,2
태백시,2010,2/4,2010.2/4,정신건강의학과,2
태백시,2010,3/4,2010.3/4,정신건강의학과,2
태백시,2010,4/4,2010.4/4,정신건강의학과,2
태백시,2011,1/4,2011.1/4,정신건강의학과,2
태백시,2011,2/4,2011.2/4,정신건강의학과,2
태백시,2011,3/4,2011.3/4,정신건강의학과,3
태백시,2011,4/4,2011.4/4,정신건강의학과,3
태백시,2012,1/4,2012.1/4,정신건강의학과,3
태백시,2012,2/4,2012.2/4,정신건강의학과,3
태백시,2012,3/4,2012.3/4,정신건강의학과,3
태백시,2012,4/4,2012.4/4,정신건강의학과,3
태백시,2013,1/4,2013.1/4,정신건강의학과,3
태백시,2013,2/4,2013.2/4,정신건강의학과,3
태백시,2013,3/4,2013.3/4,정신건강의학과,3
태백시,2013,4/4,2013.4/4,정신건강의학과,3
태백시,2014,1/4,2014.1/4,정신건강의학과,3
태백시,2014,2/4,2014.2/4,정신건강의학과,3
태백시,2014,3/4,2014.3/4,정신건강의학과,3
태백시,2014,4/4,2014.4/4,정신건강의학과,3
태백시,2015,1/4,2015.1/4,정신건강의학과,3
태백시,2015,2/4,2015.2/4,정신건강의학과,3
태백시,2015,3/4,2015.3/4,정신건강의학과,3
태백시,2015,4/4,2015.4/4,정신건강의학과,3
태백시,2016,1/4,2016.1/4,정신건강의학과,3
태백시,2016,2/4,2016.2/4,정신건강의학과,2
태백시,2016,3/4,2016.3/4,정신건강의학과,3
태백시,2016,4/4,2016.4/4,정신건강의학과,3
태백시,2017,1/4,2017.1/4,정신건강의학과,2
태백시,2017,2/4,2017.2/4,정신건강의학과,2
태백시,2017,3/4,2017.3/4,정신건강의학과,2
태백시,2017,4/4,2017.4/4,정신건강의학과,2
태백시,2018,1/4,2018.1/4,정신건강의학과,2
태백시,2018,2/4,2018.2/4,정신건강의학과,2
태백시,2018,3/4,2018.3/4,정신건강의학과,2
태백시,2018,4/4,2018.4/4,정신건강의학과,2
태백시,2019,1/4,2019.1/4,정신건강의학과,2
태백시,2019,2/4,2019.2/4,정신건강의학과,1
태백시,2019,3/4,2019.3/4,정신건강의학과,2
태백시,2019,4/4,2019.4/4,정신건강의학과,2
태백시,2020,1/4,2020.1/4,정신건강의학과,2
태백시,2020,2/4,2020.2/4,정신건강의학과,2
태백시,2020,3/4,2020.3/4,정신건강의학과,2
태백시,2020,4/4,2020.4/4,정신건강의학과,2
태백시,2021,1/4,2021.1/4,정신건강의학과,2
태백시,2021,2/4,2021.2/4,정신건강의학과,2
태백시,2021,3/4,2021.3/4,정신건강의학과,2
태백시,2021,4/4,2021.4/4,정신건강의학과,2
태백시,2022,1/4,2022.1/4,정신건강의학과,2
태백시,2022,2/4,2022.2/4,정신건강의학과,2
태백시,2022,3/4,2022.3/4,정신건강의학과,2
태백시,2022,4/4,2022.4/4,정신건강의학과,2
태백시,2023,1/4,2023.1/4,정신건강의학과,1
태백시,2023,2/4,2023.2/4,정신건강의학과,2
태백시,2023,3/4,2023.3/4,정신건강의학과,2
태백시,2023,4/4,2023.4/4,정신건강의학과,2
태백시,2024,1/4,2024.1/4,정신건강의학과,2
태백시,2024,2/4,2024.2/4,정신건강의학과,2
태백시,2024,3/4,2024.3/4,정신건강의학과,2
태백시,2024,4/4,2024.4/4,정신건강의학과,2
태백시,2025,1/4,2025.1/4,정신건강의학과,2
태백시,2025,2/4,2025.2/4,정신건강의학과,2
태백시,2025,3/4,2025.3/4,정신건강의학과,2
태백시,2025,4/4,2025.4/4,정신건강의학과,2
태백시,2009,1/4,2009.1/4,정형외과,4
태백시,2009,2/4,2009.2/4,정형외과,3
태백시,2009,3/4,2009.3/4,정형외과,4
태백시,2009,4/4,2009.4/4,정형외과,4
태백시,2010,1/4,2010.1/4,정형외과,4
태백시,2010,2/4,2010.2/4,정형외과,4
태백시,2010,3/4,2010.3/4,정형외과,3
태백시,2010,4/4,2010.4/4,정형외과,3
태백시,2011,1/4,2011.1/4,정형외과,3
태백시,2011,2/4,2011.2/4,정형외과,4
태백시,2011,3/4,2011.3/4,정형외과,4
태백시,2011,4/4,2011.4/4,정형외과,4
태백시,2012,1/4,2012.1/4,정형외과,4
태백시,2012,2/4,2012.2/4,정형외과,2
태백시,2012,3/4,2012.3/4,정형외과,3
태백시,2012,4/4,2012.4/4,정형외과,3
태백시,2013,1/4,2013.1/4,정형외과,4
태백시,2013,2/4,2013.2/4,정형외과,4
태백시,2013,3/4,2013.3/4,정형외과,4
태백시,2013,4/4,2013.4/4,정형외과,4
태백시,2014,1/4,2014.1/4,정형외과,4
태백시,2014,2/4,2014.2/4,정형외과,4
태백시,2014,3/4,2014.3/4,정형외과,4
태백시,2014,4/4,2014.4/4,정형외과,4
태백시,2015,1/4,2015.1/4,정형외과,4
태백시,2015,2/4,2015.2/4,정형외과,4
태백시,2015,3/4,2015.3/4,정형외과,4
태백시,2015,4/4,2015.4/4,정형외과,4
태백시,2016,1/4,2016.1/4,정형외과,4
태백시,2016,2/4,2016.2/4,정형외과,2
태백시,2016,3/4,2016.3/4,정형외과,4
태백시,2016,4/4,2016.4/4,정형외과,4
태백시,2017,1/4,2017.1/4,정형외과,4
태백시,2017,2/4,2017.2/4,정형외과,4
태백시,2017,3/4,2017.3/4,정형외과,4
태백시,2017,4/4,2017.4/4,정형외과,4
태백시,2018,1/4,2018.1/4,정형외과,4
태백시,2018,2/4,2018.2/4,정형외과,4
태백시,2018,3/4,2018.3/4,정형외과,4
태백시,2018,4/4,2018.4/4,정형외과,4
태백시,2019,1/4,2019.1/4,정형외과,4
태백시,2019,2/4,2019.2/4,정형외과,4
태백시,2019,3/4,2019.3/4,정형외과,4
태백시,2019,4/4,2019.4/4,정형외과,4
태백시,2020,1/4,2020.1/4,정형외과,4
태백시,2020,2/4,2020.2/4,정형외과,4
태백시,2020,3/4,2020.3/4,정형외과,4
태백시,2020,4/4,2020.4/4,정형외과,4
태백시,2021,1/4,2021.1/4,정형외과,4
태백시,2021,2/4,2021.2/4,정형외과,4
태백시,2021,3/4,2021.3/4,정형외과,4
태백시,2021,4/4,2021.4/4,정형외과,4
태백시,2022,1/4,2022.1/4,정형외과,4
태백시,2022,2/4,2022.2/4,정형외과,4
태백시,2022,3/4,2022.3/4,정형외과,4
태백시,2022,4/4,2022.4/4,정형외과,4
태백시,2023,1/4,2023.1/4,정형외과,4
태백시,2023,2/4,2023.2/4,정형외과,4
태백시,2023,3/4,2023.3/4,정형외과,4
태백시,2023,4/4,2023.4/4,정형외과,3
태백시,2024,1/4,2024.1/4,정형외과,4
태백시,2024,2/4,2024.2/4,정형외과,4
태백시,2024,3/4,2024.3/4,정형외과,3
태백시,2024,4/4,2024.4/4,정형외과,3
태백시,2025,1/4,2025.1/4,정형외과,3
태백시,2025,2/4,2025.2/4,정형외과,3
태백시,2025,3/4,2025.3/4,정형외과,4
태백시,2025,4/4,2025.4/4,정형외과,4
태백시,2009,1/4,2009.1/4,직업환경의학과,0
태백시,2009,2/4,2009.2/4,직업환경의학과,0
태백시,2009,3/4,2009.3/4,직업환경의학과,0
태백시,2009,4/4,2009.4/4,직업환경의학과,0
태백시,2010,1/4,2010.1/4,직업환경의학과,0
태백시,2010,2/4,2010.2/4,직업환경의학과,1
태백시,2010,3/4,2010.3/4,직업환경의학과,1
태백시,2010,4/4,2010.4/4,직업환경의학과,1
태백시,2011,1/4,2011.1/4,직업환경의학과,1
태백시,2011,2/4,2011.2/4,직업환경의학과,1
태백시,2011,3/4,2011.3/4,직업환경의학과,2
태백시,2011,4/4,2011.4/4,직업환경의학과,2
태백시,2012,1/4,2012.1/4,직업환경의학과,2
태백시,2012,2/4,2012.2/4,직업환경의학과,2
태백시,2012,3/4,2012.3/4,직업환경의학과,2
태백시,2012,4/4,2012.4/4,직업환경의학과,2
태백시,2013,1/4,2013.1/4,직업환경의학과,2
태백시,2013,2/4,2013.2/4,직업환경의학과,1
태백시,2013,3/4,2013.3/4,직업환경의학과,1
태백시,2013,4/4,2013.4/4,직업환경의학과,1
태백시,2014,1/4,2014.1/4,직업환경의학과,1
태백시,2014,2/4,2014.2/4,직업환경의학과,1
태백시,2014,3/4,2014.3/4,직업환경의학과,1
태백시,2014,4/4,2014.4/4,직업환경의학과,1
태백시,2015,1/4,2015.1/4,직업환경의학과,1
태백시,2015,2/4,2015.2/4,직업환경의학과,1
태백시,2015,3/4,2015.3/4,직업환경의학과,0
태백시,2015,4/4,2015.4/4,직업환경의학과,0
태백시,2016,1/4,2016.1/4,직업환경의학과,0
태백시,2016,2/4,2016.2/4,직업환경의학과,0
태백시,2016,3/4,2016.3/4,직업환경의학과,0
태백시,2016,4/4,2016.4/4,직업환경의학과,0
태백시,2017,1/4,2017.1/4,직업환경의학과,0
태백시,2017,2/4,2017.2/4,직업환경의학과,0
태백시,2017,3/4,2017.3/4,직업환경의학과,0
태백시,2017,4/4,2017.4/4,직업환경의학과,0
태백시,2018,1/4,2018.1/4,직업환경의학과,0
태백시,2018,2/4,2018.2/4,직업환경의학과,0
태백시,2018,3/4,2018.3/4,직업환경의학과,0
태백시,2018,4/4,2018.4/4,직업환경의학과,0
태백시,2019,1/4,2019.1/4,직업환경의학과,1
태백시,2019,2/4,2019.2/4,직업환경의학과,1
태백시,2019,3/4,2019.3/4,직업환경의학과,1
태백시,2019,4/4,2019.4/4,직업환경의학과,1
태백시,2020,1/4,2020.1/4,직업환경의학과,1
태백시,2020,2/4,2020.2/4,직업환경의학과,1
태백시,2020,3/4,2020.3/4,직업환경의학과,1
태백시,2020,4/4,2020.4/4,직업환경의학과,1
태백시,2021,1/4,2021.1/4,직업환경의학과,1
태백시,2021,2/4,2021.2/4,직업환경의학과,1
태백시,2021,3/4,2021.3/4,직업환경의학과,1
태백시,2021,4/4,2021.4/4,직업환경의학과,1
태백시,2022,1/4,2022.1/4,직업환경의학과,1
태백시,2022,2/4,2022.2/4,직업환경의학과,1
태백시,2022,3/4,2022.3/4,직업환경의학과,1
태백시,2022,4/4,2022.4/4,직업환경의학과,1
태백시,2023,1/4,2023.1/4,직업환경의학과,1
태백시,2023,2/4,2023.2/4,직업환경의학과,1
태백시,2023,3/4,2023.3/4,직업환경의학과,2
태백시,2023,4/4,2023.4/4,직업환경의학과,2
태백시,2024,1/4,2024.1/4,직업환경의학과,1
태백시,2024,2/4,2024.2/4,직업환경의학과,2
태백시,2024,3/4,2024.3/4,직업환경의학과,2
태백시,2024,4/4,2024.4/4,직업환경의학과,2
태백시,2025,1/4,2025.1/4,직업환경의학과,2
태백시,2025,2/4,2025.2/4,직업환경의학과,2
태백시,2025,3/4,2025.3/4,직업환경의학과,1
태백시,2025,4/4,2025.4/4,직업환경의학과,1
태백시,2009,1/4,2009.1/4,진단검사의학과,1
태백시,2009,2/4,2009.2/4,진단검사의학과,1
태백시,2009,3/4,2009.3/4,진단검사의학과,1
태백시,2009,4/4,2009.4/4,진단검사의학과,1
태백시,2010,1/4,2010.1/4,진단검사의학과,1
태백시,2010,2/4,2010.2/4,진단검사의학과,1
태백시,2010,3/4,2010.3/4,진단검사의학과,1
태백시,2010,4/4,2010.4/4,진단검사의학과,1
태백시,2011,1/4,2011.1/4,진단검사의학과,1
태백시,2011,2/4,2011.2/4,진단검사의학과,1
태백시,2011,3/4,2011.3/4,진단검사의학과,1
태백시,2011,4/4,2011.4/4,진단검사의학과,1
태백시,2012,1/4,2012.1/4,진단검사의학과,1
태백시,2012,2/4,2012.2/4,진단검사의학과,1
태백시,2012,3/4,2012.3/4,진단검사의학과,0
태백시,2012,4/4,2012.4/4,진단검사의학과,1
태백시,2013,1/4,2013.1/4,진단검사의학과,1
태백시,2013,2/4,2013.2/4,진단검사의학과,1
태백시,2013,3/4,2013.3/4,진단검사의학과,1
태백시,2013,4/4,2013.4/4,진단검사의학과,1
태백시,2014,1/4,2014.1/4,진단검사의학과,1
태백시,2014,2/4,2014.2/4,진단검사의학과,1
태백시,2014,3/4,2014.3/4,진단검사의학과,1
태백시,2014,4/4,2014.4/4,진단검사의학과,1
태백시,2015,1/4,2015.1/4,진단검사의학과,1
태백시,2015,2/4,2015.2/4,진단검사의학과,1
태백시,2015,3/4,2015.3/4,진단검사의학과,1
태백시,2015,4/4,2015.4/4,진단검사의학과,1
태백시,2016,1/4,2016.1/4,진단검사의학과,0
태백시,2016,2/4,2016.2/4,진단검사의학과,1
태백시,2016,3/4,2016.3/4,진단검사의학과,1
태백시,2016,4/4,2016.4/4,진단검사의학과,0
태백시,2017,1/4,2017.1/4,진단검사의학과,1
태백시,2017,2/4,2017.2/4,진단검사의학과,1
태백시,2017,3/4,2017.3/4,진단검사의학과,1
태백시,2017,4/4,2017.4/4,진단검사의학과,1
태백시,2018,1/4,2018.1/4,진단검사의학과,1
태백시,2018,2/4,2018.2/4,진단검사의학과,1
태백시,2018,3/4,2018.3/4,진단검사의학과,1
태백시,2018,4/4,2018.4/4,진단검사의학과,0
태백시,2019,1/4,2019.1/4,진단검사의학과,2
태백시,2019,2/4,2019.2/4,진단검사의학과,2
태백시,2019,3/4,2019.3/4,진단검사의학과,1
태백시,2019,4/4,2019.4/4,진단검사의학과,1
태백시,2020,1/4,2020.1/4,진단검사의학과,1
태백시,2020,2/4,2020.2/4,진단검사의학과,1
태백시,2020,3/4,2020.3/4,진단검사의학과,1
태백시,2020,4/4,2020.4/4,진단검사의학과,1
태백시,2021,1/4,2021.1/4,진단검사의학과,1
태백시,2021,2/4,2021.2/4,진단검사의학과,1
태백시,2021,3/4,2021.3/4,진단검사의학과,1
태백시,2021,4/4,2021.4/4,진단검사의학과,1
태백시,2022,1/4,2022.1/4,진단검사의학과,1
태백시,2022,2/4,2022.2/4,진단검사의학과,1
태백시,2022,3/4,2022.3/4,진단검사의학과,1
태백시,2022,4/4,2022.4/4,진단검사의학과,1
태백시,2023,1/4,2023.1/4,진단검사의학과,1
태백시,2023,2/4,2023.2/4,진단검사의학과,1
태백시,2023,3/4,2023.3/4,진단검사의학과,1
태백시,2023,4/4,2023.4/4,진단검사의학과,1
태백시,2024,1/4,2024.1/4,진단검사의학과,1
태백시,2024,2/4,2024.2/4,진단검사의학과,1
태백시,2024,3/4,2024.3/4,진단검사의학과,1
태백시,2024,4/4,2024.4/4,진단검사의학과,1
태백시,2025,1/4,2025.1/4,진단검사의학과,1
태백시,2025,2/4,2025.2/4,진단검사의학과,1
태백시,2025,3/4,2025.3/4,진단검사의학과,1
태백시,2025,4/4,2025.4/4,진단검사의학과,1
태백시,2009,1/4,2009.1/4,피부과,0
태백시,2009,2/4,2009.2/4,피부과,0
태백시,2009,3/4,2009.3/4,피부과,0
태백시,2009,4/4,2009.4/4,피부과,0
태백시,2010,1/4,2010.1/4,피부과,0
태백시,2010,2/4,2010.2/4,피부과,0
태백시,2010,3/4,2010.3/4,피부과,0
태백시,2010,4/4,2010.4/4,피부과,0
태백시,2011,1/4,2011.1/4,피부과,0
태백시,2011,2/4,2011.2/4,피부과,0
태백시,2011,3/4,2011.3/4,피부과,0
태백시,2011,4/4,2011.4/4,피부과,0
태백시,2012,1/4,2012.1/4,피부과,0
태백시,2012,2/4,2012.2/4,피부과,0
태백시,2012,3/4,2012.3/4,피부과,0
태백시,2012,4/4,2012.4/4,피부과,0
태백시,2013,1/4,2013.1/4,피부과,0
태백시,2013,2/4,2013.2/4,피부과,0
태백시,2013,3/4,2013.3/4,피부과,0
태백시,2013,4/4,2013.4/4,피부과,0
태백시,2014,1/4,2014.1/4,피부과,0
태백시,2014,2/4,2014.2/4,피부과,0
태백시,2014,3/4,2014.3/4,피부과,0
태백시,2014,4/4,2014.4/4,피부과,0
태백시,2015,1/4,2015.1/4,피부과,0
태백시,2015,2/4,2015.2/4,피부과,0
태백시,2015,3/4,2015.3/4,피부과,0
태백시,2015,4/4,2015.4/4,피부과,0
태백시,2016,1/4,2016.1/4,피부과,0
태백시,2016,2/4,2016.2/4,피부과,0
태백시,2016,3/4,2016.3/4,피부과,0
태백시,2016,4/4,2016.4/4,피부과,0
태백시,2017,1/4,2017.1/4,피부과,0
태백시,2017,2/4,2017.2/4,피부과,0
태백시,2017,3/4,2017.3/4,피부과,0
태백시,2017,4/4,2017.4/4,피부과,0
태백시,2018,1/4,2018.1/4,피부과,0
태백시,2018,2/4,2018.2/4,피부과,0
태백시,2018,3/4,2018.3/4,피부과,0
태백시,2018,4/4,2018.4/4,피부과,0
태백시,2019,1/4,2019.1/4,피부과,0
태백시,2019,2/4,2019.2/4,피부과,0
태백시,2019,3/4,2019.3/4,피부과,0
태백시,2019,4/4,2019.4/4,피부과,0
태백시,2020,1/4,2020.1/4,피부과,0
태백시,2020,2/4,2020.2/4,피부과,0
태백시,2020,3/4,2020.3/4,피부과,0
태백시,2020,4/4,2020.4/4,피부과,0
태백시,2021,1/4,2021.1/4,피부과,0
태백시,2021,2/4,2021.2/4,피부과,0
태백시,2021,3/4,2021.3/4,피부과,0
태백시,2021,4/4,2021.4/4,피부과,0
태백시,2022,1/4,2022.1/4,피부과,0
태백시,2022,2/4,2022.2/4,피부과,0
태백시,2022,3/4,2022.3/4,피부과,0
태백시,2022,4/4,2022.4/4,피부과,0
태백시,2023,1/4,2023.1/4,피부과,0
태백시,2023,2/4,2023.2/4,피부과,0
태백시,2023,3/4,2023.3/4,피부과,0
태백시,2023,4/4,2023.4/4,피부과,0
태백시,2024,1/4,2024.1/4,피부과,0
태백시,2024,2/4,2024.2/4,피부과,0
태백시,2024,3/4,2024.3/4,피부과,0
태백시,2024,4/4,2024.4/4,피부과,0
태백시,2025,1/4,2025.1/4,피부과,0
태백시,2025,2/4,2025.2/4,피부과,0
태백시,2025,3/4,2025.3/4,피부과,0
태백시,2025,4/4,2025.4/4,피부과,0
태백시,2009,1/4,2009.1/4,핵의학과,0
태백시,2009,2/4,2009.2/4,핵의학과,0
태백시,2009,3/4,2009.3/4,핵의학과,0
태백시,2009,4/4,2009.4/4,핵의학과,0
태백시,2010,1/4,2010.1/4,핵의학과,0
태백시,2010,2/4,2010.2/4,핵의학과,0
태백시,2010,3/4,2010.3/4,핵의학과,0
태백시,2010,4/4,2010.4/4,핵의학과,0
태백시,2011,1/4,2011.1/4,핵의학과,0
태백시,2011,2/4,2011.2/4,핵의학과,0
태백시,2011,3/4,2011.3/4,핵의학과,0
태백시,2011,4/4,2011.4/4,핵의학과,0
태백시,2012,1/4,2012.1/4,핵의학과,0
태백시,2012,2/4,2012.2/4,핵의학과,0
태백시,2012,3/4,2012.3/4,핵의학과,0
태백시,2012,4/4,2012.4/4,핵의학과,0
태백시,2013,1/4,2013.1/4,핵의학과,0
태백시,2013,2/4,2013.2/4,핵의학과,0
태백시,2013,3/4,2013.3/4,핵의학과,0
태백시,2013,4/4,2013.4/4,핵의학과,0
태백시,2014,1/4,2014.1/4,핵의학과,0
태백시,2014,2/4,2014.2/4,핵의학과,0
태백시,2014,3/4,2014.3/4,핵의학과,0
태백시,2014,4/4,2014.4/4,핵의학과,0
태백시,2015,1/4,2015.1/4,핵의학과,0
태백시,2015,2/4,2015.2/4,핵의학과,0
태백시,2015,3/4,2015.3/4,핵의학과,0
태백시,2015,4/4,2015.4/4,핵의학과,0
태백시,2016,1/4,2016.1/4,핵의학과,0
태백시,2016,2/4,2016.2/4,핵의학과,0
태백시,2016,3/4,2016.3/4,핵의학과,0
태백시,2016,4/4,2016.4/4,핵의학과,0
태백시,2017,1/4,2017.1/4,핵의학과,0
태백시,2017,2/4,2017.2/4,핵의학과,1
태백시,2017,3/4,2017.3/4,핵의학과,1
태백시,2017,4/4,2017.4/4,핵의학과,1
태백시,2018,1/4,2018.1/4,핵의학과,1
태백시,2018,2/4,2018.2/4,핵의학과,1
태백시,2018,3/4,2018.3/4,핵의학과,1
태백시,2018,4/4,2018.4/4,핵의학과,1
태백시,2019,1/4,2019.1/4,핵의학과,1
태백시,2019,2/4,2019.2/4,핵의학과,0
태백시,2019,3/4,2019.3/4,핵의학과,0
태백시,2019,4/4,2019.4/4,핵의학과,0
태백시,2020,1/4,2020.1/4,핵의학과,0
태백시,2020,2/4,2020.2/4,핵의학과,0
태백시,2020,3/4,2020.3/4,핵의학과,0
태백시,2020,4/4,2020.4/4,핵의학과,0
태백시,2021,1/4,2021.1/4,핵의학과,0
태백시,2021,2/4,2021.2/4,핵의학과,0
태백시,2021,3/4,2021.3/4,핵의학과,0
태백시,2021,4/4,2021.4/4,핵의학과,0
태백시,2022,1/4,2022.1/4,핵의학과,0
태백시,2022,2/4,2022.2/4,핵의학과,0
태백시,2022,3/4,2022.3/4,핵의학과,0
태백시,2022,4/4,2022.4/4,핵의학과,0
태백시,2023,1/4,2023.1/4,핵의학과,0
태백시,2023,2/4,2023.2/4,핵의학과,0
태백시,2023,3/4,2023.3/4,핵의학과,0
태백시,2023,4/4,2023.4/4,핵의학과,0
태백시,2024,1/4,2024.1/4,핵의학과,0
태백시,2024,2/4,2024.2/4,핵의학과,0
태백시,2024,3/4,2024.3/4,핵의학과,0
태백시,2024,4/4,2024.4/4,핵의학과,0
태백시,2025,1/4,2025.1/4,핵의학과,0
태백시,2025,2/4,2025.2/4,핵의학과,0
태백시,2025,3/4,2025.3/4,핵의학과,0
태백시,2025,4/4,2025.4/4,핵의학과,0
평창군,2009,1/4,2009.1/4,가정의학과,2
평창군,2009,2/4,2009.2/4,가정의학과,2
평창군,2009,3/4,2009.3/4,가정의학과,2
평창군,2009,4/4,2009.4/4,가정의학과,2
평창군,2010,1/4,2010.1/4,가정의학과,2
평창군,2010,2/4,2010.2/4,가정의학과,2
평창군,2010,3/4,2010.3/4,가정의학과,3
평창군,2010,4/4,2010.4/4,가정의학과,2
평창군,2011,1/4,2011.1/4,가정의학과,2
평창군,2011,2/4,2011.2/4,가정의학과,3
평창군,2011,3/4,2011.3/4,가정의학과,3
평창군,2011,4/4,2011.4/4,가정의학과,2
평창군,2012,1/4,2012.1/4,가정의학과,3
평창군,2012,2/4,2012.2/4,가정의학과,3
평창군,2012,3/4,2012.3/4,가정의학과,3
평창군,2012,4/4,2012.4/4,가정의학과,3
평창군,2013,1/4,2013.1/4,가정의학과,3
평창군,2013,2/4,2013.2/4,가정의학과,3
평창군,2013,3/4,2013.3/4,가정의학과,3
평창군,2013,4/4,2013.4/4,가정의학과,3
평창군,2014,1/4,2014.1/4,가정의학과,4
평창군,2014,2/4,2014.2/4,가정의학과,3
평창군,2014,3/4,2014.3/4,가정의학과,3
평창군,2014,4/4,2014.4/4,가정의학과,3
평창군,2015,1/4,2015.1/4,가정의학과,3
평창군,2015,2/4,2015.2/4,가정의학과,4
평창군,2015,3/4,2015.3/4,가정의학과,4
평창군,2015,4/4,2015.4/4,가정의학과,4
평창군,2016,1/4,2016.1/4,가정의학과,4
평창군,2016,2/4,2016.2/4,가정의학과,3
평창군,2016,3/4,2016.3/4,가정의학과,3
평창군,2016,4/4,2016.4/4,가정의학과,3
평창군,2017,1/4,2017.1/4,가정의학과,3
평창군,2017,2/4,2017.2/4,가정의학과,4
평창군,2017,3/4,2017.3/4,가정의학과,4
평창군,2017,4/4,2017.4/4,가정의학과,5
평창군,2018,1/4,2018.1/4,가정의학과,5
평창군,2018,2/4,2018.2/4,가정의학과,5
평창군,2018,3/4,2018.3/4,가정의학과,5
평창군,2018,4/4,2018.4/4,가정의학과,5
평창군,2019,1/4,2019.1/4,가정의학과,5
평창군,2019,2/4,2019.2/4,가정의학과,5
평창군,2019,3/4,2019.3/4,가정의학과,5
평창군,2019,4/4,2019.4/4,가정의학과,5
평창군,2020,1/4,2020.1/4,가정의학과,3
평창군,2020,2/4,2020.2/4,가정의학과,3
평창군,2020,3/4,2020.3/4,가정의학과,3
평창군,2020,4/4,2020.4/4,가정의학과,4
평창군,2021,1/4,2021.1/4,가정의학과,4
평창군,2021,2/4,2021.2/4,가정의학과,4
평창군,2021,3/4,2021.3/4,가정의학과,3
평창군,2021,4/4,2021.4/4,가정의학과,3
평창군,2022,1/4,2022.1/4,가정의학과,4
평창군,2022,2/4,2022.2/4,가정의학과,5
평창군,2022,3/4,2022.3/4,가정의학과,5
평창군,2022,4/4,2022.4/4,가정의학과,5
평창군,2023,1/4,2023.1/4,가정의학과,5
평창군,2023,2/4,2023.2/4,가정의학과,5
평창군,2023,3/4,2023.3/4,가정의학과,5
평창군,2023,4/4,2023.4/4,가정의학과,5
평창군,2024,1/4,2024.1/4,가정의학과,6
평창군,2024,2/4,2024.2/4,가정의학과,6
평창군,2024,3/4,2024.3/4,가정의학과,6
평창군,2024,4/4,2024.4/4,가정의학과,7
평창군,2025,1/4,2025.1/4,가정의학과,7
평창군,2025,2/4,2025.2/4,가정의학과,6
평창군,2025,3/4,2025.3/4,가정의학과,6
평창군,2025,4/4,2025.4/4,가정의학과,6
평창군,2009,1/4,2009.1/4,결핵과,0
평창군,2009,2/4,2009.2/4,결핵과,0
평창군,2009,3/4,2009.3/4,결핵과,0
평창군,2009,4/4,2009.4/4,결핵과,0
평창군,2010,1/4,2010.1/4,결핵과,0
평창군,2010,2/4,2010.2/4,결핵과,0
평창군,2010,3/4,2010.3/4,결핵과,0
평창군,2010,4/4,2010.4/4,결핵과,0
평창군,2011,1/4,2011.1/4,결핵과,0
평창군,2011,2/4,2011.2/4,결핵과,0
평창군,2011,3/4,2011.3/4,결핵과,0
평창군,2011,4/4,2011.4/4,결핵과,0
평창군,2012,1/4,2012.1/4,결핵과,0
평창군,2012,2/4,2012.2/4,결핵과,0
평창군,2012,3/4,2012.3/4,결핵과,0
평창군,2012,4/4,2012.4/4,결핵과,0
평창군,2013,1/4,2013.1/4,결핵과,0
평창군,2013,2/4,2013.2/4,결핵과,0
평창군,2013,3/4,2013.3/4,결핵과,0
평창군,2013,4/4,2013.4/4,결핵과,0
평창군,2014,1/4,2014.1/4,결핵과,0
평창군,2014,2/4,2014.2/4,결핵과,0
평창군,2014,3/4,2014.3/4,결핵과,0
평창군,2014,4/4,2014.4/4,결핵과,0
평창군,2015,1/4,2015.1/4,결핵과,0
평창군,2015,2/4,2015.2/4,결핵과,0
평창군,2015,3/4,2015.3/4,결핵과,0
평창군,2015,4/4,2015.4/4,결핵과,0
평창군,2016,1/4,2016.1/4,결핵과,0
평창군,2016,2/4,2016.2/4,결핵과,0
평창군,2016,3/4,2016.3/4,결핵과,0
평창군,2016,4/4,2016.4/4,결핵과,0
평창군,2017,1/4,2017.1/4,결핵과,0
평창군,2017,2/4,2017.2/4,결핵과,0
평창군,2017,3/4,2017.3/4,결핵과,0
평창군,2017,4/4,2017.4/4,결핵과,0
평창군,2018,1/4,2018.1/4,결핵과,0
평창군,2018,2/4,2018.2/4,결핵과,0
평창군,2018,3/4,2018.3/4,결핵과,0
평창군,2018,4/4,2018.4/4,결핵과,0
평창군,2019,1/4,2019.1/4,결핵과,0
평창군,2019,2/4,2019.2/4,결핵과,0
평창군,2019,3/4,2019.3/4,결핵과,0
평창군,2019,4/4,2019.4/4,결핵과,0
평창군,2020,1/4,2020.1/4,결핵과,0
평창군,2020,2/4,2020.2/4,결핵과,0
평창군,2020,3/4,2020.3/4,결핵과,0
평창군,2020,4/4,2020.4/4,결핵과,0
평창군,2021,1/4,2021.1/4,결핵과,0
평창군,2021,2/4,2021.2/4,결핵과,0
평창군,2021,3/4,2021.3/4,결핵과,0
평창군,2021,4/4,2021.4/4,결핵과,0
평창군,2022,1/4,2022.1/4,결핵과,0
평창군,2022,2/4,2022.2/4,결핵과,0
평창군,2022,3/4,2022.3/4,결핵과,0
평창군,2022,4/4,2022.4/4,결핵과,0
평창군,2023,1/4,2023.1/4,결핵과,0
평창군,2023,2/4,2023.2/4,결핵과,0
평창군,2023,3/4,2023.3/4,결핵과,0
평창군,2023,4/4,2023.4/4,결핵과,0
평창군,2024,1/4,2024.1/4,결핵과,0
평창군,2024,2/4,2024.2/4,결핵과,0
평창군,2024,3/4,2024.3/4,결핵과,0
평창군,2024,4/4,2024.4/4,결핵과,0
평창군,2025,1/4,2025.1/4,결핵과,0
평창군,2025,2/4,2025.2/4,결핵과,0
평창군,2025,3/4,2025.3/4,결핵과,0
평창군,2025,4/4,2025.4/4,결핵과,0
평창군,2009,1/4,2009.1/4,내과,2
평창군,2009,2/4,2009.2/4,내과,2
평창군,2009,3/4,2009.3/4,내과,2
평창군,2009,4/4,2009.4/4,내과,2
평창군,2010,1/4,2010.1/4,내과,2
평창군,2010,2/4,2010.2/4,내과,2
평창군,2010,3/4,2010.3/4,내과,2
평창군,2010,4/4,2010.4/4,내과,2
평창군,2011,1/4,2011.1/4,내과,2
평창군,2011,2/4,2011.2/4,내과,2
평창군,2011,3/4,2011.3/4,내과,2
평창군,2011,4/4,2011.4/4,내과,2
평창군,2012,1/4,2012.1/4,내과,2
평창군,2012,2/4,2012.2/4,내과,2
평창군,2012,3/4,2012.3/4,내과,3
평창군,2012,4/4,2012.4/4,내과,3
평창군,2013,1/4,2013.1/4,내과,3
평창군,2013,2/4,2013.2/4,내과,3
평창군,2013,3/4,2013.3/4,내과,3
평창군,2013,4/4,2013.4/4,내과,3
평창군,2014,1/4,2014.1/4,내과,3
평창군,2014,2/4,2014.2/4,내과,4
평창군,2014,3/4,2014.3/4,내과,4
평창군,2014,4/4,2014.4/4,내과,5
평창군,2015,1/4,2015.1/4,내과,5
평창군,2015,2/4,2015.2/4,내과,5
평창군,2015,3/4,2015.3/4,내과,5
평창군,2015,4/4,2015.4/4,내과,5
평창군,2016,1/4,2016.1/4,내과,4
평창군,2016,2/4,2016.2/4,내과,4
평창군,2016,3/4,2016.3/4,내과,4
평창군,2016,4/4,2016.4/4,내과,4
평창군,2017,1/4,2017.1/4,내과,4
평창군,2017,2/4,2017.2/4,내과,3
평창군,2017,3/4,2017.3/4,내과,3
평창군,2017,4/4,2017.4/4,내과,3
평창군,2018,1/4,2018.1/4,내과,3
평창군,2018,2/4,2018.2/4,내과,3
평창군,2018,3/4,2018.3/4,내과,3
평창군,2018,4/4,2018.4/4,내과,3
평창군,2019,1/4,2019.1/4,내과,3
평창군,2019,2/4,2019.2/4,내과,3
평창군,2019,3/4,2019.3/4,내과,3
평창군,2019,4/4,2019.4/4,내과,3
평창군,2020,1/4,2020.1/4,내과,4
평창군,2020,2/4,2020.2/4,내과,4
평창군,2020,3/4,2020.3/4,내과,4
평창군,2020,4/4,2020.4/4,내과,4
평창군,2021,1/4,2021.1/4,내과,4
평창군,2021,2/4,2021.2/4,내과,4
평창군,2021,3/4,2021.3/4,내과,4
평창군,2021,4/4,2021.4/4,내과,4
평창군,2022,1/4,2022.1/4,내과,3
평창군,2022,2/4,2022.2/4,내과,3
평창군,2022,3/4,2022.3/4,내과,3
평창군,2022,4/4,2022.4/4,내과,4
평창군,2023,1/4,2023.1/4,내과,4
평창군,2023,2/4,2023.2/4,내과,4
평창군,2023,3/4,2023.3/4,내과,4
평창군,2023,4/4,2023.4/4,내과,4
평창군,2024,1/4,2024.1/4,내과,4
평창군,2024,2/4,2024.2/4,내과,4
평창군,2024,3/4,2024.3/4,내과,3
평창군,2024,4/4,2024.4/4,내과,4
평창군,2025,1/4,2025.1/4,내과,4
평창군,2025,2/4,2025.2/4,내과,4
평창군,2025,3/4,2025.3/4,내과,4
평창군,2025,4/4,2025.4/4,내과,4
평창군,2009,1/4,2009.1/4,마취통증의학과,4
평창군,2009,2/4,2009.2/4,마취통증의학과,4
평창군,2009,3/4,2009.3/4,마취통증의학과,3
평창군,2009,4/4,2009.4/4,마취통증의학과,3
평창군,2010,1/4,2010.1/4,마취통증의학과,3
평창군,2010,2/4,2010.2/4,마취통증의학과,3
평창군,2010,3/4,2010.3/4,마취통증의학과,3
평창군,2010,4/4,2010.4/4,마취통증의학과,3
평창군,2011,1/4,2011.1/4,마취통증의학과,3
평창군,2011,2/4,2011.2/4,마취통증의학과,3
평창군,2011,3/4,2011.3/4,마취통증의학과,3
평창군,2011,4/4,2011.4/4,마취통증의학과,3
평창군,2012,1/4,2012.1/4,마취통증의학과,3
평창군,2012,2/4,2012.2/4,마취통증의학과,3
평창군,2012,3/4,2012.3/4,마취통증의학과,3
평창군,2012,4/4,2012.4/4,마취통증의학과,3
평창군,2013,1/4,2013.1/4,마취통증의학과,2
평창군,2013,2/4,2013.2/4,마취통증의학과,2
평창군,2013,3/4,2013.3/4,마취통증의학과,2
평창군,2013,4/4,2013.4/4,마취통증의학과,2
평창군,2014,1/4,2014.1/4,마취통증의학과,2
평창군,2014,2/4,2014.2/4,마취통증의학과,2
평창군,2014,3/4,2014.3/4,마취통증의학과,2
평창군,2014,4/4,2014.4/4,마취통증의학과,2
평창군,2015,1/4,2015.1/4,마취통증의학과,2
평창군,2015,2/4,2015.2/4,마취통증의학과,3
평창군,2015,3/4,2015.3/4,마취통증의학과,3
평창군,2015,4/4,2015.4/4,마취통증의학과,3
평창군,2016,1/4,2016.1/4,마취통증의학과,3
평창군,2016,2/4,2016.2/4,마취통증의학과,3
평창군,2016,3/4,2016.3/4,마취통증의학과,3
평창군,2016,4/4,2016.4/4,마취통증의학과,3
평창군,2017,1/4,2017.1/4,마취통증의학과,3
평창군,2017,2/4,2017.2/4,마취통증의학과,3
평창군,2017,3/4,2017.3/4,마취통증의학과,3
평창군,2017,4/4,2017.4/4,마취통증의학과,3
평창군,2018,1/4,2018.1/4,마취통증의학과,3
평창군,2018,2/4,2018.2/4,마취통증의학과,2
평창군,2018,3/4,2018.3/4,마취통증의학과,2
평창군,2018,4/4,2018.4/4,마취통증의학과,2
평창군,2019,1/4,2019.1/4,마취통증의학과,2
평창군,2019,2/4,2019.2/4,마취통증의학과,3
평창군,2019,3/4,2019.3/4,마취통증의학과,3
평창군,2019,4/4,2019.4/4,마취통증의학과,3
평창군,2020,1/4,2020.1/4,마취통증의학과,4
평창군,2020,2/4,2020.2/4,마취통증의학과,4
평창군,2020,3/4,2020.3/4,마취통증의학과,3
평창군,2020,4/4,2020.4/4,마취통증의학과,3
평창군,2021,1/4,2021.1/4,마취통증의학과,3
평창군,2021,2/4,2021.2/4,마취통증의학과,3
평창군,2021,3/4,2021.3/4,마취통증의학과,3
평창군,2021,4/4,2021.4/4,마취통증의학과,4
평창군,2022,1/4,2022.1/4,마취통증의학과,1
평창군,2022,2/4,2022.2/4,마취통증의학과,2
평창군,2022,3/4,2022.3/4,마취통증의학과,2
평창군,2022,4/4,2022.4/4,마취통증의학과,2
평창군,2023,1/4,2023.1/4,마취통증의학과,2
평창군,2023,2/4,2023.2/4,마취통증의학과,2
평창군,2023,3/4,2023.3/4,마취통증의학과,2
평창군,2023,4/4,2023.4/4,마취통증의학과,2
평창군,2024,1/4,2024.1/4,마취통증의학과,2
평창군,2024,2/4,2024.2/4,마취통증의학과,2
평창군,2024,3/4,2024.3/4,마취통증의학과,2
평창군,2024,4/4,2024.4/4,마취통증의학과,2
평창군,2025,1/4,2025.1/4,마취통증의학과,2
평창군,2025,2/4,2025.2/4,마취통증의학과,1
평창군,2025,3/4,2025.3/4,마취통증의학과,1
평창군,2025,4/4,2025.4/4,마취통증의학과,1
평창군,2009,1/4,2009.1/4,방사선종양학과,0
평창군,2009,2/4,2009.2/4,방사선종양학과,0
평창군,2009,3/4,2009.3/4,방사선종양학과,0
평창군,2009,4/4,2009.4/4,방사선종양학과,0
평창군,2010,1/4,2010.1/4,방사선종양학과,0
평창군,2010,2/4,2010.2/4,방사선종양학과,0
평창군,2010,3/4,2010.3/4,방사선종양학과,0
평창군,2010,4/4,2010.4/4,방사선종양학과,0
평창군,2011,1/4,2011.1/4,방사선종양학과,0
평창군,2011,2/4,2011.2/4,방사선종양학과,0
평창군,2011,3/4,2011.3/4,방사선종양학과,0
평창군,2011,4/4,2011.4/4,방사선종양학과,0
평창군,2012,1/4,2012.1/4,방사선종양학과,0
평창군,2012,2/4,2012.2/4,방사선종양학과,0
평창군,2012,3/4,2012.3/4,방사선종양학과,0
평창군,2012,4/4,2012.4/4,방사선종양학과,0
평창군,2013,1/4,2013.1/4,방사선종양학과,0
평창군,2013,2/4,2013.2/4,방사선종양학과,0
평창군,2013,3/4,2013.3/4,방사선종양학과,0
평창군,2013,4/4,2013.4/4,방사선종양학과,0
평창군,2014,1/4,2014.1/4,방사선종양학과,0
평창군,2014,2/4,2014.2/4,방사선종양학과,0
평창군,2014,3/4,2014.3/4,방사선종양학과,0
평창군,2014,4/4,2014.4/4,방사선종양학과,0
평창군,2015,1/4,2015.1/4,방사선종양학과,0
평창군,2015,2/4,2015.2/4,방사선종양학과,0
평창군,2015,3/4,2015.3/4,방사선종양학과,0
평창군,2015,4/4,2015.4/4,방사선종양학과,0
평창군,2016,1/4,2016.1/4,방사선종양학과,0
평창군,2016,2/4,2016.2/4,방사선종양학과,0
평창군,2016,3/4,2016.3/4,방사선종양학과,0
평창군,2016,4/4,2016.4/4,방사선종양학과,0
평창군,2017,1/4,2017.1/4,방사선종양학과,0
평창군,2017,2/4,2017.2/4,방사선종양학과,0
평창군,2017,3/4,2017.3/4,방사선종양학과,0
평창군,2017,4/4,2017.4/4,방사선종양학과,0
평창군,2018,1/4,2018.1/4,방사선종양학과,0
평창군,2018,2/4,2018.2/4,방사선종양학과,0
평창군,2018,3/4,2018.3/4,방사선종양학과,0
평창군,2018,4/4,2018.4/4,방사선종양학과,0
평창군,2019,1/4,2019.1/4,방사선종양학과,0
평창군,2019,2/4,2019.2/4,방사선종양학과,0
평창군,2019,3/4,2019.3/4,방사선종양학과,0
평창군,2019,4/4,2019.4/4,방사선종양학과,0
평창군,2020,1/4,2020.1/4,방사선종양학과,0
평창군,2020,2/4,2020.2/4,방사선종양학과,0
평창군,2020,3/4,2020.3/4,방사선종양학과,0
평창군,2020,4/4,2020.4/4,방사선종양학과,0
평창군,2021,1/4,2021.1/4,방사선종양학과,0
평창군,2021,2/4,2021.2/4,방사선종양학과,0
평창군,2021,3/4,2021.3/4,방사선종양학과,0
평창군,2021,4/4,2021.4/4,방사선종양학과,0
평창군,2022,1/4,2022.1/4,방사선종양학과,0
평창군,2022,2/4,2022.2/4,방사선종양학과,0
평창군,2022,3/4,2022.3/4,방사선종양학과,0
평창군,2022,4/4,2022.4/4,방사선종양학과,0
평창군,2023,1/4,2023.1/4,방사선종양학과,0
평창군,2023,2/4,2023.2/4,방사선종양학과,0
평창군,2023,3/4,2023.3/4,방사선종양학과,0
평창군,2023,4/4,2023.4/4,방사선종양학과,0
평창군,2024,1/4,2024.1/4,방사선종양학과,0
평창군,2024,2/4,2024.2/4,방사선종양학과,0
평창군,2024,3/4,2024.3/4,방사선종양학과,0
평창군,2024,4/4,2024.4/4,방사선종양학과,0
평창군,2025,1/4,2025.1/4,방사선종양학과,0
평창군,2025,2/4,2025.2/4,방사선종양학과,0
평창군,2025,3/4,2025.3/4,방사선종양학과,0
평창군,2025,4/4,2025.4/4,방사선종양학과,0
평창군,2009,1/4,2009.1/4,병리과,0
평창군,2009,2/4,2009.2/4,병리과,0
평창군,2009,3/4,2009.3/4,병리과,0
평창군,2009,4/4,2009.4/4,병리과,0
평창군,2010,1/4,2010.1/4,병리과,0
평창군,2010,2/4,2010.2/4,병리과,0
평창군,2010,3/4,2010.3/4,병리과,0
평창군,2010,4/4,2010.4/4,병리과,0
평창군,2011,1/4,2011.1/4,병리과,0
평창군,2011,2/4,2011.2/4,병리과,0
평창군,2011,3/4,2011.3/4,병리과,0
평창군,2011,4/4,2011.4/4,병리과,0
평창군,2012,1/4,2012.1/4,병리과,0
평창군,2012,2/4,2012.2/4,병리과,0
평창군,2012,3/4,2012.3/4,병리과,0
평창군,2012,4/4,2012.4/4,병리과,0
평창군,2013,1/4,2013.1/4,병리과,0
평창군,2013,2/4,2013.2/4,병리과,0
평창군,2013,3/4,2013.3/4,병리과,0
평창군,2013,4/4,2013.4/4,병리과,0
평창군,2014,1/4,2014.1/4,병리과,0
평창군,2014,2/4,2014.2/4,병리과,0
평창군,2014,3/4,2014.3/4,병리과,0
평창군,2014,4/4,2014.4/4,병리과,0
평창군,2015,1/4,2015.1/4,병리과,0
평창군,2015,2/4,2015.2/4,병리과,0
평창군,2015,3/4,2015.3/4,병리과,0
평창군,2015,4/4,2015.4/4,병리과,0
평창군,2016,1/4,2016.1/4,병리과,0
평창군,2016,2/4,2016.2/4,병리과,0
평창군,2016,3/4,2016.3/4,병리과,0
평창군,2016,4/4,2016.4/4,병리과,0
평창군,2017,1/4,2017.1/4,병리과,0
평창군,2017,2/4,2017.2/4,병리과,0
평창군,2017,3/4,2017.3/4,병리과,0
평창군,2017,4/4,2017.4/4,병리과,0
평창군,2018,1/4,2018.1/4,병리과,0
평창군,2018,2/4,2018.2/4,병리과,0
평창군,2018,3/4,2018.3/4,병리과,0
평창군,2018,4/4,2018.4/4,병리과,0
평창군,2019,1/4,2019.1/4,병리과,0
평창군,2019,2/4,2019.2/4,병리과,0
평창군,2019,3/4,2019.3/4,병리과,0
평창군,2019,4/4,2019.4/4,병리과,0
평창군,2020,1/4,2020.1/4,병리과,0
평창군,2020,2/4,2020.2/4,병리과,0
평창군,2020,3/4,2020.3/4,병리과,0
평창군,2020,4/4,2020.4/4,병리과,0
평창군,2021,1/4,2021.1/4,병리과,0
평창군,2021,2/4,2021.2/4,병리과,0
평창군,2021,3/4,2021.3/4,병리과,0
평창군,2021,4/4,2021.4/4,병리과,0
평창군,2022,1/4,2022.1/4,병리과,0
평창군,2022,2/4,2022.2/4,병리과,0
평창군,2022,3/4,2022.3/4,병리과,0
평창군,2022,4/4,2022.4/4,병리과,0
평창군,2023,1/4,2023.1/4,병리과,0
평창군,2023,2/4,2023.2/4,병리과,0
평창군,2023,3/4,2023.3/4,병리과,0
평창군,2023,4/4,2023.4/4,병리과,0
평창군,2024,1/4,2024.1/4,병리과,0
평창군,2024,2/4,2024.2/4,병리과,0
평창군,2024,3/4,2024.3/4,병리과,0
평창군,2024,4/4,2024.4/4,병리과,0
평창군,2025,1/4,2025.1/4,병리과,0
평창군,2025,2/4,2025.2/4,병리과,0
평창군,2025,3/4,2025.3/4,병리과,0
평창군,2025,4/4,2025.4/4,병리과,0
평창군,2009,1/4,2009.1/4,비뇨의학과,0
평창군,2009,2/4,2009.2/4,비뇨의학과,0
평창군,2009,3/4,2009.3/4,비뇨의학과,0
평창군,2009,4/4,2009.4/4,비뇨의학과,0
평창군,2010,1/4,2010.1/4,비뇨의학과,0
평창군,2010,2/4,2010.2/4,비뇨의학과,0
평창군,2010,3/4,2010.3/4,비뇨의학과,0
평창군,2010,4/4,2010.4/4,비뇨의학과,0
평창군,2011,1/4,2011.1/4,비뇨의학과,0
평창군,2011,2/4,2011.2/4,비뇨의학과,0
평창군,2011,3/4,2011.3/4,비뇨의학과,0
평창군,2011,4/4,2011.4/4,비뇨의학과,0
평창군,2012,1/4,2012.1/4,비뇨의학과,0
평창군,2012,2/4,2012.2/4,비뇨의학과,0
평창군,2012,3/4,2012.3/4,비뇨의학과,0
평창군,2012,4/4,2012.4/4,비뇨의학과,0
평창군,2013,1/4,2013.1/4,비뇨의학과,0
평창군,2013,2/4,2013.2/4,비뇨의학과,0
평창군,2013,3/4,2013.3/4,비뇨의학과,0
평창군,2013,4/4,2013.4/4,비뇨의학과,0
평창군,2014,1/4,2014.1/4,비뇨의학과,0
평창군,2014,2/4,2014.2/4,비뇨의학과,2
평창군,2014,3/4,2014.3/4,비뇨의학과,2
평창군,2014,4/4,2014.4/4,비뇨의학과,2
평창군,2015,1/4,2015.1/4,비뇨의학과,2
평창군,2015,2/4,2015.2/4,비뇨의학과,2
평창군,2015,3/4,2015.3/4,비뇨의학과,3
평창군,2015,4/4,2015.4/4,비뇨의학과,3
평창군,2016,1/4,2016.1/4,비뇨의학과,3
평창군,2016,2/4,2016.2/4,비뇨의학과,3
평창군,2016,3/4,2016.3/4,비뇨의학과,3
평창군,2016,4/4,2016.4/4,비뇨의학과,3
평창군,2017,1/4,2017.1/4,비뇨의학과,3
평창군,2017,2/4,2017.2/4,비뇨의학과,1
평창군,2017,3/4,2017.3/4,비뇨의학과,1
평창군,2017,4/4,2017.4/4,비뇨의학과,1
평창군,2018,1/4,2018.1/4,비뇨의학과,1
평창군,2018,2/4,2018.2/4,비뇨의학과,0
평창군,2018,3/4,2018.3/4,비뇨의학과,0
평창군,2018,4/4,2018.4/4,비뇨의학과,0
평창군,2019,1/4,2019.1/4,비뇨의학과,0
평창군,2019,2/4,2019.2/4,비뇨의학과,0
평창군,2019,3/4,2019.3/4,비뇨의학과,0
평창군,2019,4/4,2019.4/4,비뇨의학과,0
평창군,2020,1/4,2020.1/4,비뇨의학과,0
평창군,2020,2/4,2020.2/4,비뇨의학과,0
평창군,2020,3/4,2020.3/4,비뇨의학과,0
평창군,2020,4/4,2020.4/4,비뇨의학과,0
평창군,2021,1/4,2021.1/4,비뇨의학과,0
평창군,2021,2/4,2021.2/4,비뇨의학과,0
평창군,2021,3/4,2021.3/4,비뇨의학과,0
평창군,2021,4/4,2021.4/4,비뇨의학과,0
평창군,2022,1/4,2022.1/4,비뇨의학과,0
평창군,2022,2/4,2022.2/4,비뇨의학과,0
평창군,2022,3/4,2022.3/4,비뇨의학과,0
평창군,2022,4/4,2022.4/4,비뇨의학과,0
평창군,2023,1/4,2023.1/4,비뇨의학과,0
평창군,2023,2/4,2023.2/4,비뇨의학과,0
평창군,2023,3/4,2023.3/4,비뇨의학과,0
평창군,2023,4/4,2023.4/4,비뇨의학과,0
평창군,2024,1/4,2024.1/4,비뇨의학과,0
평창군,2024,2/4,2024.2/4,비뇨의학과,0
평창군,2024,3/4,2024.3/4,비뇨의학과,0
평창군,2024,4/4,2024.4/4,비뇨의학과,0
평창군,2025,1/4,2025.1/4,비뇨의학과,0
평창군,2025,2/4,2025.2/4,비뇨의학과,0
평창군,2025,3/4,2025.3/4,비뇨의학과,0
평창군,2025,4/4,2025.4/4,비뇨의학과,0
평창군,2009,1/4,2009.1/4,산부인과,2
평창군,2009,2/4,2009.2/4,산부인과,3
평창군,2009,3/4,2009.3/4,산부인과,3
평창군,2009,4/4,2009.4/4,산부인과,3
평창군,2010,1/4,2010.1/4,산부인과,2
평창군,2010,2/4,2010.2/4,산부인과,2
평창군,2010,3/4,2010.3/4,산부인과,2
평창군,2010,4/4,2010.4/4,산부인과,2
평창군,2011,1/4,2011.1/4,산부인과,2
평창군,2011,2/4,2011.2/4,산부인과,2
평창군,2011,3/4,2011.3/4,산부인과,2
평창군,2011,4/4,2011.4/4,산부인과,2
평창군,2012,1/4,2012.1/4,산부인과,2
평창군,2012,2/4,2012.2/4,산부인과,2
평창군,2012,3/4,2012.3/4,산부인과,2
평창군,2012,4/4,2012.4/4,산부인과,2
평창군,2013,1/4,2013.1/4,산부인과,2
평창군,2013,2/4,2013.2/4,산부인과,2
평창군,2013,3/4,2013.3/4,산부인과,2
평창군,2013,4/4,2013.4/4,산부인과,2
평창군,2014,1/4,2014.1/4,산부인과,2
평창군,2014,2/4,2014.2/4,산부인과,2
평창군,2014,3/4,2014.3/4,산부인과,2
평창군,2014,4/4,2014.4/4,산부인과,2
평창군,2015,1/4,2015.1/4,산부인과,2
평창군,2015,2/4,2015.2/4,산부인과,2
평창군,2015,3/4,2015.3/4,산부인과,2
평창군,2015,4/4,2015.4/4,산부인과,2
평창군,2016,1/4,2016.1/4,산부인과,2
평창군,2016,2/4,2016.2/4,산부인과,2
평창군,2016,3/4,2016.3/4,산부인과,3
평창군,2016,4/4,2016.4/4,산부인과,3
평창군,2017,1/4,2017.1/4,산부인과,3
평창군,2017,2/4,2017.2/4,산부인과,3
평창군,2017,3/4,2017.3/4,산부인과,3
평창군,2017,4/4,2017.4/4,산부인과,3
평창군,2018,1/4,2018.1/4,산부인과,3
평창군,2018,2/4,2018.2/4,산부인과,3
평창군,2018,3/4,2018.3/4,산부인과,3
평창군,2018,4/4,2018.4/4,산부인과,3
평창군,2019,1/4,2019.1/4,산부인과,3
평창군,2019,2/4,2019.2/4,산부인과,3
평창군,2019,3/4,2019.3/4,산부인과,3
평창군,2019,4/4,2019.4/4,산부인과,3
평창군,2020,1/4,2020.1/4,산부인과,3
평창군,2020,2/4,2020.2/4,산부인과,2
평창군,2020,3/4,2020.3/4,산부인과,2
평창군,2020,4/4,2020.4/4,산부인과,2
평창군,2021,1/4,2021.1/4,산부인과,2
평창군,2021,2/4,2021.2/4,산부인과,2
평창군,2021,3/4,2021.3/4,산부인과,2
평창군,2021,4/4,2021.4/4,산부인과,2
평창군,2022,1/4,2022.1/4,산부인과,2
평창군,2022,2/4,2022.2/4,산부인과,1
평창군,2022,3/4,2022.3/4,산부인과,2
평창군,2022,4/4,2022.4/4,산부인과,2
평창군,2023,1/4,2023.1/4,산부인과,2
평창군,2023,2/4,2023.2/4,산부인과,2
평창군,2023,3/4,2023.3/4,산부인과,2
평창군,2023,4/4,2023.4/4,산부인과,2
평창군,2024,1/4,2024.1/4,산부인과,2
평창군,2024,2/4,2024.2/4,산부인과,2
평창군,2024,3/4,2024.3/4,산부인과,2
평창군,2024,4/4,2024.4/4,산부인과,2
평창군,2025,1/4,2025.1/4,산부인과,2
평창군,2025,2/4,2025.2/4,산부인과,2
평창군,2025,3/4,2025.3/4,산부인과,2
평창군,2025,4/4,2025.4/4,산부인과,2
평창군,2009,1/4,2009.1/4,성형외과,1
평창군,2009,2/4,2009.2/4,성형외과,1
평창군,2009,3/4,2009.3/4,성형외과,1
평창군,2009,4/4,2009.4/4,성형외과,1
평창군,2010,1/4,2010.1/4,성형외과,1
평창군,2010,2/4,2010.2/4,성형외과,1
평창군,2010,3/4,2010.3/4,성형외과,1
평창군,2010,4/4,2010.4/4,성형외과,1
평창군,2011,1/4,2011.1/4,성형외과,1
평창군,2011,2/4,2011.2/4,성형외과,1
평창군,2011,3/4,2011.3/4,성형외과,1
평창군,2011,4/4,2011.4/4,성형외과,1
평창군,2012,1/4,2012.1/4,성형외과,1
평창군,2012,2/4,2012.2/4,성형외과,1
평창군,2012,3/4,2012.3/4,성형외과,1
평창군,2012,4/4,2012.4/4,성형외과,1
평창군,2013,1/4,2013.1/4,성형외과,1
평창군,2013,2/4,2013.2/4,성형외과,1
평창군,2013,3/4,2013.3/4,성형외과,1
평창군,2013,4/4,2013.4/4,성형외과,1
평창군,2014,1/4,2014.1/4,성형외과,1
평창군,2014,2/4,2014.2/4,성형외과,2
평창군,2014,3/4,2014.3/4,성형외과,2
평창군,2014,4/4,2014.4/4,성형외과,2
평창군,2015,1/4,2015.1/4,성형외과,2
평창군,2015,2/4,2015.2/4,성형외과,2
평창군,2015,3/4,2015.3/4,성형외과,2
평창군,2015,4/4,2015.4/4,성형외과,2
평창군,2016,1/4,2016.1/4,성형외과,2
평창군,2016,2/4,2016.2/4,성형외과,3
평창군,2016,3/4,2016.3/4,성형외과,3
평창군,2016,4/4,2016.4/4,성형외과,3
평창군,2017,1/4,2017.1/4,성형외과,3
평창군,2017,2/4,2017.2/4,성형외과,3
평창군,2017,3/4,2017.3/4,성형외과,3
평창군,2017,4/4,2017.4/4,성형외과,3
평창군,2018,1/4,2018.1/4,성형외과,3
평창군,2018,2/4,2018.2/4,성형외과,2
평창군,2018,3/4,2018.3/4,성형외과,2
평창군,2018,4/4,2018.4/4,성형외과,2
평창군,2019,1/4,2019.1/4,성형외과,2
평창군,2019,2/4,2019.2/4,성형외과,1
평창군,2019,3/4,2019.3/4,성형외과,1
평창군,2019,4/4,2019.4/4,성형외과,1
평창군,2020,1/4,2020.1/4,성형외과,1
평창군,2020,2/4,2020.2/4,성형외과,1
평창군,2020,3/4,2020.3/4,성형외과,1
평창군,2020,4/4,2020.4/4,성형외과,1
평창군,2021,1/4,2021.1/4,성형외과,1
평창군,2021,2/4,2021.2/4,성형외과,1
평창군,2021,3/4,2021.3/4,성형외과,1
평창군,2021,4/4,2021.4/4,성형외과,1
평창군,2022,1/4,2022.1/4,성형외과,1
평창군,2022,2/4,2022.2/4,성형외과,2
평창군,2022,3/4,2022.3/4,성형외과,2
평창군,2022,4/4,2022.4/4,성형외과,2
평창군,2023,1/4,2023.1/4,성형외과,1
평창군,2023,2/4,2023.2/4,성형외과,3
평창군,2023,3/4,2023.3/4,성형외과,3
평창군,2023,4/4,2023.4/4,성형외과,3
평창군,2024,1/4,2024.1/4,성형외과,3
평창군,2024,2/4,2024.2/4,성형외과,2
평창군,2024,3/4,2024.3/4,성형외과,2
평창군,2024,4/4,2024.4/4,성형외과,2
평창군,2025,1/4,2025.1/4,성형외과,2
평창군,2025,2/4,2025.2/4,성형외과,0
평창군,2025,3/4,2025.3/4,성형외과,0
평창군,2025,4/4,2025.4/4,성형외과,0
평창군,2009,1/4,2009.1/4,소아청소년과,2
평창군,2009,2/4,2009.2/4,소아청소년과,2
평창군,2009,3/4,2009.3/4,소아청소년과,2
평창군,2009,4/4,2009.4/4,소아청소년과,2
평창군,2010,1/4,2010.1/4,소아청소년과,2
평창군,2010,2/4,2010.2/4,소아청소년과,1
평창군,2010,3/4,2010.3/4,소아청소년과,1
평창군,2010,4/4,2010.4/4,소아청소년과,1
평창군,2011,1/4,2011.1/4,소아청소년과,1
평창군,2011,2/4,2011.2/4,소아청소년과,1
평창군,2011,3/4,2011.3/4,소아청소년과,1
평창군,2011,4/4,2011.4/4,소아청소년과,1
평창군,2012,1/4,2012.1/4,소아청소년과,1
평창군,2012,2/4,2012.2/4,소아청소년과,1
평창군,2012,3/4,2012.3/4,소아청소년과,1
평창군,2012,4/4,2012.4/4,소아청소년과,1
평창군,2013,1/4,2013.1/4,소아청소년과,1
평창군,2013,2/4,2013.2/4,소아청소년과,1
평창군,2013,3/4,2013.3/4,소아청소년과,1
평창군,2013,4/4,2013.4/4,소아청소년과,1
평창군,2014,1/4,2014.1/4,소아청소년과,1
평창군,2014,2/4,2014.2/4,소아청소년과,1
평창군,2014,3/4,2014.3/4,소아청소년과,1
평창군,2014,4/4,2014.4/4,소아청소년과,1
평창군,2015,1/4,2015.1/4,소아청소년과,1
평창군,2015,2/4,2015.2/4,소아청소년과,1
평창군,2015,3/4,2015.3/4,소아청소년과,1
평창군,2015,4/4,2015.4/4,소아청소년과,1
평창군,2016,1/4,2016.1/4,소아청소년과,1
평창군,2016,2/4,2016.2/4,소아청소년과,1
평창군,2016,3/4,2016.3/4,소아청소년과,1
평창군,2016,4/4,2016.4/4,소아청소년과,1
평창군,2017,1/4,2017.1/4,소아청소년과,1
평창군,2017,2/4,2017.2/4,소아청소년과,2
평창군,2017,3/4,2017.3/4,소아청소년과,2
평창군,2017,4/4,2017.4/4,소아청소년과,2
평창군,2018,1/4,2018.1/4,소아청소년과,2
평창군,2018,2/4,2018.2/4,소아청소년과,1
평창군,2018,3/4,2018.3/4,소아청소년과,1
평창군,2018,4/4,2018.4/4,소아청소년과,1
평창군,2019,1/4,2019.1/4,소아청소년과,1
평창군,2019,2/4,2019.2/4,소아청소년과,1
평창군,2019,3/4,2019.3/4,소아청소년과,1
평창군,2019,4/4,2019.4/4,소아청소년과,1
평창군,2020,1/4,2020.1/4,소아청소년과,1
평창군,2020,2/4,2020.2/4,소아청소년과,1
평창군,2020,3/4,2020.3/4,소아청소년과,1
평창군,2020,4/4,2020.4/4,소아청소년과,1
평창군,2021,1/4,2021.1/4,소아청소년과,1
평창군,2021,2/4,2021.2/4,소아청소년과,1
평창군,2021,3/4,2021.3/4,소아청소년과,1
평창군,2021,4/4,2021.4/4,소아청소년과,1
평창군,2022,1/4,2022.1/4,소아청소년과,1
평창군,2022,2/4,2022.2/4,소아청소년과,1
평창군,2022,3/4,2022.3/4,소아청소년과,1
평창군,2022,4/4,2022.4/4,소아청소년과,1
평창군,2023,1/4,2023.1/4,소아청소년과,0
평창군,2023,2/4,2023.2/4,소아청소년과,1
평창군,2023,3/4,2023.3/4,소아청소년과,1
평창군,2023,4/4,2023.4/4,소아청소년과,1
평창군,2024,1/4,2024.1/4,소아청소년과,1
평창군,2024,2/4,2024.2/4,소아청소년과,1
평창군,2024,3/4,2024.3/4,소아청소년과,1
평창군,2024,4/4,2024.4/4,소아청소년과,1
평창군,2025,1/4,2025.1/4,소아청소년과,1
평창군,2025,2/4,2025.2/4,소아청소년과,1
평창군,2025,3/4,2025.3/4,소아청소년과,1
평창군,2025,4/4,2025.4/4,소아청소년과,1
평창군,2009,1/4,2009.1/4,신경과,0
평창군,2009,2/4,2009.2/4,신경과,0
평창군,2009,3/4,2009.3/4,신경과,0
평창군,2009,4/4,2009.4/4,신경과,0
평창군,2010,1/4,2010.1/4,신경과,0
평창군,2010,2/4,2010.2/4,신경과,0
평창군,2010,3/4,2010.3/4,신경과,0
평창군,2010,4/4,2010.4/4,신경과,0
평창군,2011,1/4,2011.1/4,신경과,0
평창군,2011,2/4,2011.2/4,신경과,0
평창군,2011,3/4,2011.3/4,신경과,0
평창군,2011,4/4,2011.4/4,신경과,0
평창군,2012,1/4,2012.1/4,신경과,0
평창군,2012,2/4,2012.2/4,신경과,0
평창군,2012,3/4,2012.3/4,신경과,0
평창군,2012,4/4,2012.4/4,신경과,0
평창군,2013,1/4,2013.1/4,신경과,0
평창군,2013,2/4,2013.2/4,신경과,0
평창군,2013,3/4,2013.3/4,신경과,0
평창군,2013,4/4,2013.4/4,신경과,0
평창군,2014,1/4,2014.1/4,신경과,0
평창군,2014,2/4,2014.2/4,신경과,0
평창군,2014,3/4,2014.3/4,신경과,0
평창군,2014,4/4,2014.4/4,신경과,0
평창군,2015,1/4,2015.1/4,신경과,0
평창군,2015,2/4,2015.2/4,신경과,0
평창군,2015,3/4,2015.3/4,신경과,0
평창군,2015,4/4,2015.4/4,신경과,0
평창군,2016,1/4,2016.1/4,신경과,0
평창군,2016,2/4,2016.2/4,신경과,0
평창군,2016,3/4,2016.3/4,신경과,0
평창군,2016,4/4,2016.4/4,신경과,0
평창군,2017,1/4,2017.1/4,신경과,0
평창군,2017,2/4,2017.2/4,신경과,0
평창군,2017,3/4,2017.3/4,신경과,0
평창군,2017,4/4,2017.4/4,신경과,0
평창군,2018,1/4,2018.1/4,신경과,0
평창군,2018,2/4,2018.2/4,신경과,0
평창군,2018,3/4,2018.3/4,신경과,0
평창군,2018,4/4,2018.4/4,신경과,0
평창군,2019,1/4,2019.1/4,신경과,0
평창군,2019,2/4,2019.2/4,신경과,0
평창군,2019,3/4,2019.3/4,신경과,0
평창군,2019,4/4,2019.4/4,신경과,0
평창군,2020,1/4,2020.1/4,신경과,0
평창군,2020,2/4,2020.2/4,신경과,0
평창군,2020,3/4,2020.3/4,신경과,0
평창군,2020,4/4,2020.4/4,신경과,0
평창군,2021,1/4,2021.1/4,신경과,0
평창군,2021,2/4,2021.2/4,신경과,0
평창군,2021,3/4,2021.3/4,신경과,0
평창군,2021,4/4,2021.4/4,신경과,0
평창군,2022,1/4,2022.1/4,신경과,0
평창군,2022,2/4,2022.2/4,신경과,0
평창군,2022,3/4,2022.3/4,신경과,0
평창군,2022,4/4,2022.4/4,신경과,0
평창군,2023,1/4,2023.1/4,신경과,0
평창군,2023,2/4,2023.2/4,신경과,0
평창군,2023,3/4,2023.3/4,신경과,0
평창군,2023,4/4,2023.4/4,신경과,0
평창군,2024,1/4,2024.1/4,신경과,0
평창군,2024,2/4,2024.2/4,신경과,0
평창군,2024,3/4,2024.3/4,신경과,0
평창군,2024,4/4,2024.4/4,신경과,0
평창군,2025,1/4,2025.1/4,신경과,0
평창군,2025,2/4,2025.2/4,신경과,0
평창군,2025,3/4,2025.3/4,신경과,0
평창군,2025,4/4,2025.4/4,신경과,0
평창군,2009,1/4,2009.1/4,신경외과,0
평창군,2009,2/4,2009.2/4,신경외과,0
평창군,2009,3/4,2009.3/4,신경외과,0
평창군,2009,4/4,2009.4/4,신경외과,0
평창군,2010,1/4,2010.1/4,신경외과,0
평창군,2010,2/4,2010.2/4,신경외과,0
평창군,2010,3/4,2010.3/4,신경외과,0
평창군,2010,4/4,2010.4/4,신경외과,0
평창군,2011,1/4,2011.1/4,신경외과,0
평창군,2011,2/4,2011.2/4,신경외과,0
평창군,2011,3/4,2011.3/4,신경외과,0
평창군,2011,4/4,2011.4/4,신경외과,0
평창군,2012,1/4,2012.1/4,신경외과,0
평창군,2012,2/4,2012.2/4,신경외과,0
평창군,2012,3/4,2012.3/4,신경외과,0
평창군,2012,4/4,2012.4/4,신경외과,0
평창군,2013,1/4,2013.1/4,신경외과,0
평창군,2013,2/4,2013.2/4,신경외과,0
평창군,2013,3/4,2013.3/4,신경외과,0
평창군,2013,4/4,2013.4/4,신경외과,0
평창군,2014,1/4,2014.1/4,신경외과,0
평창군,2014,2/4,2014.2/4,신경외과,0
평창군,2014,3/4,2014.3/4,신경외과,0
평창군,2014,4/4,2014.4/4,신경외과,0
평창군,2015,1/4,2015.1/4,신경외과,0
평창군,2015,2/4,2015.2/4,신경외과,0
평창군,2015,3/4,2015.3/4,신경외과,0
평창군,2015,4/4,2015.4/4,신경외과,0
평창군,2016,1/4,2016.1/4,신경외과,0
평창군,2016,2/4,2016.2/4,신경외과,0
평창군,2016,3/4,2016.3/4,신경외과,1
평창군,2016,4/4,2016.4/4,신경외과,1
평창군,2017,1/4,2017.1/4,신경외과,1
평창군,2017,2/4,2017.2/4,신경외과,1
평창군,2017,3/4,2017.3/4,신경외과,1
평창군,2017,4/4,2017.4/4,신경외과,1
평창군,2018,1/4,2018.1/4,신경외과,1
평창군,2018,2/4,2018.2/4,신경외과,1
평창군,2018,3/4,2018.3/4,신경외과,1
평창군,2018,4/4,2018.4/4,신경외과,1
평창군,2019,1/4,2019.1/4,신경외과,1
평창군,2019,2/4,2019.2/4,신경외과,1
평창군,2019,3/4,2019.3/4,신경외과,1
평창군,2019,4/4,2019.4/4,신경외과,1
평창군,2020,1/4,2020.1/4,신경외과,1
평창군,2020,2/4,2020.2/4,신경외과,1
평창군,2020,3/4,2020.3/4,신경외과,1
평창군,2020,4/4,2020.4/4,신경외과,1
평창군,2021,1/4,2021.1/4,신경외과,1
평창군,2021,2/4,2021.2/4,신경외과,1
평창군,2021,3/4,2021.3/4,신경외과,1
평창군,2021,4/4,2021.4/4,신경외과,1
평창군,2022,1/4,2022.1/4,신경외과,1
평창군,2022,2/4,2022.2/4,신경외과,1
평창군,2022,3/4,2022.3/4,신경외과,1
평창군,2022,4/4,2022.4/4,신경외과,1
평창군,2023,1/4,2023.1/4,신경외과,1
평창군,2023,2/4,2023.2/4,신경외과,1
평창군,2023,3/4,2023.3/4,신경외과,0
평창군,2023,4/4,2023.4/4,신경외과,0
평창군,2024,1/4,2024.1/4,신경외과,0
평창군,2024,2/4,2024.2/4,신경외과,0
평창군,2024,3/4,2024.3/4,신경외과,0
평창군,2024,4/4,2024.4/4,신경외과,0
평창군,2025,1/4,2025.1/4,신경외과,0
평창군,2025,2/4,2025.2/4,신경외과,0
평창군,2025,3/4,2025.3/4,신경외과,0
평창군,2025,4/4,2025.4/4,신경외과,0
평창군,2009,1/4,2009.1/4,심장혈관흉부외과,0
평창군,2009,2/4,2009.2/4,심장혈관흉부외과,0
평창군,2009,3/4,2009.3/4,심장혈관흉부외과,0
평창군,2009,4/4,2009.4/4,심장혈관흉부외과,0
평창군,2010,1/4,2010.1/4,심장혈관흉부외과,0
평창군,2010,2/4,2010.2/4,심장혈관흉부외과,0
평창군,2010,3/4,2010.3/4,심장혈관흉부외과,0
평창군,2010,4/4,2010.4/4,심장혈관흉부외과,0
평창군,2011,1/4,2011.1/4,심장혈관흉부외과,0
평창군,2011,2/4,2011.2/4,심장혈관흉부외과,0
평창군,2011,3/4,2011.3/4,심장혈관흉부외과,0
평창군,2011,4/4,2011.4/4,심장혈관흉부외과,0
평창군,2012,1/4,2012.1/4,심장혈관흉부외과,0
평창군,2012,2/4,2012.2/4,심장혈관흉부외과,0
평창군,2012,3/4,2012.3/4,심장혈관흉부외과,0
평창군,2012,4/4,2012.4/4,심장혈관흉부외과,0
평창군,2013,1/4,2013.1/4,심장혈관흉부외과,0
평창군,2013,2/4,2013.2/4,심장혈관흉부외과,0
평창군,2013,3/4,2013.3/4,심장혈관흉부외과,0
평창군,2013,4/4,2013.4/4,심장혈관흉부외과,0
평창군,2014,1/4,2014.1/4,심장혈관흉부외과,0
평창군,2014,2/4,2014.2/4,심장혈관흉부외과,0
평창군,2014,3/4,2014.3/4,심장혈관흉부외과,0
평창군,2014,4/4,2014.4/4,심장혈관흉부외과,0
평창군,2015,1/4,2015.1/4,심장혈관흉부외과,0
평창군,2015,2/4,2015.2/4,심장혈관흉부외과,0
평창군,2015,3/4,2015.3/4,심장혈관흉부외과,0
평창군,2015,4/4,2015.4/4,심장혈관흉부외과,0
평창군,2016,1/4,2016.1/4,심장혈관흉부외과,0
평창군,2016,2/4,2016.2/4,심장혈관흉부외과,0
평창군,2016,3/4,2016.3/4,심장혈관흉부외과,0
평창군,2016,4/4,2016.4/4,심장혈관흉부외과,0
평창군,2017,1/4,2017.1/4,심장혈관흉부외과,0
평창군,2017,2/4,2017.2/4,심장혈관흉부외과,0
평창군,2017,3/4,2017.3/4,심장혈관흉부외과,0
평창군,2017,4/4,2017.4/4,심장혈관흉부외과,0
평창군,2018,1/4,2018.1/4,심장혈관흉부외과,0
평창군,2018,2/4,2018.2/4,심장혈관흉부외과,0
평창군,2018,3/4,2018.3/4,심장혈관흉부외과,0
평창군,2018,4/4,2018.4/4,심장혈관흉부외과,0
평창군,2019,1/4,2019.1/4,심장혈관흉부외과,0
평창군,2019,2/4,2019.2/4,심장혈관흉부외과,0
평창군,2019,3/4,2019.3/4,심장혈관흉부외과,0
평창군,2019,4/4,2019.4/4,심장혈관흉부외과,0
평창군,2020,1/4,2020.1/4,심장혈관흉부외과,0
평창군,2020,2/4,2020.2/4,심장혈관흉부외과,1
평창군,2020,3/4,2020.3/4,심장혈관흉부외과,1
평창군,2020,4/4,2020.4/4,심장혈관흉부외과,1
평창군,2021,1/4,2021.1/4,심장혈관흉부외과,1
평창군,2021,2/4,2021.2/4,심장혈관흉부외과,1
평창군,2021,3/4,2021.3/4,심장혈관흉부외과,1
평창군,2021,4/4,2021.4/4,심장혈관흉부외과,1
평창군,2022,1/4,2022.1/4,심장혈관흉부외과,1
평창군,2022,2/4,2022.2/4,심장혈관흉부외과,1
평창군,2022,3/4,2022.3/4,심장혈관흉부외과,1
평창군,2022,4/4,2022.4/4,심장혈관흉부외과,1
평창군,2023,1/4,2023.1/4,심장혈관흉부외과,0
평창군,2023,2/4,2023.2/4,심장혈관흉부외과,0
평창군,2023,3/4,2023.3/4,심장혈관흉부외과,0
평창군,2023,4/4,2023.4/4,심장혈관흉부외과,0
평창군,2024,1/4,2024.1/4,심장혈관흉부외과,0
평창군,2024,2/4,2024.2/4,심장혈관흉부외과,0
평창군,2024,3/4,2024.3/4,심장혈관흉부외과,0
평창군,2024,4/4,2024.4/4,심장혈관흉부외과,0
평창군,2025,1/4,2025.1/4,심장혈관흉부외과,0
평창군,2025,2/4,2025.2/4,심장혈관흉부외과,0
평창군,2025,3/4,2025.3/4,심장혈관흉부외과,0
평창군,2025,4/4,2025.4/4,심장혈관흉부외과,0
평창군,2009,1/4,2009.1/4,안과,0
평창군,2009,2/4,2009.2/4,안과,0
평창군,2009,3/4,2009.3/4,안과,0
평창군,2009,4/4,2009.4/4,안과,0
평창군,2010,1/4,2010.1/4,안과,0
평창군,2010,2/4,2010.2/4,안과,0
평창군,2010,3/4,2010.3/4,안과,0
평창군,2010,4/4,2010.4/4,안과,0
평창군,2011,1/4,2011.1/4,안과,0
평창군,2011,2/4,2011.2/4,안과,1
평창군,2011,3/4,2011.3/4,안과,1
평창군,2011,4/4,2011.4/4,안과,1
평창군,2012,1/4,2012.1/4,안과,1
평창군,2012,2/4,2012.2/4,안과,1
평창군,2012,3/4,2012.3/4,안과,1
평창군,2012,4/4,2012.4/4,안과,1
평창군,2013,1/4,2013.1/4,안과,2
평창군,2013,2/4,2013.2/4,안과,2
평창군,2013,3/4,2013.3/4,안과,2
평창군,2013,4/4,2013.4/4,안과,2
평창군,2014,1/4,2014.1/4,안과,2
평창군,2014,2/4,2014.2/4,안과,2
평창군,2014,3/4,2014.3/4,안과,2
평창군,2014,4/4,2014.4/4,안과,2
평창군,2015,1/4,2015.1/4,안과,1
평창군,2015,2/4,2015.2/4,안과,2
평창군,2015,3/4,2015.3/4,안과,2
평창군,2015,4/4,2015.4/4,안과,1
평창군,2016,1/4,2016.1/4,안과,2
평창군,2016,2/4,2016.2/4,안과,2
평창군,2016,3/4,2016.3/4,안과,2
평창군,2016,4/4,2016.4/4,안과,2
평창군,2017,1/4,2017.1/4,안과,1
평창군,2017,2/4,2017.2/4,안과,1
평창군,2017,3/4,2017.3/4,안과,1
평창군,2017,4/4,2017.4/4,안과,1
평창군,2018,1/4,2018.1/4,안과,1
평창군,2018,2/4,2018.2/4,안과,1
평창군,2018,3/4,2018.3/4,안과,1
평창군,2018,4/4,2018.4/4,안과,1
평창군,2019,1/4,2019.1/4,안과,1
평창군,2019,2/4,2019.2/4,안과,2
평창군,2019,3/4,2019.3/4,안과,2
평창군,2019,4/4,2019.4/4,안과,2
평창군,2020,1/4,2020.1/4,안과,2
평창군,2020,2/4,2020.2/4,안과,1
평창군,2020,3/4,2020.3/4,안과,1
평창군,2020,4/4,2020.4/4,안과,1
평창군,2021,1/4,2021.1/4,안과,1
평창군,2021,2/4,2021.2/4,안과,1
평창군,2021,3/4,2021.3/4,안과,1
평창군,2021,4/4,2021.4/4,안과,1
평창군,2022,1/4,2022.1/4,안과,0
평창군,2022,2/4,2022.2/4,안과,0
평창군,2022,3/4,2022.3/4,안과,0
평창군,2022,4/4,2022.4/4,안과,0
평창군,2023,1/4,2023.1/4,안과,0
평창군,2023,2/4,2023.2/4,안과,0
평창군,2023,3/4,2023.3/4,안과,0
평창군,2023,4/4,2023.4/4,안과,0
평창군,2024,1/4,2024.1/4,안과,0
평창군,2024,2/4,2024.2/4,안과,0
평창군,2024,3/4,2024.3/4,안과,0
평창군,2024,4/4,2024.4/4,안과,0
평창군,2025,1/4,2025.1/4,안과,0
평창군,2025,2/4,2025.2/4,안과,0
평창군,2025,3/4,2025.3/4,안과,0
평창군,2025,4/4,2025.4/4,안과,0
평창군,2009,1/4,2009.1/4,영상의학과,0
평창군,2009,2/4,2009.2/4,영상의학과,0
평창군,2009,3/4,2009.3/4,영상의학과,0
평창군,2009,4/4,2009.4/4,영상의학과,0
평창군,2010,1/4,2010.1/4,영상의학과,0
평창군,2010,2/4,2010.2/4,영상의학과,0
평창군,2010,3/4,2010.3/4,영상의학과,0
평창군,2010,4/4,2010.4/4,영상의학과,0
평창군,2011,1/4,2011.1/4,영상의학과,0
평창군,2011,2/4,2011.2/4,영상의학과,0
평창군,2011,3/4,2011.3/4,영상의학과,0
평창군,2011,4/4,2011.4/4,영상의학과,0
평창군,2012,1/4,2012.1/4,영상의학과,0
평창군,2012,2/4,2012.2/4,영상의학과,0
평창군,2012,3/4,2012.3/4,영상의학과,0
평창군,2012,4/4,2012.4/4,영상의학과,0
평창군,2013,1/4,2013.1/4,영상의학과,0
평창군,2013,2/4,2013.2/4,영상의학과,0
평창군,2013,3/4,2013.3/4,영상의학과,0
평창군,2013,4/4,2013.4/4,영상의학과,0
평창군,2014,1/4,2014.1/4,영상의학과,0
평창군,2014,2/4,2014.2/4,영상의학과,0
평창군,2014,3/4,2014.3/4,영상의학과,0
평창군,2014,4/4,2014.4/4,영상의학과,0
평창군,2015,1/4,2015.1/4,영상의학과,0
평창군,2015,2/4,2015.2/4,영상의학과,0
평창군,2015,3/4,2015.3/4,영상의학과,0
평창군,2015,4/4,2015.4/4,영상의학과,0
평창군,2016,1/4,2016.1/4,영상의학과,0
평창군,2016,2/4,2016.2/4,영상의학과,0
평창군,2016,3/4,2016.3/4,영상의학과,0
평창군,2016,4/4,2016.4/4,영상의학과,0
평창군,2017,1/4,2017.1/4,영상의학과,0
평창군,2017,2/4,2017.2/4,영상의학과,0
평창군,2017,3/4,2017.3/4,영상의학과,0
평창군,2017,4/4,2017.4/4,영상의학과,0
평창군,2018,1/4,2018.1/4,영상의학과,0
평창군,2018,2/4,2018.2/4,영상의학과,0
평창군,2018,3/4,2018.3/4,영상의학과,0
평창군,2018,4/4,2018.4/4,영상의학과,0
평창군,2019,1/4,2019.1/4,영상의학과,0
평창군,2019,2/4,2019.2/4,영상의학과,0
평창군,2019,3/4,2019.3/4,영상의학과,0
평창군,2019,4/4,2019.4/4,영상의학과,0
평창군,2020,1/4,2020.1/4,영상의학과,0
평창군,2020,2/4,2020.2/4,영상의학과,0
평창군,2020,3/4,2020.3/4,영상의학과,0
평창군,2020,4/4,2020.4/4,영상의학과,0
평창군,2021,1/4,2021.1/4,영상의학과,0
평창군,2021,2/4,2021.2/4,영상의학과,0
평창군,2021,3/4,2021.3/4,영상의학과,0
평창군,2021,4/4,2021.4/4,영상의학과,0
평창군,2022,1/4,2022.1/4,영상의학과,0
평창군,2022,2/4,2022.2/4,영상의학과,0
평창군,2022,3/4,2022.3/4,영상의학과,0
평창군,2022,4/4,2022.4/4,영상의학과,0
평창군,2023,1/4,2023.1/4,영상의학과,0
평창군,2023,2/4,2023.2/4,영상의학과,0
평창군,2023,3/4,2023.3/4,영상의학과,0
평창군,2023,4/4,2023.4/4,영상의학과,0
평창군,2024,1/4,2024.1/4,영상의학과,0
평창군,2024,2/4,2024.2/4,영상의학과,0
평창군,2024,3/4,2024.3/4,영상의학과,0
평창군,2024,4/4,2024.4/4,영상의학과,0
평창군,2025,1/4,2025.1/4,영상의학과,0
평창군,2025,2/4,2025.2/4,영상의학과,0
평창군,2025,3/4,2025.3/4,영상의학과,0
평창군,2025,4/4,2025.4/4,영상의학과,0
평창군,2009,1/4,2009.1/4,예방의학과,0
평창군,2009,2/4,2009.2/4,예방의학과,0
평창군,2009,3/4,2009.3/4,예방의학과,0
평창군,2009,4/4,2009.4/4,예방의학과,0
평창군,2010,1/4,2010.1/4,예방의학과,0
평창군,2010,2/4,2010.2/4,예방의학과,0
평창군,2010,3/4,2010.3/4,예방의학과,0
평창군,2010,4/4,2010.4/4,예방의학과,0
평창군,2011,1/4,2011.1/4,예방의학과,0
평창군,2011,2/4,2011.2/4,예방의학과,0
평창군,2011,3/4,2011.3/4,예방의학과,0
평창군,2011,4/4,2011.4/4,예방의학과,0
평창군,2012,1/4,2012.1/4,예방의학과,0
평창군,2012,2/4,2012.2/4,예방의학과,0
평창군,2012,3/4,2012.3/4,예방의학과,0
평창군,2012,4/4,2012.4/4,예방의학과,0
평창군,2013,1/4,2013.1/4,예방의학과,0
평창군,2013,2/4,2013.2/4,예방의학과,0
평창군,2013,3/4,2013.3/4,예방의학과,0
평창군,2013,4/4,2013.4/4,예방의학과,0
평창군,2014,1/4,2014.1/4,예방의학과,0
평창군,2014,2/4,2014.2/4,예방의학과,0
평창군,2014,3/4,2014.3/4,예방의학과,0
평창군,2014,4/4,2014.4/4,예방의학과,0
평창군,2015,1/4,2015.1/4,예방의학과,0
평창군,2015,2/4,2015.2/4,예방의학과,0
평창군,2015,3/4,2015.3/4,예방의학과,0
평창군,2015,4/4,2015.4/4,예방의학과,0
평창군,2016,1/4,2016.1/4,예방의학과,0
평창군,2016,2/4,2016.2/4,예방의학과,0
평창군,2016,3/4,2016.3/4,예방의학과,0
평창군,2016,4/4,2016.4/4,예방의학과,0
평창군,2017,1/4,2017.1/4,예방의학과,0
평창군,2017,2/4,2017.2/4,예방의학과,0
평창군,2017,3/4,2017.3/4,예방의학과,0
평창군,2017,4/4,2017.4/4,예방의학과,0
평창군,2018,1/4,2018.1/4,예방의학과,0
평창군,2018,2/4,2018.2/4,예방의학과,0
평창군,2018,3/4,2018.3/4,예방의학과,0
평창군,2018,4/4,2018.4/4,예방의학과,0
평창군,2019,1/4,2019.1/4,예방의학과,0
평창군,2019,2/4,2019.2/4,예방의학과,0
평창군,2019,3/4,2019.3/4,예방의학과,0
평창군,2019,4/4,2019.4/4,예방의학과,0
평창군,2020,1/4,2020.1/4,예방의학과,0
평창군,2020,2/4,2020.2/4,예방의학과,0
평창군,2020,3/4,2020.3/4,예방의학과,0
평창군,2020,4/4,2020.4/4,예방의학과,0
평창군,2021,1/4,2021.1/4,예방의학과,0
평창군,2021,2/4,2021.2/4,예방의학과,0
평창군,2021,3/4,2021.3/4,예방의학과,0
평창군,2021,4/4,2021.4/4,예방의학과,0
평창군,2022,1/4,2022.1/4,예방의학과,0
평창군,2022,2/4,2022.2/4,예방의학과,0
평창군,2022,3/4,2022.3/4,예방의학과,0
평창군,2022,4/4,2022.4/4,예방의학과,0
평창군,2023,1/4,2023.1/4,예방의학과,0
평창군,2023,2/4,2023.2/4,예방의학과,0
평창군,2023,3/4,2023.3/4,예방의학과,0
평창군,2023,4/4,2023.4/4,예방의학과,0
평창군,2024,1/4,2024.1/4,예방의학과,0
평창군,2024,2/4,2024.2/4,예방의학과,0
평창군,2024,3/4,2024.3/4,예방의학과,0
평창군,2024,4/4,2024.4/4,예방의학과,0
평창군,2025,1/4,2025.1/4,예방의학과,0
평창군,2025,2/4,2025.2/4,예방의학과,0
평창군,2025,3/4,2025.3/4,예방의학과,0
평창군,2025,4/4,2025.4/4,예방의학과,0
평창군,2009,1/4,2009.1/4,외과,7
평창군,2009,2/4,2009.2/4,외과,7
평창군,2009,3/4,2009.3/4,외과,8
평창군,2009,4/4,2009.4/4,외과,8
평창군,2010,1/4,2010.1/4,외과,8
평창군,2010,2/4,2010.2/4,외과,8
평창군,2010,3/4,2010.3/4,외과,8
평창군,2010,4/4,2010.4/4,외과,7
평창군,2011,1/4,2011.1/4,외과,7
평창군,2011,2/4,2011.2/4,외과,7
평창군,2011,3/4,2011.3/4,외과,6
평창군,2011,4/4,2011.4/4,외과,6
평창군,2012,1/4,2012.1/4,외과,6
평창군,2012,2/4,2012.2/4,외과,5
평창군,2012,3/4,2012.3/4,외과,5
평창군,2012,4/4,2012.4/4,외과,5
평창군,2013,1/4,2013.1/4,외과,5
평창군,2013,2/4,2013.2/4,외과,6
평창군,2013,3/4,2013.3/4,외과,6
평창군,2013,4/4,2013.4/4,외과,6
평창군,2014,1/4,2014.1/4,외과,6
평창군,2014,2/4,2014.2/4,외과,5
평창군,2014,3/4,2014.3/4,외과,5
평창군,2014,4/4,2014.4/4,외과,4
평창군,2015,1/4,2015.1/4,외과,5
평창군,2015,2/4,2015.2/4,외과,5
평창군,2015,3/4,2015.3/4,외과,5
평창군,2015,4/4,2015.4/4,외과,5
평창군,2016,1/4,2016.1/4,외과,6
평창군,2016,2/4,2016.2/4,외과,6
평창군,2016,3/4,2016.3/4,외과,6
평창군,2016,4/4,2016.4/4,외과,6
평창군,2017,1/4,2017.1/4,외과,6
평창군,2017,2/4,2017.2/4,외과,6
평창군,2017,3/4,2017.3/4,외과,5
평창군,2017,4/4,2017.4/4,외과,5
평창군,2018,1/4,2018.1/4,외과,5
평창군,2018,2/4,2018.2/4,외과,5
평창군,2018,3/4,2018.3/4,외과,5
평창군,2018,4/4,2018.4/4,외과,5
평창군,2019,1/4,2019.1/4,외과,5
평창군,2019,2/4,2019.2/4,외과,6
평창군,2019,3/4,2019.3/4,외과,6
평창군,2019,4/4,2019.4/4,외과,6
평창군,2020,1/4,2020.1/4,외과,5
평창군,2020,2/4,2020.2/4,외과,5
평창군,2020,3/4,2020.3/4,외과,5
평창군,2020,4/4,2020.4/4,외과,5
평창군,2021,1/4,2021.1/4,외과,5
평창군,2021,2/4,2021.2/4,외과,5
평창군,2021,3/4,2021.3/4,외과,5
평창군,2021,4/4,2021.4/4,외과,5
평창군,2022,1/4,2022.1/4,외과,5
평창군,2022,2/4,2022.2/4,외과,5
평창군,2022,3/4,2022.3/4,외과,5
평창군,2022,4/4,2022.4/4,외과,5
평창군,2023,1/4,2023.1/4,외과,5
평창군,2023,2/4,2023.2/4,외과,5
평창군,2023,3/4,2023.3/4,외과,5
평창군,2023,4/4,2023.4/4,외과,5
평창군,2024,1/4,2024.1/4,외과,5
평창군,2024,2/4,2024.2/4,외과,4
평창군,2024,3/4,2024.3/4,외과,4
평창군,2024,4/4,2024.4/4,외과,5
평창군,2025,1/4,2025.1/4,외과,5
평창군,2025,2/4,2025.2/4,외과,5
평창군,2025,3/4,2025.3/4,외과,5
평창군,2025,4/4,2025.4/4,외과,5
평창군,2009,1/4,2009.1/4,응급의학과,0
평창군,2009,2/4,2009.2/4,응급의학과,0
평창군,2009,3/4,2009.3/4,응급의학과,0
평창군,2009,4/4,2009.4/4,응급의학과,0
평창군,2010,1/4,2010.1/4,응급의학과,0
평창군,2010,2/4,2010.2/4,응급의학과,0
평창군,2010,3/4,2010.3/4,응급의학과,0
평창군,2010,4/4,2010.4/4,응급의학과,0
평창군,2011,1/4,2011.1/4,응급의학과,0
평창군,2011,2/4,2011.2/4,응급의학과,0
평창군,2011,3/4,2011.3/4,응급의학과,0
평창군,2011,4/4,2011.4/4,응급의학과,0
평창군,2012,1/4,2012.1/4,응급의학과,0
평창군,2012,2/4,2012.2/4,응급의학과,0
평창군,2012,3/4,2012.3/4,응급의학과,0
평창군,2012,4/4,2012.4/4,응급의학과,0
평창군,2013,1/4,2013.1/4,응급의학과,0
평창군,2013,2/4,2013.2/4,응급의학과,0
평창군,2013,3/4,2013.3/4,응급의학과,0
평창군,2013,4/4,2013.4/4,응급의학과,0
평창군,2014,1/4,2014.1/4,응급의학과,0
평창군,2014,2/4,2014.2/4,응급의학과,0
평창군,2014,3/4,2014.3/4,응급의학과,0
평창군,2014,4/4,2014.4/4,응급의학과,0
평창군,2015,1/4,2015.1/4,응급의학과,0
평창군,2015,2/4,2015.2/4,응급의학과,0
평창군,2015,3/4,2015.3/4,응급의학과,0
평창군,2015,4/4,2015.4/4,응급의학과,0
평창군,2016,1/4,2016.1/4,응급의학과,0
평창군,2016,2/4,2016.2/4,응급의학과,0
평창군,2016,3/4,2016.3/4,응급의학과,0
평창군,2016,4/4,2016.4/4,응급의학과,0
평창군,2017,1/4,2017.1/4,응급의학과,0
평창군,2017,2/4,2017.2/4,응급의학과,1
평창군,2017,3/4,2017.3/4,응급의학과,1
평창군,2017,4/4,2017.4/4,응급의학과,1
평창군,2018,1/4,2018.1/4,응급의학과,1
평창군,2018,2/4,2018.2/4,응급의학과,1
평창군,2018,3/4,2018.3/4,응급의학과,1
평창군,2018,4/4,2018.4/4,응급의학과,1
평창군,2019,1/4,2019.1/4,응급의학과,1
평창군,2019,2/4,2019.2/4,응급의학과,1
평창군,2019,3/4,2019.3/4,응급의학과,1
평창군,2019,4/4,2019.4/4,응급의학과,1
평창군,2020,1/4,2020.1/4,응급의학과,2
평창군,2020,2/4,2020.2/4,응급의학과,1
평창군,2020,3/4,2020.3/4,응급의학과,1
평창군,2020,4/4,2020.4/4,응급의학과,1
평창군,2021,1/4,2021.1/4,응급의학과,1
평창군,2021,2/4,2021.2/4,응급의학과,1
평창군,2021,3/4,2021.3/4,응급의학과,1
평창군,2021,4/4,2021.4/4,응급의학과,1
평창군,2022,1/4,2022.1/4,응급의학과,1
평창군,2022,2/4,2022.2/4,응급의학과,1
평창군,2022,3/4,2022.3/4,응급의학과,1
평창군,2022,4/4,2022.4/4,응급의학과,1
평창군,2023,1/4,2023.1/4,응급의학과,1
평창군,2023,2/4,2023.2/4,응급의학과,1
평창군,2023,3/4,2023.3/4,응급의학과,1
평창군,2023,4/4,2023.4/4,응급의학과,1
평창군,2024,1/4,2024.1/4,응급의학과,1
평창군,2024,2/4,2024.2/4,응급의학과,1
평창군,2024,3/4,2024.3/4,응급의학과,2
평창군,2024,4/4,2024.4/4,응급의학과,2
평창군,2025,1/4,2025.1/4,응급의학과,2
평창군,2025,2/4,2025.2/4,응급의학과,2
평창군,2025,3/4,2025.3/4,응급의학과,2
평창군,2025,4/4,2025.4/4,응급의학과,2
평창군,2009,1/4,2009.1/4,이비인후과,1
평창군,2009,2/4,2009.2/4,이비인후과,1
평창군,2009,3/4,2009.3/4,이비인후과,1
평창군,2009,4/4,2009.4/4,이비인후과,1
평창군,2010,1/4,2010.1/4,이비인후과,1
평창군,2010,2/4,2010.2/4,이비인후과,1
평창군,2010,3/4,2010.3/4,이비인후과,1
평창군,2010,4/4,2010.4/4,이비인후과,1
평창군,2011,1/4,2011.1/4,이비인후과,1
평창군,2011,2/4,2011.2/4,이비인후과,0
평창군,2011,3/4,2011.3/4,이비인후과,0
평창군,2011,4/4,2011.4/4,이비인후과,0
평창군,2012,1/4,2012.1/4,이비인후과,0
평창군,2012,2/4,2012.2/4,이비인후과,1
평창군,2012,3/4,2012.3/4,이비인후과,1
평창군,2012,4/4,2012.4/4,이비인후과,1
평창군,2013,1/4,2013.1/4,이비인후과,1
평창군,2013,2/4,2013.2/4,이비인후과,1
평창군,2013,3/4,2013.3/4,이비인후과,1
평창군,2013,4/4,2013.4/4,이비인후과,1
평창군,2014,1/4,2014.1/4,이비인후과,1
평창군,2014,2/4,2014.2/4,이비인후과,1
평창군,2014,3/4,2014.3/4,이비인후과,1
평창군,2014,4/4,2014.4/4,이비인후과,1
평창군,2015,1/4,2015.1/4,이비인후과,1
평창군,2015,2/4,2015.2/4,이비인후과,0
평창군,2015,3/4,2015.3/4,이비인후과,0
평창군,2015,4/4,2015.4/4,이비인후과,0
평창군,2016,1/4,2016.1/4,이비인후과,0
평창군,2016,2/4,2016.2/4,이비인후과,0
평창군,2016,3/4,2016.3/4,이비인후과,0
평창군,2016,4/4,2016.4/4,이비인후과,0
평창군,2017,1/4,2017.1/4,이비인후과,0
평창군,2017,2/4,2017.2/4,이비인후과,0
평창군,2017,3/4,2017.3/4,이비인후과,0
평창군,2017,4/4,2017.4/4,이비인후과,0
평창군,2018,1/4,2018.1/4,이비인후과,0
평창군,2018,2/4,2018.2/4,이비인후과,0
평창군,2018,3/4,2018.3/4,이비인후과,0
평창군,2018,4/4,2018.4/4,이비인후과,0
평창군,2019,1/4,2019.1/4,이비인후과,0
평창군,2019,2/4,2019.2/4,이비인후과,0
평창군,2019,3/4,2019.3/4,이비인후과,0
평창군,2019,4/4,2019.4/4,이비인후과,0
평창군,2020,1/4,2020.1/4,이비인후과,0
평창군,2020,2/4,2020.2/4,이비인후과,0
평창군,2020,3/4,2020.3/4,이비인후과,0
평창군,2020,4/4,2020.4/4,이비인후과,0
평창군,2021,1/4,2021.1/4,이비인후과,0
평창군,2021,2/4,2021.2/4,이비인후과,0
평창군,2021,3/4,2021.3/4,이비인후과,0
평창군,2021,4/4,2021.4/4,이비인후과,0
평창군,2022,1/4,2022.1/4,이비인후과,0
평창군,2022,2/4,2022.2/4,이비인후과,0
평창군,2022,3/4,2022.3/4,이비인후과,0
평창군,2022,4/4,2022.4/4,이비인후과,0
평창군,2023,1/4,2023.1/4,이비인후과,0
평창군,2023,2/4,2023.2/4,이비인후과,0
평창군,2023,3/4,2023.3/4,이비인후과,0
평창군,2023,4/4,2023.4/4,이비인후과,0
평창군,2024,1/4,2024.1/4,이비인후과,0
평창군,2024,2/4,2024.2/4,이비인후과,0
평창군,2024,3/4,2024.3/4,이비인후과,0
평창군,2024,4/4,2024.4/4,이비인후과,0
평창군,2025,1/4,2025.1/4,이비인후과,0
평창군,2025,2/4,2025.2/4,이비인후과,0
평창군,2025,3/4,2025.3/4,이비인후과,0
평창군,2025,4/4,2025.4/4,이비인후과,0
평창군,2009,1/4,2009.1/4,재활의학과,0
평창군,2009,2/4,2009.2/4,재활의학과,0
평창군,2009,3/4,2009.3/4,재활의학과,0
평창군,2009,4/4,2009.4/4,재활의학과,0
평창군,2010,1/4,2010.1/4,재활의학과,0
평창군,2010,2/4,2010.2/4,재활의학과,0
평창군,2010,3/4,2010.3/4,재활의학과,0
평창군,2010,4/4,2010.4/4,재활의학과,0
평창군,2011,1/4,2011.1/4,재활의학과,0
평창군,2011,2/4,2011.2/4,재활의학과,0
평창군,2011,3/4,2011.3/4,재활의학과,0
평창군,2011,4/4,2011.4/4,재활의학과,0
평창군,2012,1/4,2012.1/4,재활의학과,0
평창군,2012,2/4,2012.2/4,재활의학과,0
평창군,2012,3/4,2012.3/4,재활의학과,0
평창군,2012,4/4,2012.4/4,재활의학과,0
평창군,2013,1/4,2013.1/4,재활의학과,0
평창군,2013,2/4,2013.2/4,재활의학과,0
평창군,2013,3/4,2013.3/4,재활의학과,0
평창군,2013,4/4,2013.4/4,재활의학과,0
평창군,2014,1/4,2014.1/4,재활의학과,0
평창군,2014,2/4,2014.2/4,재활의학과,1
평창군,2014,3/4,2014.3/4,재활의학과,1
평창군,2014,4/4,2014.4/4,재활의학과,1
평창군,2015,1/4,2015.1/4,재활의학과,1
평창군,2015,2/4,2015.2/4,재활의학과,1
평창군,2015,3/4,2015.3/4,재활의학과,1
평창군,2015,4/4,2015.4/4,재활의학과,1
평창군,2016,1/4,2016.1/4,재활의학과,1
평창군,2016,2/4,2016.2/4,재활의학과,1
평창군,2016,3/4,2016.3/4,재활의학과,1
평창군,2016,4/4,2016.4/4,재활의학과,1
평창군,2017,1/4,2017.1/4,재활의학과,1
평창군,2017,2/4,2017.2/4,재활의학과,1
평창군,2017,3/4,2017.3/4,재활의학과,1
평창군,2017,4/4,2017.4/4,재활의학과,1
평창군,2018,1/4,2018.1/4,재활의학과,1
평창군,2018,2/4,2018.2/4,재활의학과,1
평창군,2018,3/4,2018.3/4,재활의학과,1
평창군,2018,4/4,2018.4/4,재활의학과,1
평창군,2019,1/4,2019.1/4,재활의학과,1
평창군,2019,2/4,2019.2/4,재활의학과,0
평창군,2019,3/4,2019.3/4,재활의학과,0
평창군,2019,4/4,2019.4/4,재활의학과,0
평창군,2020,1/4,2020.1/4,재활의학과,0
평창군,2020,2/4,2020.2/4,재활의학과,0
평창군,2020,3/4,2020.3/4,재활의학과,0
평창군,2020,4/4,2020.4/4,재활의학과,0
평창군,2021,1/4,2021.1/4,재활의학과,0
평창군,2021,2/4,2021.2/4,재활의학과,0
평창군,2021,3/4,2021.3/4,재활의학과,0
평창군,2021,4/4,2021.4/4,재활의학과,0
평창군,2022,1/4,2022.1/4,재활의학과,0
평창군,2022,2/4,2022.2/4,재활의학과,0
평창군,2022,3/4,2022.3/4,재활의학과,0
평창군,2022,4/4,2022.4/4,재활의학과,0
평창군,2023,1/4,2023.1/4,재활의학과,0
평창군,2023,2/4,2023.2/4,재활의학과,0
평창군,2023,3/4,2023.3/4,재활의학과,0
평창군,2023,4/4,2023.4/4,재활의학과,0
평창군,2024,1/4,2024.1/4,재활의학과,0
평창군,2024,2/4,2024.2/4,재활의학과,0
평창군,2024,3/4,2024.3/4,재활의학과,0
평창군,2024,4/4,2024.4/4,재활의학과,0
평창군,2025,1/4,2025.1/4,재활의학과,0
평창군,2025,2/4,2025.2/4,재활의학과,0
평창군,2025,3/4,2025.3/4,재활의학과,0
평창군,2025,4/4,2025.4/4,재활의학과,0
평창군,2009,1/4,2009.1/4,정신건강의학과,0
평창군,2009,2/4,2009.2/4,정신건강의학과,0
평창군,2009,3/4,2009.3/4,정신건강의학과,0
평창군,2009,4/4,2009.4/4,정신건강의학과,0
평창군,2010,1/4,2010.1/4,정신건강의학과,0
평창군,2010,2/4,2010.2/4,정신건강의학과,0
평창군,2010,3/4,2010.3/4,정신건강의학과,0
평창군,2010,4/4,2010.4/4,정신건강의학과,0
평창군,2011,1/4,2011.1/4,정신건강의학과,0
평창군,2011,2/4,2011.2/4,정신건강의학과,0
평창군,2011,3/4,2011.3/4,정신건강의학과,0
평창군,2011,4/4,2011.4/4,정신건강의학과,0
평창군,2012,1/4,2012.1/4,정신건강의학과,0
평창군,2012,2/4,2012.2/4,정신건강의학과,0
평창군,2012,3/4,2012.3/4,정신건강의학과,0
평창군,2012,4/4,2012.4/4,정신건강의학과,0
평창군,2013,1/4,2013.1/4,정신건강의학과,0
평창군,2013,2/4,2013.2/4,정신건강의학과,1
평창군,2013,3/4,2013.3/4,정신건강의학과,1
평창군,2013,4/4,2013.4/4,정신건강의학과,1
평창군,2014,1/4,2014.1/4,정신건강의학과,1
평창군,2014,2/4,2014.2/4,정신건강의학과,1
평창군,2014,3/4,2014.3/4,정신건강의학과,1
평창군,2014,4/4,2014.4/4,정신건강의학과,1
평창군,2015,1/4,2015.1/4,정신건강의학과,1
평창군,2015,2/4,2015.2/4,정신건강의학과,1
평창군,2015,3/4,2015.3/4,정신건강의학과,1
평창군,2015,4/4,2015.4/4,정신건강의학과,1
평창군,2016,1/4,2016.1/4,정신건강의학과,1
평창군,2016,2/4,2016.2/4,정신건강의학과,0
평창군,2016,3/4,2016.3/4,정신건강의학과,0
평창군,2016,4/4,2016.4/4,정신건강의학과,0
평창군,2017,1/4,2017.1/4,정신건강의학과,0
평창군,2017,2/4,2017.2/4,정신건강의학과,0
평창군,2017,3/4,2017.3/4,정신건강의학과,0
평창군,2017,4/4,2017.4/4,정신건강의학과,0
평창군,2018,1/4,2018.1/4,정신건강의학과,0
평창군,2018,2/4,2018.2/4,정신건강의학과,0
평창군,2018,3/4,2018.3/4,정신건강의학과,0
평창군,2018,4/4,2018.4/4,정신건강의학과,0
평창군,2019,1/4,2019.1/4,정신건강의학과,0
평창군,2019,2/4,2019.2/4,정신건강의학과,0
평창군,2019,3/4,2019.3/4,정신건강의학과,0
평창군,2019,4/4,2019.4/4,정신건강의학과,1
평창군,2020,1/4,2020.1/4,정신건강의학과,1
평창군,2020,2/4,2020.2/4,정신건강의학과,1
평창군,2020,3/4,2020.3/4,정신건강의학과,1
평창군,2020,4/4,2020.4/4,정신건강의학과,1
평창군,2021,1/4,2021.1/4,정신건강의학과,1
평창군,2021,2/4,2021.2/4,정신건강의학과,1
평창군,2021,3/4,2021.3/4,정신건강의학과,1
평창군,2021,4/4,2021.4/4,정신건강의학과,1
평창군,2022,1/4,2022.1/4,정신건강의학과,1
평창군,2022,2/4,2022.2/4,정신건강의학과,1
평창군,2022,3/4,2022.3/4,정신건강의학과,1
평창군,2022,4/4,2022.4/4,정신건강의학과,1
평창군,2023,1/4,2023.1/4,정신건강의학과,1
평창군,2023,2/4,2023.2/4,정신건강의학과,1
평창군,2023,3/4,2023.3/4,정신건강의학과,1
평창군,2023,4/4,2023.4/4,정신건강의학과,1
평창군,2024,1/4,2024.1/4,정신건강의학과,1
평창군,2024,2/4,2024.2/4,정신건강의학과,1
평창군,2024,3/4,2024.3/4,정신건강의학과,1
평창군,2024,4/4,2024.4/4,정신건강의학과,1
평창군,2025,1/4,2025.1/4,정신건강의학과,1
평창군,2025,2/4,2025.2/4,정신건강의학과,1
평창군,2025,3/4,2025.3/4,정신건강의학과,1
평창군,2025,4/4,2025.4/4,정신건강의학과,1
평창군,2009,1/4,2009.1/4,정형외과,1
평창군,2009,2/4,2009.2/4,정형외과,1
평창군,2009,3/4,2009.3/4,정형외과,1
평창군,2009,4/4,2009.4/4,정형외과,1
평창군,2010,1/4,2010.1/4,정형외과,1
평창군,2010,2/4,2010.2/4,정형외과,1
평창군,2010,3/4,2010.3/4,정형외과,1
평창군,2010,4/4,2010.4/4,정형외과,1
평창군,2011,1/4,2011.1/4,정형외과,1
평창군,2011,2/4,2011.2/4,정형외과,1
평창군,2011,3/4,2011.3/4,정형외과,1
평창군,2011,4/4,2011.4/4,정형외과,1
평창군,2012,1/4,2012.1/4,정형외과,1
평창군,2012,2/4,2012.2/4,정형외과,1
평창군,2012,3/4,2012.3/4,정형외과,1
평창군,2012,4/4,2012.4/4,정형외과,1
평창군,2013,1/4,2013.1/4,정형외과,1
평창군,2013,2/4,2013.2/4,정형외과,2
평창군,2013,3/4,2013.3/4,정형외과,2
평창군,2013,4/4,2013.4/4,정형외과,2
평창군,2014,1/4,2014.1/4,정형외과,2
평창군,2014,2/4,2014.2/4,정형외과,2
평창군,2014,3/4,2014.3/4,정형외과,2
평창군,2014,4/4,2014.4/4,정형외과,2
평창군,2015,1/4,2015.1/4,정형외과,2
평창군,2015,2/4,2015.2/4,정형외과,2
평창군,2015,3/4,2015.3/4,정형외과,2
평창군,2015,4/4,2015.4/4,정형외과,2
평창군,2016,1/4,2016.1/4,정형외과,2
평창군,2016,2/4,2016.2/4,정형외과,1
평창군,2016,3/4,2016.3/4,정형외과,1
평창군,2016,4/4,2016.4/4,정형외과,1
평창군,2017,1/4,2017.1/4,정형외과,1
평창군,2017,2/4,2017.2/4,정형외과,1
평창군,2017,3/4,2017.3/4,정형외과,1
평창군,2017,4/4,2017.4/4,정형외과,1
평창군,2018,1/4,2018.1/4,정형외과,1
평창군,2018,2/4,2018.2/4,정형외과,1
평창군,2018,3/4,2018.3/4,정형외과,1
평창군,2018,4/4,2018.4/4,정형외과,1
평창군,2019,1/4,2019.1/4,정형외과,1
평창군,2019,2/4,2019.2/4,정형외과,1
평창군,2019,3/4,2019.3/4,정형외과,1
평창군,2019,4/4,2019.4/4,정형외과,1
평창군,2020,1/4,2020.1/4,정형외과,1
평창군,2020,2/4,2020.2/4,정형외과,1
평창군,2020,3/4,2020.3/4,정형외과,1
평창군,2020,4/4,2020.4/4,정형외과,1
평창군,2021,1/4,2021.1/4,정형외과,1
평창군,2021,2/4,2021.2/4,정형외과,0
평창군,2021,3/4,2021.3/4,정형외과,0
평창군,2021,4/4,2021.4/4,정형외과,0
평창군,2022,1/4,2022.1/4,정형외과,0
평창군,2022,2/4,2022.2/4,정형외과,1
평창군,2022,3/4,2022.3/4,정형외과,0
평창군,2022,4/4,2022.4/4,정형외과,0
평창군,2023,1/4,2023.1/4,정형외과,0
평창군,2023,2/4,2023.2/4,정형외과,0
평창군,2023,3/4,2023.3/4,정형외과,0
평창군,2023,4/4,2023.4/4,정형외과,0
평창군,2024,1/4,2024.1/4,정형외과,0
평창군,2024,2/4,2024.2/4,정형외과,0
평창군,2024,3/4,2024.3/4,정형외과,0
평창군,2024,4/4,2024.4/4,정형외과,0
평창군,2025,1/4,2025.1/4,정형외과,0
평창군,2025,2/4,2025.2/4,정형외과,0
평창군,2025,3/4,2025.3/4,정형외과,0
평창군,2025,4/4,2025.4/4,정형외과,0
평창군,2009,1/4,2009.1/4,직업환경의학과,0
평창군,2009,2/4,2009.2/4,직업환경의학과,0
평창군,2009,3/4,2009.3/4,직업환경의학과,0
평창군,2009,4/4,2009.4/4,직업환경의학과,0
평창군,2010,1/4,2010.1/4,직업환경의학과,0
평창군,2010,2/4,2010.2/4,직업환경의학과,0
평창군,2010,3/4,2010.3/4,직업환경의학과,0
평창군,2010,4/4,2010.4/4,직업환경의학과,0
평창군,2011,1/4,2011.1/4,직업환경의학과,0
평창군,2011,2/4,2011.2/4,직업환경의학과,0
평창군,2011,3/4,2011.3/4,직업환경의학과,0
평창군,2011,4/4,2011.4/4,직업환경의학과,0
평창군,2012,1/4,2012.1/4,직업환경의학과,0
평창군,2012,2/4,2012.2/4,직업환경의학과,0
평창군,2012,3/4,2012.3/4,직업환경의학과,0
평창군,2012,4/4,2012.4/4,직업환경의학과,0
평창군,2013,1/4,2013.1/4,직업환경의학과,0
평창군,2013,2/4,2013.2/4,직업환경의학과,0
평창군,2013,3/4,2013.3/4,직업환경의학과,0
평창군,2013,4/4,2013.4/4,직업환경의학과,0
평창군,2014,1/4,2014.1/4,직업환경의학과,0
평창군,2014,2/4,2014.2/4,직업환경의학과,0
평창군,2014,3/4,2014.3/4,직업환경의학과,0
평창군,2014,4/4,2014.4/4,직업환경의학과,0
평창군,2015,1/4,2015.1/4,직업환경의학과,0
평창군,2015,2/4,2015.2/4,직업환경의학과,0
평창군,2015,3/4,2015.3/4,직업환경의학과,0
평창군,2015,4/4,2015.4/4,직업환경의학과,0
평창군,2016,1/4,2016.1/4,직업환경의학과,0
평창군,2016,2/4,2016.2/4,직업환경의학과,0
평창군,2016,3/4,2016.3/4,직업환경의학과,0
평창군,2016,4/4,2016.4/4,직업환경의학과,0
평창군,2017,1/4,2017.1/4,직업환경의학과,0
평창군,2017,2/4,2017.2/4,직업환경의학과,0
평창군,2017,3/4,2017.3/4,직업환경의학과,0
평창군,2017,4/4,2017.4/4,직업환경의학과,0
평창군,2018,1/4,2018.1/4,직업환경의학과,0
평창군,2018,2/4,2018.2/4,직업환경의학과,0
평창군,2018,3/4,2018.3/4,직업환경의학과,0
평창군,2018,4/4,2018.4/4,직업환경의학과,0
평창군,2019,1/4,2019.1/4,직업환경의학과,0
평창군,2019,2/4,2019.2/4,직업환경의학과,0
평창군,2019,3/4,2019.3/4,직업환경의학과,0
평창군,2019,4/4,2019.4/4,직업환경의학과,0
평창군,2020,1/4,2020.1/4,직업환경의학과,0
평창군,2020,2/4,2020.2/4,직업환경의학과,1
평창군,2020,3/4,2020.3/4,직업환경의학과,1
평창군,2020,4/4,2020.4/4,직업환경의학과,1
평창군,2021,1/4,2021.1/4,직업환경의학과,1
평창군,2021,2/4,2021.2/4,직업환경의학과,1
평창군,2021,3/4,2021.3/4,직업환경의학과,1
평창군,2021,4/4,2021.4/4,직업환경의학과,1
평창군,2022,1/4,2022.1/4,직업환경의학과,1
평창군,2022,2/4,2022.2/4,직업환경의학과,1
평창군,2022,3/4,2022.3/4,직업환경의학과,1
평창군,2022,4/4,2022.4/4,직업환경의학과,1
평창군,2023,1/4,2023.1/4,직업환경의학과,0
평창군,2023,2/4,2023.2/4,직업환경의학과,1
평창군,2023,3/4,2023.3/4,직업환경의학과,1
평창군,2023,4/4,2023.4/4,직업환경의학과,1
평창군,2024,1/4,2024.1/4,직업환경의학과,1
평창군,2024,2/4,2024.2/4,직업환경의학과,1
평창군,2024,3/4,2024.3/4,직업환경의학과,1
평창군,2024,4/4,2024.4/4,직업환경의학과,1
평창군,2025,1/4,2025.1/4,직업환경의학과,1
평창군,2025,2/4,2025.2/4,직업환경의학과,1
평창군,2025,3/4,2025.3/4,직업환경의학과,1
평창군,2025,4/4,2025.4/4,직업환경의학과,1
평창군,2009,1/4,2009.1/4,진단검사의학과,0
평창군,2009,2/4,2009.2/4,진단검사의학과,0
평창군,2009,3/4,2009.3/4,진단검사의학과,0
평창군,2009,4/4,2009.4/4,진단검사의학과,0
평창군,2010,1/4,2010.1/4,진단검사의학과,0
평창군,2010,2/4,2010.2/4,진단검사의학과,0
평창군,2010,3/4,2010.3/4,진단검사의학과,0
평창군,2010,4/4,2010.4/4,진단검사의학과,0
평창군,2011,1/4,2011.1/4,진단검사의학과,0
평창군,2011,2/4,2011.2/4,진단검사의학과,0
평창군,2011,3/4,2011.3/4,진단검사의학과,0
평창군,2011,4/4,2011.4/4,진단검사의학과,0
평창군,2012,1/4,2012.1/4,진단검사의학과,0
평창군,2012,2/4,2012.2/4,진단검사의학과,0
평창군,2012,3/4,2012.3/4,진단검사의학과,0
평창군,2012,4/4,2012.4/4,진단검사의학과,0
평창군,2013,1/4,2013.1/4,진단검사의학과,0
평창군,2013,2/4,2013.2/4,진단검사의학과,0
평창군,2013,3/4,2013.3/4,진단검사의학과,0
평창군,2013,4/4,2013.4/4,진단검사의학과,0
평창군,2014,1/4,2014.1/4,진단검사의학과,0
평창군,2014,2/4,2014.2/4,진단검사의학과,1
평창군,2014,3/4,2014.3/4,진단검사의학과,1
평창군,2014,4/4,2014.4/4,진단검사의학과,1
평창군,2015,1/4,2015.1/4,진단검사의학과,1
평창군,2015,2/4,2015.2/4,진단검사의학과,1
평창군,2015,3/4,2015.3/4,진단검사의학과,1
평창군,2015,4/4,2015.4/4,진단검사의학과,1
평창군,2016,1/4,2016.1/4,진단검사의학과,1
평창군,2016,2/4,2016.2/4,진단검사의학과,1
평창군,2016,3/4,2016.3/4,진단검사의학과,1
평창군,2016,4/4,2016.4/4,진단검사의학과,1
평창군,2017,1/4,2017.1/4,진단검사의학과,1
평창군,2017,2/4,2017.2/4,진단검사의학과,0
평창군,2017,3/4,2017.3/4,진단검사의학과,0
평창군,2017,4/4,2017.4/4,진단검사의학과,0
평창군,2018,1/4,2018.1/4,진단검사의학과,0
평창군,2018,2/4,2018.2/4,진단검사의학과,0
평창군,2018,3/4,2018.3/4,진단검사의학과,0
평창군,2018,4/4,2018.4/4,진단검사의학과,0
평창군,2019,1/4,2019.1/4,진단검사의학과,0
평창군,2019,2/4,2019.2/4,진단검사의학과,0
평창군,2019,3/4,2019.3/4,진단검사의학과,0
평창군,2019,4/4,2019.4/4,진단검사의학과,0
평창군,2020,1/4,2020.1/4,진단검사의학과,0
평창군,2020,2/4,2020.2/4,진단검사의학과,0
평창군,2020,3/4,2020.3/4,진단검사의학과,0
평창군,2020,4/4,2020.4/4,진단검사의학과,0
평창군,2021,1/4,2021.1/4,진단검사의학과,0
평창군,2021,2/4,2021.2/4,진단검사의학과,0
평창군,2021,3/4,2021.3/4,진단검사의학과,0
평창군,2021,4/4,2021.4/4,진단검사의학과,0
평창군,2022,1/4,2022.1/4,진단검사의학과,0
평창군,2022,2/4,2022.2/4,진단검사의학과,0
평창군,2022,3/4,2022.3/4,진단검사의학과,0
평창군,2022,4/4,2022.4/4,진단검사의학과,0
평창군,2023,1/4,2023.1/4,진단검사의학과,0
평창군,2023,2/4,2023.2/4,진단검사의학과,0
평창군,2023,3/4,2023.3/4,진단검사의학과,0
평창군,2023,4/4,2023.4/4,진단검사의학과,0
평창군,2024,1/4,2024.1/4,진단검사의학과,0
평창군,2024,2/4,2024.2/4,진단검사의학과,0
평창군,2024,3/4,2024.3/4,진단검사의학과,0
평창군,2024,4/4,2024.4/4,진단검사의학과,0
평창군,2025,1/4,2025.1/4,진단검사의학과,0
평창군,2025,2/4,2025.2/4,진단검사의학과,0
평창군,2025,3/4,2025.3/4,진단검사의학과,0
평창군,2025,4/4,2025.4/4,진단검사의학과,0
평창군,2009,1/4,2009.1/4,피부과,0
평창군,2009,2/4,2009.2/4,피부과,0
평창군,2009,3/4,2009.3/4,피부과,0
평창군,2009,4/4,2009.4/4,피부과,0
평창군,2010,1/4,2010.1/4,피부과,0
평창군,2010,2/4,2010.2/4,피부과,0
평창군,2010,3/4,2010.3/4,피부과,0
평창군,2010,4/4,2010.4/4,피부과,0
평창군,2011,1/4,2011.1/4,피부과,0
평창군,2011,2/4,2011.2/4,피부과,0
평창군,2011,3/4,2011.3/4,피부과,0
평창군,2011,4/4,2011.4/4,피부과,0
평창군,2012,1/4,2012.1/4,피부과,0
평창군,2012,2/4,2012.2/4,피부과,0
평창군,2012,3/4,2012.3/4,피부과,0
평창군,2012,4/4,2012.4/4,피부과,0
평창군,2013,1/4,2013.1/4,피부과,0
평창군,2013,2/4,2013.2/4,피부과,0
평창군,2013,3/4,2013.3/4,피부과,0
평창군,2013,4/4,2013.4/4,피부과,0
평창군,2014,1/4,2014.1/4,피부과,0
평창군,2014,2/4,2014.2/4,피부과,0
평창군,2014,3/4,2014.3/4,피부과,0
평창군,2014,4/4,2014.4/4,피부과,0
평창군,2015,1/4,2015.1/4,피부과,0
평창군,2015,2/4,2015.2/4,피부과,0
평창군,2015,3/4,2015.3/4,피부과,0
평창군,2015,4/4,2015.4/4,피부과,0
평창군,2016,1/4,2016.1/4,피부과,0
평창군,2016,2/4,2016.2/4,피부과,1
평창군,2016,3/4,2016.3/4,피부과,1
평창군,2016,4/4,2016.4/4,피부과,1
평창군,2017,1/4,2017.1/4,피부과,1
평창군,2017,2/4,2017.2/4,피부과,1
평창군,2017,3/4,2017.3/4,피부과,1
평창군,2017,4/4,2017.4/4,피부과,1
평창군,2018,1/4,2018.1/4,피부과,1
평창군,2018,2/4,2018.2/4,피부과,1
평창군,2018,3/4,2018.3/4,피부과,1
평창군,2018,4/4,2018.4/4,피부과,1
평창군,2019,1/4,2019.1/4,피부과,1
평창군,2019,2/4,2019.2/4,피부과,0
평창군,2019,3/4,2019.3/4,피부과,0
평창군,2019,4/4,2019.4/4,피부과,0
평창군,2020,1/4,2020.1/4,피부과,0
평창군,2020,2/4,2020.2/4,피부과,0
평창군,2020,3/4,2020.3/4,피부과,0
평창군,2020,4/4,2020.4/4,피부과,0
평창군,2021,1/4,2021.1/4,피부과,0
평창군,2021,2/4,2021.2/4,피부과,0
평창군,2021,3/4,2021.3/4,피부과,0
평창군,2021,4/4,2021.4/4,피부과,0
평창군,2022,1/4,2022.1/4,피부과,0
평창군,2022,2/4,2022.2/4,피부과,0
평창군,2022,3/4,2022.3/4,피부과,0
평창군,2022,4/4,2022.4/4,피부과,0
평창군,2023,1/4,2023.1/4,피부과,0
평창군,2023,2/4,2023.2/4,피부과,0
평창군,2023,3/4,2023.3/4,피부과,0
평창군,2023,4/4,2023.4/4,피부과,0
평창군,2024,1/4,2024.1/4,피부과,0
평창군,2024,2/4,2024.2/4,피부과,0
평창군,2024,3/4,2024.3/4,피부과,0
평창군,2024,4/4,2024.4/4,피부과,0
평창군,2025,1/4,2025.1/4,피부과,0
평창군,2025,2/4,2025.2/4,피부과,0
평창군,2025,3/4,2025.3/4,피부과,0
평창군,2025,4/4,2025.4/4,피부과,0
평창군,2009,1/4,2009.1/4,핵의학과,0
평창군,2009,2/4,2009.2/4,핵의학과,0
평창군,2009,3/4,2009.3/4,핵의학과,0
평창군,2009,4/4,2009.4/4,핵의학과,0
평창군,2010,1/4,2010.1/4,핵의학과,0
평창군,2010,2/4,2010.2/4,핵의학과,0
평창군,2010,3/4,2010.3/4,핵의학과,0
평창군,2010,4/4,2010.4/4,핵의학과,0
평창군,2011,1/4,2011.1/4,핵의학과,0
평창군,2011,2/4,2011.2/4,핵의학과,0
평창군,2011,3/4,2011.3/4,핵의학과,0
평창군,2011,4/4,2011.4/4,핵의학과,0
평창군,2012,1/4,2012.1/4,핵의학과,0
평창군,2012,2/4,2012.2/4,핵의학과,0
평창군,2012,3/4,2012.3/4,핵의학과,0
평창군,2012,4/4,2012.4/4,핵의학과,0
평창군,2013,1/4,2013.1/4,핵의학과,0
평창군,2013,2/4,2013.2/4,핵의학과,0
평창군,2013,3/4,2013.3/4,핵의학과,0
평창군,2013,4/4,2013.4/4,핵의학과,0
평창군,2014,1/4,2014.1/4,핵의학과,0
평창군,2014,2/4,2014.2/4,핵의학과,0
평창군,2014,3/4,2014.3/4,핵의학과,0
평창군,2014,4/4,2014.4/4,핵의학과,0
평창군,2015,1/4,2015.1/4,핵의학과,0
평창군,2015,2/4,2015.2/4,핵의학과,0
평창군,2015,3/4,2015.3/4,핵의학과,0
평창군,2015,4/4,2015.4/4,핵의학과,0
평창군,2016,1/4,2016.1/4,핵의학과,0
평창군,2016,2/4,2016.2/4,핵의학과,0
평창군,2016,3/4,2016.3/4,핵의학과,0
평창군,2016,4/4,2016.4/4,핵의학과,0
평창군,2017,1/4,2017.1/4,핵의학과,0
평창군,2017,2/4,2017.2/4,핵의학과,0
평창군,2017,3/4,2017.3/4,핵의학과,0
평창군,2017,4/4,2017.4/4,핵의학과,0
평창군,2018,1/4,2018.1/4,핵의학과,0
평창군,2018,2/4,2018.2/4,핵의학과,0
평창군,2018,3/4,2018.3/4,핵의학과,0
평창군,2018,4/4,2018.4/4,핵의학과,0
평창군,2019,1/4,2019.1/4,핵의학과,0
평창군,2019,2/4,2019.2/4,핵의학과,0
평창군,2019,3/4,2019.3/4,핵의학과,0
평창군,2019,4/4,2019.4/4,핵의학과,0
평창군,2020,1/4,2020.1/4,핵의학과,0
평창군,2020,2/4,2020.2/4,핵의학과,0
평창군,2020,3/4,2020.3/4,핵의학과,0
평창군,2020,4/4,2020.4/4,핵의학과,0
평창군,2021,1/4,2021.1/4,핵의학과,0
평창군,2021,2/4,2021.2/4,핵의학과,0
평창군,2021,3/4,2021.3/4,핵의학과,0
평창군,2021,4/4,2021.4/4,핵의학과,0
평창군,2022,1/4,2022.1/4,핵의학과,0
평창군,2022,2/4,2022.2/4,핵의학과,0
평창군,2022,3/4,2022.3/4,핵의학과,0
평창군,2022,4/4,2022.4/4,핵의학과,0
평창군,2023,1/4,2023.1/4,핵의학과,0
평창군,2023,2/4,2023.2/4,핵의학과,0
평창군,2023,3/4,2023.3/4,핵의학과,0
평창군,2023,4/4,2023.4/4,핵의학과,0
평창군,2024,1/4,2024.1/4,핵의학과,0
평창군,2024,2/4,2024.2/4,핵의학과,0
평창군,2024,3/4,2024.3/4,핵의학과,0
평창군,2024,4/4,2024.4/4,핵의학과,0
평창군,2025,1/4,2025.1/4,핵의학과,0
평창군,2025,2/4,2025.2/4,핵의학과,0
평창군,2025,3/4,2025.3/4,핵의학과,0
평창군,2025,4/4,2025.4/4,핵의학과,0
홍천군,2009,1/4,2009.1/4,가정의학과,4
홍천군,2009,2/4,2009.2/4,가정의학과,3
홍천군,2009,3/4,2009.3/4,가정의학과,3
홍천군,2009,4/4,2009.4/4,가정의학과,3
홍천군,2010,1/4,2010.1/4,가정의학과,3
홍천군,2010,2/4,2010.2/4,가정의학과,3
홍천군,2010,3/4,2010.3/4,가정의학과,4
홍천군,2010,4/4,2010.4/4,가정의학과,3
홍천군,2011,1/4,2011.1/4,가정의학과,3
홍천군,2011,2/4,2011.2/4,가정의학과,4
홍천군,2011,3/4,2011.3/4,가정의학과,4
홍천군,2011,4/4,2011.4/4,가정의학과,3
홍천군,2012,1/4,2012.1/4,가정의학과,4
홍천군,2012,2/4,2012.2/4,가정의학과,4
홍천군,2012,3/4,2012.3/4,가정의학과,4
홍천군,2012,4/4,2012.4/4,가정의학과,4
홍천군,2013,1/4,2013.1/4,가정의학과,4
홍천군,2013,2/4,2013.2/4,가정의학과,3
홍천군,2013,3/4,2013.3/4,가정의학과,2
홍천군,2013,4/4,2013.4/4,가정의학과,2
홍천군,2014,1/4,2014.1/4,가정의학과,3
홍천군,2014,2/4,2014.2/4,가정의학과,4
홍천군,2014,3/4,2014.3/4,가정의학과,3
홍천군,2014,4/4,2014.4/4,가정의학과,3
홍천군,2015,1/4,2015.1/4,가정의학과,4
홍천군,2015,2/4,2015.2/4,가정의학과,4
홍천군,2015,3/4,2015.3/4,가정의학과,4
홍천군,2015,4/4,2015.4/4,가정의학과,5
홍천군,2016,1/4,2016.1/4,가정의학과,5
홍천군,2016,2/4,2016.2/4,가정의학과,5
홍천군,2016,3/4,2016.3/4,가정의학과,7
홍천군,2016,4/4,2016.4/4,가정의학과,6
홍천군,2017,1/4,2017.1/4,가정의학과,7
홍천군,2017,2/4,2017.2/4,가정의학과,7
홍천군,2017,3/4,2017.3/4,가정의학과,7
홍천군,2017,4/4,2017.4/4,가정의학과,7
홍천군,2018,1/4,2018.1/4,가정의학과,7
홍천군,2018,2/4,2018.2/4,가정의학과,7
홍천군,2018,3/4,2018.3/4,가정의학과,7
홍천군,2018,4/4,2018.4/4,가정의학과,7
홍천군,2019,1/4,2019.1/4,가정의학과,6
홍천군,2019,2/4,2019.2/4,가정의학과,6
홍천군,2019,3/4,2019.3/4,가정의학과,6
홍천군,2019,4/4,2019.4/4,가정의학과,6
홍천군,2020,1/4,2020.1/4,가정의학과,7
홍천군,2020,2/4,2020.2/4,가정의학과,7
홍천군,2020,3/4,2020.3/4,가정의학과,7
홍천군,2020,4/4,2020.4/4,가정의학과,7
홍천군,2021,1/4,2021.1/4,가정의학과,7
홍천군,2021,2/4,2021.2/4,가정의학과,8
홍천군,2021,3/4,2021.3/4,가정의학과,8
홍천군,2021,4/4,2021.4/4,가정의학과,8
홍천군,2022,1/4,2022.1/4,가정의학과,9
홍천군,2022,2/4,2022.2/4,가정의학과,9
홍천군,2022,3/4,2022.3/4,가정의학과,11
홍천군,2022,4/4,2022.4/4,가정의학과,12
홍천군,2023,1/4,2023.1/4,가정의학과,11
홍천군,2023,2/4,2023.2/4,가정의학과,10
홍천군,2023,3/4,2023.3/4,가정의학과,10
홍천군,2023,4/4,2023.4/4,가정의학과,10
홍천군,2024,1/4,2024.1/4,가정의학과,10
홍천군,2024,2/4,2024.2/4,가정의학과,9
홍천군,2024,3/4,2024.3/4,가정의학과,9
홍천군,2024,4/4,2024.4/4,가정의학과,8
홍천군,2025,1/4,2025.1/4,가정의학과,8
홍천군,2025,2/4,2025.2/4,가정의학과,8
홍천군,2025,3/4,2025.3/4,가정의학과,8
홍천군,2025,4/4,2025.4/4,가정의학과,8
홍천군,2009,1/4,2009.1/4,결핵과,0
홍천군,2009,2/4,2009.2/4,결핵과,0
홍천군,2009,3/4,2009.3/4,결핵과,0
홍천군,2009,4/4,2009.4/4,결핵과,0
홍천군,2010,1/4,2010.1/4,결핵과,0
홍천군,2010,2/4,2010.2/4,결핵과,0
홍천군,2010,3/4,2010.3/4,결핵과,0
홍천군,2010,4/4,2010.4/4,결핵과,0
홍천군,2011,1/4,2011.1/4,결핵과,0
홍천군,2011,2/4,2011.2/4,결핵과,0
홍천군,2011,3/4,2011.3/4,결핵과,0
홍천군,2011,4/4,2011.4/4,결핵과,0
홍천군,2012,1/4,2012.1/4,결핵과,0
홍천군,2012,2/4,2012.2/4,결핵과,0
홍천군,2012,3/4,2012.3/4,결핵과,0
홍천군,2012,4/4,2012.4/4,결핵과,0
홍천군,2013,1/4,2013.1/4,결핵과,0
홍천군,2013,2/4,2013.2/4,결핵과,0
홍천군,2013,3/4,2013.3/4,결핵과,0
홍천군,2013,4/4,2013.4/4,결핵과,0
홍천군,2014,1/4,2014.1/4,결핵과,0
홍천군,2014,2/4,2014.2/4,결핵과,0
홍천군,2014,3/4,2014.3/4,결핵과,0
홍천군,2014,4/4,2014.4/4,결핵과,0
홍천군,2015,1/4,2015.1/4,결핵과,0
홍천군,2015,2/4,2015.2/4,결핵과,0
홍천군,2015,3/4,2015.3/4,결핵과,0
홍천군,2015,4/4,2015.4/4,결핵과,0
홍천군,2016,1/4,2016.1/4,결핵과,0
홍천군,2016,2/4,2016.2/4,결핵과,0
홍천군,2016,3/4,2016.3/4,결핵과,0
홍천군,2016,4/4,2016.4/4,결핵과,0
홍천군,2017,1/4,2017.1/4,결핵과,0
홍천군,2017,2/4,2017.2/4,결핵과,0
홍천군,2017,3/4,2017.3/4,결핵과,0
홍천군,2017,4/4,2017.4/4,결핵과,0
홍천군,2018,1/4,2018.1/4,결핵과,0
홍천군,2018,2/4,2018.2/4,결핵과,0
홍천군,2018,3/4,2018.3/4,결핵과,0
홍천군,2018,4/4,2018.4/4,결핵과,0
홍천군,2019,1/4,2019.1/4,결핵과,0
홍천군,2019,2/4,2019.2/4,결핵과,0
홍천군,2019,3/4,2019.3/4,결핵과,0
홍천군,2019,4/4,2019.4/4,결핵과,0
홍천군,2020,1/4,2020.1/4,결핵과,0
홍천군,2020,2/4,2020.2/4,결핵과,0
홍천군,2020,3/4,2020.3/4,결핵과,0
홍천군,2020,4/4,2020.4/4,결핵과,0
홍천군,2021,1/4,2021.1/4,결핵과,0
홍천군,2021,2/4,2021.2/4,결핵과,0
홍천군,2021,3/4,2021.3/4,결핵과,0
홍천군,2021,4/4,2021.4/4,결핵과,0
홍천군,2022,1/4,2022.1/4,결핵과,0
홍천군,2022,2/4,2022.2/4,결핵과,0
홍천군,2022,3/4,2022.3/4,결핵과,0
홍천군,2022,4/4,2022.4/4,결핵과,0
홍천군,2023,1/4,2023.1/4,결핵과,0
홍천군,2023,2/4,2023.2/4,결핵과,0
홍천군,2023,3/4,2023.3/4,결핵과,0
홍천군,2023,4/4,2023.4/4,결핵과,0
홍천군,2024,1/4,2024.1/4,결핵과,0
홍천군,2024,2/4,2024.2/4,결핵과,0
홍천군,2024,3/4,2024.3/4,결핵과,0
홍천군,2024,4/4,2024.4/4,결핵과,0
홍천군,2025,1/4,2025.1/4,결핵과,0
홍천군,2025,2/4,2025.2/4,결핵과,0
홍천군,2025,3/4,2025.3/4,결핵과,0
홍천군,2025,4/4,2025.4/4,결핵과,0
홍천군,2009,1/4,2009.1/4,내과,10
홍천군,2009,2/4,2009.2/4,내과,10
홍천군,2009,3/4,2009.3/4,내과,12
홍천군,2009,4/4,2009.4/4,내과,12
홍천군,2010,1/4,2010.1/4,내과,11
홍천군,2010,2/4,2010.2/4,내과,12
홍천군,2010,3/4,2010.3/4,내과,12
홍천군,2010,4/4,2010.4/4,내과,12
홍천군,2011,1/4,2011.1/4,내과,12
홍천군,2011,2/4,2011.2/4,내과,13
홍천군,2011,3/4,2011.3/4,내과,13
홍천군,2011,4/4,2011.4/4,내과,12
홍천군,2012,1/4,2012.1/4,내과,12
홍천군,2012,2/4,2012.2/4,내과,11
홍천군,2012,3/4,2012.3/4,내과,11
홍천군,2012,4/4,2012.4/4,내과,10
홍천군,2013,1/4,2013.1/4,내과,11
홍천군,2013,2/4,2013.2/4,내과,12
홍천군,2013,3/4,2013.3/4,내과,13
홍천군,2013,4/4,2013.4/4,내과,13
홍천군,2014,1/4,2014.1/4,내과,14
홍천군,2014,2/4,2014.2/4,내과,14
홍천군,2014,3/4,2014.3/4,내과,14
홍천군,2014,4/4,2014.4/4,내과,14
홍천군,2015,1/4,2015.1/4,내과,13
홍천군,2015,2/4,2015.2/4,내과,13
홍천군,2015,3/4,2015.3/4,내과,13
홍천군,2015,4/4,2015.4/4,내과,13
홍천군,2016,1/4,2016.1/4,내과,12
홍천군,2016,2/4,2016.2/4,내과,12
홍천군,2016,3/4,2016.3/4,내과,12
홍천군,2016,4/4,2016.4/4,내과,12
홍천군,2017,1/4,2017.1/4,내과,11
홍천군,2017,2/4,2017.2/4,내과,12
홍천군,2017,3/4,2017.3/4,내과,12
홍천군,2017,4/4,2017.4/4,내과,12
홍천군,2018,1/4,2018.1/4,내과,11
홍천군,2018,2/4,2018.2/4,내과,11
홍천군,2018,3/4,2018.3/4,내과,11
홍천군,2018,4/4,2018.4/4,내과,11
홍천군,2019,1/4,2019.1/4,내과,10
홍천군,2019,2/4,2019.2/4,내과,11
홍천군,2019,3/4,2019.3/4,내과,11
홍천군,2019,4/4,2019.4/4,내과,11
홍천군,2020,1/4,2020.1/4,내과,11
홍천군,2020,2/4,2020.2/4,내과,11
홍천군,2020,3/4,2020.3/4,내과,12
홍천군,2020,4/4,2020.4/4,내과,12
홍천군,2021,1/4,2021.1/4,내과,12
홍천군,2021,2/4,2021.2/4,내과,12
홍천군,2021,3/4,2021.3/4,내과,12
홍천군,2021,4/4,2021.4/4,내과,12
홍천군,2022,1/4,2022.1/4,내과,11
홍천군,2022,2/4,2022.2/4,내과,12
홍천군,2022,3/4,2022.3/4,내과,12
홍천군,2022,4/4,2022.4/4,내과,13
홍천군,2023,1/4,2023.1/4,내과,12
홍천군,2023,2/4,2023.2/4,내과,12
홍천군,2023,3/4,2023.3/4,내과,11
홍천군,2023,4/4,2023.4/4,내과,11
홍천군,2024,1/4,2024.1/4,내과,11
홍천군,2024,2/4,2024.2/4,내과,12
홍천군,2024,3/4,2024.3/4,내과,13
홍천군,2024,4/4,2024.4/4,내과,13
홍천군,2025,1/4,2025.1/4,내과,13
홍천군,2025,2/4,2025.2/4,내과,12
홍천군,2025,3/4,2025.3/4,내과,12
홍천군,2025,4/4,2025.4/4,내과,12
홍천군,2009,1/4,2009.1/4,마취통증의학과,7
홍천군,2009,2/4,2009.2/4,마취통증의학과,6
홍천군,2009,3/4,2009.3/4,마취통증의학과,6
홍천군,2009,4/4,2009.4/4,마취통증의학과,6
홍천군,2010,1/4,2010.1/4,마취통증의학과,6
홍천군,2010,2/4,2010.2/4,마취통증의학과,6
홍천군,2010,3/4,2010.3/4,마취통증의학과,6
홍천군,2010,4/4,2010.4/4,마취통증의학과,6
홍천군,2011,1/4,2011.1/4,마취통증의학과,6
홍천군,2011,2/4,2011.2/4,마취통증의학과,6
홍천군,2011,3/4,2011.3/4,마취통증의학과,6
홍천군,2011,4/4,2011.4/4,마취통증의학과,6
홍천군,2012,1/4,2012.1/4,마취통증의학과,6
홍천군,2012,2/4,2012.2/4,마취통증의학과,6
홍천군,2012,3/4,2012.3/4,마취통증의학과,6
홍천군,2012,4/4,2012.4/4,마취통증의학과,7
홍천군,2013,1/4,2013.1/4,마취통증의학과,7
홍천군,2013,2/4,2013.2/4,마취통증의학과,7
홍천군,2013,3/4,2013.3/4,마취통증의학과,7
홍천군,2013,4/4,2013.4/4,마취통증의학과,7
홍천군,2014,1/4,2014.1/4,마취통증의학과,7
홍천군,2014,2/4,2014.2/4,마취통증의학과,7
홍천군,2014,3/4,2014.3/4,마취통증의학과,8
홍천군,2014,4/4,2014.4/4,마취통증의학과,10
홍천군,2015,1/4,2015.1/4,마취통증의학과,9
홍천군,2015,2/4,2015.2/4,마취통증의학과,9
홍천군,2015,3/4,2015.3/4,마취통증의학과,9
홍천군,2015,4/4,2015.4/4,마취통증의학과,9
홍천군,2016,1/4,2016.1/4,마취통증의학과,8
홍천군,2016,2/4,2016.2/4,마취통증의학과,8
홍천군,2016,3/4,2016.3/4,마취통증의학과,8
홍천군,2016,4/4,2016.4/4,마취통증의학과,8
홍천군,2017,1/4,2017.1/4,마취통증의학과,8
홍천군,2017,2/4,2017.2/4,마취통증의학과,8
홍천군,2017,3/4,2017.3/4,마취통증의학과,8
홍천군,2017,4/4,2017.4/4,마취통증의학과,8
홍천군,2018,1/4,2018.1/4,마취통증의학과,8
홍천군,2018,2/4,2018.2/4,마취통증의학과,8
홍천군,2018,3/4,2018.3/4,마취통증의학과,8
홍천군,2018,4/4,2018.4/4,마취통증의학과,8
홍천군,2019,1/4,2019.1/4,마취통증의학과,8
홍천군,2019,2/4,2019.2/4,마취통증의학과,8
홍천군,2019,3/4,2019.3/4,마취통증의학과,9
홍천군,2019,4/4,2019.4/4,마취통증의학과,9
홍천군,2020,1/4,2020.1/4,마취통증의학과,9
홍천군,2020,2/4,2020.2/4,마취통증의학과,8
홍천군,2020,3/4,2020.3/4,마취통증의학과,8
홍천군,2020,4/4,2020.4/4,마취통증의학과,8
홍천군,2021,1/4,2021.1/4,마취통증의학과,8
홍천군,2021,2/4,2021.2/4,마취통증의학과,7
홍천군,2021,3/4,2021.3/4,마취통증의학과,7
홍천군,2021,4/4,2021.4/4,마취통증의학과,7
홍천군,2022,1/4,2022.1/4,마취통증의학과,6
홍천군,2022,2/4,2022.2/4,마취통증의학과,6
홍천군,2022,3/4,2022.3/4,마취통증의학과,6
홍천군,2022,4/4,2022.4/4,마취통증의학과,6
홍천군,2023,1/4,2023.1/4,마취통증의학과,6
홍천군,2023,2/4,2023.2/4,마취통증의학과,6
홍천군,2023,3/4,2023.3/4,마취통증의학과,6
홍천군,2023,4/4,2023.4/4,마취통증의학과,6
홍천군,2024,1/4,2024.1/4,마취통증의학과,6
홍천군,2024,2/4,2024.2/4,마취통증의학과,6
홍천군,2024,3/4,2024.3/4,마취통증의학과,6
홍천군,2024,4/4,2024.4/4,마취통증의학과,6
홍천군,2025,1/4,2025.1/4,마취통증의학과,5
홍천군,2025,2/4,2025.2/4,마취통증의학과,5
홍천군,2025,3/4,2025.3/4,마취통증의학과,5
홍천군,2025,4/4,2025.4/4,마취통증의학과,5
홍천군,2009,1/4,2009.1/4,방사선종양학과,0
홍천군,2009,2/4,2009.2/4,방사선종양학과,0
홍천군,2009,3/4,2009.3/4,방사선종양학과,0
홍천군,2009,4/4,2009.4/4,방사선종양학과,0
홍천군,2010,1/4,2010.1/4,방사선종양학과,0
홍천군,2010,2/4,2010.2/4,방사선종양학과,0
홍천군,2010,3/4,2010.3/4,방사선종양학과,0
홍천군,2010,4/4,2010.4/4,방사선종양학과,0
홍천군,2011,1/4,2011.1/4,방사선종양학과,0
홍천군,2011,2/4,2011.2/4,방사선종양학과,0
홍천군,2011,3/4,2011.3/4,방사선종양학과,0
홍천군,2011,4/4,2011.4/4,방사선종양학과,0
홍천군,2012,1/4,2012.1/4,방사선종양학과,0
홍천군,2012,2/4,2012.2/4,방사선종양학과,0
홍천군,2012,3/4,2012.3/4,방사선종양학과,0
홍천군,2012,4/4,2012.4/4,방사선종양학과,0
홍천군,2013,1/4,2013.1/4,방사선종양학과,0
홍천군,2013,2/4,2013.2/4,방사선종양학과,0
홍천군,2013,3/4,2013.3/4,방사선종양학과,0
홍천군,2013,4/4,2013.4/4,방사선종양학과,0
홍천군,2014,1/4,2014.1/4,방사선종양학과,0
홍천군,2014,2/4,2014.2/4,방사선종양학과,0
홍천군,2014,3/4,2014.3/4,방사선종양학과,0
홍천군,2014,4/4,2014.4/4,방사선종양학과,0
홍천군,2015,1/4,2015.1/4,방사선종양학과,0
홍천군,2015,2/4,2015.2/4,방사선종양학과,0
홍천군,2015,3/4,2015.3/4,방사선종양학과,0
홍천군,2015,4/4,2015.4/4,방사선종양학과,0
홍천군,2016,1/4,2016.1/4,방사선종양학과,0
홍천군,2016,2/4,2016.2/4,방사선종양학과,0
홍천군,2016,3/4,2016.3/4,방사선종양학과,0
홍천군,2016,4/4,2016.4/4,방사선종양학과,0
홍천군,2017,1/4,2017.1/4,방사선종양학과,0
홍천군,2017,2/4,2017.2/4,방사선종양학과,0
홍천군,2017,3/4,2017.3/4,방사선종양학과,0
홍천군,2017,4/4,2017.4/4,방사선종양학과,0
홍천군,2018,1/4,2018.1/4,방사선종양학과,0
홍천군,2018,2/4,2018.2/4,방사선종양학과,0
홍천군,2018,3/4,2018.3/4,방사선종양학과,0
홍천군,2018,4/4,2018.4/4,방사선종양학과,0
홍천군,2019,1/4,2019.1/4,방사선종양학과,0
홍천군,2019,2/4,2019.2/4,방사선종양학과,1
홍천군,2019,3/4,2019.3/4,방사선종양학과,1
홍천군,2019,4/4,2019.4/4,방사선종양학과,1
홍천군,2020,1/4,2020.1/4,방사선종양학과,1
홍천군,2020,2/4,2020.2/4,방사선종양학과,1
홍천군,2020,3/4,2020.3/4,방사선종양학과,1
홍천군,2020,4/4,2020.4/4,방사선종양학과,1
홍천군,2021,1/4,2021.1/4,방사선종양학과,1
홍천군,2021,2/4,2021.2/4,방사선종양학과,1
홍천군,2021,3/4,2021.3/4,방사선종양학과,1
홍천군,2021,4/4,2021.4/4,방사선종양학과,1
홍천군,2022,1/4,2022.1/4,방사선종양학과,1
홍천군,2022,2/4,2022.2/4,방사선종양학과,0
홍천군,2022,3/4,2022.3/4,방사선종양학과,0
홍천군,2022,4/4,2022.4/4,방사선종양학과,0
홍천군,2023,1/4,2023.1/4,방사선종양학과,0
홍천군,2023,2/4,2023.2/4,방사선종양학과,0
홍천군,2023,3/4,2023.3/4,방사선종양학과,0
홍천군,2023,4/4,2023.4/4,방사선종양학과,0
홍천군,2024,1/4,2024.1/4,방사선종양학과,0
홍천군,2024,2/4,2024.2/4,방사선종양학과,0
홍천군,2024,3/4,2024.3/4,방사선종양학과,0
홍천군,2024,4/4,2024.4/4,방사선종양학과,0
홍천군,2025,1/4,2025.1/4,방사선종양학과,0
홍천군,2025,2/4,2025.2/4,방사선종양학과,0
홍천군,2025,3/4,2025.3/4,방사선종양학과,0
홍천군,2025,4/4,2025.4/4,방사선종양학과,0
홍천군,2009,1/4,2009.1/4,병리과,0
홍천군,2009,2/4,2009.2/4,병리과,0
홍천군,2009,3/4,2009.3/4,병리과,0
홍천군,2009,4/4,2009.4/4,병리과,0
홍천군,2010,1/4,2010.1/4,병리과,0
홍천군,2010,2/4,2010.2/4,병리과,0
홍천군,2010,3/4,2010.3/4,병리과,0
홍천군,2010,4/4,2010.4/4,병리과,0
홍천군,2011,1/4,2011.1/4,병리과,0
홍천군,2011,2/4,2011.2/4,병리과,0
홍천군,2011,3/4,2011.3/4,병리과,0
홍천군,2011,4/4,2011.4/4,병리과,0
홍천군,2012,1/4,2012.1/4,병리과,0
홍천군,2012,2/4,2012.2/4,병리과,0
홍천군,2012,3/4,2012.3/4,병리과,0
홍천군,2012,4/4,2012.4/4,병리과,0
홍천군,2013,1/4,2013.1/4,병리과,0
홍천군,2013,2/4,2013.2/4,병리과,0
홍천군,2013,3/4,2013.3/4,병리과,0
홍천군,2013,4/4,2013.4/4,병리과,0
홍천군,2014,1/4,2014.1/4,병리과,0
홍천군,2014,2/4,2014.2/4,병리과,0
홍천군,2014,3/4,2014.3/4,병리과,0
홍천군,2014,4/4,2014.4/4,병리과,0
홍천군,2015,1/4,2015.1/4,병리과,0
홍천군,2015,2/4,2015.2/4,병리과,0
홍천군,2015,3/4,2015.3/4,병리과,0
홍천군,2015,4/4,2015.4/4,병리과,0
홍천군,2016,1/4,2016.1/4,병리과,0
홍천군,2016,2/4,2016.2/4,병리과,0
홍천군,2016,3/4,2016.3/4,병리과,0
홍천군,2016,4/4,2016.4/4,병리과,0
홍천군,2017,1/4,2017.1/4,병리과,0
홍천군,2017,2/4,2017.2/4,병리과,0
홍천군,2017,3/4,2017.3/4,병리과,0
홍천군,2017,4/4,2017.4/4,병리과,0
홍천군,2018,1/4,2018.1/4,병리과,0
홍천군,2018,2/4,2018.2/4,병리과,0
홍천군,2018,3/4,2018.3/4,병리과,0
홍천군,2018,4/4,2018.4/4,병리과,0
홍천군,2019,1/4,2019.1/4,병리과,0
홍천군,2019,2/4,2019.2/4,병리과,0
홍천군,2019,3/4,2019.3/4,병리과,0
홍천군,2019,4/4,2019.4/4,병리과,0
홍천군,2020,1/4,2020.1/4,병리과,0
홍천군,2020,2/4,2020.2/4,병리과,0
홍천군,2020,3/4,2020.3/4,병리과,0
홍천군,2020,4/4,2020.4/4,병리과,0
홍천군,2021,1/4,2021.1/4,병리과,0
홍천군,2021,2/4,2021.2/4,병리과,0
홍천군,2021,3/4,2021.3/4,병리과,0
홍천군,2021,4/4,2021.4/4,병리과,0
홍천군,2022,1/4,2022.1/4,병리과,0
홍천군,2022,2/4,2022.2/4,병리과,0
홍천군,2022,3/4,2022.3/4,병리과,0
홍천군,2022,4/4,2022.4/4,병리과,0
홍천군,2023,1/4,2023.1/4,병리과,0
홍천군,2023,2/4,2023.2/4,병리과,0
홍천군,2023,3/4,2023.3/4,병리과,0
홍천군,2023,4/4,2023.4/4,병리과,0
홍천군,2024,1/4,2024.1/4,병리과,0
홍천군,2024,2/4,2024.2/4,병리과,0
홍천군,2024,3/4,2024.3/4,병리과,0
홍천군,2024,4/4,2024.4/4,병리과,0
홍천군,2025,1/4,2025.1/4,병리과,0
홍천군,2025,2/4,2025.2/4,병리과,0
홍천군,2025,3/4,2025.3/4,병리과,0
홍천군,2025,4/4,2025.4/4,병리과,0
홍천군,2009,1/4,2009.1/4,비뇨의학과,2
홍천군,2009,2/4,2009.2/4,비뇨의학과,2
홍천군,2009,3/4,2009.3/4,비뇨의학과,2
홍천군,2009,4/4,2009.4/4,비뇨의학과,2
홍천군,2010,1/4,2010.1/4,비뇨의학과,2
홍천군,2010,2/4,2010.2/4,비뇨의학과,3
홍천군,2010,3/4,2010.3/4,비뇨의학과,3
홍천군,2010,4/4,2010.4/4,비뇨의학과,3
홍천군,2011,1/4,2011.1/4,비뇨의학과,3
홍천군,2011,2/4,2011.2/4,비뇨의학과,3
홍천군,2011,3/4,2011.3/4,비뇨의학과,3
홍천군,2011,4/4,2011.4/4,비뇨의학과,3
홍천군,2012,1/4,2012.1/4,비뇨의학과,3
홍천군,2012,2/4,2012.2/4,비뇨의학과,3
홍천군,2012,3/4,2012.3/4,비뇨의학과,3
홍천군,2012,4/4,2012.4/4,비뇨의학과,3
홍천군,2013,1/4,2013.1/4,비뇨의학과,3
홍천군,2013,2/4,2013.2/4,비뇨의학과,3
홍천군,2013,3/4,2013.3/4,비뇨의학과,3
홍천군,2013,4/4,2013.4/4,비뇨의학과,4
홍천군,2014,1/4,2014.1/4,비뇨의학과,4
홍천군,2014,2/4,2014.2/4,비뇨의학과,3
홍천군,2014,3/4,2014.3/4,비뇨의학과,3
홍천군,2014,4/4,2014.4/4,비뇨의학과,3
홍천군,2015,1/4,2015.1/4,비뇨의학과,3
홍천군,2015,2/4,2015.2/4,비뇨의학과,3
홍천군,2015,3/4,2015.3/4,비뇨의학과,3
홍천군,2015,4/4,2015.4/4,비뇨의학과,3
홍천군,2016,1/4,2016.1/4,비뇨의학과,3
홍천군,2016,2/4,2016.2/4,비뇨의학과,3
홍천군,2016,3/4,2016.3/4,비뇨의학과,3
홍천군,2016,4/4,2016.4/4,비뇨의학과,3
홍천군,2017,1/4,2017.1/4,비뇨의학과,3
홍천군,2017,2/4,2017.2/4,비뇨의학과,2
홍천군,2017,3/4,2017.3/4,비뇨의학과,2
홍천군,2017,4/4,2017.4/4,비뇨의학과,2
홍천군,2018,1/4,2018.1/4,비뇨의학과,2
홍천군,2018,2/4,2018.2/4,비뇨의학과,3
홍천군,2018,3/4,2018.3/4,비뇨의학과,3
홍천군,2018,4/4,2018.4/4,비뇨의학과,3
홍천군,2019,1/4,2019.1/4,비뇨의학과,3
홍천군,2019,2/4,2019.2/4,비뇨의학과,2
홍천군,2019,3/4,2019.3/4,비뇨의학과,2
홍천군,2019,4/4,2019.4/4,비뇨의학과,2
홍천군,2020,1/4,2020.1/4,비뇨의학과,2
홍천군,2020,2/4,2020.2/4,비뇨의학과,3
홍천군,2020,3/4,2020.3/4,비뇨의학과,3
홍천군,2020,4/4,2020.4/4,비뇨의학과,3
홍천군,2021,1/4,2021.1/4,비뇨의학과,3
홍천군,2021,2/4,2021.2/4,비뇨의학과,3
홍천군,2021,3/4,2021.3/4,비뇨의학과,3
홍천군,2021,4/4,2021.4/4,비뇨의학과,3
홍천군,2022,1/4,2022.1/4,비뇨의학과,3
홍천군,2022,2/4,2022.2/4,비뇨의학과,3
홍천군,2022,3/4,2022.3/4,비뇨의학과,3
홍천군,2022,4/4,2022.4/4,비뇨의학과,3
홍천군,2023,1/4,2023.1/4,비뇨의학과,3
홍천군,2023,2/4,2023.2/4,비뇨의학과,3
홍천군,2023,3/4,2023.3/4,비뇨의학과,3
홍천군,2023,4/4,2023.4/4,비뇨의학과,3
홍천군,2024,1/4,2024.1/4,비뇨의학과,3
홍천군,2024,2/4,2024.2/4,비뇨의학과,3
홍천군,2024,3/4,2024.3/4,비뇨의학과,2
홍천군,2024,4/4,2024.4/4,비뇨의학과,3
홍천군,2025,1/4,2025.1/4,비뇨의학과,3
홍천군,2025,2/4,2025.2/4,비뇨의학과,3
홍천군,2025,3/4,2025.3/4,비뇨의학과,3
홍천군,2025,4/4,2025.4/4,비뇨의학과,3
홍천군,2009,1/4,2009.1/4,산부인과,5
홍천군,2009,2/4,2009.2/4,산부인과,5
홍천군,2009,3/4,2009.3/4,산부인과,5
홍천군,2009,4/4,2009.4/4,산부인과,5
홍천군,2010,1/4,2010.1/4,산부인과,5
홍천군,2010,2/4,2010.2/4,산부인과,5
홍천군,2010,3/4,2010.3/4,산부인과,4
홍천군,2010,4/4,2010.4/4,산부인과,4
홍천군,2011,1/4,2011.1/4,산부인과,4
홍천군,2011,2/4,2011.2/4,산부인과,4
홍천군,2011,3/4,2011.3/4,산부인과,4
홍천군,2011,4/4,2011.4/4,산부인과,4
홍천군,2012,1/4,2012.1/4,산부인과,4
홍천군,2012,2/4,2012.2/4,산부인과,4
홍천군,2012,3/4,2012.3/4,산부인과,4
홍천군,2012,4/4,2012.4/4,산부인과,3
홍천군,2013,1/4,2013.1/4,산부인과,4
홍천군,2013,2/4,2013.2/4,산부인과,4
홍천군,2013,3/4,2013.3/4,산부인과,4
홍천군,2013,4/4,2013.4/4,산부인과,4
홍천군,2014,1/4,2014.1/4,산부인과,4
홍천군,2014,2/4,2014.2/4,산부인과,5
홍천군,2014,3/4,2014.3/4,산부인과,4
홍천군,2014,4/4,2014.4/4,산부인과,4
홍천군,2015,1/4,2015.1/4,산부인과,4
홍천군,2015,2/4,2015.2/4,산부인과,4
홍천군,2015,3/4,2015.3/4,산부인과,4
홍천군,2015,4/4,2015.4/4,산부인과,4
홍천군,2016,1/4,2016.1/4,산부인과,4
홍천군,2016,2/4,2016.2/4,산부인과,4
홍천군,2016,3/4,2016.3/4,산부인과,4
홍천군,2016,4/4,2016.4/4,산부인과,4
홍천군,2017,1/4,2017.1/4,산부인과,4
홍천군,2017,2/4,2017.2/4,산부인과,5
홍천군,2017,3/4,2017.3/4,산부인과,5
홍천군,2017,4/4,2017.4/4,산부인과,5
홍천군,2018,1/4,2018.1/4,산부인과,4
홍천군,2018,2/4,2018.2/4,산부인과,4
홍천군,2018,3/4,2018.3/4,산부인과,4
홍천군,2018,4/4,2018.4/4,산부인과,4
홍천군,2019,1/4,2019.1/4,산부인과,4
홍천군,2019,2/4,2019.2/4,산부인과,4
홍천군,2019,3/4,2019.3/4,산부인과,4
홍천군,2019,4/4,2019.4/4,산부인과,5
홍천군,2020,1/4,2020.1/4,산부인과,5
홍천군,2020,2/4,2020.2/4,산부인과,5
홍천군,2020,3/4,2020.3/4,산부인과,5
홍천군,2020,4/4,2020.4/4,산부인과,5
홍천군,2021,1/4,2021.1/4,산부인과,5
홍천군,2021,2/4,2021.2/4,산부인과,5
홍천군,2021,3/4,2021.3/4,산부인과,5
홍천군,2021,4/4,2021.4/4,산부인과,5
홍천군,2022,1/4,2022.1/4,산부인과,5
홍천군,2022,2/4,2022.2/4,산부인과,4
홍천군,2022,3/4,2022.3/4,산부인과,4
홍천군,2022,4/4,2022.4/4,산부인과,4
홍천군,2023,1/4,2023.1/4,산부인과,5
홍천군,2023,2/4,2023.2/4,산부인과,5
홍천군,2023,3/4,2023.3/4,산부인과,4
홍천군,2023,4/4,2023.4/4,산부인과,3
홍천군,2024,1/4,2024.1/4,산부인과,3
홍천군,2024,2/4,2024.2/4,산부인과,3
홍천군,2024,3/4,2024.3/4,산부인과,2
홍천군,2024,4/4,2024.4/4,산부인과,3
홍천군,2025,1/4,2025.1/4,산부인과,3
홍천군,2025,2/4,2025.2/4,산부인과,3
홍천군,2025,3/4,2025.3/4,산부인과,3
홍천군,2025,4/4,2025.4/4,산부인과,3
홍천군,2009,1/4,2009.1/4,성형외과,1
홍천군,2009,2/4,2009.2/4,성형외과,0
홍천군,2009,3/4,2009.3/4,성형외과,0
홍천군,2009,4/4,2009.4/4,성형외과,0
홍천군,2010,1/4,2010.1/4,성형외과,0
홍천군,2010,2/4,2010.2/4,성형외과,0
홍천군,2010,3/4,2010.3/4,성형외과,0
홍천군,2010,4/4,2010.4/4,성형외과,0
홍천군,2011,1/4,2011.1/4,성형외과,0
홍천군,2011,2/4,2011.2/4,성형외과,0
홍천군,2011,3/4,2011.3/4,성형외과,0
홍천군,2011,4/4,2011.4/4,성형외과,0
홍천군,2012,1/4,2012.1/4,성형외과,0
홍천군,2012,2/4,2012.2/4,성형외과,0
홍천군,2012,3/4,2012.3/4,성형외과,0
홍천군,2012,4/4,2012.4/4,성형외과,0
홍천군,2013,1/4,2013.1/4,성형외과,0
홍천군,2013,2/4,2013.2/4,성형외과,0
홍천군,2013,3/4,2013.3/4,성형외과,0
홍천군,2013,4/4,2013.4/4,성형외과,0
홍천군,2014,1/4,2014.1/4,성형외과,0
홍천군,2014,2/4,2014.2/4,성형외과,0
홍천군,2014,3/4,2014.3/4,성형외과,0
홍천군,2014,4/4,2014.4/4,성형외과,0
홍천군,2015,1/4,2015.1/4,성형외과,0
홍천군,2015,2/4,2015.2/4,성형외과,0
홍천군,2015,3/4,2015.3/4,성형외과,0
홍천군,2015,4/4,2015.4/4,성형외과,0
홍천군,2016,1/4,2016.1/4,성형외과,0
홍천군,2016,2/4,2016.2/4,성형외과,0
홍천군,2016,3/4,2016.3/4,성형외과,0
홍천군,2016,4/4,2016.4/4,성형외과,0
홍천군,2017,1/4,2017.1/4,성형외과,0
홍천군,2017,2/4,2017.2/4,성형외과,0
홍천군,2017,3/4,2017.3/4,성형외과,0
홍천군,2017,4/4,2017.4/4,성형외과,0
홍천군,2018,1/4,2018.1/4,성형외과,0
홍천군,2018,2/4,2018.2/4,성형외과,0
홍천군,2018,3/4,2018.3/4,성형외과,0
홍천군,2018,4/4,2018.4/4,성형외과,0
홍천군,2019,1/4,2019.1/4,성형외과,1
홍천군,2019,2/4,2019.2/4,성형외과,1
홍천군,2019,3/4,2019.3/4,성형외과,1
홍천군,2019,4/4,2019.4/4,성형외과,1
홍천군,2020,1/4,2020.1/4,성형외과,1
홍천군,2020,2/4,2020.2/4,성형외과,1
홍천군,2020,3/4,2020.3/4,성형외과,1
홍천군,2020,4/4,2020.4/4,성형외과,1
홍천군,2021,1/4,2021.1/4,성형외과,0
홍천군,2021,2/4,2021.2/4,성형외과,0
홍천군,2021,3/4,2021.3/4,성형외과,0
홍천군,2021,4/4,2021.4/4,성형외과,0
홍천군,2022,1/4,2022.1/4,성형외과,0
홍천군,2022,2/4,2022.2/4,성형외과,0
홍천군,2022,3/4,2022.3/4,성형외과,0
홍천군,2022,4/4,2022.4/4,성형외과,0
홍천군,2023,1/4,2023.1/4,성형외과,0
홍천군,2023,2/4,2023.2/4,성형외과,0
홍천군,2023,3/4,2023.3/4,성형외과,0
홍천군,2023,4/4,2023.4/4,성형외과,0
홍천군,2024,1/4,2024.1/4,성형외과,0
홍천군,2024,2/4,2024.2/4,성형외과,0
홍천군,2024,3/4,2024.3/4,성형외과,0
홍천군,2024,4/4,2024.4/4,성형외과,0
홍천군,2025,1/4,2025.1/4,성형외과,0
홍천군,2025,2/4,2025.2/4,성형외과,0
홍천군,2025,3/4,2025.3/4,성형외과,0
홍천군,2025,4/4,2025.4/4,성형외과,0
홍천군,2009,1/4,2009.1/4,소아청소년과,4
홍천군,2009,2/4,2009.2/4,소아청소년과,3
홍천군,2009,3/4,2009.3/4,소아청소년과,3
홍천군,2009,4/4,2009.4/4,소아청소년과,3
홍천군,2010,1/4,2010.1/4,소아청소년과,3
홍천군,2010,2/4,2010.2/4,소아청소년과,3
홍천군,2010,3/4,2010.3/4,소아청소년과,3
홍천군,2010,4/4,2010.4/4,소아청소년과,3
홍천군,2011,1/4,2011.1/4,소아청소년과,3
홍천군,2011,2/4,2011.2/4,소아청소년과,3
홍천군,2011,3/4,2011.3/4,소아청소년과,3
홍천군,2011,4/4,2011.4/4,소아청소년과,3
홍천군,2012,1/4,2012.1/4,소아청소년과,3
홍천군,2012,2/4,2012.2/4,소아청소년과,3
홍천군,2012,3/4,2012.3/4,소아청소년과,3
홍천군,2012,4/4,2012.4/4,소아청소년과,4
홍천군,2013,1/4,2013.1/4,소아청소년과,4
홍천군,2013,2/4,2013.2/4,소아청소년과,4
홍천군,2013,3/4,2013.3/4,소아청소년과,4
홍천군,2013,4/4,2013.4/4,소아청소년과,4
홍천군,2014,1/4,2014.1/4,소아청소년과,4
홍천군,2014,2/4,2014.2/4,소아청소년과,4
홍천군,2014,3/4,2014.3/4,소아청소년과,4
홍천군,2014,4/4,2014.4/4,소아청소년과,3
홍천군,2015,1/4,2015.1/4,소아청소년과,4
홍천군,2015,2/4,2015.2/4,소아청소년과,4
홍천군,2015,3/4,2015.3/4,소아청소년과,4
홍천군,2015,4/4,2015.4/4,소아청소년과,4
홍천군,2016,1/4,2016.1/4,소아청소년과,4
홍천군,2016,2/4,2016.2/4,소아청소년과,4
홍천군,2016,3/4,2016.3/4,소아청소년과,4
홍천군,2016,4/4,2016.4/4,소아청소년과,3
홍천군,2017,1/4,2017.1/4,소아청소년과,4
홍천군,2017,2/4,2017.2/4,소아청소년과,4
홍천군,2017,3/4,2017.3/4,소아청소년과,4
홍천군,2017,4/4,2017.4/4,소아청소년과,4
홍천군,2018,1/4,2018.1/4,소아청소년과,4
홍천군,2018,2/4,2018.2/4,소아청소년과,4
홍천군,2018,3/4,2018.3/4,소아청소년과,4
홍천군,2018,4/4,2018.4/4,소아청소년과,4
홍천군,2019,1/4,2019.1/4,소아청소년과,4
홍천군,2019,2/4,2019.2/4,소아청소년과,4
홍천군,2019,3/4,2019.3/4,소아청소년과,4
홍천군,2019,4/4,2019.4/4,소아청소년과,4
홍천군,2020,1/4,2020.1/4,소아청소년과,3
홍천군,2020,2/4,2020.2/4,소아청소년과,3
홍천군,2020,3/4,2020.3/4,소아청소년과,3
홍천군,2020,4/4,2020.4/4,소아청소년과,3
홍천군,2021,1/4,2021.1/4,소아청소년과,2
홍천군,2021,2/4,2021.2/4,소아청소년과,2
홍천군,2021,3/4,2021.3/4,소아청소년과,2
홍천군,2021,4/4,2021.4/4,소아청소년과,2
홍천군,2022,1/4,2022.1/4,소아청소년과,2
홍천군,2022,2/4,2022.2/4,소아청소년과,2
홍천군,2022,3/4,2022.3/4,소아청소년과,2
홍천군,2022,4/4,2022.4/4,소아청소년과,2
홍천군,2023,1/4,2023.1/4,소아청소년과,2
홍천군,2023,2/4,2023.2/4,소아청소년과,2
홍천군,2023,3/4,2023.3/4,소아청소년과,2
홍천군,2023,4/4,2023.4/4,소아청소년과,2
홍천군,2024,1/4,2024.1/4,소아청소년과,2
홍천군,2024,2/4,2024.2/4,소아청소년과,2
홍천군,2024,3/4,2024.3/4,소아청소년과,2
홍천군,2024,4/4,2024.4/4,소아청소년과,2
홍천군,2025,1/4,2025.1/4,소아청소년과,2
홍천군,2025,2/4,2025.2/4,소아청소년과,2
홍천군,2025,3/4,2025.3/4,소아청소년과,2
홍천군,2025,4/4,2025.4/4,소아청소년과,2
홍천군,2009,1/4,2009.1/4,신경과,0
홍천군,2009,2/4,2009.2/4,신경과,0
홍천군,2009,3/4,2009.3/4,신경과,0
홍천군,2009,4/4,2009.4/4,신경과,0
홍천군,2010,1/4,2010.1/4,신경과,0
홍천군,2010,2/4,2010.2/4,신경과,0
홍천군,2010,3/4,2010.3/4,신경과,1
홍천군,2010,4/4,2010.4/4,신경과,1
홍천군,2011,1/4,2011.1/4,신경과,1
홍천군,2011,2/4,2011.2/4,신경과,1
홍천군,2011,3/4,2011.3/4,신경과,1
홍천군,2011,4/4,2011.4/4,신경과,1
홍천군,2012,1/4,2012.1/4,신경과,1
홍천군,2012,2/4,2012.2/4,신경과,0
홍천군,2012,3/4,2012.3/4,신경과,0
홍천군,2012,4/4,2012.4/4,신경과,0
홍천군,2013,1/4,2013.1/4,신경과,0
홍천군,2013,2/4,2013.2/4,신경과,0
홍천군,2013,3/4,2013.3/4,신경과,0
홍천군,2013,4/4,2013.4/4,신경과,0
홍천군,2014,1/4,2014.1/4,신경과,0
홍천군,2014,2/4,2014.2/4,신경과,0
홍천군,2014,3/4,2014.3/4,신경과,0
홍천군,2014,4/4,2014.4/4,신경과,0
홍천군,2015,1/4,2015.1/4,신경과,0
홍천군,2015,2/4,2015.2/4,신경과,0
홍천군,2015,3/4,2015.3/4,신경과,0
홍천군,2015,4/4,2015.4/4,신경과,0
홍천군,2016,1/4,2016.1/4,신경과,0
홍천군,2016,2/4,2016.2/4,신경과,0
홍천군,2016,3/4,2016.3/4,신경과,0
홍천군,2016,4/4,2016.4/4,신경과,0
홍천군,2017,1/4,2017.1/4,신경과,0
홍천군,2017,2/4,2017.2/4,신경과,0
홍천군,2017,3/4,2017.3/4,신경과,0
홍천군,2017,4/4,2017.4/4,신경과,0
홍천군,2018,1/4,2018.1/4,신경과,0
홍천군,2018,2/4,2018.2/4,신경과,0
홍천군,2018,3/4,2018.3/4,신경과,0
홍천군,2018,4/4,2018.4/4,신경과,0
홍천군,2019,1/4,2019.1/4,신경과,0
홍천군,2019,2/4,2019.2/4,신경과,0
홍천군,2019,3/4,2019.3/4,신경과,0
홍천군,2019,4/4,2019.4/4,신경과,0
홍천군,2020,1/4,2020.1/4,신경과,0
홍천군,2020,2/4,2020.2/4,신경과,0
홍천군,2020,3/4,2020.3/4,신경과,0
홍천군,2020,4/4,2020.4/4,신경과,0
홍천군,2021,1/4,2021.1/4,신경과,0
홍천군,2021,2/4,2021.2/4,신경과,0
홍천군,2021,3/4,2021.3/4,신경과,0
홍천군,2021,4/4,2021.4/4,신경과,0
홍천군,2022,1/4,2022.1/4,신경과,0
홍천군,2022,2/4,2022.2/4,신경과,0
홍천군,2022,3/4,2022.3/4,신경과,0
홍천군,2022,4/4,2022.4/4,신경과,0
홍천군,2023,1/4,2023.1/4,신경과,0
홍천군,2023,2/4,2023.2/4,신경과,0
홍천군,2023,3/4,2023.3/4,신경과,0
홍천군,2023,4/4,2023.4/4,신경과,0
홍천군,2024,1/4,2024.1/4,신경과,0
홍천군,2024,2/4,2024.2/4,신경과,0
홍천군,2024,3/4,2024.3/4,신경과,0
홍천군,2024,4/4,2024.4/4,신경과,0
홍천군,2025,1/4,2025.1/4,신경과,0
홍천군,2025,2/4,2025.2/4,신경과,1
홍천군,2025,3/4,2025.3/4,신경과,1
홍천군,2025,4/4,2025.4/4,신경과,1
홍천군,2009,1/4,2009.1/4,신경외과,6
홍천군,2009,2/4,2009.2/4,신경외과,7
홍천군,2009,3/4,2009.3/4,신경외과,7
홍천군,2009,4/4,2009.4/4,신경외과,7
홍천군,2010,1/4,2010.1/4,신경외과,6
홍천군,2010,2/4,2010.2/4,신경외과,5
홍천군,2010,3/4,2010.3/4,신경외과,4
홍천군,2010,4/4,2010.4/4,신경외과,4
홍천군,2011,1/4,2011.1/4,신경외과,4
홍천군,2011,2/4,2011.2/4,신경외과,4
홍천군,2011,3/4,2011.3/4,신경외과,4
홍천군,2011,4/4,2011.4/4,신경외과,4
홍천군,2012,1/4,2012.1/4,신경외과,3
홍천군,2012,2/4,2012.2/4,신경외과,3
홍천군,2012,3/4,2012.3/4,신경외과,3
홍천군,2012,4/4,2012.4/4,신경외과,3
홍천군,2013,1/4,2013.1/4,신경외과,4
홍천군,2013,2/4,2013.2/4,신경외과,5
홍천군,2013,3/4,2013.3/4,신경외과,5
홍천군,2013,4/4,2013.4/4,신경외과,5
홍천군,2014,1/4,2014.1/4,신경외과,5
홍천군,2014,2/4,2014.2/4,신경외과,5
홍천군,2014,3/4,2014.3/4,신경외과,4
홍천군,2014,4/4,2014.4/4,신경외과,4
홍천군,2015,1/4,2015.1/4,신경외과,4
홍천군,2015,2/4,2015.2/4,신경외과,4
홍천군,2015,3/4,2015.3/4,신경외과,4
홍천군,2015,4/4,2015.4/4,신경외과,4
홍천군,2016,1/4,2016.1/4,신경외과,4
홍천군,2016,2/4,2016.2/4,신경외과,4
홍천군,2016,3/4,2016.3/4,신경외과,4
홍천군,2016,4/4,2016.4/4,신경외과,3
홍천군,2017,1/4,2017.1/4,신경외과,4
홍천군,2017,2/4,2017.2/4,신경외과,4
홍천군,2017,3/4,2017.3/4,신경외과,5
홍천군,2017,4/4,2017.4/4,신경외과,5
홍천군,2018,1/4,2018.1/4,신경외과,5
홍천군,2018,2/4,2018.2/4,신경외과,5
홍천군,2018,3/4,2018.3/4,신경외과,5
홍천군,2018,4/4,2018.4/4,신경외과,5
홍천군,2019,1/4,2019.1/4,신경외과,5
홍천군,2019,2/4,2019.2/4,신경외과,5
홍천군,2019,3/4,2019.3/4,신경외과,5
홍천군,2019,4/4,2019.4/4,신경외과,5
홍천군,2020,1/4,2020.1/4,신경외과,5
홍천군,2020,2/4,2020.2/4,신경외과,7
홍천군,2020,3/4,2020.3/4,신경외과,6
홍천군,2020,4/4,2020.4/4,신경외과,6
홍천군,2021,1/4,2021.1/4,신경외과,6
홍천군,2021,2/4,2021.2/4,신경외과,6
홍천군,2021,3/4,2021.3/4,신경외과,6
홍천군,2021,4/4,2021.4/4,신경외과,6
홍천군,2022,1/4,2022.1/4,신경외과,6
홍천군,2022,2/4,2022.2/4,신경외과,5
홍천군,2022,3/4,2022.3/4,신경외과,5
홍천군,2022,4/4,2022.4/4,신경외과,6
홍천군,2023,1/4,2023.1/4,신경외과,6
홍천군,2023,2/4,2023.2/4,신경외과,5
홍천군,2023,3/4,2023.3/4,신경외과,7
홍천군,2023,4/4,2023.4/4,신경외과,7
홍천군,2024,1/4,2024.1/4,신경외과,7
홍천군,2024,2/4,2024.2/4,신경외과,6
홍천군,2024,3/4,2024.3/4,신경외과,6
홍천군,2024,4/4,2024.4/4,신경외과,6
홍천군,2025,1/4,2025.1/4,신경외과,6
홍천군,2025,2/4,2025.2/4,신경외과,6
홍천군,2025,3/4,2025.3/4,신경외과,6
홍천군,2025,4/4,2025.4/4,신경외과,6
홍천군,2009,1/4,2009.1/4,심장혈관흉부외과,0
홍천군,2009,2/4,2009.2/4,심장혈관흉부외과,0
홍천군,2009,3/4,2009.3/4,심장혈관흉부외과,0
홍천군,2009,4/4,2009.4/4,심장혈관흉부외과,0
홍천군,2010,1/4,2010.1/4,심장혈관흉부외과,0
홍천군,2010,2/4,2010.2/4,심장혈관흉부외과,0
홍천군,2010,3/4,2010.3/4,심장혈관흉부외과,0
홍천군,2010,4/4,2010.4/4,심장혈관흉부외과,0
홍천군,2011,1/4,2011.1/4,심장혈관흉부외과,0
홍천군,2011,2/4,2011.2/4,심장혈관흉부외과,0
홍천군,2011,3/4,2011.3/4,심장혈관흉부외과,0
홍천군,2011,4/4,2011.4/4,심장혈관흉부외과,0
홍천군,2012,1/4,2012.1/4,심장혈관흉부외과,0
홍천군,2012,2/4,2012.2/4,심장혈관흉부외과,0
홍천군,2012,3/4,2012.3/4,심장혈관흉부외과,0
홍천군,2012,4/4,2012.4/4,심장혈관흉부외과,0
홍천군,2013,1/4,2013.1/4,심장혈관흉부외과,0
홍천군,2013,2/4,2013.2/4,심장혈관흉부외과,0
홍천군,2013,3/4,2013.3/4,심장혈관흉부외과,0
홍천군,2013,4/4,2013.4/4,심장혈관흉부외과,0
홍천군,2014,1/4,2014.1/4,심장혈관흉부외과,0
홍천군,2014,2/4,2014.2/4,심장혈관흉부외과,0
홍천군,2014,3/4,2014.3/4,심장혈관흉부외과,0
홍천군,2014,4/4,2014.4/4,심장혈관흉부외과,0
홍천군,2015,1/4,2015.1/4,심장혈관흉부외과,0
홍천군,2015,2/4,2015.2/4,심장혈관흉부외과,0
홍천군,2015,3/4,2015.3/4,심장혈관흉부외과,0
홍천군,2015,4/4,2015.4/4,심장혈관흉부외과,0
홍천군,2016,1/4,2016.1/4,심장혈관흉부외과,0
홍천군,2016,2/4,2016.2/4,심장혈관흉부외과,0
홍천군,2016,3/4,2016.3/4,심장혈관흉부외과,0
홍천군,2016,4/4,2016.4/4,심장혈관흉부외과,0
홍천군,2017,1/4,2017.1/4,심장혈관흉부외과,0
홍천군,2017,2/4,2017.2/4,심장혈관흉부외과,0
홍천군,2017,3/4,2017.3/4,심장혈관흉부외과,0
홍천군,2017,4/4,2017.4/4,심장혈관흉부외과,0
홍천군,2018,1/4,2018.1/4,심장혈관흉부외과,0
홍천군,2018,2/4,2018.2/4,심장혈관흉부외과,0
홍천군,2018,3/4,2018.3/4,심장혈관흉부외과,0
홍천군,2018,4/4,2018.4/4,심장혈관흉부외과,0
홍천군,2019,1/4,2019.1/4,심장혈관흉부외과,0
홍천군,2019,2/4,2019.2/4,심장혈관흉부외과,0
홍천군,2019,3/4,2019.3/4,심장혈관흉부외과,0
홍천군,2019,4/4,2019.4/4,심장혈관흉부외과,0
홍천군,2020,1/4,2020.1/4,심장혈관흉부외과,1
홍천군,2020,2/4,2020.2/4,심장혈관흉부외과,0
홍천군,2020,3/4,2020.3/4,심장혈관흉부외과,0
홍천군,2020,4/4,2020.4/4,심장혈관흉부외과,1
홍천군,2021,1/4,2021.1/4,심장혈관흉부외과,1
홍천군,2021,2/4,2021.2/4,심장혈관흉부외과,1
홍천군,2021,3/4,2021.3/4,심장혈관흉부외과,1
홍천군,2021,4/4,2021.4/4,심장혈관흉부외과,1
홍천군,2022,1/4,2022.1/4,심장혈관흉부외과,1
홍천군,2022,2/4,2022.2/4,심장혈관흉부외과,2
홍천군,2022,3/4,2022.3/4,심장혈관흉부외과,2
홍천군,2022,4/4,2022.4/4,심장혈관흉부외과,2
홍천군,2023,1/4,2023.1/4,심장혈관흉부외과,1
홍천군,2023,2/4,2023.2/4,심장혈관흉부외과,2
홍천군,2023,3/4,2023.3/4,심장혈관흉부외과,2
홍천군,2023,4/4,2023.4/4,심장혈관흉부외과,1
홍천군,2024,1/4,2024.1/4,심장혈관흉부외과,1
홍천군,2024,2/4,2024.2/4,심장혈관흉부외과,0
홍천군,2024,3/4,2024.3/4,심장혈관흉부외과,0
홍천군,2024,4/4,2024.4/4,심장혈관흉부외과,0
홍천군,2025,1/4,2025.1/4,심장혈관흉부외과,0
홍천군,2025,2/4,2025.2/4,심장혈관흉부외과,0
홍천군,2025,3/4,2025.3/4,심장혈관흉부외과,0
홍천군,2025,4/4,2025.4/4,심장혈관흉부외과,0
홍천군,2009,1/4,2009.1/4,안과,4
홍천군,2009,2/4,2009.2/4,안과,4
홍천군,2009,3/4,2009.3/4,안과,4
홍천군,2009,4/4,2009.4/4,안과,4
홍천군,2010,1/4,2010.1/4,안과,4
홍천군,2010,2/4,2010.2/4,안과,4
홍천군,2010,3/4,2010.3/4,안과,4
홍천군,2010,4/4,2010.4/4,안과,4
홍천군,2011,1/4,2011.1/4,안과,4
홍천군,2011,2/4,2011.2/4,안과,4
홍천군,2011,3/4,2011.3/4,안과,4
홍천군,2011,4/4,2011.4/4,안과,4
홍천군,2012,1/4,2012.1/4,안과,4
홍천군,2012,2/4,2012.2/4,안과,4
홍천군,2012,3/4,2012.3/4,안과,4
홍천군,2012,4/4,2012.4/4,안과,4
홍천군,2013,1/4,2013.1/4,안과,4
홍천군,2013,2/4,2013.2/4,안과,3
홍천군,2013,3/4,2013.3/4,안과,3
홍천군,2013,4/4,2013.4/4,안과,3
홍천군,2014,1/4,2014.1/4,안과,3
홍천군,2014,2/4,2014.2/4,안과,3
홍천군,2014,3/4,2014.3/4,안과,3
홍천군,2014,4/4,2014.4/4,안과,3
홍천군,2015,1/4,2015.1/4,안과,3
홍천군,2015,2/4,2015.2/4,안과,4
홍천군,2015,3/4,2015.3/4,안과,4
홍천군,2015,4/4,2015.4/4,안과,4
홍천군,2016,1/4,2016.1/4,안과,4
홍천군,2016,2/4,2016.2/4,안과,4
홍천군,2016,3/4,2016.3/4,안과,4
홍천군,2016,4/4,2016.4/4,안과,4
홍천군,2017,1/4,2017.1/4,안과,4
홍천군,2017,2/4,2017.2/4,안과,3
홍천군,2017,3/4,2017.3/4,안과,3
홍천군,2017,4/4,2017.4/4,안과,3
홍천군,2018,1/4,2018.1/4,안과,3
홍천군,2018,2/4,2018.2/4,안과,3
홍천군,2018,3/4,2018.3/4,안과,3
홍천군,2018,4/4,2018.4/4,안과,3
홍천군,2019,1/4,2019.1/4,안과,3
홍천군,2019,2/4,2019.2/4,안과,3
홍천군,2019,3/4,2019.3/4,안과,3
홍천군,2019,4/4,2019.4/4,안과,3
홍천군,2020,1/4,2020.1/4,안과,3
홍천군,2020,2/4,2020.2/4,안과,3
홍천군,2020,3/4,2020.3/4,안과,3
홍천군,2020,4/4,2020.4/4,안과,3
홍천군,2021,1/4,2021.1/4,안과,3
홍천군,2021,2/4,2021.2/4,안과,3
홍천군,2021,3/4,2021.3/4,안과,3
홍천군,2021,4/4,2021.4/4,안과,3
홍천군,2022,1/4,2022.1/4,안과,3
홍천군,2022,2/4,2022.2/4,안과,3
홍천군,2022,3/4,2022.3/4,안과,3
홍천군,2022,4/4,2022.4/4,안과,3
홍천군,2023,1/4,2023.1/4,안과,3
홍천군,2023,2/4,2023.2/4,안과,3
홍천군,2023,3/4,2023.3/4,안과,3
홍천군,2023,4/4,2023.4/4,안과,3
홍천군,2024,1/4,2024.1/4,안과,3
홍천군,2024,2/4,2024.2/4,안과,2
홍천군,2024,3/4,2024.3/4,안과,2
홍천군,2024,4/4,2024.4/4,안과,3
홍천군,2025,1/4,2025.1/4,안과,3
홍천군,2025,2/4,2025.2/4,안과,3
홍천군,2025,3/4,2025.3/4,안과,3
홍천군,2025,4/4,2025.4/4,안과,3
홍천군,2009,1/4,2009.1/4,영상의학과,3
홍천군,2009,2/4,2009.2/4,영상의학과,3
홍천군,2009,3/4,2009.3/4,영상의학과,3
홍천군,2009,4/4,2009.4/4,영상의학과,3
홍천군,2010,1/4,2010.1/4,영상의학과,3
홍천군,2010,2/4,2010.2/4,영상의학과,4
홍천군,2010,3/4,2010.3/4,영상의학과,4
홍천군,2010,4/4,2010.4/4,영상의학과,4
홍천군,2011,1/4,2011.1/4,영상의학과,4
홍천군,2011,2/4,2011.2/4,영상의학과,4
홍천군,2011,3/4,2011.3/4,영상의학과,4
홍천군,2011,4/4,2011.4/4,영상의학과,4
홍천군,2012,1/4,2012.1/4,영상의학과,4
홍천군,2012,2/4,2012.2/4,영상의학과,3
홍천군,2012,3/4,2012.3/4,영상의학과,3
홍천군,2012,4/4,2012.4/4,영상의학과,4
홍천군,2013,1/4,2013.1/4,영상의학과,5
홍천군,2013,2/4,2013.2/4,영상의학과,4
홍천군,2013,3/4,2013.3/4,영상의학과,4
홍천군,2013,4/4,2013.4/4,영상의학과,4
홍천군,2014,1/4,2014.1/4,영상의학과,4
홍천군,2014,2/4,2014.2/4,영상의학과,3
홍천군,2014,3/4,2014.3/4,영상의학과,3
홍천군,2014,4/4,2014.4/4,영상의학과,3
홍천군,2015,1/4,2015.1/4,영상의학과,3
홍천군,2015,2/4,2015.2/4,영상의학과,4
홍천군,2015,3/4,2015.3/4,영상의학과,4
홍천군,2015,4/4,2015.4/4,영상의학과,4
홍천군,2016,1/4,2016.1/4,영상의학과,4
홍천군,2016,2/4,2016.2/4,영상의학과,4
홍천군,2016,3/4,2016.3/4,영상의학과,4
홍천군,2016,4/4,2016.4/4,영상의학과,4
홍천군,2017,1/4,2017.1/4,영상의학과,4
홍천군,2017,2/4,2017.2/4,영상의학과,4
홍천군,2017,3/4,2017.3/4,영상의학과,4
홍천군,2017,4/4,2017.4/4,영상의학과,4
홍천군,2018,1/4,2018.1/4,영상의학과,4
홍천군,2018,2/4,2018.2/4,영상의학과,4
홍천군,2018,3/4,2018.3/4,영상의학과,4
홍천군,2018,4/4,2018.4/4,영상의학과,4
홍천군,2019,1/4,2019.1/4,영상의학과,4
홍천군,2019,2/4,2019.2/4,영상의학과,4
홍천군,2019,3/4,2019.3/4,영상의학과,4
홍천군,2019,4/4,2019.4/4,영상의학과,4
홍천군,2020,1/4,2020.1/4,영상의학과,5
홍천군,2020,2/4,2020.2/4,영상의학과,4
홍천군,2020,3/4,2020.3/4,영상의학과,4
홍천군,2020,4/4,2020.4/4,영상의학과,4
홍천군,2021,1/4,2021.1/4,영상의학과,4
홍천군,2021,2/4,2021.2/4,영상의학과,4
홍천군,2021,3/4,2021.3/4,영상의학과,4
홍천군,2021,4/4,2021.4/4,영상의학과,4
홍천군,2022,1/4,2022.1/4,영상의학과,4
홍천군,2022,2/4,2022.2/4,영상의학과,5
홍천군,2022,3/4,2022.3/4,영상의학과,5
홍천군,2022,4/4,2022.4/4,영상의학과,5
홍천군,2023,1/4,2023.1/4,영상의학과,5
홍천군,2023,2/4,2023.2/4,영상의학과,5
홍천군,2023,3/4,2023.3/4,영상의학과,5
홍천군,2023,4/4,2023.4/4,영상의학과,5
홍천군,2024,1/4,2024.1/4,영상의학과,4
홍천군,2024,2/4,2024.2/4,영상의학과,2
홍천군,2024,3/4,2024.3/4,영상의학과,4
홍천군,2024,4/4,2024.4/4,영상의학과,4
홍천군,2025,1/4,2025.1/4,영상의학과,3
홍천군,2025,2/4,2025.2/4,영상의학과,4
홍천군,2025,3/4,2025.3/4,영상의학과,4
홍천군,2025,4/4,2025.4/4,영상의학과,4
홍천군,2009,1/4,2009.1/4,예방의학과,0
홍천군,2009,2/4,2009.2/4,예방의학과,0
홍천군,2009,3/4,2009.3/4,예방의학과,0
홍천군,2009,4/4,2009.4/4,예방의학과,0
홍천군,2010,1/4,2010.1/4,예방의학과,0
홍천군,2010,2/4,2010.2/4,예방의학과,0
홍천군,2010,3/4,2010.3/4,예방의학과,0
홍천군,2010,4/4,2010.4/4,예방의학과,0
홍천군,2011,1/4,2011.1/4,예방의학과,0
홍천군,2011,2/4,2011.2/4,예방의학과,0
홍천군,2011,3/4,2011.3/4,예방의학과,0
홍천군,2011,4/4,2011.4/4,예방의학과,0
홍천군,2012,1/4,2012.1/4,예방의학과,0
홍천군,2012,2/4,2012.2/4,예방의학과,0
홍천군,2012,3/4,2012.3/4,예방의학과,0
홍천군,2012,4/4,2012.4/4,예방의학과,0
홍천군,2013,1/4,2013.1/4,예방의학과,0
홍천군,2013,2/4,2013.2/4,예방의학과,0
홍천군,2013,3/4,2013.3/4,예방의학과,0
홍천군,2013,4/4,2013.4/4,예방의학과,0
홍천군,2014,1/4,2014.1/4,예방의학과,0
홍천군,2014,2/4,2014.2/4,예방의학과,0
홍천군,2014,3/4,2014.3/4,예방의학과,0
홍천군,2014,4/4,2014.4/4,예방의학과,0
홍천군,2015,1/4,2015.1/4,예방의학과,0
홍천군,2015,2/4,2015.2/4,예방의학과,0
홍천군,2015,3/4,2015.3/4,예방의학과,0
홍천군,2015,4/4,2015.4/4,예방의학과,0
홍천군,2016,1/4,2016.1/4,예방의학과,0
홍천군,2016,2/4,2016.2/4,예방의학과,0
홍천군,2016,3/4,2016.3/4,예방의학과,0
홍천군,2016,4/4,2016.4/4,예방의학과,0
홍천군,2017,1/4,2017.1/4,예방의학과,0
홍천군,2017,2/4,2017.2/4,예방의학과,0
홍천군,2017,3/4,2017.3/4,예방의학과,0
홍천군,2017,4/4,2017.4/4,예방의학과,0
홍천군,2018,1/4,2018.1/4,예방의학과,0
홍천군,2018,2/4,2018.2/4,예방의학과,0
홍천군,2018,3/4,2018.3/4,예방의학과,0
홍천군,2018,4/4,2018.4/4,예방의학과,0
홍천군,2019,1/4,2019.1/4,예방의학과,0
홍천군,2019,2/4,2019.2/4,예방의학과,0
홍천군,2019,3/4,2019.3/4,예방의학과,0
홍천군,2019,4/4,2019.4/4,예방의학과,0
홍천군,2020,1/4,2020.1/4,예방의학과,0
홍천군,2020,2/4,2020.2/4,예방의학과,0
홍천군,2020,3/4,2020.3/4,예방의학과,0
홍천군,2020,4/4,2020.4/4,예방의학과,0
홍천군,2021,1/4,2021.1/4,예방의학과,0
홍천군,2021,2/4,2021.2/4,예방의학과,0
홍천군,2021,3/4,2021.3/4,예방의학과,0
홍천군,2021,4/4,2021.4/4,예방의학과,0
홍천군,2022,1/4,2022.1/4,예방의학과,0
홍천군,2022,2/4,2022.2/4,예방의학과,0
홍천군,2022,3/4,2022.3/4,예방의학과,0
홍천군,2022,4/4,2022.4/4,예방의학과,0
홍천군,2023,1/4,2023.1/4,예방의학과,0
홍천군,2023,2/4,2023.2/4,예방의학과,0
홍천군,2023,3/4,2023.3/4,예방의학과,0
홍천군,2023,4/4,2023.4/4,예방의학과,0
홍천군,2024,1/4,2024.1/4,예방의학과,0
홍천군,2024,2/4,2024.2/4,예방의학과,0
홍천군,2024,3/4,2024.3/4,예방의학과,0
홍천군,2024,4/4,2024.4/4,예방의학과,0
홍천군,2025,1/4,2025.1/4,예방의학과,0
홍천군,2025,2/4,2025.2/4,예방의학과,0
홍천군,2025,3/4,2025.3/4,예방의학과,0
홍천군,2025,4/4,2025.4/4,예방의학과,0
홍천군,2009,1/4,2009.1/4,외과,9
홍천군,2009,2/4,2009.2/4,외과,9
홍천군,2009,3/4,2009.3/4,외과,8
홍천군,2009,4/4,2009.4/4,외과,7
홍천군,2010,1/4,2010.1/4,외과,7
홍천군,2010,2/4,2010.2/4,외과,8
홍천군,2010,3/4,2010.3/4,외과,8
홍천군,2010,4/4,2010.4/4,외과,9
홍천군,2011,1/4,2011.1/4,외과,8
홍천군,2011,2/4,2011.2/4,외과,8
홍천군,2011,3/4,2011.3/4,외과,8
홍천군,2011,4/4,2011.4/4,외과,8
홍천군,2012,1/4,2012.1/4,외과,8
홍천군,2012,2/4,2012.2/4,외과,9
홍천군,2012,3/4,2012.3/4,외과,9
홍천군,2012,4/4,2012.4/4,외과,9
홍천군,2013,1/4,2013.1/4,외과,9
홍천군,2013,2/4,2013.2/4,외과,9
홍천군,2013,3/4,2013.3/4,외과,9
홍천군,2013,4/4,2013.4/4,외과,9
홍천군,2014,1/4,2014.1/4,외과,8
홍천군,2014,2/4,2014.2/4,외과,8
홍천군,2014,3/4,2014.3/4,외과,8
홍천군,2014,4/4,2014.4/4,외과,7
홍천군,2015,1/4,2015.1/4,외과,7
홍천군,2015,2/4,2015.2/4,외과,8
홍천군,2015,3/4,2015.3/4,외과,8
홍천군,2015,4/4,2015.4/4,외과,8
홍천군,2016,1/4,2016.1/4,외과,9
홍천군,2016,2/4,2016.2/4,외과,8
홍천군,2016,3/4,2016.3/4,외과,8
홍천군,2016,4/4,2016.4/4,외과,8
홍천군,2017,1/4,2017.1/4,외과,9
홍천군,2017,2/4,2017.2/4,외과,9
홍천군,2017,3/4,2017.3/4,외과,9
홍천군,2017,4/4,2017.4/4,외과,9
홍천군,2018,1/4,2018.1/4,외과,9
홍천군,2018,2/4,2018.2/4,외과,9
홍천군,2018,3/4,2018.3/4,외과,9
홍천군,2018,4/4,2018.4/4,외과,9
홍천군,2019,1/4,2019.1/4,외과,8
홍천군,2019,2/4,2019.2/4,외과,9
홍천군,2019,3/4,2019.3/4,외과,9
홍천군,2019,4/4,2019.4/4,외과,8
홍천군,2020,1/4,2020.1/4,외과,8
홍천군,2020,2/4,2020.2/4,외과,7
홍천군,2020,3/4,2020.3/4,외과,7
홍천군,2020,4/4,2020.4/4,외과,7
홍천군,2021,1/4,2021.1/4,외과,7
홍천군,2021,2/4,2021.2/4,외과,7
홍천군,2021,3/4,2021.3/4,외과,6
홍천군,2021,4/4,2021.4/4,외과,6
홍천군,2022,1/4,2022.1/4,외과,6
홍천군,2022,2/4,2022.2/4,외과,5
홍천군,2022,3/4,2022.3/4,외과,5
홍천군,2022,4/4,2022.4/4,외과,6
홍천군,2023,1/4,2023.1/4,외과,6
홍천군,2023,2/4,2023.2/4,외과,6
홍천군,2023,3/4,2023.3/4,외과,6
홍천군,2023,4/4,2023.4/4,외과,6
홍천군,2024,1/4,2024.1/4,외과,6
홍천군,2024,2/4,2024.2/4,외과,5
홍천군,2024,3/4,2024.3/4,외과,5
홍천군,2024,4/4,2024.4/4,외과,5
홍천군,2025,1/4,2025.1/4,외과,5
홍천군,2025,2/4,2025.2/4,외과,6
홍천군,2025,3/4,2025.3/4,외과,6
홍천군,2025,4/4,2025.4/4,외과,6
홍천군,2009,1/4,2009.1/4,응급의학과,0
홍천군,2009,2/4,2009.2/4,응급의학과,0
홍천군,2009,3/4,2009.3/4,응급의학과,0
홍천군,2009,4/4,2009.4/4,응급의학과,0
홍천군,2010,1/4,2010.1/4,응급의학과,0
홍천군,2010,2/4,2010.2/4,응급의학과,1
홍천군,2010,3/4,2010.3/4,응급의학과,1
홍천군,2010,4/4,2010.4/4,응급의학과,1
홍천군,2011,1/4,2011.1/4,응급의학과,1
홍천군,2011,2/4,2011.2/4,응급의학과,2
홍천군,2011,3/4,2011.3/4,응급의학과,2
홍천군,2011,4/4,2011.4/4,응급의학과,2
홍천군,2012,1/4,2012.1/4,응급의학과,2
홍천군,2012,2/4,2012.2/4,응급의학과,3
홍천군,2012,3/4,2012.3/4,응급의학과,3
홍천군,2012,4/4,2012.4/4,응급의학과,3
홍천군,2013,1/4,2013.1/4,응급의학과,3
홍천군,2013,2/4,2013.2/4,응급의학과,2
홍천군,2013,3/4,2013.3/4,응급의학과,2
홍천군,2013,4/4,2013.4/4,응급의학과,2
홍천군,2014,1/4,2014.1/4,응급의학과,2
홍천군,2014,2/4,2014.2/4,응급의학과,2
홍천군,2014,3/4,2014.3/4,응급의학과,2
홍천군,2014,4/4,2014.4/4,응급의학과,2
홍천군,2015,1/4,2015.1/4,응급의학과,2
홍천군,2015,2/4,2015.2/4,응급의학과,2
홍천군,2015,3/4,2015.3/4,응급의학과,2
홍천군,2015,4/4,2015.4/4,응급의학과,2
홍천군,2016,1/4,2016.1/4,응급의학과,2
홍천군,2016,2/4,2016.2/4,응급의학과,2
홍천군,2016,3/4,2016.3/4,응급의학과,2
홍천군,2016,4/4,2016.4/4,응급의학과,2
홍천군,2017,1/4,2017.1/4,응급의학과,2
홍천군,2017,2/4,2017.2/4,응급의학과,2
홍천군,2017,3/4,2017.3/4,응급의학과,2
홍천군,2017,4/4,2017.4/4,응급의학과,2
홍천군,2018,1/4,2018.1/4,응급의학과,2
홍천군,2018,2/4,2018.2/4,응급의학과,2
홍천군,2018,3/4,2018.3/4,응급의학과,2
홍천군,2018,4/4,2018.4/4,응급의학과,2
홍천군,2019,1/4,2019.1/4,응급의학과,2
홍천군,2019,2/4,2019.2/4,응급의학과,3
홍천군,2019,3/4,2019.3/4,응급의학과,3
홍천군,2019,4/4,2019.4/4,응급의학과,3
홍천군,2020,1/4,2020.1/4,응급의학과,3
홍천군,2020,2/4,2020.2/4,응급의학과,4
홍천군,2020,3/4,2020.3/4,응급의학과,4
홍천군,2020,4/4,2020.4/4,응급의학과,4
홍천군,2021,1/4,2021.1/4,응급의학과,4
홍천군,2021,2/4,2021.2/4,응급의학과,4
홍천군,2021,3/4,2021.3/4,응급의학과,4
홍천군,2021,4/4,2021.4/4,응급의학과,4
홍천군,2022,1/4,2022.1/4,응급의학과,4
홍천군,2022,2/4,2022.2/4,응급의학과,4
홍천군,2022,3/4,2022.3/4,응급의학과,4
홍천군,2022,4/4,2022.4/4,응급의학과,4
홍천군,2023,1/4,2023.1/4,응급의학과,4
홍천군,2023,2/4,2023.2/4,응급의학과,5
홍천군,2023,3/4,2023.3/4,응급의학과,5
홍천군,2023,4/4,2023.4/4,응급의학과,5
홍천군,2024,1/4,2024.1/4,응급의학과,5
홍천군,2024,2/4,2024.2/4,응급의학과,5
홍천군,2024,3/4,2024.3/4,응급의학과,5
홍천군,2024,4/4,2024.4/4,응급의학과,5
홍천군,2025,1/4,2025.1/4,응급의학과,5
홍천군,2025,2/4,2025.2/4,응급의학과,4
홍천군,2025,3/4,2025.3/4,응급의학과,4
홍천군,2025,4/4,2025.4/4,응급의학과,4
홍천군,2009,1/4,2009.1/4,이비인후과,4
홍천군,2009,2/4,2009.2/4,이비인후과,4
홍천군,2009,3/4,2009.3/4,이비인후과,4
홍천군,2009,4/4,2009.4/4,이비인후과,4
홍천군,2010,1/4,2010.1/4,이비인후과,4
홍천군,2010,2/4,2010.2/4,이비인후과,5
홍천군,2010,3/4,2010.3/4,이비인후과,5
홍천군,2010,4/4,2010.4/4,이비인후과,5
홍천군,2011,1/4,2011.1/4,이비인후과,5
홍천군,2011,2/4,2011.2/4,이비인후과,4
홍천군,2011,3/4,2011.3/4,이비인후과,4
홍천군,2011,4/4,2011.4/4,이비인후과,4
홍천군,2012,1/4,2012.1/4,이비인후과,4
홍천군,2012,2/4,2012.2/4,이비인후과,4
홍천군,2012,3/4,2012.3/4,이비인후과,4
홍천군,2012,4/4,2012.4/4,이비인후과,4
홍천군,2013,1/4,2013.1/4,이비인후과,4
홍천군,2013,2/4,2013.2/4,이비인후과,4
홍천군,2013,3/4,2013.3/4,이비인후과,4
홍천군,2013,4/4,2013.4/4,이비인후과,4
홍천군,2014,1/4,2014.1/4,이비인후과,4
홍천군,2014,2/4,2014.2/4,이비인후과,4
홍천군,2014,3/4,2014.3/4,이비인후과,4
홍천군,2014,4/4,2014.4/4,이비인후과,4
홍천군,2015,1/4,2015.1/4,이비인후과,4
홍천군,2015,2/4,2015.2/4,이비인후과,4
홍천군,2015,3/4,2015.3/4,이비인후과,4
홍천군,2015,4/4,2015.4/4,이비인후과,4
홍천군,2016,1/4,2016.1/4,이비인후과,4
홍천군,2016,2/4,2016.2/4,이비인후과,4
홍천군,2016,3/4,2016.3/4,이비인후과,4
홍천군,2016,4/4,2016.4/4,이비인후과,4
홍천군,2017,1/4,2017.1/4,이비인후과,4
홍천군,2017,2/4,2017.2/4,이비인후과,4
홍천군,2017,3/4,2017.3/4,이비인후과,4
홍천군,2017,4/4,2017.4/4,이비인후과,4
홍천군,2018,1/4,2018.1/4,이비인후과,4
홍천군,2018,2/4,2018.2/4,이비인후과,4
홍천군,2018,3/4,2018.3/4,이비인후과,4
홍천군,2018,4/4,2018.4/4,이비인후과,4
홍천군,2019,1/4,2019.1/4,이비인후과,4
홍천군,2019,2/4,2019.2/4,이비인후과,5
홍천군,2019,3/4,2019.3/4,이비인후과,5
홍천군,2019,4/4,2019.4/4,이비인후과,5
홍천군,2020,1/4,2020.1/4,이비인후과,5
홍천군,2020,2/4,2020.2/4,이비인후과,4
홍천군,2020,3/4,2020.3/4,이비인후과,4
홍천군,2020,4/4,2020.4/4,이비인후과,4
홍천군,2021,1/4,2021.1/4,이비인후과,4
홍천군,2021,2/4,2021.2/4,이비인후과,4
홍천군,2021,3/4,2021.3/4,이비인후과,4
홍천군,2021,4/4,2021.4/4,이비인후과,4
홍천군,2022,1/4,2022.1/4,이비인후과,4
홍천군,2022,2/4,2022.2/4,이비인후과,4
홍천군,2022,3/4,2022.3/4,이비인후과,4
홍천군,2022,4/4,2022.4/4,이비인후과,4
홍천군,2023,1/4,2023.1/4,이비인후과,4
홍천군,2023,2/4,2023.2/4,이비인후과,4
홍천군,2023,3/4,2023.3/4,이비인후과,4
홍천군,2023,4/4,2023.4/4,이비인후과,4
홍천군,2024,1/4,2024.1/4,이비인후과,4
홍천군,2024,2/4,2024.2/4,이비인후과,6
홍천군,2024,3/4,2024.3/4,이비인후과,6
홍천군,2024,4/4,2024.4/4,이비인후과,6
홍천군,2025,1/4,2025.1/4,이비인후과,5
홍천군,2025,2/4,2025.2/4,이비인후과,6
홍천군,2025,3/4,2025.3/4,이비인후과,6
홍천군,2025,4/4,2025.4/4,이비인후과,6
홍천군,2009,1/4,2009.1/4,재활의학과,0
홍천군,2009,2/4,2009.2/4,재활의학과,0
홍천군,2009,3/4,2009.3/4,재활의학과,1
홍천군,2009,4/4,2009.4/4,재활의학과,1
홍천군,2010,1/4,2010.1/4,재활의학과,1
홍천군,2010,2/4,2010.2/4,재활의학과,1
홍천군,2010,3/4,2010.3/4,재활의학과,1
홍천군,2010,4/4,2010.4/4,재활의학과,1
홍천군,2011,1/4,2011.1/4,재활의학과,1
홍천군,2011,2/4,2011.2/4,재활의학과,1
홍천군,2011,3/4,2011.3/4,재활의학과,1
홍천군,2011,4/4,2011.4/4,재활의학과,1
홍천군,2012,1/4,2012.1/4,재활의학과,1
홍천군,2012,2/4,2012.2/4,재활의학과,2
홍천군,2012,3/4,2012.3/4,재활의학과,1
홍천군,2012,4/4,2012.4/4,재활의학과,1
홍천군,2013,1/4,2013.1/4,재활의학과,1
홍천군,2013,2/4,2013.2/4,재활의학과,1
홍천군,2013,3/4,2013.3/4,재활의학과,0
홍천군,2013,4/4,2013.4/4,재활의학과,2
홍천군,2014,1/4,2014.1/4,재활의학과,2
홍천군,2014,2/4,2014.2/4,재활의학과,1
홍천군,2014,3/4,2014.3/4,재활의학과,1
홍천군,2014,4/4,2014.4/4,재활의학과,1
홍천군,2015,1/4,2015.1/4,재활의학과,1
홍천군,2015,2/4,2015.2/4,재활의학과,1
홍천군,2015,3/4,2015.3/4,재활의학과,1
홍천군,2015,4/4,2015.4/4,재활의학과,1
홍천군,2016,1/4,2016.1/4,재활의학과,1
홍천군,2016,2/4,2016.2/4,재활의학과,0
홍천군,2016,3/4,2016.3/4,재활의학과,0
홍천군,2016,4/4,2016.4/4,재활의학과,0
홍천군,2017,1/4,2017.1/4,재활의학과,0
홍천군,2017,2/4,2017.2/4,재활의학과,0
홍천군,2017,3/4,2017.3/4,재활의학과,0
홍천군,2017,4/4,2017.4/4,재활의학과,0
홍천군,2018,1/4,2018.1/4,재활의학과,0
홍천군,2018,2/4,2018.2/4,재활의학과,0
홍천군,2018,3/4,2018.3/4,재활의학과,0
홍천군,2018,4/4,2018.4/4,재활의학과,0
홍천군,2019,1/4,2019.1/4,재활의학과,0
홍천군,2019,2/4,2019.2/4,재활의학과,0
홍천군,2019,3/4,2019.3/4,재활의학과,0
홍천군,2019,4/4,2019.4/4,재활의학과,0
홍천군,2020,1/4,2020.1/4,재활의학과,0
홍천군,2020,2/4,2020.2/4,재활의학과,1
홍천군,2020,3/4,2020.3/4,재활의학과,1
홍천군,2020,4/4,2020.4/4,재활의학과,1
홍천군,2021,1/4,2021.1/4,재활의학과,1
홍천군,2021,2/4,2021.2/4,재활의학과,1
홍천군,2021,3/4,2021.3/4,재활의학과,1
홍천군,2021,4/4,2021.4/4,재활의학과,1
홍천군,2022,1/4,2022.1/4,재활의학과,1
홍천군,2022,2/4,2022.2/4,재활의학과,1
홍천군,2022,3/4,2022.3/4,재활의학과,1
홍천군,2022,4/4,2022.4/4,재활의학과,1
홍천군,2023,1/4,2023.1/4,재활의학과,1
홍천군,2023,2/4,2023.2/4,재활의학과,1
홍천군,2023,3/4,2023.3/4,재활의학과,1
홍천군,2023,4/4,2023.4/4,재활의학과,1
홍천군,2024,1/4,2024.1/4,재활의학과,1
홍천군,2024,2/4,2024.2/4,재활의학과,0
홍천군,2024,3/4,2024.3/4,재활의학과,0
홍천군,2024,4/4,2024.4/4,재활의학과,0
홍천군,2025,1/4,2025.1/4,재활의학과,0
홍천군,2025,2/4,2025.2/4,재활의학과,0
홍천군,2025,3/4,2025.3/4,재활의학과,0
홍천군,2025,4/4,2025.4/4,재활의학과,0
홍천군,2009,1/4,2009.1/4,정신건강의학과,3
홍천군,2009,2/4,2009.2/4,정신건강의학과,3
홍천군,2009,3/4,2009.3/4,정신건강의학과,3
홍천군,2009,4/4,2009.4/4,정신건강의학과,3
홍천군,2010,1/4,2010.1/4,정신건강의학과,3
홍천군,2010,2/4,2010.2/4,정신건강의학과,3
홍천군,2010,3/4,2010.3/4,정신건강의학과,3
홍천군,2010,4/4,2010.4/4,정신건강의학과,3
홍천군,2011,1/4,2011.1/4,정신건강의학과,3
홍천군,2011,2/4,2011.2/4,정신건강의학과,3
홍천군,2011,3/4,2011.3/4,정신건강의학과,3
홍천군,2011,4/4,2011.4/4,정신건강의학과,3
홍천군,2012,1/4,2012.1/4,정신건강의학과,3
홍천군,2012,2/4,2012.2/4,정신건강의학과,3
홍천군,2012,3/4,2012.3/4,정신건강의학과,3
홍천군,2012,4/4,2012.4/4,정신건강의학과,3
홍천군,2013,1/4,2013.1/4,정신건강의학과,3
홍천군,2013,2/4,2013.2/4,정신건강의학과,3
홍천군,2013,3/4,2013.3/4,정신건강의학과,3
홍천군,2013,4/4,2013.4/4,정신건강의학과,3
홍천군,2014,1/4,2014.1/4,정신건강의학과,3
홍천군,2014,2/4,2014.2/4,정신건강의학과,4
홍천군,2014,3/4,2014.3/4,정신건강의학과,4
홍천군,2014,4/4,2014.4/4,정신건강의학과,4
홍천군,2015,1/4,2015.1/4,정신건강의학과,4
홍천군,2015,2/4,2015.2/4,정신건강의학과,4
홍천군,2015,3/4,2015.3/4,정신건강의학과,4
홍천군,2015,4/4,2015.4/4,정신건강의학과,4
홍천군,2016,1/4,2016.1/4,정신건강의학과,4
홍천군,2016,2/4,2016.2/4,정신건강의학과,3
홍천군,2016,3/4,2016.3/4,정신건강의학과,3
홍천군,2016,4/4,2016.4/4,정신건강의학과,3
홍천군,2017,1/4,2017.1/4,정신건강의학과,3
홍천군,2017,2/4,2017.2/4,정신건강의학과,3
홍천군,2017,3/4,2017.3/4,정신건강의학과,3
홍천군,2017,4/4,2017.4/4,정신건강의학과,3
홍천군,2018,1/4,2018.1/4,정신건강의학과,3
홍천군,2018,2/4,2018.2/4,정신건강의학과,3
홍천군,2018,3/4,2018.3/4,정신건강의학과,3
홍천군,2018,4/4,2018.4/4,정신건강의학과,3
홍천군,2019,1/4,2019.1/4,정신건강의학과,3
홍천군,2019,2/4,2019.2/4,정신건강의학과,3
홍천군,2019,3/4,2019.3/4,정신건강의학과,3
홍천군,2019,4/4,2019.4/4,정신건강의학과,3
홍천군,2020,1/4,2020.1/4,정신건강의학과,3
홍천군,2020,2/4,2020.2/4,정신건강의학과,3
홍천군,2020,3/4,2020.3/4,정신건강의학과,3
홍천군,2020,4/4,2020.4/4,정신건강의학과,3
홍천군,2021,1/4,2021.1/4,정신건강의학과,3
홍천군,2021,2/4,2021.2/4,정신건강의학과,3
홍천군,2021,3/4,2021.3/4,정신건강의학과,3
홍천군,2021,4/4,2021.4/4,정신건강의학과,3
홍천군,2022,1/4,2022.1/4,정신건강의학과,3
홍천군,2022,2/4,2022.2/4,정신건강의학과,3
홍천군,2022,3/4,2022.3/4,정신건강의학과,3
홍천군,2022,4/4,2022.4/4,정신건강의학과,3
홍천군,2023,1/4,2023.1/4,정신건강의학과,3
홍천군,2023,2/4,2023.2/4,정신건강의학과,3
홍천군,2023,3/4,2023.3/4,정신건강의학과,3
홍천군,2023,4/4,2023.4/4,정신건강의학과,3
홍천군,2024,1/4,2024.1/4,정신건강의학과,3
홍천군,2024,2/4,2024.2/4,정신건강의학과,3
홍천군,2024,3/4,2024.3/4,정신건강의학과,1
홍천군,2024,4/4,2024.4/4,정신건강의학과,2
홍천군,2025,1/4,2025.1/4,정신건강의학과,2
홍천군,2025,2/4,2025.2/4,정신건강의학과,2
홍천군,2025,3/4,2025.3/4,정신건강의학과,2
홍천군,2025,4/4,2025.4/4,정신건강의학과,2
홍천군,2009,1/4,2009.1/4,정형외과,7
홍천군,2009,2/4,2009.2/4,정형외과,7
홍천군,2009,3/4,2009.3/4,정형외과,7
홍천군,2009,4/4,2009.4/4,정형외과,7
홍천군,2010,1/4,2010.1/4,정형외과,8
홍천군,2010,2/4,2010.2/4,정형외과,7
홍천군,2010,3/4,2010.3/4,정형외과,7
홍천군,2010,4/4,2010.4/4,정형외과,7
홍천군,2011,1/4,2011.1/4,정형외과,8
홍천군,2011,2/4,2011.2/4,정형외과,9
홍천군,2011,3/4,2011.3/4,정형외과,9
홍천군,2011,4/4,2011.4/4,정형외과,9
홍천군,2012,1/4,2012.1/4,정형외과,8
홍천군,2012,2/4,2012.2/4,정형외과,9
홍천군,2012,3/4,2012.3/4,정형외과,9
홍천군,2012,4/4,2012.4/4,정형외과,9
홍천군,2013,1/4,2013.1/4,정형외과,9
홍천군,2013,2/4,2013.2/4,정형외과,9
홍천군,2013,3/4,2013.3/4,정형외과,9
홍천군,2013,4/4,2013.4/4,정형외과,9
홍천군,2014,1/4,2014.1/4,정형외과,9
홍천군,2014,2/4,2014.2/4,정형외과,7
홍천군,2014,3/4,2014.3/4,정형외과,8
홍천군,2014,4/4,2014.4/4,정형외과,9
홍천군,2015,1/4,2015.1/4,정형외과,8
홍천군,2015,2/4,2015.2/4,정형외과,8
홍천군,2015,3/4,2015.3/4,정형외과,8
홍천군,2015,4/4,2015.4/4,정형외과,8
홍천군,2016,1/4,2016.1/4,정형외과,8
홍천군,2016,2/4,2016.2/4,정형외과,9
홍천군,2016,3/4,2016.3/4,정형외과,9
홍천군,2016,4/4,2016.4/4,정형외과,9
홍천군,2017,1/4,2017.1/4,정형외과,10
홍천군,2017,2/4,2017.2/4,정형외과,10
홍천군,2017,3/4,2017.3/4,정형외과,9
홍천군,2017,4/4,2017.4/4,정형외과,9
홍천군,2018,1/4,2018.1/4,정형외과,8
홍천군,2018,2/4,2018.2/4,정형외과,8
홍천군,2018,3/4,2018.3/4,정형외과,9
홍천군,2018,4/4,2018.4/4,정형외과,9
홍천군,2019,1/4,2019.1/4,정형외과,8
홍천군,2019,2/4,2019.2/4,정형외과,7
홍천군,2019,3/4,2019.3/4,정형외과,7
홍천군,2019,4/4,2019.4/4,정형외과,7
홍천군,2020,1/4,2020.1/4,정형외과,7
홍천군,2020,2/4,2020.2/4,정형외과,7
홍천군,2020,3/4,2020.3/4,정형외과,7
홍천군,2020,4/4,2020.4/4,정형외과,7
홍천군,2021,1/4,2021.1/4,정형외과,7
홍천군,2021,2/4,2021.2/4,정형외과,7
홍천군,2021,3/4,2021.3/4,정형외과,8
홍천군,2021,4/4,2021.4/4,정형외과,8
홍천군,2022,1/4,2022.1/4,정형외과,8
홍천군,2022,2/4,2022.2/4,정형외과,8
홍천군,2022,3/4,2022.3/4,정형외과,8
홍천군,2022,4/4,2022.4/4,정형외과,9
홍천군,2023,1/4,2023.1/4,정형외과,8
홍천군,2023,2/4,2023.2/4,정형외과,9
홍천군,2023,3/4,2023.3/4,정형외과,9
홍천군,2023,4/4,2023.4/4,정형외과,9
홍천군,2024,1/4,2024.1/4,정형외과,9
홍천군,2024,2/4,2024.2/4,정형외과,7
홍천군,2024,3/4,2024.3/4,정형외과,8
홍천군,2024,4/4,2024.4/4,정형외과,9
홍천군,2025,1/4,2025.1/4,정형외과,8
홍천군,2025,2/4,2025.2/4,정형외과,11
홍천군,2025,3/4,2025.3/4,정형외과,11
홍천군,2025,4/4,2025.4/4,정형외과,11
홍천군,2009,1/4,2009.1/4,직업환경의학과,0
홍천군,2009,2/4,2009.2/4,직업환경의학과,0
홍천군,2009,3/4,2009.3/4,직업환경의학과,0
홍천군,2009,4/4,2009.4/4,직업환경의학과,0
홍천군,2010,1/4,2010.1/4,직업환경의학과,0
홍천군,2010,2/4,2010.2/4,직업환경의학과,0
홍천군,2010,3/4,2010.3/4,직업환경의학과,0
홍천군,2010,4/4,2010.4/4,직업환경의학과,0
홍천군,2011,1/4,2011.1/4,직업환경의학과,0
홍천군,2011,2/4,2011.2/4,직업환경의학과,0
홍천군,2011,3/4,2011.3/4,직업환경의학과,0
홍천군,2011,4/4,2011.4/4,직업환경의학과,0
홍천군,2012,1/4,2012.1/4,직업환경의학과,0
홍천군,2012,2/4,2012.2/4,직업환경의학과,0
홍천군,2012,3/4,2012.3/4,직업환경의학과,0
홍천군,2012,4/4,2012.4/4,직업환경의학과,0
홍천군,2013,1/4,2013.1/4,직업환경의학과,0
홍천군,2013,2/4,2013.2/4,직업환경의학과,0
홍천군,2013,3/4,2013.3/4,직업환경의학과,0
홍천군,2013,4/4,2013.4/4,직업환경의학과,0
홍천군,2014,1/4,2014.1/4,직업환경의학과,0
홍천군,2014,2/4,2014.2/4,직업환경의학과,0
홍천군,2014,3/4,2014.3/4,직업환경의학과,0
홍천군,2014,4/4,2014.4/4,직업환경의학과,0
홍천군,2015,1/4,2015.1/4,직업환경의학과,0
홍천군,2015,2/4,2015.2/4,직업환경의학과,0
홍천군,2015,3/4,2015.3/4,직업환경의학과,0
홍천군,2015,4/4,2015.4/4,직업환경의학과,0
홍천군,2016,1/4,2016.1/4,직업환경의학과,0
홍천군,2016,2/4,2016.2/4,직업환경의학과,0
홍천군,2016,3/4,2016.3/4,직업환경의학과,0
홍천군,2016,4/4,2016.4/4,직업환경의학과,0
홍천군,2017,1/4,2017.1/4,직업환경의학과,0
홍천군,2017,2/4,2017.2/4,직업환경의학과,0
홍천군,2017,3/4,2017.3/4,직업환경의학과,0
홍천군,2017,4/4,2017.4/4,직업환경의학과,0
홍천군,2018,1/4,2018.1/4,직업환경의학과,0
홍천군,2018,2/4,2018.2/4,직업환경의학과,0
홍천군,2018,3/4,2018.3/4,직업환경의학과,0
홍천군,2018,4/4,2018.4/4,직업환경의학과,0
홍천군,2019,1/4,2019.1/4,직업환경의학과,0
홍천군,2019,2/4,2019.2/4,직업환경의학과,0
홍천군,2019,3/4,2019.3/4,직업환경의학과,0
홍천군,2019,4/4,2019.4/4,직업환경의학과,0
홍천군,2020,1/4,2020.1/4,직업환경의학과,0
홍천군,2020,2/4,2020.2/4,직업환경의학과,0
홍천군,2020,3/4,2020.3/4,직업환경의학과,0
홍천군,2020,4/4,2020.4/4,직업환경의학과,0
홍천군,2021,1/4,2021.1/4,직업환경의학과,0
홍천군,2021,2/4,2021.2/4,직업환경의학과,0
홍천군,2021,3/4,2021.3/4,직업환경의학과,0
홍천군,2021,4/4,2021.4/4,직업환경의학과,0
홍천군,2022,1/4,2022.1/4,직업환경의학과,0
홍천군,2022,2/4,2022.2/4,직업환경의학과,0
홍천군,2022,3/4,2022.3/4,직업환경의학과,0
홍천군,2022,4/4,2022.4/4,직업환경의학과,0
홍천군,2023,1/4,2023.1/4,직업환경의학과,0
홍천군,2023,2/4,2023.2/4,직업환경의학과,0
홍천군,2023,3/4,2023.3/4,직업환경의학과,0
홍천군,2023,4/4,2023.4/4,직업환경의학과,0
홍천군,2024,1/4,2024.1/4,직업환경의학과,0
홍천군,2024,2/4,2024.2/4,직업환경의학과,0
홍천군,2024,3/4,2024.3/4,직업환경의학과,0
홍천군,2024,4/4,2024.4/4,직업환경의학과,0
홍천군,2025,1/4,2025.1/4,직업환경의학과,0
홍천군,2025,2/4,2025.2/4,직업환경의학과,0
홍천군,2025,3/4,2025.3/4,직업환경의학과,0
홍천군,2025,4/4,2025.4/4,직업환경의학과,0
홍천군,2009,1/4,2009.1/4,진단검사의학과,1
홍천군,2009,2/4,2009.2/4,진단검사의학과,1
홍천군,2009,3/4,2009.3/4,진단검사의학과,1
홍천군,2009,4/4,2009.4/4,진단검사의학과,1
홍천군,2010,1/4,2010.1/4,진단검사의학과,1
홍천군,2010,2/4,2010.2/4,진단검사의학과,1
홍천군,2010,3/4,2010.3/4,진단검사의학과,1
홍천군,2010,4/4,2010.4/4,진단검사의학과,1
홍천군,2011,1/4,2011.1/4,진단검사의학과,2
홍천군,2011,2/4,2011.2/4,진단검사의학과,1
홍천군,2011,3/4,2011.3/4,진단검사의학과,1
홍천군,2011,4/4,2011.4/4,진단검사의학과,1
홍천군,2012,1/4,2012.1/4,진단검사의학과,1
홍천군,2012,2/4,2012.2/4,진단검사의학과,1
홍천군,2012,3/4,2012.3/4,진단검사의학과,1
홍천군,2012,4/4,2012.4/4,진단검사의학과,1
홍천군,2013,1/4,2013.1/4,진단검사의학과,1
홍천군,2013,2/4,2013.2/4,진단검사의학과,1
홍천군,2013,3/4,2013.3/4,진단검사의학과,1
홍천군,2013,4/4,2013.4/4,진단검사의학과,1
홍천군,2014,1/4,2014.1/4,진단검사의학과,1
홍천군,2014,2/4,2014.2/4,진단검사의학과,1
홍천군,2014,3/4,2014.3/4,진단검사의학과,1
홍천군,2014,4/4,2014.4/4,진단검사의학과,1
홍천군,2015,1/4,2015.1/4,진단검사의학과,1
홍천군,2015,2/4,2015.2/4,진단검사의학과,1
홍천군,2015,3/4,2015.3/4,진단검사의학과,1
홍천군,2015,4/4,2015.4/4,진단검사의학과,1
홍천군,2016,1/4,2016.1/4,진단검사의학과,1
홍천군,2016,2/4,2016.2/4,진단검사의학과,1
홍천군,2016,3/4,2016.3/4,진단검사의학과,1
홍천군,2016,4/4,2016.4/4,진단검사의학과,1
홍천군,2017,1/4,2017.1/4,진단검사의학과,1
홍천군,2017,2/4,2017.2/4,진단검사의학과,1
홍천군,2017,3/4,2017.3/4,진단검사의학과,1
홍천군,2017,4/4,2017.4/4,진단검사의학과,1
홍천군,2018,1/4,2018.1/4,진단검사의학과,1
홍천군,2018,2/4,2018.2/4,진단검사의학과,1
홍천군,2018,3/4,2018.3/4,진단검사의학과,1
홍천군,2018,4/4,2018.4/4,진단검사의학과,1
홍천군,2019,1/4,2019.1/4,진단검사의학과,1
홍천군,2019,2/4,2019.2/4,진단검사의학과,1
홍천군,2019,3/4,2019.3/4,진단검사의학과,1
홍천군,2019,4/4,2019.4/4,진단검사의학과,1
홍천군,2020,1/4,2020.1/4,진단검사의학과,1
홍천군,2020,2/4,2020.2/4,진단검사의학과,1
홍천군,2020,3/4,2020.3/4,진단검사의학과,1
홍천군,2020,4/4,2020.4/4,진단검사의학과,1
홍천군,2021,1/4,2021.1/4,진단검사의학과,1
홍천군,2021,2/4,2021.2/4,진단검사의학과,1
홍천군,2021,3/4,2021.3/4,진단검사의학과,1
홍천군,2021,4/4,2021.4/4,진단검사의학과,1
홍천군,2022,1/4,2022.1/4,진단검사의학과,1
홍천군,2022,2/4,2022.2/4,진단검사의학과,1
홍천군,2022,3/4,2022.3/4,진단검사의학과,1
홍천군,2022,4/4,2022.4/4,진단검사의학과,1
홍천군,2023,1/4,2023.1/4,진단검사의학과,1
홍천군,2023,2/4,2023.2/4,진단검사의학과,1
홍천군,2023,3/4,2023.3/4,진단검사의학과,1
홍천군,2023,4/4,2023.4/4,진단검사의학과,1
홍천군,2024,1/4,2024.1/4,진단검사의학과,1
홍천군,2024,2/4,2024.2/4,진단검사의학과,1
홍천군,2024,3/4,2024.3/4,진단검사의학과,1
홍천군,2024,4/4,2024.4/4,진단검사의학과,1
홍천군,2025,1/4,2025.1/4,진단검사의학과,1
홍천군,2025,2/4,2025.2/4,진단검사의학과,1
홍천군,2025,3/4,2025.3/4,진단검사의학과,1
홍천군,2025,4/4,2025.4/4,진단검사의학과,1
홍천군,2009,1/4,2009.1/4,피부과,1
홍천군,2009,2/4,2009.2/4,피부과,2
홍천군,2009,3/4,2009.3/4,피부과,2
홍천군,2009,4/4,2009.4/4,피부과,2
홍천군,2010,1/4,2010.1/4,피부과,2
홍천군,2010,2/4,2010.2/4,피부과,1
홍천군,2010,3/4,2010.3/4,피부과,1
홍천군,2010,4/4,2010.4/4,피부과,1
홍천군,2011,1/4,2011.1/4,피부과,1
홍천군,2011,2/4,2011.2/4,피부과,1
홍천군,2011,3/4,2011.3/4,피부과,1
홍천군,2011,4/4,2011.4/4,피부과,1
홍천군,2012,1/4,2012.1/4,피부과,1
홍천군,2012,2/4,2012.2/4,피부과,1
홍천군,2012,3/4,2012.3/4,피부과,1
홍천군,2012,4/4,2012.4/4,피부과,1
홍천군,2013,1/4,2013.1/4,피부과,1
홍천군,2013,2/4,2013.2/4,피부과,1
홍천군,2013,3/4,2013.3/4,피부과,1
홍천군,2013,4/4,2013.4/4,피부과,1
홍천군,2014,1/4,2014.1/4,피부과,1
홍천군,2014,2/4,2014.2/4,피부과,2
홍천군,2014,3/4,2014.3/4,피부과,2
홍천군,2014,4/4,2014.4/4,피부과,2
홍천군,2015,1/4,2015.1/4,피부과,2
홍천군,2015,2/4,2015.2/4,피부과,2
홍천군,2015,3/4,2015.3/4,피부과,2
홍천군,2015,4/4,2015.4/4,피부과,3
홍천군,2016,1/4,2016.1/4,피부과,3
홍천군,2016,2/4,2016.2/4,피부과,2
홍천군,2016,3/4,2016.3/4,피부과,2
홍천군,2016,4/4,2016.4/4,피부과,3
홍천군,2017,1/4,2017.1/4,피부과,3
홍천군,2017,2/4,2017.2/4,피부과,4
홍천군,2017,3/4,2017.3/4,피부과,4
홍천군,2017,4/4,2017.4/4,피부과,3
홍천군,2018,1/4,2018.1/4,피부과,3
홍천군,2018,2/4,2018.2/4,피부과,2
홍천군,2018,3/4,2018.3/4,피부과,3
홍천군,2018,4/4,2018.4/4,피부과,3
홍천군,2019,1/4,2019.1/4,피부과,3
홍천군,2019,2/4,2019.2/4,피부과,1
홍천군,2019,3/4,2019.3/4,피부과,1
홍천군,2019,4/4,2019.4/4,피부과,1
홍천군,2020,1/4,2020.1/4,피부과,1
홍천군,2020,2/4,2020.2/4,피부과,2
홍천군,2020,3/4,2020.3/4,피부과,2
홍천군,2020,4/4,2020.4/4,피부과,2
홍천군,2021,1/4,2021.1/4,피부과,2
홍천군,2021,2/4,2021.2/4,피부과,2
홍천군,2021,3/4,2021.3/4,피부과,2
홍천군,2021,4/4,2021.4/4,피부과,2
홍천군,2022,1/4,2022.1/4,피부과,2
홍천군,2022,2/4,2022.2/4,피부과,2
홍천군,2022,3/4,2022.3/4,피부과,2
홍천군,2022,4/4,2022.4/4,피부과,2
홍천군,2023,1/4,2023.1/4,피부과,2
홍천군,2023,2/4,2023.2/4,피부과,2
홍천군,2023,3/4,2023.3/4,피부과,2
홍천군,2023,4/4,2023.4/4,피부과,2
홍천군,2024,1/4,2024.1/4,피부과,2
홍천군,2024,2/4,2024.2/4,피부과,2
홍천군,2024,3/4,2024.3/4,피부과,1
홍천군,2024,4/4,2024.4/4,피부과,2
홍천군,2025,1/4,2025.1/4,피부과,2
홍천군,2025,2/4,2025.2/4,피부과,2
홍천군,2025,3/4,2025.3/4,피부과,2
홍천군,2025,4/4,2025.4/4,피부과,2
홍천군,2009,1/4,2009.1/4,핵의학과,0
홍천군,2009,2/4,2009.2/4,핵의학과,0
홍천군,2009,3/4,2009.3/4,핵의학과,0
홍천군,2009,4/4,2009.4/4,핵의학과,0
홍천군,2010,1/4,2010.1/4,핵의학과,0
홍천군,2010,2/4,2010.2/4,핵의학과,0
홍천군,2010,3/4,2010.3/4,핵의학과,0
홍천군,2010,4/4,2010.4/4,핵의학과,0
홍천군,2011,1/4,2011.1/4,핵의학과,0
홍천군,2011,2/4,2011.2/4,핵의학과,0
홍천군,2011,3/4,2011.3/4,핵의학과,0
홍천군,2011,4/4,2011.4/4,핵의학과,0
홍천군,2012,1/4,2012.1/4,핵의학과,0
홍천군,2012,2/4,2012.2/4,핵의학과,0
홍천군,2012,3/4,2012.3/4,핵의학과,0
홍천군,2012,4/4,2012.4/4,핵의학과,0
홍천군,2013,1/4,2013.1/4,핵의학과,0
홍천군,2013,2/4,2013.2/4,핵의학과,0
홍천군,2013,3/4,2013.3/4,핵의학과,0
홍천군,2013,4/4,2013.4/4,핵의학과,0
홍천군,2014,1/4,2014.1/4,핵의학과,0
홍천군,2014,2/4,2014.2/4,핵의학과,0
홍천군,2014,3/4,2014.3/4,핵의학과,0
홍천군,2014,4/4,2014.4/4,핵의학과,0
홍천군,2015,1/4,2015.1/4,핵의학과,0
홍천군,2015,2/4,2015.2/4,핵의학과,0
홍천군,2015,3/4,2015.3/4,핵의학과,0
홍천군,2015,4/4,2015.4/4,핵의학과,0
홍천군,2016,1/4,2016.1/4,핵의학과,0
홍천군,2016,2/4,2016.2/4,핵의학과,0
홍천군,2016,3/4,2016.3/4,핵의학과,0
홍천군,2016,4/4,2016.4/4,핵의학과,0
홍천군,2017,1/4,2017.1/4,핵의학과,0
홍천군,2017,2/4,2017.2/4,핵의학과,0
홍천군,2017,3/4,2017.3/4,핵의학과,0
홍천군,2017,4/4,2017.4/4,핵의학과,0
홍천군,2018,1/4,2018.1/4,핵의학과,0
홍천군,2018,2/4,2018.2/4,핵의학과,0
홍천군,2018,3/4,2018.3/4,핵의학과,0
홍천군,2018,4/4,2018.4/4,핵의학과,0
홍천군,2019,1/4,2019.1/4,핵의학과,0
홍천군,2019,2/4,2019.2/4,핵의학과,0
홍천군,2019,3/4,2019.3/4,핵의학과,0
홍천군,2019,4/4,2019.4/4,핵의학과,0
홍천군,2020,1/4,2020.1/4,핵의학과,0
홍천군,2020,2/4,2020.2/4,핵의학과,0
홍천군,2020,3/4,2020.3/4,핵의학과,0
홍천군,2020,4/4,2020.4/4,핵의학과,0
홍천군,2021,1/4,2021.1/4,핵의학과,0
홍천군,2021,2/4,2021.2/4,핵의학과,0
홍천군,2021,3/4,2021.3/4,핵의학과,0
홍천군,2021,4/4,2021.4/4,핵의학과,0
홍천군,2022,1/4,2022.1/4,핵의학과,0
홍천군,2022,2/4,2022.2/4,핵의학과,0
홍천군,2022,3/4,2022.3/4,핵의학과,0
홍천군,2022,4/4,2022.4/4,핵의학과,0
홍천군,2023,1/4,2023.1/4,핵의학과,0
홍천군,2023,2/4,2023.2/4,핵의학과,0
홍천군,2023,3/4,2023.3/4,핵의학과,0
홍천군,2023,4/4,2023.4/4,핵의학과,0
홍천군,2024,1/4,2024.1/4,핵의학과,0
홍천군,2024,2/4,2024.2/4,핵의학과,0
홍천군,2024,3/4,2024.3/4,핵의학과,0
홍천군,2024,4/4,2024.4/4,핵의학과,0
홍천군,2025,1/4,2025.1/4,핵의학과,0
홍천군,2025,2/4,2025.2/4,핵의학과,0
홍천군,2025,3/4,2025.3/4,핵의학과,0
홍천군,2025,4/4,2025.4/4,핵의학과,0
화천군,2009,1/4,2009.1/4,가정의학과,0
화천군,2009,2/4,2009.2/4,가정의학과,0
화천군,2009,3/4,2009.3/4,가정의학과,0
화천군,2009,4/4,2009.4/4,가정의학과,0
화천군,2010,1/4,2010.1/4,가정의학과,0
화천군,2010,2/4,2010.2/4,가정의학과,0
화천군,2010,3/4,2010.3/4,가정의학과,0
화천군,2010,4/4,2010.4/4,가정의학과,0
화천군,2011,1/4,2011.1/4,가정의학과,0
화천군,2011,2/4,2011.2/4,가정의학과,0
화천군,2011,3/4,2011.3/4,가정의학과,0
화천군,2011,4/4,2011.4/4,가정의학과,0
화천군,2012,1/4,2012.1/4,가정의학과,0
화천군,2012,2/4,2012.2/4,가정의학과,0
화천군,2012,3/4,2012.3/4,가정의학과,0
화천군,2012,4/4,2012.4/4,가정의학과,0
화천군,2013,1/4,2013.1/4,가정의학과,0
화천군,2013,2/4,2013.2/4,가정의학과,0
화천군,2013,3/4,2013.3/4,가정의학과,0
화천군,2013,4/4,2013.4/4,가정의학과,0
화천군,2014,1/4,2014.1/4,가정의학과,0
화천군,2014,2/4,2014.2/4,가정의학과,0
화천군,2014,3/4,2014.3/4,가정의학과,0
화천군,2014,4/4,2014.4/4,가정의학과,0
화천군,2015,1/4,2015.1/4,가정의학과,0
화천군,2015,2/4,2015.2/4,가정의학과,0
화천군,2015,3/4,2015.3/4,가정의학과,0
화천군,2015,4/4,2015.4/4,가정의학과,0
화천군,2016,1/4,2016.1/4,가정의학과,2
화천군,2016,2/4,2016.2/4,가정의학과,2
화천군,2016,3/4,2016.3/4,가정의학과,2
화천군,2016,4/4,2016.4/4,가정의학과,2
화천군,2017,1/4,2017.1/4,가정의학과,2
화천군,2017,2/4,2017.2/4,가정의학과,2
화천군,2017,3/4,2017.3/4,가정의학과,2
화천군,2017,4/4,2017.4/4,가정의학과,2
화천군,2018,1/4,2018.1/4,가정의학과,2
화천군,2018,2/4,2018.2/4,가정의학과,2
화천군,2018,3/4,2018.3/4,가정의학과,2
화천군,2018,4/4,2018.4/4,가정의학과,2
화천군,2019,1/4,2019.1/4,가정의학과,2
화천군,2019,2/4,2019.2/4,가정의학과,2
화천군,2019,3/4,2019.3/4,가정의학과,2
화천군,2019,4/4,2019.4/4,가정의학과,2
화천군,2020,1/4,2020.1/4,가정의학과,2
화천군,2020,2/4,2020.2/4,가정의학과,2
화천군,2020,3/4,2020.3/4,가정의학과,2
화천군,2020,4/4,2020.4/4,가정의학과,2
화천군,2021,1/4,2021.1/4,가정의학과,2
화천군,2021,2/4,2021.2/4,가정의학과,2
화천군,2021,3/4,2021.3/4,가정의학과,2
화천군,2021,4/4,2021.4/4,가정의학과,2
화천군,2022,1/4,2022.1/4,가정의학과,2
화천군,2022,2/4,2022.2/4,가정의학과,2
화천군,2022,3/4,2022.3/4,가정의학과,2
화천군,2022,4/4,2022.4/4,가정의학과,2
화천군,2023,1/4,2023.1/4,가정의학과,2
화천군,2023,2/4,2023.2/4,가정의학과,2
화천군,2023,3/4,2023.3/4,가정의학과,2
화천군,2023,4/4,2023.4/4,가정의학과,2
화천군,2024,1/4,2024.1/4,가정의학과,2
화천군,2024,2/4,2024.2/4,가정의학과,3
화천군,2024,3/4,2024.3/4,가정의학과,3
화천군,2024,4/4,2024.4/4,가정의학과,3
화천군,2025,1/4,2025.1/4,가정의학과,3
화천군,2025,2/4,2025.2/4,가정의학과,2
화천군,2025,3/4,2025.3/4,가정의학과,2
화천군,2025,4/4,2025.4/4,가정의학과,2
화천군,2009,1/4,2009.1/4,결핵과,0
화천군,2009,2/4,2009.2/4,결핵과,0
화천군,2009,3/4,2009.3/4,결핵과,0
화천군,2009,4/4,2009.4/4,결핵과,0
화천군,2010,1/4,2010.1/4,결핵과,0
화천군,2010,2/4,2010.2/4,결핵과,0
화천군,2010,3/4,2010.3/4,결핵과,0
화천군,2010,4/4,2010.4/4,결핵과,0
화천군,2011,1/4,2011.1/4,결핵과,0
화천군,2011,2/4,2011.2/4,결핵과,0
화천군,2011,3/4,2011.3/4,결핵과,0
화천군,2011,4/4,2011.4/4,결핵과,0
화천군,2012,1/4,2012.1/4,결핵과,0
화천군,2012,2/4,2012.2/4,결핵과,0
화천군,2012,3/4,2012.3/4,결핵과,0
화천군,2012,4/4,2012.4/4,결핵과,0
화천군,2013,1/4,2013.1/4,결핵과,0
화천군,2013,2/4,2013.2/4,결핵과,0
화천군,2013,3/4,2013.3/4,결핵과,0
화천군,2013,4/4,2013.4/4,결핵과,0
화천군,2014,1/4,2014.1/4,결핵과,0
화천군,2014,2/4,2014.2/4,결핵과,0
화천군,2014,3/4,2014.3/4,결핵과,0
화천군,2014,4/4,2014.4/4,결핵과,0
화천군,2015,1/4,2015.1/4,결핵과,0
화천군,2015,2/4,2015.2/4,결핵과,0
화천군,2015,3/4,2015.3/4,결핵과,0
화천군,2015,4/4,2015.4/4,결핵과,0
화천군,2016,1/4,2016.1/4,결핵과,0
화천군,2016,2/4,2016.2/4,결핵과,0
화천군,2016,3/4,2016.3/4,결핵과,0
화천군,2016,4/4,2016.4/4,결핵과,0
화천군,2017,1/4,2017.1/4,결핵과,0
화천군,2017,2/4,2017.2/4,결핵과,0
화천군,2017,3/4,2017.3/4,결핵과,0
화천군,2017,4/4,2017.4/4,결핵과,0
화천군,2018,1/4,2018.1/4,결핵과,0
화천군,2018,2/4,2018.2/4,결핵과,0
화천군,2018,3/4,2018.3/4,결핵과,0
화천군,2018,4/4,2018.4/4,결핵과,0
화천군,2019,1/4,2019.1/4,결핵과,0
화천군,2019,2/4,2019.2/4,결핵과,0
화천군,2019,3/4,2019.3/4,결핵과,0
화천군,2019,4/4,2019.4/4,결핵과,0
화천군,2020,1/4,2020.1/4,결핵과,0
화천군,2020,2/4,2020.2/4,결핵과,0
화천군,2020,3/4,2020.3/4,결핵과,0
화천군,2020,4/4,2020.4/4,결핵과,0
화천군,2021,1/4,2021.1/4,결핵과,0
화천군,2021,2/4,2021.2/4,결핵과,0
화천군,2021,3/4,2021.3/4,결핵과,0
화천군,2021,4/4,2021.4/4,결핵과,0
화천군,2022,1/4,2022.1/4,결핵과,0
화천군,2022,2/4,2022.2/4,결핵과,0
화천군,2022,3/4,2022.3/4,결핵과,0
화천군,2022,4/4,2022.4/4,결핵과,0
화천군,2023,1/4,2023.1/4,결핵과,0
화천군,2023,2/4,2023.2/4,결핵과,0
화천군,2023,3/4,2023.3/4,결핵과,0
화천군,2023,4/4,2023.4/4,결핵과,0
화천군,2024,1/4,2024.1/4,결핵과,0
화천군,2024,2/4,2024.2/4,결핵과,0
화천군,2024,3/4,2024.3/4,결핵과,0
화천군,2024,4/4,2024.4/4,결핵과,0
화천군,2025,1/4,2025.1/4,결핵과,0
화천군,2025,2/4,2025.2/4,결핵과,0
화천군,2025,3/4,2025.3/4,결핵과,0
화천군,2025,4/4,2025.4/4,결핵과,0
화천군,2009,1/4,2009.1/4,내과,2
화천군,2009,2/4,2009.2/4,내과,2
화천군,2009,3/4,2009.3/4,내과,2
화천군,2009,4/4,2009.4/4,내과,2
화천군,2010,1/4,2010.1/4,내과,2
화천군,2010,2/4,2010.2/4,내과,2
화천군,2010,3/4,2010.3/4,내과,2
화천군,2010,4/4,2010.4/4,내과,2
화천군,2011,1/4,2011.1/4,내과,2
화천군,2011,2/4,2011.2/4,내과,2
화천군,2011,3/4,2011.3/4,내과,2
화천군,2011,4/4,2011.4/4,내과,2
화천군,2012,1/4,2012.1/4,내과,2
화천군,2012,2/4,2012.2/4,내과,2
화천군,2012,3/4,2012.3/4,내과,2
화천군,2012,4/4,2012.4/4,내과,2
화천군,2013,1/4,2013.1/4,내과,2
화천군,2013,2/4,2013.2/4,내과,2
화천군,2013,3/4,2013.3/4,내과,2
화천군,2013,4/4,2013.4/4,내과,2
화천군,2014,1/4,2014.1/4,내과,2
화천군,2014,2/4,2014.2/4,내과,3
화천군,2014,3/4,2014.3/4,내과,3
화천군,2014,4/4,2014.4/4,내과,3
화천군,2015,1/4,2015.1/4,내과,4
화천군,2015,2/4,2015.2/4,내과,4
화천군,2015,3/4,2015.3/4,내과,4
화천군,2015,4/4,2015.4/4,내과,4
화천군,2016,1/4,2016.1/4,내과,4
화천군,2016,2/4,2016.2/4,내과,3
화천군,2016,3/4,2016.3/4,내과,3
화천군,2016,4/4,2016.4/4,내과,3
화천군,2017,1/4,2017.1/4,내과,3
화천군,2017,2/4,2017.2/4,내과,2
화천군,2017,3/4,2017.3/4,내과,2
화천군,2017,4/4,2017.4/4,내과,2
화천군,2018,1/4,2018.1/4,내과,2
화천군,2018,2/4,2018.2/4,내과,2
화천군,2018,3/4,2018.3/4,내과,2
화천군,2018,4/4,2018.4/4,내과,2
화천군,2019,1/4,2019.1/4,내과,2
화천군,2019,2/4,2019.2/4,내과,1
화천군,2019,3/4,2019.3/4,내과,1
화천군,2019,4/4,2019.4/4,내과,1
화천군,2020,1/4,2020.1/4,내과,1
화천군,2020,2/4,2020.2/4,내과,2
화천군,2020,3/4,2020.3/4,내과,2
화천군,2020,4/4,2020.4/4,내과,2
화천군,2021,1/4,2021.1/4,내과,2
화천군,2021,2/4,2021.2/4,내과,2
화천군,2021,3/4,2021.3/4,내과,2
화천군,2021,4/4,2021.4/4,내과,2
화천군,2022,1/4,2022.1/4,내과,2
화천군,2022,2/4,2022.2/4,내과,2
화천군,2022,3/4,2022.3/4,내과,2
화천군,2022,4/4,2022.4/4,내과,2
화천군,2023,1/4,2023.1/4,내과,1
화천군,2023,2/4,2023.2/4,내과,1
화천군,2023,3/4,2023.3/4,내과,1
화천군,2023,4/4,2023.4/4,내과,1
화천군,2024,1/4,2024.1/4,내과,3
화천군,2024,2/4,2024.2/4,내과,4
화천군,2024,3/4,2024.3/4,내과,3
화천군,2024,4/4,2024.4/4,내과,4
화천군,2025,1/4,2025.1/4,내과,4
화천군,2025,2/4,2025.2/4,내과,6
화천군,2025,3/4,2025.3/4,내과,6
화천군,2025,4/4,2025.4/4,내과,6
화천군,2009,1/4,2009.1/4,마취통증의학과,1
화천군,2009,2/4,2009.2/4,마취통증의학과,1
화천군,2009,3/4,2009.3/4,마취통증의학과,1
화천군,2009,4/4,2009.4/4,마취통증의학과,1
화천군,2010,1/4,2010.1/4,마취통증의학과,1
화천군,2010,2/4,2010.2/4,마취통증의학과,1
화천군,2010,3/4,2010.3/4,마취통증의학과,1
화천군,2010,4/4,2010.4/4,마취통증의학과,1
화천군,2011,1/4,2011.1/4,마취통증의학과,1
화천군,2011,2/4,2011.2/4,마취통증의학과,1
화천군,2011,3/4,2011.3/4,마취통증의학과,1
화천군,2011,4/4,2011.4/4,마취통증의학과,1
화천군,2012,1/4,2012.1/4,마취통증의학과,1
화천군,2012,2/4,2012.2/4,마취통증의학과,0
화천군,2012,3/4,2012.3/4,마취통증의학과,0
화천군,2012,4/4,2012.4/4,마취통증의학과,0
화천군,2013,1/4,2013.1/4,마취통증의학과,0
화천군,2013,2/4,2013.2/4,마취통증의학과,0
화천군,2013,3/4,2013.3/4,마취통증의학과,0
화천군,2013,4/4,2013.4/4,마취통증의학과,1
화천군,2014,1/4,2014.1/4,마취통증의학과,0
화천군,2014,2/4,2014.2/4,마취통증의학과,0
화천군,2014,3/4,2014.3/4,마취통증의학과,0
화천군,2014,4/4,2014.4/4,마취통증의학과,0
화천군,2015,1/4,2015.1/4,마취통증의학과,0
화천군,2015,2/4,2015.2/4,마취통증의학과,0
화천군,2015,3/4,2015.3/4,마취통증의학과,0
화천군,2015,4/4,2015.4/4,마취통증의학과,0
화천군,2016,1/4,2016.1/4,마취통증의학과,0
화천군,2016,2/4,2016.2/4,마취통증의학과,0
화천군,2016,3/4,2016.3/4,마취통증의학과,0
화천군,2016,4/4,2016.4/4,마취통증의학과,0
화천군,2017,1/4,2017.1/4,마취통증의학과,0
화천군,2017,2/4,2017.2/4,마취통증의학과,0
화천군,2017,3/4,2017.3/4,마취통증의학과,0
화천군,2017,4/4,2017.4/4,마취통증의학과,0
화천군,2018,1/4,2018.1/4,마취통증의학과,0
화천군,2018,2/4,2018.2/4,마취통증의학과,1
화천군,2018,3/4,2018.3/4,마취통증의학과,2
화천군,2018,4/4,2018.4/4,마취통증의학과,2
화천군,2019,1/4,2019.1/4,마취통증의학과,2
화천군,2019,2/4,2019.2/4,마취통증의학과,3
화천군,2019,3/4,2019.3/4,마취통증의학과,3
화천군,2019,4/4,2019.4/4,마취통증의학과,3
화천군,2020,1/4,2020.1/4,마취통증의학과,3
화천군,2020,2/4,2020.2/4,마취통증의학과,3
화천군,2020,3/4,2020.3/4,마취통증의학과,3
화천군,2020,4/4,2020.4/4,마취통증의학과,3
화천군,2021,1/4,2021.1/4,마취통증의학과,3
화천군,2021,2/4,2021.2/4,마취통증의학과,3
화천군,2021,3/4,2021.3/4,마취통증의학과,2
화천군,2021,4/4,2021.4/4,마취통증의학과,2
화천군,2022,1/4,2022.1/4,마취통증의학과,2
화천군,2022,2/4,2022.2/4,마취통증의학과,1
화천군,2022,3/4,2022.3/4,마취통증의학과,0
화천군,2022,4/4,2022.4/4,마취통증의학과,0
화천군,2023,1/4,2023.1/4,마취통증의학과,0
화천군,2023,2/4,2023.2/4,마취통증의학과,1
화천군,2023,3/4,2023.3/4,마취통증의학과,1
화천군,2023,4/4,2023.4/4,마취통증의학과,1
화천군,2024,1/4,2024.1/4,마취통증의학과,0
화천군,2024,2/4,2024.2/4,마취통증의학과,1
화천군,2024,3/4,2024.3/4,마취통증의학과,1
화천군,2024,4/4,2024.4/4,마취통증의학과,1
화천군,2025,1/4,2025.1/4,마취통증의학과,1
화천군,2025,2/4,2025.2/4,마취통증의학과,2
화천군,2025,3/4,2025.3/4,마취통증의학과,2
화천군,2025,4/4,2025.4/4,마취통증의학과,2
화천군,2009,1/4,2009.1/4,방사선종양학과,0
화천군,2009,2/4,2009.2/4,방사선종양학과,0
화천군,2009,3/4,2009.3/4,방사선종양학과,0
화천군,2009,4/4,2009.4/4,방사선종양학과,0
화천군,2010,1/4,2010.1/4,방사선종양학과,0
화천군,2010,2/4,2010.2/4,방사선종양학과,0
화천군,2010,3/4,2010.3/4,방사선종양학과,0
화천군,2010,4/4,2010.4/4,방사선종양학과,0
화천군,2011,1/4,2011.1/4,방사선종양학과,0
화천군,2011,2/4,2011.2/4,방사선종양학과,0
화천군,2011,3/4,2011.3/4,방사선종양학과,0
화천군,2011,4/4,2011.4/4,방사선종양학과,0
화천군,2012,1/4,2012.1/4,방사선종양학과,0
화천군,2012,2/4,2012.2/4,방사선종양학과,0
화천군,2012,3/4,2012.3/4,방사선종양학과,0
화천군,2012,4/4,2012.4/4,방사선종양학과,0
화천군,2013,1/4,2013.1/4,방사선종양학과,0
화천군,2013,2/4,2013.2/4,방사선종양학과,0
화천군,2013,3/4,2013.3/4,방사선종양학과,0
화천군,2013,4/4,2013.4/4,방사선종양학과,0
화천군,2014,1/4,2014.1/4,방사선종양학과,0
화천군,2014,2/4,2014.2/4,방사선종양학과,0
화천군,2014,3/4,2014.3/4,방사선종양학과,0
화천군,2014,4/4,2014.4/4,방사선종양학과,0
화천군,2015,1/4,2015.1/4,방사선종양학과,0
화천군,2015,2/4,2015.2/4,방사선종양학과,0
화천군,2015,3/4,2015.3/4,방사선종양학과,0
화천군,2015,4/4,2015.4/4,방사선종양학과,0
화천군,2016,1/4,2016.1/4,방사선종양학과,0
화천군,2016,2/4,2016.2/4,방사선종양학과,0
화천군,2016,3/4,2016.3/4,방사선종양학과,0
화천군,2016,4/4,2016.4/4,방사선종양학과,0
화천군,2017,1/4,2017.1/4,방사선종양학과,0
화천군,2017,2/4,2017.2/4,방사선종양학과,0
화천군,2017,3/4,2017.3/4,방사선종양학과,0
화천군,2017,4/4,2017.4/4,방사선종양학과,0
화천군,2018,1/4,2018.1/4,방사선종양학과,0
화천군,2018,2/4,2018.2/4,방사선종양학과,0
화천군,2018,3/4,2018.3/4,방사선종양학과,0
화천군,2018,4/4,2018.4/4,방사선종양학과,0
화천군,2019,1/4,2019.1/4,방사선종양학과,0
화천군,2019,2/4,2019.2/4,방사선종양학과,0
화천군,2019,3/4,2019.3/4,방사선종양학과,0
화천군,2019,4/4,2019.4/4,방사선종양학과,0
화천군,2020,1/4,2020.1/4,방사선종양학과,0
화천군,2020,2/4,2020.2/4,방사선종양학과,0
화천군,2020,3/4,2020.3/4,방사선종양학과,0
화천군,2020,4/4,2020.4/4,방사선종양학과,0
화천군,2021,1/4,2021.1/4,방사선종양학과,0
화천군,2021,2/4,2021.2/4,방사선종양학과,0
화천군,2021,3/4,2021.3/4,방사선종양학과,0
화천군,2021,4/4,2021.4/4,방사선종양학과,0
화천군,2022,1/4,2022.1/4,방사선종양학과,0
화천군,2022,2/4,2022.2/4,방사선종양학과,0
화천군,2022,3/4,2022.3/4,방사선종양학과,0
화천군,2022,4/4,2022.4/4,방사선종양학과,0
화천군,2023,1/4,2023.1/4,방사선종양학과,0
화천군,2023,2/4,2023.2/4,방사선종양학과,0
화천군,2023,3/4,2023.3/4,방사선종양학과,0
화천군,2023,4/4,2023.4/4,방사선종양학과,0
화천군,2024,1/4,2024.1/4,방사선종양학과,0
화천군,2024,2/4,2024.2/4,방사선종양학과,0
화천군,2024,3/4,2024.3/4,방사선종양학과,0
화천군,2024,4/4,2024.4/4,방사선종양학과,0
화천군,2025,1/4,2025.1/4,방사선종양학과,0
화천군,2025,2/4,2025.2/4,방사선종양학과,0
화천군,2025,3/4,2025.3/4,방사선종양학과,0
화천군,2025,4/4,2025.4/4,방사선종양학과,0
화천군,2009,1/4,2009.1/4,병리과,0
화천군,2009,2/4,2009.2/4,병리과,0
화천군,2009,3/4,2009.3/4,병리과,0
화천군,2009,4/4,2009.4/4,병리과,0
화천군,2010,1/4,2010.1/4,병리과,0
화천군,2010,2/4,2010.2/4,병리과,0
화천군,2010,3/4,2010.3/4,병리과,0
화천군,2010,4/4,2010.4/4,병리과,0
화천군,2011,1/4,2011.1/4,병리과,0
화천군,2011,2/4,2011.2/4,병리과,0
화천군,2011,3/4,2011.3/4,병리과,0
화천군,2011,4/4,2011.4/4,병리과,0
화천군,2012,1/4,2012.1/4,병리과,0
화천군,2012,2/4,2012.2/4,병리과,0
화천군,2012,3/4,2012.3/4,병리과,0
화천군,2012,4/4,2012.4/4,병리과,0
화천군,2013,1/4,2013.1/4,병리과,0
화천군,2013,2/4,2013.2/4,병리과,0
화천군,2013,3/4,2013.3/4,병리과,0
화천군,2013,4/4,2013.4/4,병리과,0
화천군,2014,1/4,2014.1/4,병리과,0
화천군,2014,2/4,2014.2/4,병리과,0
화천군,2014,3/4,2014.3/4,병리과,0
화천군,2014,4/4,2014.4/4,병리과,0
화천군,2015,1/4,2015.1/4,병리과,0
화천군,2015,2/4,2015.2/4,병리과,0
화천군,2015,3/4,2015.3/4,병리과,0
화천군,2015,4/4,2015.4/4,병리과,0
화천군,2016,1/4,2016.1/4,병리과,0
화천군,2016,2/4,2016.2/4,병리과,0
화천군,2016,3/4,2016.3/4,병리과,0
화천군,2016,4/4,2016.4/4,병리과,0
화천군,2017,1/4,2017.1/4,병리과,0
화천군,2017,2/4,2017.2/4,병리과,0
화천군,2017,3/4,2017.3/4,병리과,0
화천군,2017,4/4,2017.4/4,병리과,0
화천군,2018,1/4,2018.1/4,병리과,0
화천군,2018,2/4,2018.2/4,병리과,0
화천군,2018,3/4,2018.3/4,병리과,0
화천군,2018,4/4,2018.4/4,병리과,0
화천군,2019,1/4,2019.1/4,병리과,0
화천군,2019,2/4,2019.2/4,병리과,0
화천군,2019,3/4,2019.3/4,병리과,0
화천군,2019,4/4,2019.4/4,병리과,0
화천군,2020,1/4,2020.1/4,병리과,0
화천군,2020,2/4,2020.2/4,병리과,0
화천군,2020,3/4,2020.3/4,병리과,0
화천군,2020,4/4,2020.4/4,병리과,0
화천군,2021,1/4,2021.1/4,병리과,0
화천군,2021,2/4,2021.2/4,병리과,0
화천군,2021,3/4,2021.3/4,병리과,0
화천군,2021,4/4,2021.4/4,병리과,0
화천군,2022,1/4,2022.1/4,병리과,0
화천군,2022,2/4,2022.2/4,병리과,0
화천군,2022,3/4,2022.3/4,병리과,0
화천군,2022,4/4,2022.4/4,병리과,0
화천군,2023,1/4,2023.1/4,병리과,0
화천군,2023,2/4,2023.2/4,병리과,0
화천군,2023,3/4,2023.3/4,병리과,0
화천군,2023,4/4,2023.4/4,병리과,0
화천군,2024,1/4,2024.1/4,병리과,0
화천군,2024,2/4,2024.2/4,병리과,0
화천군,2024,3/4,2024.3/4,병리과,0
화천군,2024,4/4,2024.4/4,병리과,0
화천군,2025,1/4,2025.1/4,병리과,0
화천군,2025,2/4,2025.2/4,병리과,0
화천군,2025,3/4,2025.3/4,병리과,0
화천군,2025,4/4,2025.4/4,병리과,0
화천군,2009,1/4,2009.1/4,비뇨의학과,1
화천군,2009,2/4,2009.2/4,비뇨의학과,1
화천군,2009,3/4,2009.3/4,비뇨의학과,1
화천군,2009,4/4,2009.4/4,비뇨의학과,1
화천군,2010,1/4,2010.1/4,비뇨의학과,1
화천군,2010,2/4,2010.2/4,비뇨의학과,2
화천군,2010,3/4,2010.3/4,비뇨의학과,2
화천군,2010,4/4,2010.4/4,비뇨의학과,2
화천군,2011,1/4,2011.1/4,비뇨의학과,2
화천군,2011,2/4,2011.2/4,비뇨의학과,0
화천군,2011,3/4,2011.3/4,비뇨의학과,0
화천군,2011,4/4,2011.4/4,비뇨의학과,0
화천군,2012,1/4,2012.1/4,비뇨의학과,0
화천군,2012,2/4,2012.2/4,비뇨의학과,0
화천군,2012,3/4,2012.3/4,비뇨의학과,0
화천군,2012,4/4,2012.4/4,비뇨의학과,1
화천군,2013,1/4,2013.1/4,비뇨의학과,1
화천군,2013,2/4,2013.2/4,비뇨의학과,0
화천군,2013,3/4,2013.3/4,비뇨의학과,0
화천군,2013,4/4,2013.4/4,비뇨의학과,0
화천군,2014,1/4,2014.1/4,비뇨의학과,0
화천군,2014,2/4,2014.2/4,비뇨의학과,0
화천군,2014,3/4,2014.3/4,비뇨의학과,0
화천군,2014,4/4,2014.4/4,비뇨의학과,0
화천군,2015,1/4,2015.1/4,비뇨의학과,0
화천군,2015,2/4,2015.2/4,비뇨의학과,0
화천군,2015,3/4,2015.3/4,비뇨의학과,0
화천군,2015,4/4,2015.4/4,비뇨의학과,0
화천군,2016,1/4,2016.1/4,비뇨의학과,0
화천군,2016,2/4,2016.2/4,비뇨의학과,0
화천군,2016,3/4,2016.3/4,비뇨의학과,0
화천군,2016,4/4,2016.4/4,비뇨의학과,1
화천군,2017,1/4,2017.1/4,비뇨의학과,1
화천군,2017,2/4,2017.2/4,비뇨의학과,1
화천군,2017,3/4,2017.3/4,비뇨의학과,1
화천군,2017,4/4,2017.4/4,비뇨의학과,1
화천군,2018,1/4,2018.1/4,비뇨의학과,1
화천군,2018,2/4,2018.2/4,비뇨의학과,0
화천군,2018,3/4,2018.3/4,비뇨의학과,0
화천군,2018,4/4,2018.4/4,비뇨의학과,0
화천군,2019,1/4,2019.1/4,비뇨의학과,0
화천군,2019,2/4,2019.2/4,비뇨의학과,0
화천군,2019,3/4,2019.3/4,비뇨의학과,0
화천군,2019,4/4,2019.4/4,비뇨의학과,0
화천군,2020,1/4,2020.1/4,비뇨의학과,0
화천군,2020,2/4,2020.2/4,비뇨의학과,0
화천군,2020,3/4,2020.3/4,비뇨의학과,0
화천군,2020,4/4,2020.4/4,비뇨의학과,0
화천군,2021,1/4,2021.1/4,비뇨의학과,0
화천군,2021,2/4,2021.2/4,비뇨의학과,0
화천군,2021,3/4,2021.3/4,비뇨의학과,0
화천군,2021,4/4,2021.4/4,비뇨의학과,0
화천군,2022,1/4,2022.1/4,비뇨의학과,0
화천군,2022,2/4,2022.2/4,비뇨의학과,0
화천군,2022,3/4,2022.3/4,비뇨의학과,0
화천군,2022,4/4,2022.4/4,비뇨의학과,0
화천군,2023,1/4,2023.1/4,비뇨의학과,0
화천군,2023,2/4,2023.2/4,비뇨의학과,0
화천군,2023,3/4,2023.3/4,비뇨의학과,0
화천군,2023,4/4,2023.4/4,비뇨의학과,0
화천군,2024,1/4,2024.1/4,비뇨의학과,0
화천군,2024,2/4,2024.2/4,비뇨의학과,0
화천군,2024,3/4,2024.3/4,비뇨의학과,0
화천군,2024,4/4,2024.4/4,비뇨의학과,0
화천군,2025,1/4,2025.1/4,비뇨의학과,0
화천군,2025,2/4,2025.2/4,비뇨의학과,0
화천군,2025,3/4,2025.3/4,비뇨의학과,0
화천군,2025,4/4,2025.4/4,비뇨의학과,0
화천군,2009,1/4,2009.1/4,산부인과,2
화천군,2009,2/4,2009.2/4,산부인과,1
화천군,2009,3/4,2009.3/4,산부인과,1
화천군,2009,4/4,2009.4/4,산부인과,1
화천군,2010,1/4,2010.1/4,산부인과,1
화천군,2010,2/4,2010.2/4,산부인과,1
화천군,2010,3/4,2010.3/4,산부인과,1
화천군,2010,4/4,2010.4/4,산부인과,1
화천군,2011,1/4,2011.1/4,산부인과,1
화천군,2011,2/4,2011.2/4,산부인과,1
화천군,2011,3/4,2011.3/4,산부인과,1
화천군,2011,4/4,2011.4/4,산부인과,1
화천군,2012,1/4,2012.1/4,산부인과,1
화천군,2012,2/4,2012.2/4,산부인과,1
화천군,2012,3/4,2012.3/4,산부인과,1
화천군,2012,4/4,2012.4/4,산부인과,1
화천군,2013,1/4,2013.1/4,산부인과,1
화천군,2013,2/4,2013.2/4,산부인과,1
화천군,2013,3/4,2013.3/4,산부인과,2
화천군,2013,4/4,2013.4/4,산부인과,1
화천군,2014,1/4,2014.1/4,산부인과,1
화천군,2014,2/4,2014.2/4,산부인과,1
화천군,2014,3/4,2014.3/4,산부인과,1
화천군,2014,4/4,2014.4/4,산부인과,1
화천군,2015,1/4,2015.1/4,산부인과,1
화천군,2015,2/4,2015.2/4,산부인과,1
화천군,2015,3/4,2015.3/4,산부인과,1
화천군,2015,4/4,2015.4/4,산부인과,1
화천군,2016,1/4,2016.1/4,산부인과,1
화천군,2016,2/4,2016.2/4,산부인과,1
화천군,2016,3/4,2016.3/4,산부인과,1
화천군,2016,4/4,2016.4/4,산부인과,1
화천군,2017,1/4,2017.1/4,산부인과,1
화천군,2017,2/4,2017.2/4,산부인과,1
화천군,2017,3/4,2017.3/4,산부인과,1
화천군,2017,4/4,2017.4/4,산부인과,1
화천군,2018,1/4,2018.1/4,산부인과,1
화천군,2018,2/4,2018.2/4,산부인과,1
화천군,2018,3/4,2018.3/4,산부인과,1
화천군,2018,4/4,2018.4/4,산부인과,1
화천군,2019,1/4,2019.1/4,산부인과,1
화천군,2019,2/4,2019.2/4,산부인과,1
화천군,2019,3/4,2019.3/4,산부인과,1
화천군,2019,4/4,2019.4/4,산부인과,1
화천군,2020,1/4,2020.1/4,산부인과,1
화천군,2020,2/4,2020.2/4,산부인과,1
화천군,2020,3/4,2020.3/4,산부인과,1
화천군,2020,4/4,2020.4/4,산부인과,1
화천군,2021,1/4,2021.1/4,산부인과,1
화천군,2021,2/4,2021.2/4,산부인과,1
화천군,2021,3/4,2021.3/4,산부인과,1
화천군,2021,4/4,2021.4/4,산부인과,1
화천군,2022,1/4,2022.1/4,산부인과,1
화천군,2022,2/4,2022.2/4,산부인과,1
화천군,2022,3/4,2022.3/4,산부인과,1
화천군,2022,4/4,2022.4/4,산부인과,1
화천군,2023,1/4,2023.1/4,산부인과,1
화천군,2023,2/4,2023.2/4,산부인과,1
화천군,2023,3/4,2023.3/4,산부인과,1
화천군,2023,4/4,2023.4/4,산부인과,1
화천군,2024,1/4,2024.1/4,산부인과,1
화천군,2024,2/4,2024.2/4,산부인과,1
화천군,2024,3/4,2024.3/4,산부인과,1
화천군,2024,4/4,2024.4/4,산부인과,1
화천군,2025,1/4,2025.1/4,산부인과,1
화천군,2025,2/4,2025.2/4,산부인과,1
화천군,2025,3/4,2025.3/4,산부인과,1
화천군,2025,4/4,2025.4/4,산부인과,1
화천군,2009,1/4,2009.1/4,성형외과,0
화천군,2009,2/4,2009.2/4,성형외과,1
화천군,2009,3/4,2009.3/4,성형외과,1
화천군,2009,4/4,2009.4/4,성형외과,1
화천군,2010,1/4,2010.1/4,성형외과,1
화천군,2010,2/4,2010.2/4,성형외과,1
화천군,2010,3/4,2010.3/4,성형외과,1
화천군,2010,4/4,2010.4/4,성형외과,1
화천군,2011,1/4,2011.1/4,성형외과,1
화천군,2011,2/4,2011.2/4,성형외과,0
화천군,2011,3/4,2011.3/4,성형외과,0
화천군,2011,4/4,2011.4/4,성형외과,0
화천군,2012,1/4,2012.1/4,성형외과,0
화천군,2012,2/4,2012.2/4,성형외과,0
화천군,2012,3/4,2012.3/4,성형외과,0
화천군,2012,4/4,2012.4/4,성형외과,0
화천군,2013,1/4,2013.1/4,성형외과,0
화천군,2013,2/4,2013.2/4,성형외과,1
화천군,2013,3/4,2013.3/4,성형외과,1
화천군,2013,4/4,2013.4/4,성형외과,1
화천군,2014,1/4,2014.1/4,성형외과,1
화천군,2014,2/4,2014.2/4,성형외과,1
화천군,2014,3/4,2014.3/4,성형외과,1
화천군,2014,4/4,2014.4/4,성형외과,1
화천군,2015,1/4,2015.1/4,성형외과,1
화천군,2015,2/4,2015.2/4,성형외과,0
화천군,2015,3/4,2015.3/4,성형외과,0
화천군,2015,4/4,2015.4/4,성형외과,0
화천군,2016,1/4,2016.1/4,성형외과,0
화천군,2016,2/4,2016.2/4,성형외과,0
화천군,2016,3/4,2016.3/4,성형외과,0
화천군,2016,4/4,2016.4/4,성형외과,0
화천군,2017,1/4,2017.1/4,성형외과,0
화천군,2017,2/4,2017.2/4,성형외과,1
화천군,2017,3/4,2017.3/4,성형외과,1
화천군,2017,4/4,2017.4/4,성형외과,1
화천군,2018,1/4,2018.1/4,성형외과,1
화천군,2018,2/4,2018.2/4,성형외과,1
화천군,2018,3/4,2018.3/4,성형외과,1
화천군,2018,4/4,2018.4/4,성형외과,1
화천군,2019,1/4,2019.1/4,성형외과,1
화천군,2019,2/4,2019.2/4,성형외과,2
화천군,2019,3/4,2019.3/4,성형외과,2
화천군,2019,4/4,2019.4/4,성형외과,2
화천군,2020,1/4,2020.1/4,성형외과,2
화천군,2020,2/4,2020.2/4,성형외과,2
화천군,2020,3/4,2020.3/4,성형외과,2
화천군,2020,4/4,2020.4/4,성형외과,2
화천군,2021,1/4,2021.1/4,성형외과,2
화천군,2021,2/4,2021.2/4,성형외과,2
화천군,2021,3/4,2021.3/4,성형외과,2
화천군,2021,4/4,2021.4/4,성형외과,2
화천군,2022,1/4,2022.1/4,성형외과,2
화천군,2022,2/4,2022.2/4,성형외과,1
화천군,2022,3/4,2022.3/4,성형외과,1
화천군,2022,4/4,2022.4/4,성형외과,1
화천군,2023,1/4,2023.1/4,성형외과,0
화천군,2023,2/4,2023.2/4,성형외과,1
화천군,2023,3/4,2023.3/4,성형외과,1
화천군,2023,4/4,2023.4/4,성형외과,1
화천군,2024,1/4,2024.1/4,성형외과,1
화천군,2024,2/4,2024.2/4,성형외과,1
화천군,2024,3/4,2024.3/4,성형외과,1
화천군,2024,4/4,2024.4/4,성형외과,1
화천군,2025,1/4,2025.1/4,성형외과,1
화천군,2025,2/4,2025.2/4,성형외과,1
화천군,2025,3/4,2025.3/4,성형외과,1
화천군,2025,4/4,2025.4/4,성형외과,1
화천군,2009,1/4,2009.1/4,소아청소년과,2
화천군,2009,2/4,2009.2/4,소아청소년과,2
화천군,2009,3/4,2009.3/4,소아청소년과,2
화천군,2009,4/4,2009.4/4,소아청소년과,2
화천군,2010,1/4,2010.1/4,소아청소년과,2
화천군,2010,2/4,2010.2/4,소아청소년과,1
화천군,2010,3/4,2010.3/4,소아청소년과,1
화천군,2010,4/4,2010.4/4,소아청소년과,1
화천군,2011,1/4,2011.1/4,소아청소년과,1
화천군,2011,2/4,2011.2/4,소아청소년과,1
화천군,2011,3/4,2011.3/4,소아청소년과,1
화천군,2011,4/4,2011.4/4,소아청소년과,1
화천군,2012,1/4,2012.1/4,소아청소년과,1
화천군,2012,2/4,2012.2/4,소아청소년과,1
화천군,2012,3/4,2012.3/4,소아청소년과,1
화천군,2012,4/4,2012.4/4,소아청소년과,1
화천군,2013,1/4,2013.1/4,소아청소년과,1
화천군,2013,2/4,2013.2/4,소아청소년과,1
화천군,2013,3/4,2013.3/4,소아청소년과,1
화천군,2013,4/4,2013.4/4,소아청소년과,1
화천군,2014,1/4,2014.1/4,소아청소년과,1
화천군,2014,2/4,2014.2/4,소아청소년과,2
화천군,2014,3/4,2014.3/4,소아청소년과,2
화천군,2014,4/4,2014.4/4,소아청소년과,2
화천군,2015,1/4,2015.1/4,소아청소년과,2
화천군,2015,2/4,2015.2/4,소아청소년과,2
화천군,2015,3/4,2015.3/4,소아청소년과,2
화천군,2015,4/4,2015.4/4,소아청소년과,2
화천군,2016,1/4,2016.1/4,소아청소년과,2
화천군,2016,2/4,2016.2/4,소아청소년과,2
화천군,2016,3/4,2016.3/4,소아청소년과,2
화천군,2016,4/4,2016.4/4,소아청소년과,2
화천군,2017,1/4,2017.1/4,소아청소년과,2
화천군,2017,2/4,2017.2/4,소아청소년과,2
화천군,2017,3/4,2017.3/4,소아청소년과,2
화천군,2017,4/4,2017.4/4,소아청소년과,3
화천군,2018,1/4,2018.1/4,소아청소년과,3
화천군,2018,2/4,2018.2/4,소아청소년과,3
화천군,2018,3/4,2018.3/4,소아청소년과,3
화천군,2018,4/4,2018.4/4,소아청소년과,3
화천군,2019,1/4,2019.1/4,소아청소년과,3
화천군,2019,2/4,2019.2/4,소아청소년과,3
화천군,2019,3/4,2019.3/4,소아청소년과,3
화천군,2019,4/4,2019.4/4,소아청소년과,3
화천군,2020,1/4,2020.1/4,소아청소년과,3
화천군,2020,2/4,2020.2/4,소아청소년과,3
화천군,2020,3/4,2020.3/4,소아청소년과,3
화천군,2020,4/4,2020.4/4,소아청소년과,3
화천군,2021,1/4,2021.1/4,소아청소년과,4
화천군,2021,2/4,2021.2/4,소아청소년과,5
화천군,2021,3/4,2021.3/4,소아청소년과,5
화천군,2021,4/4,2021.4/4,소아청소년과,4
화천군,2022,1/4,2022.1/4,소아청소년과,4
화천군,2022,2/4,2022.2/4,소아청소년과,4
화천군,2022,3/4,2022.3/4,소아청소년과,4
화천군,2022,4/4,2022.4/4,소아청소년과,4
화천군,2023,1/4,2023.1/4,소아청소년과,3
화천군,2023,2/4,2023.2/4,소아청소년과,4
화천군,2023,3/4,2023.3/4,소아청소년과,5
화천군,2023,4/4,2023.4/4,소아청소년과,5
화천군,2024,1/4,2024.1/4,소아청소년과,5
화천군,2024,2/4,2024.2/4,소아청소년과,5
화천군,2024,3/4,2024.3/4,소아청소년과,5
화천군,2024,4/4,2024.4/4,소아청소년과,5
화천군,2025,1/4,2025.1/4,소아청소년과,4
화천군,2025,2/4,2025.2/4,소아청소년과,4
화천군,2025,3/4,2025.3/4,소아청소년과,4
화천군,2025,4/4,2025.4/4,소아청소년과,4
화천군,2009,1/4,2009.1/4,신경과,0
화천군,2009,2/4,2009.2/4,신경과,0
화천군,2009,3/4,2009.3/4,신경과,0
화천군,2009,4/4,2009.4/4,신경과,0
화천군,2010,1/4,2010.1/4,신경과,0
화천군,2010,2/4,2010.2/4,신경과,0
화천군,2010,3/4,2010.3/4,신경과,0
화천군,2010,4/4,2010.4/4,신경과,0
화천군,2011,1/4,2011.1/4,신경과,0
화천군,2011,2/4,2011.2/4,신경과,0
화천군,2011,3/4,2011.3/4,신경과,0
화천군,2011,4/4,2011.4/4,신경과,0
화천군,2012,1/4,2012.1/4,신경과,0
화천군,2012,2/4,2012.2/4,신경과,0
화천군,2012,3/4,2012.3/4,신경과,0
화천군,2012,4/4,2012.4/4,신경과,0
화천군,2013,1/4,2013.1/4,신경과,0
화천군,2013,2/4,2013.2/4,신경과,0
화천군,2013,3/4,2013.3/4,신경과,0
화천군,2013,4/4,2013.4/4,신경과,0
화천군,2014,1/4,2014.1/4,신경과,0
화천군,2014,2/4,2014.2/4,신경과,0
화천군,2014,3/4,2014.3/4,신경과,0
화천군,2014,4/4,2014.4/4,신경과,0
화천군,2015,1/4,2015.1/4,신경과,0
화천군,2015,2/4,2015.2/4,신경과,0
화천군,2015,3/4,2015.3/4,신경과,0
화천군,2015,4/4,2015.4/4,신경과,0
화천군,2016,1/4,2016.1/4,신경과,0
화천군,2016,2/4,2016.2/4,신경과,0
화천군,2016,3/4,2016.3/4,신경과,0
화천군,2016,4/4,2016.4/4,신경과,0
화천군,2017,1/4,2017.1/4,신경과,0
화천군,2017,2/4,2017.2/4,신경과,0
화천군,2017,3/4,2017.3/4,신경과,0
화천군,2017,4/4,2017.4/4,신경과,0
화천군,2018,1/4,2018.1/4,신경과,0
화천군,2018,2/4,2018.2/4,신경과,0
화천군,2018,3/4,2018.3/4,신경과,0
화천군,2018,4/4,2018.4/4,신경과,0
화천군,2019,1/4,2019.1/4,신경과,0
화천군,2019,2/4,2019.2/4,신경과,0
화천군,2019,3/4,2019.3/4,신경과,0
화천군,2019,4/4,2019.4/4,신경과,0
화천군,2020,1/4,2020.1/4,신경과,0
화천군,2020,2/4,2020.2/4,신경과,0
화천군,2020,3/4,2020.3/4,신경과,0
화천군,2020,4/4,2020.4/4,신경과,0
화천군,2021,1/4,2021.1/4,신경과,0
화천군,2021,2/4,2021.2/4,신경과,0
화천군,2021,3/4,2021.3/4,신경과,0
화천군,2021,4/4,2021.4/4,신경과,0
화천군,2022,1/4,2022.1/4,신경과,0
화천군,2022,2/4,2022.2/4,신경과,0
화천군,2022,3/4,2022.3/4,신경과,0
화천군,2022,4/4,2022.4/4,신경과,0
화천군,2023,1/4,2023.1/4,신경과,0
화천군,2023,2/4,2023.2/4,신경과,0
화천군,2023,3/4,2023.3/4,신경과,0
화천군,2023,4/4,2023.4/4,신경과,0
화천군,2024,1/4,2024.1/4,신경과,0
화천군,2024,2/4,2024.2/4,신경과,0
화천군,2024,3/4,2024.3/4,신경과,0
화천군,2024,4/4,2024.4/4,신경과,0
화천군,2025,1/4,2025.1/4,신경과,0
화천군,2025,2/4,2025.2/4,신경과,0
화천군,2025,3/4,2025.3/4,신경과,0
화천군,2025,4/4,2025.4/4,신경과,0
화천군,2009,1/4,2009.1/4,신경외과,0
화천군,2009,2/4,2009.2/4,신경외과,0
화천군,2009,3/4,2009.3/4,신경외과,0
화천군,2009,4/4,2009.4/4,신경외과,0
화천군,2010,1/4,2010.1/4,신경외과,0
화천군,2010,2/4,2010.2/4,신경외과,0
화천군,2010,3/4,2010.3/4,신경외과,0
화천군,2010,4/4,2010.4/4,신경외과,0
화천군,2011,1/4,2011.1/4,신경외과,0
화천군,2011,2/4,2011.2/4,신경외과,0
화천군,2011,3/4,2011.3/4,신경외과,0
화천군,2011,4/4,2011.4/4,신경외과,0
화천군,2012,1/4,2012.1/4,신경외과,0
화천군,2012,2/4,2012.2/4,신경외과,0
화천군,2012,3/4,2012.3/4,신경외과,0
화천군,2012,4/4,2012.4/4,신경외과,0
화천군,2013,1/4,2013.1/4,신경외과,0
화천군,2013,2/4,2013.2/4,신경외과,0
화천군,2013,3/4,2013.3/4,신경외과,0
화천군,2013,4/4,2013.4/4,신경외과,0
화천군,2014,1/4,2014.1/4,신경외과,0
화천군,2014,2/4,2014.2/4,신경외과,0
화천군,2014,3/4,2014.3/4,신경외과,0
화천군,2014,4/4,2014.4/4,신경외과,0
화천군,2015,1/4,2015.1/4,신경외과,0
화천군,2015,2/4,2015.2/4,신경외과,0
화천군,2015,3/4,2015.3/4,신경외과,0
화천군,2015,4/4,2015.4/4,신경외과,0
화천군,2016,1/4,2016.1/4,신경외과,0
화천군,2016,2/4,2016.2/4,신경외과,0
화천군,2016,3/4,2016.3/4,신경외과,0
화천군,2016,4/4,2016.4/4,신경외과,0
화천군,2017,1/4,2017.1/4,신경외과,0
화천군,2017,2/4,2017.2/4,신경외과,0
화천군,2017,3/4,2017.3/4,신경외과,0
화천군,2017,4/4,2017.4/4,신경외과,0
화천군,2018,1/4,2018.1/4,신경외과,0
화천군,2018,2/4,2018.2/4,신경외과,0
화천군,2018,3/4,2018.3/4,신경외과,0
화천군,2018,4/4,2018.4/4,신경외과,0
화천군,2019,1/4,2019.1/4,신경외과,0
화천군,2019,2/4,2019.2/4,신경외과,0
화천군,2019,3/4,2019.3/4,신경외과,0
화천군,2019,4/4,2019.4/4,신경외과,0
화천군,2020,1/4,2020.1/4,신경외과,0
화천군,2020,2/4,2020.2/4,신경외과,0
화천군,2020,3/4,2020.3/4,신경외과,0
화천군,2020,4/4,2020.4/4,신경외과,0
화천군,2021,1/4,2021.1/4,신경외과,0
화천군,2021,2/4,2021.2/4,신경외과,0
화천군,2021,3/4,2021.3/4,신경외과,0
화천군,2021,4/4,2021.4/4,신경외과,0
화천군,2022,1/4,2022.1/4,신경외과,0
화천군,2022,2/4,2022.2/4,신경외과,0
화천군,2022,3/4,2022.3/4,신경외과,0
화천군,2022,4/4,2022.4/4,신경외과,0
화천군,2023,1/4,2023.1/4,신경외과,0
화천군,2023,2/4,2023.2/4,신경외과,0
화천군,2023,3/4,2023.3/4,신경외과,0
화천군,2023,4/4,2023.4/4,신경외과,0
화천군,2024,1/4,2024.1/4,신경외과,1
화천군,2024,2/4,2024.2/4,신경외과,0
화천군,2024,3/4,2024.3/4,신경외과,0
화천군,2024,4/4,2024.4/4,신경외과,0
화천군,2025,1/4,2025.1/4,신경외과,0
화천군,2025,2/4,2025.2/4,신경외과,0
화천군,2025,3/4,2025.3/4,신경외과,0
화천군,2025,4/4,2025.4/4,신경외과,0
화천군,2009,1/4,2009.1/4,심장혈관흉부외과,0
화천군,2009,2/4,2009.2/4,심장혈관흉부외과,0
화천군,2009,3/4,2009.3/4,심장혈관흉부외과,0
화천군,2009,4/4,2009.4/4,심장혈관흉부외과,0
화천군,2010,1/4,2010.1/4,심장혈관흉부외과,0
화천군,2010,2/4,2010.2/4,심장혈관흉부외과,0
화천군,2010,3/4,2010.3/4,심장혈관흉부외과,0
화천군,2010,4/4,2010.4/4,심장혈관흉부외과,0
화천군,2011,1/4,2011.1/4,심장혈관흉부외과,0
화천군,2011,2/4,2011.2/4,심장혈관흉부외과,0
화천군,2011,3/4,2011.3/4,심장혈관흉부외과,0
화천군,2011,4/4,2011.4/4,심장혈관흉부외과,0
화천군,2012,1/4,2012.1/4,심장혈관흉부외과,0
화천군,2012,2/4,2012.2/4,심장혈관흉부외과,0
화천군,2012,3/4,2012.3/4,심장혈관흉부외과,0
화천군,2012,4/4,2012.4/4,심장혈관흉부외과,0
화천군,2013,1/4,2013.1/4,심장혈관흉부외과,0
화천군,2013,2/4,2013.2/4,심장혈관흉부외과,0
화천군,2013,3/4,2013.3/4,심장혈관흉부외과,0
화천군,2013,4/4,2013.4/4,심장혈관흉부외과,0
화천군,2014,1/4,2014.1/4,심장혈관흉부외과,0
화천군,2014,2/4,2014.2/4,심장혈관흉부외과,0
화천군,2014,3/4,2014.3/4,심장혈관흉부외과,0
화천군,2014,4/4,2014.4/4,심장혈관흉부외과,0
화천군,2015,1/4,2015.1/4,심장혈관흉부외과,0
화천군,2015,2/4,2015.2/4,심장혈관흉부외과,0
화천군,2015,3/4,2015.3/4,심장혈관흉부외과,0
화천군,2015,4/4,2015.4/4,심장혈관흉부외과,0
화천군,2016,1/4,2016.1/4,심장혈관흉부외과,0
화천군,2016,2/4,2016.2/4,심장혈관흉부외과,0
화천군,2016,3/4,2016.3/4,심장혈관흉부외과,0
화천군,2016,4/4,2016.4/4,심장혈관흉부외과,0
화천군,2017,1/4,2017.1/4,심장혈관흉부외과,0
화천군,2017,2/4,2017.2/4,심장혈관흉부외과,0
화천군,2017,3/4,2017.3/4,심장혈관흉부외과,0
화천군,2017,4/4,2017.4/4,심장혈관흉부외과,0
화천군,2018,1/4,2018.1/4,심장혈관흉부외과,0
화천군,2018,2/4,2018.2/4,심장혈관흉부외과,0
화천군,2018,3/4,2018.3/4,심장혈관흉부외과,0
화천군,2018,4/4,2018.4/4,심장혈관흉부외과,0
화천군,2019,1/4,2019.1/4,심장혈관흉부외과,0
화천군,2019,2/4,2019.2/4,심장혈관흉부외과,0
화천군,2019,3/4,2019.3/4,심장혈관흉부외과,0
화천군,2019,4/4,2019.4/4,심장혈관흉부외과,0
화천군,2020,1/4,2020.1/4,심장혈관흉부외과,0
화천군,2020,2/4,2020.2/4,심장혈관흉부외과,0
화천군,2020,3/4,2020.3/4,심장혈관흉부외과,0
화천군,2020,4/4,2020.4/4,심장혈관흉부외과,0
화천군,2021,1/4,2021.1/4,심장혈관흉부외과,0
화천군,2021,2/4,2021.2/4,심장혈관흉부외과,0
화천군,2021,3/4,2021.3/4,심장혈관흉부외과,0
화천군,2021,4/4,2021.4/4,심장혈관흉부외과,0
화천군,2022,1/4,2022.1/4,심장혈관흉부외과,0
화천군,2022,2/4,2022.2/4,심장혈관흉부외과,0
화천군,2022,3/4,2022.3/4,심장혈관흉부외과,0
화천군,2022,4/4,2022.4/4,심장혈관흉부외과,0
화천군,2023,1/4,2023.1/4,심장혈관흉부외과,0
화천군,2023,2/4,2023.2/4,심장혈관흉부외과,0
화천군,2023,3/4,2023.3/4,심장혈관흉부외과,0
화천군,2023,4/4,2023.4/4,심장혈관흉부외과,0
화천군,2024,1/4,2024.1/4,심장혈관흉부외과,0
화천군,2024,2/4,2024.2/4,심장혈관흉부외과,0
화천군,2024,3/4,2024.3/4,심장혈관흉부외과,0
화천군,2024,4/4,2024.4/4,심장혈관흉부외과,0
화천군,2025,1/4,2025.1/4,심장혈관흉부외과,0
화천군,2025,2/4,2025.2/4,심장혈관흉부외과,0
화천군,2025,3/4,2025.3/4,심장혈관흉부외과,0
화천군,2025,4/4,2025.4/4,심장혈관흉부외과,0
화천군,2009,1/4,2009.1/4,안과,0
화천군,2009,2/4,2009.2/4,안과,0
화천군,2009,3/4,2009.3/4,안과,0
화천군,2009,4/4,2009.4/4,안과,0
화천군,2010,1/4,2010.1/4,안과,0
화천군,2010,2/4,2010.2/4,안과,0
화천군,2010,3/4,2010.3/4,안과,0
화천군,2010,4/4,2010.4/4,안과,0
화천군,2011,1/4,2011.1/4,안과,0
화천군,2011,2/4,2011.2/4,안과,0
화천군,2011,3/4,2011.3/4,안과,0
화천군,2011,4/4,2011.4/4,안과,0
화천군,2012,1/4,2012.1/4,안과,0
화천군,2012,2/4,2012.2/4,안과,0
화천군,2012,3/4,2012.3/4,안과,0
화천군,2012,4/4,2012.4/4,안과,0
화천군,2013,1/4,2013.1/4,안과,0
화천군,2013,2/4,2013.2/4,안과,0
화천군,2013,3/4,2013.3/4,안과,0
화천군,2013,4/4,2013.4/4,안과,0
화천군,2014,1/4,2014.1/4,안과,0
화천군,2014,2/4,2014.2/4,안과,0
화천군,2014,3/4,2014.3/4,안과,0
화천군,2014,4/4,2014.4/4,안과,0
화천군,2015,1/4,2015.1/4,안과,0
화천군,2015,2/4,2015.2/4,안과,0
화천군,2015,3/4,2015.3/4,안과,0
화천군,2015,4/4,2015.4/4,안과,0
화천군,2016,1/4,2016.1/4,안과,0
화천군,2016,2/4,2016.2/4,안과,0
화천군,2016,3/4,2016.3/4,안과,0
화천군,2016,4/4,2016.4/4,안과,0
화천군,2017,1/4,2017.1/4,안과,0
화천군,2017,2/4,2017.2/4,안과,0
화천군,2017,3/4,2017.3/4,안과,0
화천군,2017,4/4,2017.4/4,안과,0
화천군,2018,1/4,2018.1/4,안과,0
화천군,2018,2/4,2018.2/4,안과,0
화천군,2018,3/4,2018.3/4,안과,0
화천군,2018,4/4,2018.4/4,안과,0
화천군,2019,1/4,2019.1/4,안과,0
화천군,2019,2/4,2019.2/4,안과,0
화천군,2019,3/4,2019.3/4,안과,0
화천군,2019,4/4,2019.4/4,안과,0
화천군,2020,1/4,2020.1/4,안과,0
화천군,2020,2/4,2020.2/4,안과,0
화천군,2020,3/4,2020.3/4,안과,0
화천군,2020,4/4,2020.4/4,안과,0
화천군,2021,1/4,2021.1/4,안과,0
화천군,2021,2/4,2021.2/4,안과,0
화천군,2021,3/4,2021.3/4,안과,0
화천군,2021,4/4,2021.4/4,안과,0
화천군,2022,1/4,2022.1/4,안과,0
화천군,2022,2/4,2022.2/4,안과,0
화천군,2022,3/4,2022.3/4,안과,0
화천군,2022,4/4,2022.4/4,안과,0
화천군,2023,1/4,2023.1/4,안과,0
화천군,2023,2/4,2023.2/4,안과,0
화천군,2023,3/4,2023.3/4,안과,0
화천군,2023,4/4,2023.4/4,안과,0
화천군,2024,1/4,2024.1/4,안과,0
화천군,2024,2/4,2024.2/4,안과,1
화천군,2024,3/4,2024.3/4,안과,1
화천군,2024,4/4,2024.4/4,안과,1
화천군,2025,1/4,2025.1/4,안과,1
화천군,2025,2/4,2025.2/4,안과,1
화천군,2025,3/4,2025.3/4,안과,1
화천군,2025,4/4,2025.4/4,안과,1
화천군,2009,1/4,2009.1/4,영상의학과,1
화천군,2009,2/4,2009.2/4,영상의학과,1
화천군,2009,3/4,2009.3/4,영상의학과,1
화천군,2009,4/4,2009.4/4,영상의학과,1
화천군,2010,1/4,2010.1/4,영상의학과,1
화천군,2010,2/4,2010.2/4,영상의학과,1
화천군,2010,3/4,2010.3/4,영상의학과,1
화천군,2010,4/4,2010.4/4,영상의학과,1
화천군,2011,1/4,2011.1/4,영상의학과,1
화천군,2011,2/4,2011.2/4,영상의학과,1
화천군,2011,3/4,2011.3/4,영상의학과,1
화천군,2011,4/4,2011.4/4,영상의학과,1
화천군,2012,1/4,2012.1/4,영상의학과,1
화천군,2012,2/4,2012.2/4,영상의학과,1
화천군,2012,3/4,2012.3/4,영상의학과,1
화천군,2012,4/4,2012.4/4,영상의학과,1
화천군,2013,1/4,2013.1/4,영상의학과,1
화천군,2013,2/4,2013.2/4,영상의학과,1
화천군,2013,3/4,2013.3/4,영상의학과,1
화천군,2013,4/4,2013.4/4,영상의학과,2
화천군,2014,1/4,2014.1/4,영상의학과,2
화천군,2014,2/4,2014.2/4,영상의학과,1
화천군,2014,3/4,2014.3/4,영상의학과,1
화천군,2014,4/4,2014.4/4,영상의학과,1
화천군,2015,1/4,2015.1/4,영상의학과,1
화천군,2015,2/4,2015.2/4,영상의학과,1
화천군,2015,3/4,2015.3/4,영상의학과,1
화천군,2015,4/4,2015.4/4,영상의학과,1
화천군,2016,1/4,2016.1/4,영상의학과,1
화천군,2016,2/4,2016.2/4,영상의학과,1
화천군,2016,3/4,2016.3/4,영상의학과,1
화천군,2016,4/4,2016.4/4,영상의학과,1
화천군,2017,1/4,2017.1/4,영상의학과,1
화천군,2017,2/4,2017.2/4,영상의학과,1
화천군,2017,3/4,2017.3/4,영상의학과,1
화천군,2017,4/4,2017.4/4,영상의학과,1
화천군,2018,1/4,2018.1/4,영상의학과,1
화천군,2018,2/4,2018.2/4,영상의학과,0
화천군,2018,3/4,2018.3/4,영상의학과,0
화천군,2018,4/4,2018.4/4,영상의학과,0
화천군,2019,1/4,2019.1/4,영상의학과,0
화천군,2019,2/4,2019.2/4,영상의학과,0
화천군,2019,3/4,2019.3/4,영상의학과,0
화천군,2019,4/4,2019.4/4,영상의학과,0
화천군,2020,1/4,2020.1/4,영상의학과,0
화천군,2020,2/4,2020.2/4,영상의학과,0
화천군,2020,3/4,2020.3/4,영상의학과,0
화천군,2020,4/4,2020.4/4,영상의학과,0
화천군,2021,1/4,2021.1/4,영상의학과,0
화천군,2021,2/4,2021.2/4,영상의학과,0
화천군,2021,3/4,2021.3/4,영상의학과,0
화천군,2021,4/4,2021.4/4,영상의학과,0
화천군,2022,1/4,2022.1/4,영상의학과,0
화천군,2022,2/4,2022.2/4,영상의학과,0
화천군,2022,3/4,2022.3/4,영상의학과,0
화천군,2022,4/4,2022.4/4,영상의학과,0
화천군,2023,1/4,2023.1/4,영상의학과,0
화천군,2023,2/4,2023.2/4,영상의학과,0
화천군,2023,3/4,2023.3/4,영상의학과,0
화천군,2023,4/4,2023.4/4,영상의학과,0
화천군,2024,1/4,2024.1/4,영상의학과,0
화천군,2024,2/4,2024.2/4,영상의학과,0
화천군,2024,3/4,2024.3/4,영상의학과,0
화천군,2024,4/4,2024.4/4,영상의학과,0
화천군,2025,1/4,2025.1/4,영상의학과,0
화천군,2025,2/4,2025.2/4,영상의학과,0
화천군,2025,3/4,2025.3/4,영상의학과,0
화천군,2025,4/4,2025.4/4,영상의학과,0
화천군,2009,1/4,2009.1/4,예방의학과,0
화천군,2009,2/4,2009.2/4,예방의학과,0
화천군,2009,3/4,2009.3/4,예방의학과,0
화천군,2009,4/4,2009.4/4,예방의학과,0
화천군,2010,1/4,2010.1/4,예방의학과,0
화천군,2010,2/4,2010.2/4,예방의학과,0
화천군,2010,3/4,2010.3/4,예방의학과,0
화천군,2010,4/4,2010.4/4,예방의학과,0
화천군,2011,1/4,2011.1/4,예방의학과,0
화천군,2011,2/4,2011.2/4,예방의학과,0
화천군,2011,3/4,2011.3/4,예방의학과,0
화천군,2011,4/4,2011.4/4,예방의학과,0
화천군,2012,1/4,2012.1/4,예방의학과,0
화천군,2012,2/4,2012.2/4,예방의학과,0
화천군,2012,3/4,2012.3/4,예방의학과,0
화천군,2012,4/4,2012.4/4,예방의학과,0
화천군,2013,1/4,2013.1/4,예방의학과,0
화천군,2013,2/4,2013.2/4,예방의학과,0
화천군,2013,3/4,2013.3/4,예방의학과,0
화천군,2013,4/4,2013.4/4,예방의학과,0
화천군,2014,1/4,2014.1/4,예방의학과,0
화천군,2014,2/4,2014.2/4,예방의학과,0
화천군,2014,3/4,2014.3/4,예방의학과,0
화천군,2014,4/4,2014.4/4,예방의학과,0
화천군,2015,1/4,2015.1/4,예방의학과,0
화천군,2015,2/4,2015.2/4,예방의학과,0
화천군,2015,3/4,2015.3/4,예방의학과,0
화천군,2015,4/4,2015.4/4,예방의학과,0
화천군,2016,1/4,2016.1/4,예방의학과,0
화천군,2016,2/4,2016.2/4,예방의학과,0
화천군,2016,3/4,2016.3/4,예방의학과,0
화천군,2016,4/4,2016.4/4,예방의학과,0
화천군,2017,1/4,2017.1/4,예방의학과,0
화천군,2017,2/4,2017.2/4,예방의학과,0
화천군,2017,3/4,2017.3/4,예방의학과,0
화천군,2017,4/4,2017.4/4,예방의학과,0
화천군,2018,1/4,2018.1/4,예방의학과,0
화천군,2018,2/4,2018.2/4,예방의학과,0
화천군,2018,3/4,2018.3/4,예방의학과,0
화천군,2018,4/4,2018.4/4,예방의학과,0
화천군,2019,1/4,2019.1/4,예방의학과,0
화천군,2019,2/4,2019.2/4,예방의학과,0
화천군,2019,3/4,2019.3/4,예방의학과,0
화천군,2019,4/4,2019.4/4,예방의학과,0
화천군,2020,1/4,2020.1/4,예방의학과,0
화천군,2020,2/4,2020.2/4,예방의학과,0
화천군,2020,3/4,2020.3/4,예방의학과,0
화천군,2020,4/4,2020.4/4,예방의학과,0
화천군,2021,1/4,2021.1/4,예방의학과,0
화천군,2021,2/4,2021.2/4,예방의학과,0
화천군,2021,3/4,2021.3/4,예방의학과,0
화천군,2021,4/4,2021.4/4,예방의학과,0
화천군,2022,1/4,2022.1/4,예방의학과,0
화천군,2022,2/4,2022.2/4,예방의학과,0
화천군,2022,3/4,2022.3/4,예방의학과,0
화천군,2022,4/4,2022.4/4,예방의학과,0
화천군,2023,1/4,2023.1/4,예방의학과,0
화천군,2023,2/4,2023.2/4,예방의학과,0
화천군,2023,3/4,2023.3/4,예방의학과,0
화천군,2023,4/4,2023.4/4,예방의학과,0
화천군,2024,1/4,2024.1/4,예방의학과,0
화천군,2024,2/4,2024.2/4,예방의학과,0
화천군,2024,3/4,2024.3/4,예방의학과,0
화천군,2024,4/4,2024.4/4,예방의학과,0
화천군,2025,1/4,2025.1/4,예방의학과,0
화천군,2025,2/4,2025.2/4,예방의학과,0
화천군,2025,3/4,2025.3/4,예방의학과,0
화천군,2025,4/4,2025.4/4,예방의학과,0
화천군,2009,1/4,2009.1/4,외과,4
화천군,2009,2/4,2009.2/4,외과,4
화천군,2009,3/4,2009.3/4,외과,4
화천군,2009,4/4,2009.4/4,외과,4
화천군,2010,1/4,2010.1/4,외과,4
화천군,2010,2/4,2010.2/4,외과,5
화천군,2010,3/4,2010.3/4,외과,5
화천군,2010,4/4,2010.4/4,외과,5
화천군,2011,1/4,2011.1/4,외과,5
화천군,2011,2/4,2011.2/4,외과,4
화천군,2011,3/4,2011.3/4,외과,5
화천군,2011,4/4,2011.4/4,외과,5
화천군,2012,1/4,2012.1/4,외과,5
화천군,2012,2/4,2012.2/4,외과,5
화천군,2012,3/4,2012.3/4,외과,5
화천군,2012,4/4,2012.4/4,외과,5
화천군,2013,1/4,2013.1/4,외과,5
화천군,2013,2/4,2013.2/4,외과,4
화천군,2013,3/4,2013.3/4,외과,4
화천군,2013,4/4,2013.4/4,외과,4
화천군,2014,1/4,2014.1/4,외과,4
화천군,2014,2/4,2014.2/4,외과,5
화천군,2014,3/4,2014.3/4,외과,5
화천군,2014,4/4,2014.4/4,외과,5
화천군,2015,1/4,2015.1/4,외과,5
화천군,2015,2/4,2015.2/4,외과,5
화천군,2015,3/4,2015.3/4,외과,5
화천군,2015,4/4,2015.4/4,외과,5
화천군,2016,1/4,2016.1/4,외과,5
화천군,2016,2/4,2016.2/4,외과,6
화천군,2016,3/4,2016.3/4,외과,6
화천군,2016,4/4,2016.4/4,외과,5
화천군,2017,1/4,2017.1/4,외과,5
화천군,2017,2/4,2017.2/4,외과,4
화천군,2017,3/4,2017.3/4,외과,4
화천군,2017,4/4,2017.4/4,외과,4
화천군,2018,1/4,2018.1/4,외과,4
화천군,2018,2/4,2018.2/4,외과,4
화천군,2018,3/4,2018.3/4,외과,4
화천군,2018,4/4,2018.4/4,외과,4
화천군,2019,1/4,2019.1/4,외과,4
화천군,2019,2/4,2019.2/4,외과,3
화천군,2019,3/4,2019.3/4,외과,3
화천군,2019,4/4,2019.4/4,외과,3
화천군,2020,1/4,2020.1/4,외과,3
화천군,2020,2/4,2020.2/4,외과,3
화천군,2020,3/4,2020.3/4,외과,3
화천군,2020,4/4,2020.4/4,외과,3
화천군,2021,1/4,2021.1/4,외과,3
화천군,2021,2/4,2021.2/4,외과,3
화천군,2021,3/4,2021.3/4,외과,3
화천군,2021,4/4,2021.4/4,외과,3
화천군,2022,1/4,2022.1/4,외과,4
화천군,2022,2/4,2022.2/4,외과,6
화천군,2022,3/4,2022.3/4,외과,6
화천군,2022,4/4,2022.4/4,외과,6
화천군,2023,1/4,2023.1/4,외과,6
화천군,2023,2/4,2023.2/4,외과,6
화천군,2023,3/4,2023.3/4,외과,6
화천군,2023,4/4,2023.4/4,외과,6
화천군,2024,1/4,2024.1/4,외과,7
화천군,2024,2/4,2024.2/4,외과,7
화천군,2024,3/4,2024.3/4,외과,7
화천군,2024,4/4,2024.4/4,외과,7
화천군,2025,1/4,2025.1/4,외과,4
화천군,2025,2/4,2025.2/4,외과,4
화천군,2025,3/4,2025.3/4,외과,4
화천군,2025,4/4,2025.4/4,외과,5
화천군,2009,1/4,2009.1/4,응급의학과,0
화천군,2009,2/4,2009.2/4,응급의학과,0
화천군,2009,3/4,2009.3/4,응급의학과,0
화천군,2009,4/4,2009.4/4,응급의학과,0
화천군,2010,1/4,2010.1/4,응급의학과,0
화천군,2010,2/4,2010.2/4,응급의학과,0
화천군,2010,3/4,2010.3/4,응급의학과,0
화천군,2010,4/4,2010.4/4,응급의학과,0
화천군,2011,1/4,2011.1/4,응급의학과,0
화천군,2011,2/4,2011.2/4,응급의학과,1
화천군,2011,3/4,2011.3/4,응급의학과,1
화천군,2011,4/4,2011.4/4,응급의학과,1
화천군,2012,1/4,2012.1/4,응급의학과,1
화천군,2012,2/4,2012.2/4,응급의학과,1
화천군,2012,3/4,2012.3/4,응급의학과,1
화천군,2012,4/4,2012.4/4,응급의학과,1
화천군,2013,1/4,2013.1/4,응급의학과,1
화천군,2013,2/4,2013.2/4,응급의학과,1
화천군,2013,3/4,2013.3/4,응급의학과,1
화천군,2013,4/4,2013.4/4,응급의학과,1
화천군,2014,1/4,2014.1/4,응급의학과,1
화천군,2014,2/4,2014.2/4,응급의학과,1
화천군,2014,3/4,2014.3/4,응급의학과,1
화천군,2014,4/4,2014.4/4,응급의학과,1
화천군,2015,1/4,2015.1/4,응급의학과,1
화천군,2015,2/4,2015.2/4,응급의학과,1
화천군,2015,3/4,2015.3/4,응급의학과,1
화천군,2015,4/4,2015.4/4,응급의학과,1
화천군,2016,1/4,2016.1/4,응급의학과,1
화천군,2016,2/4,2016.2/4,응급의학과,1
화천군,2016,3/4,2016.3/4,응급의학과,1
화천군,2016,4/4,2016.4/4,응급의학과,1
화천군,2017,1/4,2017.1/4,응급의학과,1
화천군,2017,2/4,2017.2/4,응급의학과,1
화천군,2017,3/4,2017.3/4,응급의학과,1
화천군,2017,4/4,2017.4/4,응급의학과,1
화천군,2018,1/4,2018.1/4,응급의학과,1
화천군,2018,2/4,2018.2/4,응급의학과,1
화천군,2018,3/4,2018.3/4,응급의학과,1
화천군,2018,4/4,2018.4/4,응급의학과,1
화천군,2019,1/4,2019.1/4,응급의학과,1
화천군,2019,2/4,2019.2/4,응급의학과,1
화천군,2019,3/4,2019.3/4,응급의학과,1
화천군,2019,4/4,2019.4/4,응급의학과,1
화천군,2020,1/4,2020.1/4,응급의학과,1
화천군,2020,2/4,2020.2/4,응급의학과,1
화천군,2020,3/4,2020.3/4,응급의학과,0
화천군,2020,4/4,2020.4/4,응급의학과,0
화천군,2021,1/4,2021.1/4,응급의학과,0
화천군,2021,2/4,2021.2/4,응급의학과,0
화천군,2021,3/4,2021.3/4,응급의학과,0
화천군,2021,4/4,2021.4/4,응급의학과,0
화천군,2022,1/4,2022.1/4,응급의학과,0
화천군,2022,2/4,2022.2/4,응급의학과,0
화천군,2022,3/4,2022.3/4,응급의학과,0
화천군,2022,4/4,2022.4/4,응급의학과,0
화천군,2023,1/4,2023.1/4,응급의학과,0
화천군,2023,2/4,2023.2/4,응급의학과,0
화천군,2023,3/4,2023.3/4,응급의학과,0
화천군,2023,4/4,2023.4/4,응급의학과,0
화천군,2024,1/4,2024.1/4,응급의학과,1
화천군,2024,2/4,2024.2/4,응급의학과,1
화천군,2024,3/4,2024.3/4,응급의학과,1
화천군,2024,4/4,2024.4/4,응급의학과,1
화천군,2025,1/4,2025.1/4,응급의학과,1
화천군,2025,2/4,2025.2/4,응급의학과,0
화천군,2025,3/4,2025.3/4,응급의학과,0
화천군,2025,4/4,2025.4/4,응급의학과,0
화천군,2009,1/4,2009.1/4,이비인후과,1
화천군,2009,2/4,2009.2/4,이비인후과,1
화천군,2009,3/4,2009.3/4,이비인후과,1
화천군,2009,4/4,2009.4/4,이비인후과,1
화천군,2010,1/4,2010.1/4,이비인후과,1
화천군,2010,2/4,2010.2/4,이비인후과,0
화천군,2010,3/4,2010.3/4,이비인후과,0
화천군,2010,4/4,2010.4/4,이비인후과,0
화천군,2011,1/4,2011.1/4,이비인후과,0
화천군,2011,2/4,2011.2/4,이비인후과,0
화천군,2011,3/4,2011.3/4,이비인후과,0
화천군,2011,4/4,2011.4/4,이비인후과,0
화천군,2012,1/4,2012.1/4,이비인후과,0
화천군,2012,2/4,2012.2/4,이비인후과,0
화천군,2012,3/4,2012.3/4,이비인후과,1
화천군,2012,4/4,2012.4/4,이비인후과,1
화천군,2013,1/4,2013.1/4,이비인후과,1
화천군,2013,2/4,2013.2/4,이비인후과,1
화천군,2013,3/4,2013.3/4,이비인후과,1
화천군,2013,4/4,2013.4/4,이비인후과,1
화천군,2014,1/4,2014.1/4,이비인후과,1
화천군,2014,2/4,2014.2/4,이비인후과,0
화천군,2014,3/4,2014.3/4,이비인후과,0
화천군,2014,4/4,2014.4/4,이비인후과,0
화천군,2015,1/4,2015.1/4,이비인후과,0
화천군,2015,2/4,2015.2/4,이비인후과,0
화천군,2015,3/4,2015.3/4,이비인후과,0
화천군,2015,4/4,2015.4/4,이비인후과,0
화천군,2016,1/4,2016.1/4,이비인후과,0
화천군,2016,2/4,2016.2/4,이비인후과,0
화천군,2016,3/4,2016.3/4,이비인후과,0
화천군,2016,4/4,2016.4/4,이비인후과,0
화천군,2017,1/4,2017.1/4,이비인후과,0
화천군,2017,2/4,2017.2/4,이비인후과,0
화천군,2017,3/4,2017.3/4,이비인후과,0
화천군,2017,4/4,2017.4/4,이비인후과,0
화천군,2018,1/4,2018.1/4,이비인후과,0
화천군,2018,2/4,2018.2/4,이비인후과,0
화천군,2018,3/4,2018.3/4,이비인후과,0
화천군,2018,4/4,2018.4/4,이비인후과,0
화천군,2019,1/4,2019.1/4,이비인후과,0
화천군,2019,2/4,2019.2/4,이비인후과,0
화천군,2019,3/4,2019.3/4,이비인후과,0
화천군,2019,4/4,2019.4/4,이비인후과,0
화천군,2020,1/4,2020.1/4,이비인후과,0
화천군,2020,2/4,2020.2/4,이비인후과,0
화천군,2020,3/4,2020.3/4,이비인후과,0
화천군,2020,4/4,2020.4/4,이비인후과,0
화천군,2021,1/4,2021.1/4,이비인후과,0
화천군,2021,2/4,2021.2/4,이비인후과,0
화천군,2021,3/4,2021.3/4,이비인후과,0
화천군,2021,4/4,2021.4/4,이비인후과,0
화천군,2022,1/4,2022.1/4,이비인후과,0
화천군,2022,2/4,2022.2/4,이비인후과,0
화천군,2022,3/4,2022.3/4,이비인후과,0
화천군,2022,4/4,2022.4/4,이비인후과,0
화천군,2023,1/4,2023.1/4,이비인후과,0
화천군,2023,2/4,2023.2/4,이비인후과,0
화천군,2023,3/4,2023.3/4,이비인후과,0
화천군,2023,4/4,2023.4/4,이비인후과,0
화천군,2024,1/4,2024.1/4,이비인후과,2
화천군,2024,2/4,2024.2/4,이비인후과,2
화천군,2024,3/4,2024.3/4,이비인후과,1
화천군,2024,4/4,2024.4/4,이비인후과,0
화천군,2025,1/4,2025.1/4,이비인후과,0
화천군,2025,2/4,2025.2/4,이비인후과,2
화천군,2025,3/4,2025.3/4,이비인후과,2
화천군,2025,4/4,2025.4/4,이비인후과,2
화천군,2009,1/4,2009.1/4,재활의학과,0
화천군,2009,2/4,2009.2/4,재활의학과,0
화천군,2009,3/4,2009.3/4,재활의학과,0
화천군,2009,4/4,2009.4/4,재활의학과,0
화천군,2010,1/4,2010.1/4,재활의학과,0
화천군,2010,2/4,2010.2/4,재활의학과,0
화천군,2010,3/4,2010.3/4,재활의학과,0
화천군,2010,4/4,2010.4/4,재활의학과,0
화천군,2011,1/4,2011.1/4,재활의학과,0
화천군,2011,2/4,2011.2/4,재활의학과,0
화천군,2011,3/4,2011.3/4,재활의학과,0
화천군,2011,4/4,2011.4/4,재활의학과,0
화천군,2012,1/4,2012.1/4,재활의학과,0
화천군,2012,2/4,2012.2/4,재활의학과,0
화천군,2012,3/4,2012.3/4,재활의학과,0
화천군,2012,4/4,2012.4/4,재활의학과,0
화천군,2013,1/4,2013.1/4,재활의학과,0
화천군,2013,2/4,2013.2/4,재활의학과,1
화천군,2013,3/4,2013.3/4,재활의학과,1
화천군,2013,4/4,2013.4/4,재활의학과,1
화천군,2014,1/4,2014.1/4,재활의학과,1
화천군,2014,2/4,2014.2/4,재활의학과,1
화천군,2014,3/4,2014.3/4,재활의학과,1
화천군,2014,4/4,2014.4/4,재활의학과,1
화천군,2015,1/4,2015.1/4,재활의학과,1
화천군,2015,2/4,2015.2/4,재활의학과,1
화천군,2015,3/4,2015.3/4,재활의학과,1
화천군,2015,4/4,2015.4/4,재활의학과,1
화천군,2016,1/4,2016.1/4,재활의학과,1
화천군,2016,2/4,2016.2/4,재활의학과,0
화천군,2016,3/4,2016.3/4,재활의학과,0
화천군,2016,4/4,2016.4/4,재활의학과,0
화천군,2017,1/4,2017.1/4,재활의학과,0
화천군,2017,2/4,2017.2/4,재활의학과,0
화천군,2017,3/4,2017.3/4,재활의학과,0
화천군,2017,4/4,2017.4/4,재활의학과,0
화천군,2018,1/4,2018.1/4,재활의학과,0
화천군,2018,2/4,2018.2/4,재활의학과,0
화천군,2018,3/4,2018.3/4,재활의학과,0
화천군,2018,4/4,2018.4/4,재활의학과,0
화천군,2019,1/4,2019.1/4,재활의학과,0
화천군,2019,2/4,2019.2/4,재활의학과,0
화천군,2019,3/4,2019.3/4,재활의학과,0
화천군,2019,4/4,2019.4/4,재활의학과,0
화천군,2020,1/4,2020.1/4,재활의학과,0
화천군,2020,2/4,2020.2/4,재활의학과,0
화천군,2020,3/4,2020.3/4,재활의학과,0
화천군,2020,4/4,2020.4/4,재활의학과,0
화천군,2021,1/4,2021.1/4,재활의학과,0
화천군,2021,2/4,2021.2/4,재활의학과,0
화천군,2021,3/4,2021.3/4,재활의학과,0
화천군,2021,4/4,2021.4/4,재활의학과,0
화천군,2022,1/4,2022.1/4,재활의학과,0
화천군,2022,2/4,2022.2/4,재활의학과,0
화천군,2022,3/4,2022.3/4,재활의학과,0
화천군,2022,4/4,2022.4/4,재활의학과,0
화천군,2023,1/4,2023.1/4,재활의학과,0
화천군,2023,2/4,2023.2/4,재활의학과,0
화천군,2023,3/4,2023.3/4,재활의학과,0
화천군,2023,4/4,2023.4/4,재활의학과,0
화천군,2024,1/4,2024.1/4,재활의학과,0
화천군,2024,2/4,2024.2/4,재활의학과,0
화천군,2024,3/4,2024.3/4,재활의학과,0
화천군,2024,4/4,2024.4/4,재활의학과,0
화천군,2025,1/4,2025.1/4,재활의학과,0
화천군,2025,2/4,2025.2/4,재활의학과,0
화천군,2025,3/4,2025.3/4,재활의학과,0
화천군,2025,4/4,2025.4/4,재활의학과,0
화천군,2009,1/4,2009.1/4,정신건강의학과,0
화천군,2009,2/4,2009.2/4,정신건강의학과,0
화천군,2009,3/4,2009.3/4,정신건강의학과,0
화천군,2009,4/4,2009.4/4,정신건강의학과,0
화천군,2010,1/4,2010.1/4,정신건강의학과,0
화천군,2010,2/4,2010.2/4,정신건강의학과,0
화천군,2010,3/4,2010.3/4,정신건강의학과,0
화천군,2010,4/4,2010.4/4,정신건강의학과,0
화천군,2011,1/4,2011.1/4,정신건강의학과,0
화천군,2011,2/4,2011.2/4,정신건강의학과,0
화천군,2011,3/4,2011.3/4,정신건강의학과,0
화천군,2011,4/4,2011.4/4,정신건강의학과,0
화천군,2012,1/4,2012.1/4,정신건강의학과,0
화천군,2012,2/4,2012.2/4,정신건강의학과,0
화천군,2012,3/4,2012.3/4,정신건강의학과,0
화천군,2012,4/4,2012.4/4,정신건강의학과,0
화천군,2013,1/4,2013.1/4,정신건강의학과,0
화천군,2013,2/4,2013.2/4,정신건강의학과,0
화천군,2013,3/4,2013.3/4,정신건강의학과,0
화천군,2013,4/4,2013.4/4,정신건강의학과,0
화천군,2014,1/4,2014.1/4,정신건강의학과,0
화천군,2014,2/4,2014.2/4,정신건강의학과,0
화천군,2014,3/4,2014.3/4,정신건강의학과,0
화천군,2014,4/4,2014.4/4,정신건강의학과,0
화천군,2015,1/4,2015.1/4,정신건강의학과,0
화천군,2015,2/4,2015.2/4,정신건강의학과,0
화천군,2015,3/4,2015.3/4,정신건강의학과,0
화천군,2015,4/4,2015.4/4,정신건강의학과,0
화천군,2016,1/4,2016.1/4,정신건강의학과,0
화천군,2016,2/4,2016.2/4,정신건강의학과,0
화천군,2016,3/4,2016.3/4,정신건강의학과,0
화천군,2016,4/4,2016.4/4,정신건강의학과,0
화천군,2017,1/4,2017.1/4,정신건강의학과,0
화천군,2017,2/4,2017.2/4,정신건강의학과,0
화천군,2017,3/4,2017.3/4,정신건강의학과,0
화천군,2017,4/4,2017.4/4,정신건강의학과,0
화천군,2018,1/4,2018.1/4,정신건강의학과,0
화천군,2018,2/4,2018.2/4,정신건강의학과,0
화천군,2018,3/4,2018.3/4,정신건강의학과,0
화천군,2018,4/4,2018.4/4,정신건강의학과,0
화천군,2019,1/4,2019.1/4,정신건강의학과,0
화천군,2019,2/4,2019.2/4,정신건강의학과,0
화천군,2019,3/4,2019.3/4,정신건강의학과,0
화천군,2019,4/4,2019.4/4,정신건강의학과,0
화천군,2020,1/4,2020.1/4,정신건강의학과,0
화천군,2020,2/4,2020.2/4,정신건강의학과,0
화천군,2020,3/4,2020.3/4,정신건강의학과,0
화천군,2020,4/4,2020.4/4,정신건강의학과,0
화천군,2021,1/4,2021.1/4,정신건강의학과,0
화천군,2021,2/4,2021.2/4,정신건강의학과,0
화천군,2021,3/4,2021.3/4,정신건강의학과,0
화천군,2021,4/4,2021.4/4,정신건강의학과,0
화천군,2022,1/4,2022.1/4,정신건강의학과,0
화천군,2022,2/4,2022.2/4,정신건강의학과,0
화천군,2022,3/4,2022.3/4,정신건강의학과,0
화천군,2022,4/4,2022.4/4,정신건강의학과,0
화천군,2023,1/4,2023.1/4,정신건강의학과,0
화천군,2023,2/4,2023.2/4,정신건강의학과,0
화천군,2023,3/4,2023.3/4,정신건강의학과,0
화천군,2023,4/4,2023.4/4,정신건강의학과,0
화천군,2024,1/4,2024.1/4,정신건강의학과,2
화천군,2024,2/4,2024.2/4,정신건강의학과,1
화천군,2024,3/4,2024.3/4,정신건강의학과,1
화천군,2024,4/4,2024.4/4,정신건강의학과,1
화천군,2025,1/4,2025.1/4,정신건강의학과,1
화천군,2025,2/4,2025.2/4,정신건강의학과,0
화천군,2025,3/4,2025.3/4,정신건강의학과,0
화천군,2025,4/4,2025.4/4,정신건강의학과,0
화천군,2009,1/4,2009.1/4,정형외과,1
화천군,2009,2/4,2009.2/4,정형외과,1
화천군,2009,3/4,2009.3/4,정형외과,1
화천군,2009,4/4,2009.4/4,정형외과,1
화천군,2010,1/4,2010.1/4,정형외과,1
화천군,2010,2/4,2010.2/4,정형외과,0
화천군,2010,3/4,2010.3/4,정형외과,0
화천군,2010,4/4,2010.4/4,정형외과,0
화천군,2011,1/4,2011.1/4,정형외과,0
화천군,2011,2/4,2011.2/4,정형외과,1
화천군,2011,3/4,2011.3/4,정형외과,1
화천군,2011,4/4,2011.4/4,정형외과,1
화천군,2012,1/4,2012.1/4,정형외과,1
화천군,2012,2/4,2012.2/4,정형외과,1
화천군,2012,3/4,2012.3/4,정형외과,1
화천군,2012,4/4,2012.4/4,정형외과,1
화천군,2013,1/4,2013.1/4,정형외과,1
화천군,2013,2/4,2013.2/4,정형외과,1
화천군,2013,3/4,2013.3/4,정형외과,1
화천군,2013,4/4,2013.4/4,정형외과,1
화천군,2014,1/4,2014.1/4,정형외과,1
화천군,2014,2/4,2014.2/4,정형외과,0
화천군,2014,3/4,2014.3/4,정형외과,0
화천군,2014,4/4,2014.4/4,정형외과,0
화천군,2015,1/4,2015.1/4,정형외과,0
화천군,2015,2/4,2015.2/4,정형외과,1
화천군,2015,3/4,2015.3/4,정형외과,1
화천군,2015,4/4,2015.4/4,정형외과,1
화천군,2016,1/4,2016.1/4,정형외과,1
화천군,2016,2/4,2016.2/4,정형외과,1
화천군,2016,3/4,2016.3/4,정형외과,1
화천군,2016,4/4,2016.4/4,정형외과,1
화천군,2017,1/4,2017.1/4,정형외과,1
화천군,2017,2/4,2017.2/4,정형외과,1
화천군,2017,3/4,2017.3/4,정형외과,1
화천군,2017,4/4,2017.4/4,정형외과,1
화천군,2018,1/4,2018.1/4,정형외과,1
화천군,2018,2/4,2018.2/4,정형외과,1
화천군,2018,3/4,2018.3/4,정형외과,1
화천군,2018,4/4,2018.4/4,정형외과,1
화천군,2019,1/4,2019.1/4,정형외과,1
화천군,2019,2/4,2019.2/4,정형외과,1
화천군,2019,3/4,2019.3/4,정형외과,1
화천군,2019,4/4,2019.4/4,정형외과,1
화천군,2020,1/4,2020.1/4,정형외과,1
화천군,2020,2/4,2020.2/4,정형외과,0
화천군,2020,3/4,2020.3/4,정형외과,0
화천군,2020,4/4,2020.4/4,정형외과,0
화천군,2021,1/4,2021.1/4,정형외과,0
화천군,2021,2/4,2021.2/4,정형외과,0
화천군,2021,3/4,2021.3/4,정형외과,0
화천군,2021,4/4,2021.4/4,정형외과,0
화천군,2022,1/4,2022.1/4,정형외과,0
화천군,2022,2/4,2022.2/4,정형외과,0
화천군,2022,3/4,2022.3/4,정형외과,0
화천군,2022,4/4,2022.4/4,정형외과,0
화천군,2023,1/4,2023.1/4,정형외과,0
화천군,2023,2/4,2023.2/4,정형외과,0
화천군,2023,3/4,2023.3/4,정형외과,0
화천군,2023,4/4,2023.4/4,정형외과,0
화천군,2024,1/4,2024.1/4,정형외과,4
화천군,2024,2/4,2024.2/4,정형외과,5
화천군,2024,3/4,2024.3/4,정형외과,4
화천군,2024,4/4,2024.4/4,정형외과,4
화천군,2025,1/4,2025.1/4,정형외과,3
화천군,2025,2/4,2025.2/4,정형외과,4
화천군,2025,3/4,2025.3/4,정형외과,4
화천군,2025,4/4,2025.4/4,정형외과,4
화천군,2009,1/4,2009.1/4,직업환경의학과,0
화천군,2009,2/4,2009.2/4,직업환경의학과,0
화천군,2009,3/4,2009.3/4,직업환경의학과,0
화천군,2009,4/4,2009.4/4,직업환경의학과,0
화천군,2010,1/4,2010.1/4,직업환경의학과,0
화천군,2010,2/4,2010.2/4,직업환경의학과,0
화천군,2010,3/4,2010.3/4,직업환경의학과,0
화천군,2010,4/4,2010.4/4,직업환경의학과,0
화천군,2011,1/4,2011.1/4,직업환경의학과,0
화천군,2011,2/4,2011.2/4,직업환경의학과,0
화천군,2011,3/4,2011.3/4,직업환경의학과,0
화천군,2011,4/4,2011.4/4,직업환경의학과,0
화천군,2012,1/4,2012.1/4,직업환경의학과,0
화천군,2012,2/4,2012.2/4,직업환경의학과,0
화천군,2012,3/4,2012.3/4,직업환경의학과,0
화천군,2012,4/4,2012.4/4,직업환경의학과,0
화천군,2013,1/4,2013.1/4,직업환경의학과,0
화천군,2013,2/4,2013.2/4,직업환경의학과,0
화천군,2013,3/4,2013.3/4,직업환경의학과,0
화천군,2013,4/4,2013.4/4,직업환경의학과,0
화천군,2014,1/4,2014.1/4,직업환경의학과,0
화천군,2014,2/4,2014.2/4,직업환경의학과,0
화천군,2014,3/4,2014.3/4,직업환경의학과,0
화천군,2014,4/4,2014.4/4,직업환경의학과,0
화천군,2015,1/4,2015.1/4,직업환경의학과,0
화천군,2015,2/4,2015.2/4,직업환경의학과,0
화천군,2015,3/4,2015.3/4,직업환경의학과,0
화천군,2015,4/4,2015.4/4,직업환경의학과,0
화천군,2016,1/4,2016.1/4,직업환경의학과,0
화천군,2016,2/4,2016.2/4,직업환경의학과,0
화천군,2016,3/4,2016.3/4,직업환경의학과,0
화천군,2016,4/4,2016.4/4,직업환경의학과,0
화천군,2017,1/4,2017.1/4,직업환경의학과,0
화천군,2017,2/4,2017.2/4,직업환경의학과,0
화천군,2017,3/4,2017.3/4,직업환경의학과,0
화천군,2017,4/4,2017.4/4,직업환경의학과,0
화천군,2018,1/4,2018.1/4,직업환경의학과,0
화천군,2018,2/4,2018.2/4,직업환경의학과,0
화천군,2018,3/4,2018.3/4,직업환경의학과,0
화천군,2018,4/4,2018.4/4,직업환경의학과,0
화천군,2019,1/4,2019.1/4,직업환경의학과,0
화천군,2019,2/4,2019.2/4,직업환경의학과,0
화천군,2019,3/4,2019.3/4,직업환경의학과,0
화천군,2019,4/4,2019.4/4,직업환경의학과,0
화천군,2020,1/4,2020.1/4,직업환경의학과,0
화천군,2020,2/4,2020.2/4,직업환경의학과,0
화천군,2020,3/4,2020.3/4,직업환경의학과,0
화천군,2020,4/4,2020.4/4,직업환경의학과,0
화천군,2021,1/4,2021.1/4,직업환경의학과,0
화천군,2021,2/4,2021.2/4,직업환경의학과,0
화천군,2021,3/4,2021.3/4,직업환경의학과,0
화천군,2021,4/4,2021.4/4,직업환경의학과,0
화천군,2022,1/4,2022.1/4,직업환경의학과,0
화천군,2022,2/4,2022.2/4,직업환경의학과,0
화천군,2022,3/4,2022.3/4,직업환경의학과,0
화천군,2022,4/4,2022.4/4,직업환경의학과,0
화천군,2023,1/4,2023.1/4,직업환경의학과,0
화천군,2023,2/4,2023.2/4,직업환경의학과,0
화천군,2023,3/4,2023.3/4,직업환경의학과,0
화천군,2023,4/4,2023.4/4,직업환경의학과,0
화천군,2024,1/4,2024.1/4,직업환경의학과,0
화천군,2024,2/4,2024.2/4,직업환경의학과,0
화천군,2024,3/4,2024.3/4,직업환경의학과,0
화천군,2024,4/4,2024.4/4,직업환경의학과,0
화천군,2025,1/4,2025.1/4,직업환경의학과,0
화천군,2025,2/4,2025.2/4,직업환경의학과,0
화천군,2025,3/4,2025.3/4,직업환경의학과,0
화천군,2025,4/4,2025.4/4,직업환경의학과,0
화천군,2009,1/4,2009.1/4,진단검사의학과,0
화천군,2009,2/4,2009.2/4,진단검사의학과,0
화천군,2009,3/4,2009.3/4,진단검사의학과,0
화천군,2009,4/4,2009.4/4,진단검사의학과,0
화천군,2010,1/4,2010.1/4,진단검사의학과,0
화천군,2010,2/4,2010.2/4,진단검사의학과,0
화천군,2010,3/4,2010.3/4,진단검사의학과,0
화천군,2010,4/4,2010.4/4,진단검사의학과,0
화천군,2011,1/4,2011.1/4,진단검사의학과,0
화천군,2011,2/4,2011.2/4,진단검사의학과,0
화천군,2011,3/4,2011.3/4,진단검사의학과,0
화천군,2011,4/4,2011.4/4,진단검사의학과,0
화천군,2012,1/4,2012.1/4,진단검사의학과,0
화천군,2012,2/4,2012.2/4,진단검사의학과,0
화천군,2012,3/4,2012.3/4,진단검사의학과,0
화천군,2012,4/4,2012.4/4,진단검사의학과,0
화천군,2013,1/4,2013.1/4,진단검사의학과,0
화천군,2013,2/4,2013.2/4,진단검사의학과,0
화천군,2013,3/4,2013.3/4,진단검사의학과,0
화천군,2013,4/4,2013.4/4,진단검사의학과,0
화천군,2014,1/4,2014.1/4,진단검사의학과,0
화천군,2014,2/4,2014.2/4,진단검사의학과,0
화천군,2014,3/4,2014.3/4,진단검사의학과,0
화천군,2014,4/4,2014.4/4,진단검사의학과,0
화천군,2015,1/4,2015.1/4,진단검사의학과,0
화천군,2015,2/4,2015.2/4,진단검사의학과,0
화천군,2015,3/4,2015.3/4,진단검사의학과,0
화천군,2015,4/4,2015.4/4,진단검사의학과,0
화천군,2016,1/4,2016.1/4,진단검사의학과,0
화천군,2016,2/4,2016.2/4,진단검사의학과,0
화천군,2016,3/4,2016.3/4,진단검사의학과,0
화천군,2016,4/4,2016.4/4,진단검사의학과,0
화천군,2017,1/4,2017.1/4,진단검사의학과,0
화천군,2017,2/4,2017.2/4,진단검사의학과,0
화천군,2017,3/4,2017.3/4,진단검사의학과,0
화천군,2017,4/4,2017.4/4,진단검사의학과,0
화천군,2018,1/4,2018.1/4,진단검사의학과,0
화천군,2018,2/4,2018.2/4,진단검사의학과,0
화천군,2018,3/4,2018.3/4,진단검사의학과,0
화천군,2018,4/4,2018.4/4,진단검사의학과,0
화천군,2019,1/4,2019.1/4,진단검사의학과,0
화천군,2019,2/4,2019.2/4,진단검사의학과,0
화천군,2019,3/4,2019.3/4,진단검사의학과,0
화천군,2019,4/4,2019.4/4,진단검사의학과,0
화천군,2020,1/4,2020.1/4,진단검사의학과,0
화천군,2020,2/4,2020.2/4,진단검사의학과,1
화천군,2020,3/4,2020.3/4,진단검사의학과,1
화천군,2020,4/4,2020.4/4,진단검사의학과,1
화천군,2021,1/4,2021.1/4,진단검사의학과,1
화천군,2021,2/4,2021.2/4,진단검사의학과,1
화천군,2021,3/4,2021.3/4,진단검사의학과,1
화천군,2021,4/4,2021.4/4,진단검사의학과,1
화천군,2022,1/4,2022.1/4,진단검사의학과,1
화천군,2022,2/4,2022.2/4,진단검사의학과,1
화천군,2022,3/4,2022.3/4,진단검사의학과,1
화천군,2022,4/4,2022.4/4,진단검사의학과,1
화천군,2023,1/4,2023.1/4,진단검사의학과,0
화천군,2023,2/4,2023.2/4,진단검사의학과,0
화천군,2023,3/4,2023.3/4,진단검사의학과,0
화천군,2023,4/4,2023.4/4,진단검사의학과,0
화천군,2024,1/4,2024.1/4,진단검사의학과,0
화천군,2024,2/4,2024.2/4,진단검사의학과,0
화천군,2024,3/4,2024.3/4,진단검사의학과,0
화천군,2024,4/4,2024.4/4,진단검사의학과,0
화천군,2025,1/4,2025.1/4,진단검사의학과,0
화천군,2025,2/4,2025.2/4,진단검사의학과,0
화천군,2025,3/4,2025.3/4,진단검사의학과,0
화천군,2025,4/4,2025.4/4,진단검사의학과,0
화천군,2009,1/4,2009.1/4,피부과,0
화천군,2009,2/4,2009.2/4,피부과,0
화천군,2009,3/4,2009.3/4,피부과,0
화천군,2009,4/4,2009.4/4,피부과,0
화천군,2010,1/4,2010.1/4,피부과,0
화천군,2010,2/4,2010.2/4,피부과,0
화천군,2010,3/4,2010.3/4,피부과,0
화천군,2010,4/4,2010.4/4,피부과,0
화천군,2011,1/4,2011.1/4,피부과,0
화천군,2011,2/4,2011.2/4,피부과,0
화천군,2011,3/4,2011.3/4,피부과,0
화천군,2011,4/4,2011.4/4,피부과,0
화천군,2012,1/4,2012.1/4,피부과,0
화천군,2012,2/4,2012.2/4,피부과,0
화천군,2012,3/4,2012.3/4,피부과,0
화천군,2012,4/4,2012.4/4,피부과,0
화천군,2013,1/4,2013.1/4,피부과,0
화천군,2013,2/4,2013.2/4,피부과,0
화천군,2013,3/4,2013.3/4,피부과,0
화천군,2013,4/4,2013.4/4,피부과,0
화천군,2014,1/4,2014.1/4,피부과,0
화천군,2014,2/4,2014.2/4,피부과,0
화천군,2014,3/4,2014.3/4,피부과,0
화천군,2014,4/4,2014.4/4,피부과,0
화천군,2015,1/4,2015.1/4,피부과,0
화천군,2015,2/4,2015.2/4,피부과,0
화천군,2015,3/4,2015.3/4,피부과,0
화천군,2015,4/4,2015.4/4,피부과,0
화천군,2016,1/4,2016.1/4,피부과,0
화천군,2016,2/4,2016.2/4,피부과,0
화천군,2016,3/4,2016.3/4,피부과,0
화천군,2016,4/4,2016.4/4,피부과,0
화천군,2017,1/4,2017.1/4,피부과,0
화천군,2017,2/4,2017.2/4,피부과,0
화천군,2017,3/4,2017.3/4,피부과,0
화천군,2017,4/4,2017.4/4,피부과,0
화천군,2018,1/4,2018.1/4,피부과,0
화천군,2018,2/4,2018.2/4,피부과,0
화천군,2018,3/4,2018.3/4,피부과,0
화천군,2018,4/4,2018.4/4,피부과,0
화천군,2019,1/4,2019.1/4,피부과,0
화천군,2019,2/4,2019.2/4,피부과,0
화천군,2019,3/4,2019.3/4,피부과,0
화천군,2019,4/4,2019.4/4,피부과,0
화천군,2020,1/4,2020.1/4,피부과,0
화천군,2020,2/4,2020.2/4,피부과,0
화천군,2020,3/4,2020.3/4,피부과,0
화천군,2020,4/4,2020.4/4,피부과,0
화천군,2021,1/4,2021.1/4,피부과,0
화천군,2021,2/4,2021.2/4,피부과,0
화천군,2021,3/4,2021.3/4,피부과,0
화천군,2021,4/4,2021.4/4,피부과,0
화천군,2022,1/4,2022.1/4,피부과,0
화천군,2022,2/4,2022.2/4,피부과,0
화천군,2022,3/4,2022.3/4,피부과,0
화천군,2022,4/4,2022.4/4,피부과,0
화천군,2023,1/4,2023.1/4,피부과,0
화천군,2023,2/4,2023.2/4,피부과,0
화천군,2023,3/4,2023.3/4,피부과,0
화천군,2023,4/4,2023.4/4,피부과,0
화천군,2024,1/4,2024.1/4,피부과,1
화천군,2024,2/4,2024.2/4,피부과,2
화천군,2024,3/4,2024.3/4,피부과,1
화천군,2024,4/4,2024.4/4,피부과,1
화천군,2025,1/4,2025.1/4,피부과,1
화천군,2025,2/4,2025.2/4,피부과,0
화천군,2025,3/4,2025.3/4,피부과,0
화천군,2025,4/4,2025.4/4,피부과,0
화천군,2009,1/4,2009.1/4,핵의학과,0
화천군,2009,2/4,2009.2/4,핵의학과,0
화천군,2009,3/4,2009.3/4,핵의학과,0
화천군,2009,4/4,2009.4/4,핵의학과,0
화천군,2010,1/4,2010.1/4,핵의학과,0
화천군,2010,2/4,2010.2/4,핵의학과,0
화천군,2010,3/4,2010.3/4,핵의학과,0
화천군,2010,4/4,2010.4/4,핵의학과,0
화천군,2011,1/4,2011.1/4,핵의학과,0
화천군,2011,2/4,2011.2/4,핵의학과,0
화천군,2011,3/4,2011.3/4,핵의학과,0
화천군,2011,4/4,2011.4/4,핵의학과,0
화천군,2012,1/4,2012.1/4,핵의학과,0
화천군,2012,2/4,2012.2/4,핵의학과,0
화천군,2012,3/4,2012.3/4,핵의학과,0
화천군,2012,4/4,2012.4/4,핵의학과,0
화천군,2013,1/4,2013.1/4,핵의학과,0
화천군,2013,2/4,2013.2/4,핵의학과,0
화천군,2013,3/4,2013.3/4,핵의학과,0
화천군,2013,4/4,2013.4/4,핵의학과,0
화천군,2014,1/4,2014.1/4,핵의학과,0
화천군,2014,2/4,2014.2/4,핵의학과,0
화천군,2014,3/4,2014.3/4,핵의학과,0
화천군,2014,4/4,2014.4/4,핵의학과,0
화천군,2015,1/4,2015.1/4,핵의학과,0
화천군,2015,2/4,2015.2/4,핵의학과,0
화천군,2015,3/4,2015.3/4,핵의학과,0
화천군,2015,4/4,2015.4/4,핵의학과,0
화천군,2016,1/4,2016.1/4,핵의학과,0
화천군,2016,2/4,2016.2/4,핵의학과,0
화천군,2016,3/4,2016.3/4,핵의학과,0
화천군,2016,4/4,2016.4/4,핵의학과,0
화천군,2017,1/4,2017.1/4,핵의학과,0
화천군,2017,2/4,2017.2/4,핵의학과,0
화천군,2017,3/4,2017.3/4,핵의학과,0
화천군,2017,4/4,2017.4/4,핵의학과,0
화천군,2018,1/4,2018.1/4,핵의학과,0
화천군,2018,2/4,2018.2/4,핵의학과,0
화천군,2018,3/4,2018.3/4,핵의학과,0
화천군,2018,4/4,2018.4/4,핵의학과,0
화천군,2019,1/4,2019.1/4,핵의학과,0
화천군,2019,2/4,2019.2/4,핵의학과,0
화천군,2019,3/4,2019.3/4,핵의학과,0
화천군,2019,4/4,2019.4/4,핵의학과,0
화천군,2020,1/4,2020.1/4,핵의학과,0
화천군,2020,2/4,2020.2/4,핵의학과,0
화천군,2020,3/4,2020.3/4,핵의학과,0
화천군,2020,4/4,2020.4/4,핵의학과,0
화천군,2021,1/4,2021.1/4,핵의학과,0
화천군,2021,2/4,2021.2/4,핵의학과,0
화천군,2021,3/4,2021.3/4,핵의학과,0
화천군,2021,4/4,2021.4/4,핵의학과,0
화천군,2022,1/4,2022.1/4,핵의학과,0
화천군,2022,2/4,2022.2/4,핵의학과,0
화천군,2022,3/4,2022.3/4,핵의학과,0
화천군,2022,4/4,2022.4/4,핵의학과,0
화천군,2023,1/4,2023.1/4,핵의학과,0
화천군,2023,2/4,2023.2/4,핵의학과,0
화천군,2023,3/4,2023.3/4,핵의학과,0
화천군,2023,4/4,2023.4/4,핵의학과,0
화천군,2024,1/4,2024.1/4,핵의학과,0
화천군,2024,2/4,2024.2/4,핵의학과,0
화천군,2024,3/4,2024.3/4,핵의학과,0
화천군,2024,4/4,2024.4/4,핵의학과,0
화천군,2025,1/4,2025.1/4,핵의학과,0
화천군,2025,2/4,2025.2/4,핵의학과,0
화천군,2025,3/4,2025.3/4,핵의학과,0
화천군,2025,4/4,2025.4/4,핵의학과,0
횡성군,2009,1/4,2009.1/4,가정의학과,0
횡성군,2009,2/4,2009.2/4,가정의학과,0
횡성군,2009,3/4,2009.3/4,가정의학과,0
횡성군,2009,4/4,2009.4/4,가정의학과,0
횡성군,2010,1/4,2010.1/4,가정의학과,0
횡성군,2010,2/4,2010.2/4,가정의학과,1
횡성군,2010,3/4,2010.3/4,가정의학과,0
횡성군,2010,4/4,2010.4/4,가정의학과,0
횡성군,2011,1/4,2011.1/4,가정의학과,0
횡성군,2011,2/4,2011.2/4,가정의학과,0
횡성군,2011,3/4,2011.3/4,가정의학과,0
횡성군,2011,4/4,2011.4/4,가정의학과,0
횡성군,2012,1/4,2012.1/4,가정의학과,0
횡성군,2012,2/4,2012.2/4,가정의학과,0
횡성군,2012,3/4,2012.3/4,가정의학과,0
횡성군,2012,4/4,2012.4/4,가정의학과,0
횡성군,2013,1/4,2013.1/4,가정의학과,1
횡성군,2013,2/4,2013.2/4,가정의학과,0
횡성군,2013,3/4,2013.3/4,가정의학과,1
횡성군,2013,4/4,2013.4/4,가정의학과,0
횡성군,2014,1/4,2014.1/4,가정의학과,1
횡성군,2014,2/4,2014.2/4,가정의학과,1
횡성군,2014,3/4,2014.3/4,가정의학과,1
횡성군,2014,4/4,2014.4/4,가정의학과,1
횡성군,2015,1/4,2015.1/4,가정의학과,1
횡성군,2015,2/4,2015.2/4,가정의학과,1
횡성군,2015,3/4,2015.3/4,가정의학과,2
횡성군,2015,4/4,2015.4/4,가정의학과,2
횡성군,2016,1/4,2016.1/4,가정의학과,1
횡성군,2016,2/4,2016.2/4,가정의학과,0
횡성군,2016,3/4,2016.3/4,가정의학과,0
횡성군,2016,4/4,2016.4/4,가정의학과,0
횡성군,2017,1/4,2017.1/4,가정의학과,0
횡성군,2017,2/4,2017.2/4,가정의학과,0
횡성군,2017,3/4,2017.3/4,가정의학과,0
횡성군,2017,4/4,2017.4/4,가정의학과,0
횡성군,2018,1/4,2018.1/4,가정의학과,0
횡성군,2018,2/4,2018.2/4,가정의학과,0
횡성군,2018,3/4,2018.3/4,가정의학과,0
횡성군,2018,4/4,2018.4/4,가정의학과,1
횡성군,2019,1/4,2019.1/4,가정의학과,0
횡성군,2019,2/4,2019.2/4,가정의학과,0
횡성군,2019,3/4,2019.3/4,가정의학과,0
횡성군,2019,4/4,2019.4/4,가정의학과,0
횡성군,2020,1/4,2020.1/4,가정의학과,0
횡성군,2020,2/4,2020.2/4,가정의학과,1
횡성군,2020,3/4,2020.3/4,가정의학과,2
횡성군,2020,4/4,2020.4/4,가정의학과,2
횡성군,2021,1/4,2021.1/4,가정의학과,2
횡성군,2021,2/4,2021.2/4,가정의학과,2
횡성군,2021,3/4,2021.3/4,가정의학과,1
횡성군,2021,4/4,2021.4/4,가정의학과,1
횡성군,2022,1/4,2022.1/4,가정의학과,0
횡성군,2022,2/4,2022.2/4,가정의학과,0
횡성군,2022,3/4,2022.3/4,가정의학과,0
횡성군,2022,4/4,2022.4/4,가정의학과,0
횡성군,2023,1/4,2023.1/4,가정의학과,0
횡성군,2023,2/4,2023.2/4,가정의학과,0
횡성군,2023,3/4,2023.3/4,가정의학과,0
횡성군,2023,4/4,2023.4/4,가정의학과,0
횡성군,2024,1/4,2024.1/4,가정의학과,0
횡성군,2024,2/4,2024.2/4,가정의학과,0
횡성군,2024,3/4,2024.3/4,가정의학과,0
횡성군,2024,4/4,2024.4/4,가정의학과,0
횡성군,2025,1/4,2025.1/4,가정의학과,0
횡성군,2025,2/4,2025.2/4,가정의학과,0
횡성군,2025,3/4,2025.3/4,가정의학과,0
횡성군,2025,4/4,2025.4/4,가정의학과,0
횡성군,2009,1/4,2009.1/4,결핵과,0
횡성군,2009,2/4,2009.2/4,결핵과,0
횡성군,2009,3/4,2009.3/4,결핵과,0
횡성군,2009,4/4,2009.4/4,결핵과,0
횡성군,2010,1/4,2010.1/4,결핵과,0
횡성군,2010,2/4,2010.2/4,결핵과,0
횡성군,2010,3/4,2010.3/4,결핵과,0
횡성군,2010,4/4,2010.4/4,결핵과,0
횡성군,2011,1/4,2011.1/4,결핵과,0
횡성군,2011,2/4,2011.2/4,결핵과,0
횡성군,2011,3/4,2011.3/4,결핵과,0
횡성군,2011,4/4,2011.4/4,결핵과,0
횡성군,2012,1/4,2012.1/4,결핵과,0
횡성군,2012,2/4,2012.2/4,결핵과,0
횡성군,2012,3/4,2012.3/4,결핵과,0
횡성군,2012,4/4,2012.4/4,결핵과,0
횡성군,2013,1/4,2013.1/4,결핵과,0
횡성군,2013,2/4,2013.2/4,결핵과,0
횡성군,2013,3/4,2013.3/4,결핵과,0
횡성군,2013,4/4,2013.4/4,결핵과,0
횡성군,2014,1/4,2014.1/4,결핵과,0
횡성군,2014,2/4,2014.2/4,결핵과,0
횡성군,2014,3/4,2014.3/4,결핵과,0
횡성군,2014,4/4,2014.4/4,결핵과,0
횡성군,2015,1/4,2015.1/4,결핵과,0
횡성군,2015,2/4,2015.2/4,결핵과,0
횡성군,2015,3/4,2015.3/4,결핵과,0
횡성군,2015,4/4,2015.4/4,결핵과,0
횡성군,2016,1/4,2016.1/4,결핵과,0
횡성군,2016,2/4,2016.2/4,결핵과,0
횡성군,2016,3/4,2016.3/4,결핵과,0
횡성군,2016,4/4,2016.4/4,결핵과,0
횡성군,2017,1/4,2017.1/4,결핵과,0
횡성군,2017,2/4,2017.2/4,결핵과,0
횡성군,2017,3/4,2017.3/4,결핵과,0
횡성군,2017,4/4,2017.4/4,결핵과,0
횡성군,2018,1/4,2018.1/4,결핵과,0
횡성군,2018,2/4,2018.2/4,결핵과,0
횡성군,2018,3/4,2018.3/4,결핵과,0
횡성군,2018,4/4,2018.4/4,결핵과,0
횡성군,2019,1/4,2019.1/4,결핵과,0
횡성군,2019,2/4,2019.2/4,결핵과,0
횡성군,2019,3/4,2019.3/4,결핵과,0
횡성군,2019,4/4,2019.4/4,결핵과,0
횡성군,2020,1/4,2020.1/4,결핵과,0
횡성군,2020,2/4,2020.2/4,결핵과,0
횡성군,2020,3/4,2020.3/4,결핵과,0
횡성군,2020,4/4,2020.4/4,결핵과,0
횡성군,2021,1/4,2021.1/4,결핵과,0
횡성군,2021,2/4,2021.2/4,결핵과,0
횡성군,2021,3/4,2021.3/4,결핵과,0
횡성군,2021,4/4,2021.4/4,결핵과,0
횡성군,2022,1/4,2022.1/4,결핵과,0
횡성군,2022,2/4,2022.2/4,결핵과,0
횡성군,2022,3/4,2022.3/4,결핵과,0
횡성군,2022,4/4,2022.4/4,결핵과,0
횡성군,2023,1/4,2023.1/4,결핵과,0
횡성군,2023,2/4,2023.2/4,결핵과,0
횡성군,2023,3/4,2023.3/4,결핵과,0
횡성군,2023,4/4,2023.4/4,결핵과,0
횡성군,2024,1/4,2024.1/4,결핵과,0
횡성군,2024,2/4,2024.2/4,결핵과,0
횡성군,2024,3/4,2024.3/4,결핵과,0
횡성군,2024,4/4,2024.4/4,결핵과,0
횡성군,2025,1/4,2025.1/4,결핵과,0
횡성군,2025,2/4,2025.2/4,결핵과,0
횡성군,2025,3/4,2025.3/4,결핵과,0
횡성군,2025,4/4,2025.4/4,결핵과,0
횡성군,2009,1/4,2009.1/4,내과,4
횡성군,2009,2/4,2009.2/4,내과,4
횡성군,2009,3/4,2009.3/4,내과,4
횡성군,2009,4/4,2009.4/4,내과,4
횡성군,2010,1/4,2010.1/4,내과,4
횡성군,2010,2/4,2010.2/4,내과,5
횡성군,2010,3/4,2010.3/4,내과,5
횡성군,2010,4/4,2010.4/4,내과,5
횡성군,2011,1/4,2011.1/4,내과,5
횡성군,2011,2/4,2011.2/4,내과,4
횡성군,2011,3/4,2011.3/4,내과,4
횡성군,2011,4/4,2011.4/4,내과,4
횡성군,2012,1/4,2012.1/4,내과,5
횡성군,2012,2/4,2012.2/4,내과,5
횡성군,2012,3/4,2012.3/4,내과,5
횡성군,2012,4/4,2012.4/4,내과,6
횡성군,2013,1/4,2013.1/4,내과,5
횡성군,2013,2/4,2013.2/4,내과,4
횡성군,2013,3/4,2013.3/4,내과,4
횡성군,2013,4/4,2013.4/4,내과,4
횡성군,2014,1/4,2014.1/4,내과,4
횡성군,2014,2/4,2014.2/4,내과,3
횡성군,2014,3/4,2014.3/4,내과,3
횡성군,2014,4/4,2014.4/4,내과,3
횡성군,2015,1/4,2015.1/4,내과,3
횡성군,2015,2/4,2015.2/4,내과,3
횡성군,2015,3/4,2015.3/4,내과,3
횡성군,2015,4/4,2015.4/4,내과,3
횡성군,2016,1/4,2016.1/4,내과,3
횡성군,2016,2/4,2016.2/4,내과,4
횡성군,2016,3/4,2016.3/4,내과,4
횡성군,2016,4/4,2016.4/4,내과,4
횡성군,2017,1/4,2017.1/4,내과,4
횡성군,2017,2/4,2017.2/4,내과,4
횡성군,2017,3/4,2017.3/4,내과,4
횡성군,2017,4/4,2017.4/4,내과,4
횡성군,2018,1/4,2018.1/4,내과,4
횡성군,2018,2/4,2018.2/4,내과,4
횡성군,2018,3/4,2018.3/4,내과,4
횡성군,2018,4/4,2018.4/4,내과,4
횡성군,2019,1/4,2019.1/4,내과,4
횡성군,2019,2/4,2019.2/4,내과,4
횡성군,2019,3/4,2019.3/4,내과,4
횡성군,2019,4/4,2019.4/4,내과,4
횡성군,2020,1/4,2020.1/4,내과,4
횡성군,2020,2/4,2020.2/4,내과,5
횡성군,2020,3/4,2020.3/4,내과,5
횡성군,2020,4/4,2020.4/4,내과,6
횡성군,2021,1/4,2021.1/4,내과,5
횡성군,2021,2/4,2021.2/4,내과,5
횡성군,2021,3/4,2021.3/4,내과,5
횡성군,2021,4/4,2021.4/4,내과,5
횡성군,2022,1/4,2022.1/4,내과,5
횡성군,2022,2/4,2022.2/4,내과,5
횡성군,2022,3/4,2022.3/4,내과,5
횡성군,2022,4/4,2022.4/4,내과,5
횡성군,2023,1/4,2023.1/4,내과,5
횡성군,2023,2/4,2023.2/4,내과,6
횡성군,2023,3/4,2023.3/4,내과,6
횡성군,2023,4/4,2023.4/4,내과,6
횡성군,2024,1/4,2024.1/4,내과,6
횡성군,2024,2/4,2024.2/4,내과,6
횡성군,2024,3/4,2024.3/4,내과,5
횡성군,2024,4/4,2024.4/4,내과,5
횡성군,2025,1/4,2025.1/4,내과,5
횡성군,2025,2/4,2025.2/4,내과,5
횡성군,2025,3/4,2025.3/4,내과,5
횡성군,2025,4/4,2025.4/4,내과,5
횡성군,2009,1/4,2009.1/4,마취통증의학과,3
횡성군,2009,2/4,2009.2/4,마취통증의학과,3
횡성군,2009,3/4,2009.3/4,마취통증의학과,3
횡성군,2009,4/4,2009.4/4,마취통증의학과,3
횡성군,2010,1/4,2010.1/4,마취통증의학과,3
횡성군,2010,2/4,2010.2/4,마취통증의학과,3
횡성군,2010,3/4,2010.3/4,마취통증의학과,3
횡성군,2010,4/4,2010.4/4,마취통증의학과,3
횡성군,2011,1/4,2011.1/4,마취통증의학과,3
횡성군,2011,2/4,2011.2/4,마취통증의학과,2
횡성군,2011,3/4,2011.3/4,마취통증의학과,2
횡성군,2011,4/4,2011.4/4,마취통증의학과,2
횡성군,2012,1/4,2012.1/4,마취통증의학과,2
횡성군,2012,2/4,2012.2/4,마취통증의학과,1
횡성군,2012,3/4,2012.3/4,마취통증의학과,1
횡성군,2012,4/4,2012.4/4,마취통증의학과,1
횡성군,2013,1/4,2013.1/4,마취통증의학과,1
횡성군,2013,2/4,2013.2/4,마취통증의학과,1
횡성군,2013,3/4,2013.3/4,마취통증의학과,1
횡성군,2013,4/4,2013.4/4,마취통증의학과,1
횡성군,2014,1/4,2014.1/4,마취통증의학과,1
횡성군,2014,2/4,2014.2/4,마취통증의학과,1
횡성군,2014,3/4,2014.3/4,마취통증의학과,1
횡성군,2014,4/4,2014.4/4,마취통증의학과,1
횡성군,2015,1/4,2015.1/4,마취통증의학과,1
횡성군,2015,2/4,2015.2/4,마취통증의학과,1
횡성군,2015,3/4,2015.3/4,마취통증의학과,1
횡성군,2015,4/4,2015.4/4,마취통증의학과,1
횡성군,2016,1/4,2016.1/4,마취통증의학과,1
횡성군,2016,2/4,2016.2/4,마취통증의학과,2
횡성군,2016,3/4,2016.3/4,마취통증의학과,2
횡성군,2016,4/4,2016.4/4,마취통증의학과,2
횡성군,2017,1/4,2017.1/4,마취통증의학과,2
횡성군,2017,2/4,2017.2/4,마취통증의학과,4
횡성군,2017,3/4,2017.3/4,마취통증의학과,4
횡성군,2017,4/4,2017.4/4,마취통증의학과,4
횡성군,2018,1/4,2018.1/4,마취통증의학과,4
횡성군,2018,2/4,2018.2/4,마취통증의학과,4
횡성군,2018,3/4,2018.3/4,마취통증의학과,4
횡성군,2018,4/4,2018.4/4,마취통증의학과,4
횡성군,2019,1/4,2019.1/4,마취통증의학과,4
횡성군,2019,2/4,2019.2/4,마취통증의학과,3
횡성군,2019,3/4,2019.3/4,마취통증의학과,3
횡성군,2019,4/4,2019.4/4,마취통증의학과,3
횡성군,2020,1/4,2020.1/4,마취통증의학과,3
횡성군,2020,2/4,2020.2/4,마취통증의학과,1
횡성군,2020,3/4,2020.3/4,마취통증의학과,1
횡성군,2020,4/4,2020.4/4,마취통증의학과,1
횡성군,2021,1/4,2021.1/4,마취통증의학과,1
횡성군,2021,2/4,2021.2/4,마취통증의학과,1
횡성군,2021,3/4,2021.3/4,마취통증의학과,1
횡성군,2021,4/4,2021.4/4,마취통증의학과,1
횡성군,2022,1/4,2022.1/4,마취통증의학과,1
횡성군,2022,2/4,2022.2/4,마취통증의학과,1
횡성군,2022,3/4,2022.3/4,마취통증의학과,1
횡성군,2022,4/4,2022.4/4,마취통증의학과,1
횡성군,2023,1/4,2023.1/4,마취통증의학과,1
횡성군,2023,2/4,2023.2/4,마취통증의학과,1
횡성군,2023,3/4,2023.3/4,마취통증의학과,1
횡성군,2023,4/4,2023.4/4,마취통증의학과,1
횡성군,2024,1/4,2024.1/4,마취통증의학과,1
횡성군,2024,2/4,2024.2/4,마취통증의학과,1
횡성군,2024,3/4,2024.3/4,마취통증의학과,1
횡성군,2024,4/4,2024.4/4,마취통증의학과,1
횡성군,2025,1/4,2025.1/4,마취통증의학과,1
횡성군,2025,2/4,2025.2/4,마취통증의학과,1
횡성군,2025,3/4,2025.3/4,마취통증의학과,1
횡성군,2025,4/4,2025.4/4,마취통증의학과,1
횡성군,2009,1/4,2009.1/4,방사선종양학과,0
횡성군,2009,2/4,2009.2/4,방사선종양학과,0
횡성군,2009,3/4,2009.3/4,방사선종양학과,0
횡성군,2009,4/4,2009.4/4,방사선종양학과,0
횡성군,2010,1/4,2010.1/4,방사선종양학과,0
횡성군,2010,2/4,2010.2/4,방사선종양학과,0
횡성군,2010,3/4,2010.3/4,방사선종양학과,0
횡성군,2010,4/4,2010.4/4,방사선종양학과,0
횡성군,2011,1/4,2011.1/4,방사선종양학과,0
횡성군,2011,2/4,2011.2/4,방사선종양학과,0
횡성군,2011,3/4,2011.3/4,방사선종양학과,0
횡성군,2011,4/4,2011.4/4,방사선종양학과,0
횡성군,2012,1/4,2012.1/4,방사선종양학과,0
횡성군,2012,2/4,2012.2/4,방사선종양학과,0
횡성군,2012,3/4,2012.3/4,방사선종양학과,0
횡성군,2012,4/4,2012.4/4,방사선종양학과,0
횡성군,2013,1/4,2013.1/4,방사선종양학과,0
횡성군,2013,2/4,2013.2/4,방사선종양학과,0
횡성군,2013,3/4,2013.3/4,방사선종양학과,0
횡성군,2013,4/4,2013.4/4,방사선종양학과,0
횡성군,2014,1/4,2014.1/4,방사선종양학과,0
횡성군,2014,2/4,2014.2/4,방사선종양학과,0
횡성군,2014,3/4,2014.3/4,방사선종양학과,0
횡성군,2014,4/4,2014.4/4,방사선종양학과,0
횡성군,2015,1/4,2015.1/4,방사선종양학과,0
횡성군,2015,2/4,2015.2/4,방사선종양학과,0
횡성군,2015,3/4,2015.3/4,방사선종양학과,0
횡성군,2015,4/4,2015.4/4,방사선종양학과,0
횡성군,2016,1/4,2016.1/4,방사선종양학과,0
횡성군,2016,2/4,2016.2/4,방사선종양학과,0
횡성군,2016,3/4,2016.3/4,방사선종양학과,0
횡성군,2016,4/4,2016.4/4,방사선종양학과,0
횡성군,2017,1/4,2017.1/4,방사선종양학과,0
횡성군,2017,2/4,2017.2/4,방사선종양학과,0
횡성군,2017,3/4,2017.3/4,방사선종양학과,0
횡성군,2017,4/4,2017.4/4,방사선종양학과,0
횡성군,2018,1/4,2018.1/4,방사선종양학과,0
횡성군,2018,2/4,2018.2/4,방사선종양학과,0
횡성군,2018,3/4,2018.3/4,방사선종양학과,0
횡성군,2018,4/4,2018.4/4,방사선종양학과,0
횡성군,2019,1/4,2019.1/4,방사선종양학과,0
횡성군,2019,2/4,2019.2/4,방사선종양학과,0
횡성군,2019,3/4,2019.3/4,방사선종양학과,0
횡성군,2019,4/4,2019.4/4,방사선종양학과,0
횡성군,2020,1/4,2020.1/4,방사선종양학과,0
횡성군,2020,2/4,2020.2/4,방사선종양학과,0
횡성군,2020,3/4,2020.3/4,방사선종양학과,0
횡성군,2020,4/4,2020.4/4,방사선종양학과,0
횡성군,2021,1/4,2021.1/4,방사선종양학과,0
횡성군,2021,2/4,2021.2/4,방사선종양학과,0
횡성군,2021,3/4,2021.3/4,방사선종양학과,0
횡성군,2021,4/4,2021.4/4,방사선종양학과,0
횡성군,2022,1/4,2022.1/4,방사선종양학과,0
횡성군,2022,2/4,2022.2/4,방사선종양학과,0
횡성군,2022,3/4,2022.3/4,방사선종양학과,0
횡성군,2022,4/4,2022.4/4,방사선종양학과,0
횡성군,2023,1/4,2023.1/4,방사선종양학과,0
횡성군,2023,2/4,2023.2/4,방사선종양학과,0
횡성군,2023,3/4,2023.3/4,방사선종양학과,0
횡성군,2023,4/4,2023.4/4,방사선종양학과,0
횡성군,2024,1/4,2024.1/4,방사선종양학과,0
횡성군,2024,2/4,2024.2/4,방사선종양학과,0
횡성군,2024,3/4,2024.3/4,방사선종양학과,0
횡성군,2024,4/4,2024.4/4,방사선종양학과,0
횡성군,2025,1/4,2025.1/4,방사선종양학과,0
횡성군,2025,2/4,2025.2/4,방사선종양학과,0
횡성군,2025,3/4,2025.3/4,방사선종양학과,0
횡성군,2025,4/4,2025.4/4,방사선종양학과,0
횡성군,2009,1/4,2009.1/4,병리과,0
횡성군,2009,2/4,2009.2/4,병리과,0
횡성군,2009,3/4,2009.3/4,병리과,0
횡성군,2009,4/4,2009.4/4,병리과,0
횡성군,2010,1/4,2010.1/4,병리과,0
횡성군,2010,2/4,2010.2/4,병리과,0
횡성군,2010,3/4,2010.3/4,병리과,0
횡성군,2010,4/4,2010.4/4,병리과,0
횡성군,2011,1/4,2011.1/4,병리과,0
횡성군,2011,2/4,2011.2/4,병리과,0
횡성군,2011,3/4,2011.3/4,병리과,0
횡성군,2011,4/4,2011.4/4,병리과,0
횡성군,2012,1/4,2012.1/4,병리과,0
횡성군,2012,2/4,2012.2/4,병리과,0
횡성군,2012,3/4,2012.3/4,병리과,0
횡성군,2012,4/4,2012.4/4,병리과,0
횡성군,2013,1/4,2013.1/4,병리과,0
횡성군,2013,2/4,2013.2/4,병리과,0
횡성군,2013,3/4,2013.3/4,병리과,0
횡성군,2013,4/4,2013.4/4,병리과,0
횡성군,2014,1/4,2014.1/4,병리과,0
횡성군,2014,2/4,2014.2/4,병리과,0
횡성군,2014,3/4,2014.3/4,병리과,0
횡성군,2014,4/4,2014.4/4,병리과,0
횡성군,2015,1/4,2015.1/4,병리과,0
횡성군,2015,2/4,2015.2/4,병리과,0
횡성군,2015,3/4,2015.3/4,병리과,0
횡성군,2015,4/4,2015.4/4,병리과,0
횡성군,2016,1/4,2016.1/4,병리과,0
횡성군,2016,2/4,2016.2/4,병리과,0
횡성군,2016,3/4,2016.3/4,병리과,0
횡성군,2016,4/4,2016.4/4,병리과,0
횡성군,2017,1/4,2017.1/4,병리과,0
횡성군,2017,2/4,2017.2/4,병리과,0
횡성군,2017,3/4,2017.3/4,병리과,0
횡성군,2017,4/4,2017.4/4,병리과,0
횡성군,2018,1/4,2018.1/4,병리과,0
횡성군,2018,2/4,2018.2/4,병리과,0
횡성군,2018,3/4,2018.3/4,병리과,0
횡성군,2018,4/4,2018.4/4,병리과,0
횡성군,2019,1/4,2019.1/4,병리과,0
횡성군,2019,2/4,2019.2/4,병리과,0
횡성군,2019,3/4,2019.3/4,병리과,0
횡성군,2019,4/4,2019.4/4,병리과,0
횡성군,2020,1/4,2020.1/4,병리과,0
횡성군,2020,2/4,2020.2/4,병리과,0
횡성군,2020,3/4,2020.3/4,병리과,0
횡성군,2020,4/4,2020.4/4,병리과,0
횡성군,2021,1/4,2021.1/4,병리과,0
횡성군,2021,2/4,2021.2/4,병리과,0
횡성군,2021,3/4,2021.3/4,병리과,0
횡성군,2021,4/4,2021.4/4,병리과,0
횡성군,2022,1/4,2022.1/4,병리과,0
횡성군,2022,2/4,2022.2/4,병리과,0
횡성군,2022,3/4,2022.3/4,병리과,0
횡성군,2022,4/4,2022.4/4,병리과,0
횡성군,2023,1/4,2023.1/4,병리과,0
횡성군,2023,2/4,2023.2/4,병리과,0
횡성군,2023,3/4,2023.3/4,병리과,0
횡성군,2023,4/4,2023.4/4,병리과,0
횡성군,2024,1/4,2024.1/4,병리과,0
횡성군,2024,2/4,2024.2/4,병리과,0
횡성군,2024,3/4,2024.3/4,병리과,0
횡성군,2024,4/4,2024.4/4,병리과,0
횡성군,2025,1/4,2025.1/4,병리과,0
횡성군,2025,2/4,2025.2/4,병리과,0
횡성군,2025,3/4,2025.3/4,병리과,0
횡성군,2025,4/4,2025.4/4,병리과,0
횡성군,2009,1/4,2009.1/4,비뇨의학과,2
횡성군,2009,2/4,2009.2/4,비뇨의학과,2
횡성군,2009,3/4,2009.3/4,비뇨의학과,2
횡성군,2009,4/4,2009.4/4,비뇨의학과,2
횡성군,2010,1/4,2010.1/4,비뇨의학과,2
횡성군,2010,2/4,2010.2/4,비뇨의학과,1
횡성군,2010,3/4,2010.3/4,비뇨의학과,1
횡성군,2010,4/4,2010.4/4,비뇨의학과,1
횡성군,2011,1/4,2011.1/4,비뇨의학과,2
횡성군,2011,2/4,2011.2/4,비뇨의학과,1
횡성군,2011,3/4,2011.3/4,비뇨의학과,1
횡성군,2011,4/4,2011.4/4,비뇨의학과,1
횡성군,2012,1/4,2012.1/4,비뇨의학과,1
횡성군,2012,2/4,2012.2/4,비뇨의학과,2
횡성군,2012,3/4,2012.3/4,비뇨의학과,2
횡성군,2012,4/4,2012.4/4,비뇨의학과,2
횡성군,2013,1/4,2013.1/4,비뇨의학과,1
횡성군,2013,2/4,2013.2/4,비뇨의학과,1
횡성군,2013,3/4,2013.3/4,비뇨의학과,1
횡성군,2013,4/4,2013.4/4,비뇨의학과,1
횡성군,2014,1/4,2014.1/4,비뇨의학과,1
횡성군,2014,2/4,2014.2/4,비뇨의학과,1
횡성군,2014,3/4,2014.3/4,비뇨의학과,1
횡성군,2014,4/4,2014.4/4,비뇨의학과,1
횡성군,2015,1/4,2015.1/4,비뇨의학과,1
횡성군,2015,2/4,2015.2/4,비뇨의학과,0
횡성군,2015,3/4,2015.3/4,비뇨의학과,0
횡성군,2015,4/4,2015.4/4,비뇨의학과,0
횡성군,2016,1/4,2016.1/4,비뇨의학과,0
횡성군,2016,2/4,2016.2/4,비뇨의학과,0
횡성군,2016,3/4,2016.3/4,비뇨의학과,0
횡성군,2016,4/4,2016.4/4,비뇨의학과,0
횡성군,2017,1/4,2017.1/4,비뇨의학과,0
횡성군,2017,2/4,2017.2/4,비뇨의학과,0
횡성군,2017,3/4,2017.3/4,비뇨의학과,0
횡성군,2017,4/4,2017.4/4,비뇨의학과,0
횡성군,2018,1/4,2018.1/4,비뇨의학과,0
횡성군,2018,2/4,2018.2/4,비뇨의학과,0
횡성군,2018,3/4,2018.3/4,비뇨의학과,0
횡성군,2018,4/4,2018.4/4,비뇨의학과,0
횡성군,2019,1/4,2019.1/4,비뇨의학과,0
횡성군,2019,2/4,2019.2/4,비뇨의학과,0
횡성군,2019,3/4,2019.3/4,비뇨의학과,0
횡성군,2019,4/4,2019.4/4,비뇨의학과,0
횡성군,2020,1/4,2020.1/4,비뇨의학과,0
횡성군,2020,2/4,2020.2/4,비뇨의학과,0
횡성군,2020,3/4,2020.3/4,비뇨의학과,0
횡성군,2020,4/4,2020.4/4,비뇨의학과,0
횡성군,2021,1/4,2021.1/4,비뇨의학과,0
횡성군,2021,2/4,2021.2/4,비뇨의학과,0
횡성군,2021,3/4,2021.3/4,비뇨의학과,0
횡성군,2021,4/4,2021.4/4,비뇨의학과,0
횡성군,2022,1/4,2022.1/4,비뇨의학과,0
횡성군,2022,2/4,2022.2/4,비뇨의학과,0
횡성군,2022,3/4,2022.3/4,비뇨의학과,0
횡성군,2022,4/4,2022.4/4,비뇨의학과,0
횡성군,2023,1/4,2023.1/4,비뇨의학과,0
횡성군,2023,2/4,2023.2/4,비뇨의학과,0
횡성군,2023,3/4,2023.3/4,비뇨의학과,0
횡성군,2023,4/4,2023.4/4,비뇨의학과,0
횡성군,2024,1/4,2024.1/4,비뇨의학과,0
횡성군,2024,2/4,2024.2/4,비뇨의학과,0
횡성군,2024,3/4,2024.3/4,비뇨의학과,0
횡성군,2024,4/4,2024.4/4,비뇨의학과,0
횡성군,2025,1/4,2025.1/4,비뇨의학과,0
횡성군,2025,2/4,2025.2/4,비뇨의학과,0
횡성군,2025,3/4,2025.3/4,비뇨의학과,0
횡성군,2025,4/4,2025.4/4,비뇨의학과,0
횡성군,2009,1/4,2009.1/4,산부인과,1
횡성군,2009,2/4,2009.2/4,산부인과,1
횡성군,2009,3/4,2009.3/4,산부인과,1
횡성군,2009,4/4,2009.4/4,산부인과,0
횡성군,2010,1/4,2010.1/4,산부인과,0
횡성군,2010,2/4,2010.2/4,산부인과,0
횡성군,2010,3/4,2010.3/4,산부인과,0
횡성군,2010,4/4,2010.4/4,산부인과,0
횡성군,2011,1/4,2011.1/4,산부인과,0
횡성군,2011,2/4,2011.2/4,산부인과,0
횡성군,2011,3/4,2011.3/4,산부인과,0
횡성군,2011,4/4,2011.4/4,산부인과,0
횡성군,2012,1/4,2012.1/4,산부인과,0
횡성군,2012,2/4,2012.2/4,산부인과,0
횡성군,2012,3/4,2012.3/4,산부인과,0
횡성군,2012,4/4,2012.4/4,산부인과,2
횡성군,2013,1/4,2013.1/4,산부인과,2
횡성군,2013,2/4,2013.2/4,산부인과,1
횡성군,2013,3/4,2013.3/4,산부인과,1
횡성군,2013,4/4,2013.4/4,산부인과,1
횡성군,2014,1/4,2014.1/4,산부인과,1
횡성군,2014,2/4,2014.2/4,산부인과,1
횡성군,2014,3/4,2014.3/4,산부인과,1
횡성군,2014,4/4,2014.4/4,산부인과,1
횡성군,2015,1/4,2015.1/4,산부인과,1
횡성군,2015,2/4,2015.2/4,산부인과,1
횡성군,2015,3/4,2015.3/4,산부인과,1
횡성군,2015,4/4,2015.4/4,산부인과,1
횡성군,2016,1/4,2016.1/4,산부인과,1
횡성군,2016,2/4,2016.2/4,산부인과,1
횡성군,2016,3/4,2016.3/4,산부인과,1
횡성군,2016,4/4,2016.4/4,산부인과,0
횡성군,2017,1/4,2017.1/4,산부인과,0
횡성군,2017,2/4,2017.2/4,산부인과,1
횡성군,2017,3/4,2017.3/4,산부인과,1
횡성군,2017,4/4,2017.4/4,산부인과,0
횡성군,2018,1/4,2018.1/4,산부인과,0
횡성군,2018,2/4,2018.2/4,산부인과,0
횡성군,2018,3/4,2018.3/4,산부인과,0
횡성군,2018,4/4,2018.4/4,산부인과,0
횡성군,2019,1/4,2019.1/4,산부인과,0
횡성군,2019,2/4,2019.2/4,산부인과,0
횡성군,2019,3/4,2019.3/4,산부인과,0
횡성군,2019,4/4,2019.4/4,산부인과,0
횡성군,2020,1/4,2020.1/4,산부인과,0
횡성군,2020,2/4,2020.2/4,산부인과,0
횡성군,2020,3/4,2020.3/4,산부인과,1
횡성군,2020,4/4,2020.4/4,산부인과,1
횡성군,2021,1/4,2021.1/4,산부인과,0
횡성군,2021,2/4,2021.2/4,산부인과,0
횡성군,2021,3/4,2021.3/4,산부인과,1
횡성군,2021,4/4,2021.4/4,산부인과,2
횡성군,2022,1/4,2022.1/4,산부인과,2
횡성군,2022,2/4,2022.2/4,산부인과,2
횡성군,2022,3/4,2022.3/4,산부인과,2
횡성군,2022,4/4,2022.4/4,산부인과,2
횡성군,2023,1/4,2023.1/4,산부인과,2
횡성군,2023,2/4,2023.2/4,산부인과,2
횡성군,2023,3/4,2023.3/4,산부인과,2
횡성군,2023,4/4,2023.4/4,산부인과,2
횡성군,2024,1/4,2024.1/4,산부인과,2
횡성군,2024,2/4,2024.2/4,산부인과,2
횡성군,2024,3/4,2024.3/4,산부인과,2
횡성군,2024,4/4,2024.4/4,산부인과,2
횡성군,2025,1/4,2025.1/4,산부인과,2
횡성군,2025,2/4,2025.2/4,산부인과,1
횡성군,2025,3/4,2025.3/4,산부인과,1
횡성군,2025,4/4,2025.4/4,산부인과,1
횡성군,2009,1/4,2009.1/4,성형외과,0
횡성군,2009,2/4,2009.2/4,성형외과,0
횡성군,2009,3/4,2009.3/4,성형외과,0
횡성군,2009,4/4,2009.4/4,성형외과,0
횡성군,2010,1/4,2010.1/4,성형외과,0
횡성군,2010,2/4,2010.2/4,성형외과,0
횡성군,2010,3/4,2010.3/4,성형외과,0
횡성군,2010,4/4,2010.4/4,성형외과,0
횡성군,2011,1/4,2011.1/4,성형외과,0
횡성군,2011,2/4,2011.2/4,성형외과,0
횡성군,2011,3/4,2011.3/4,성형외과,0
횡성군,2011,4/4,2011.4/4,성형외과,0
횡성군,2012,1/4,2012.1/4,성형외과,0
횡성군,2012,2/4,2012.2/4,성형외과,0
횡성군,2012,3/4,2012.3/4,성형외과,0
횡성군,2012,4/4,2012.4/4,성형외과,0
횡성군,2013,1/4,2013.1/4,성형외과,0
횡성군,2013,2/4,2013.2/4,성형외과,1
횡성군,2013,3/4,2013.3/4,성형외과,1
횡성군,2013,4/4,2013.4/4,성형외과,1
횡성군,2014,1/4,2014.1/4,성형외과,1
횡성군,2014,2/4,2014.2/4,성형외과,2
횡성군,2014,3/4,2014.3/4,성형외과,2
횡성군,2014,4/4,2014.4/4,성형외과,2
횡성군,2015,1/4,2015.1/4,성형외과,1
횡성군,2015,2/4,2015.2/4,성형외과,0
횡성군,2015,3/4,2015.3/4,성형외과,0
횡성군,2015,4/4,2015.4/4,성형외과,0
횡성군,2016,1/4,2016.1/4,성형외과,0
횡성군,2016,2/4,2016.2/4,성형외과,0
횡성군,2016,3/4,2016.3/4,성형외과,0
횡성군,2016,4/4,2016.4/4,성형외과,0
횡성군,2017,1/4,2017.1/4,성형외과,0
횡성군,2017,2/4,2017.2/4,성형외과,0
횡성군,2017,3/4,2017.3/4,성형외과,0
횡성군,2017,4/4,2017.4/4,성형외과,0
횡성군,2018,1/4,2018.1/4,성형외과,0
횡성군,2018,2/4,2018.2/4,성형외과,0
횡성군,2018,3/4,2018.3/4,성형외과,0
횡성군,2018,4/4,2018.4/4,성형외과,0
횡성군,2019,1/4,2019.1/4,성형외과,0
횡성군,2019,2/4,2019.2/4,성형외과,0
횡성군,2019,3/4,2019.3/4,성형외과,0
횡성군,2019,4/4,2019.4/4,성형외과,0
횡성군,2020,1/4,2020.1/4,성형외과,0
횡성군,2020,2/4,2020.2/4,성형외과,0
횡성군,2020,3/4,2020.3/4,성형외과,0
횡성군,2020,4/4,2020.4/4,성형외과,0
횡성군,2021,1/4,2021.1/4,성형외과,0
횡성군,2021,2/4,2021.2/4,성형외과,1
횡성군,2021,3/4,2021.3/4,성형외과,1
횡성군,2021,4/4,2021.4/4,성형외과,1
횡성군,2022,1/4,2022.1/4,성형외과,1
횡성군,2022,2/4,2022.2/4,성형외과,1
횡성군,2022,3/4,2022.3/4,성형외과,1
횡성군,2022,4/4,2022.4/4,성형외과,1
횡성군,2023,1/4,2023.1/4,성형외과,1
횡성군,2023,2/4,2023.2/4,성형외과,1
횡성군,2023,3/4,2023.3/4,성형외과,1
횡성군,2023,4/4,2023.4/4,성형외과,1
횡성군,2024,1/4,2024.1/4,성형외과,1
횡성군,2024,2/4,2024.2/4,성형외과,0
횡성군,2024,3/4,2024.3/4,성형외과,0
횡성군,2024,4/4,2024.4/4,성형외과,0
횡성군,2025,1/4,2025.1/4,성형외과,0
횡성군,2025,2/4,2025.2/4,성형외과,0
횡성군,2025,3/4,2025.3/4,성형외과,0
횡성군,2025,4/4,2025.4/4,성형외과,0
횡성군,2009,1/4,2009.1/4,소아청소년과,1
횡성군,2009,2/4,2009.2/4,소아청소년과,1
횡성군,2009,3/4,2009.3/4,소아청소년과,1
횡성군,2009,4/4,2009.4/4,소아청소년과,1
횡성군,2010,1/4,2010.1/4,소아청소년과,2
횡성군,2010,2/4,2010.2/4,소아청소년과,2
횡성군,2010,3/4,2010.3/4,소아청소년과,2
횡성군,2010,4/4,2010.4/4,소아청소년과,2
횡성군,2011,1/4,2011.1/4,소아청소년과,1
횡성군,2011,2/4,2011.2/4,소아청소년과,1
횡성군,2011,3/4,2011.3/4,소아청소년과,1
횡성군,2011,4/4,2011.4/4,소아청소년과,1
횡성군,2012,1/4,2012.1/4,소아청소년과,1
횡성군,2012,2/4,2012.2/4,소아청소년과,2
횡성군,2012,3/4,2012.3/4,소아청소년과,2
횡성군,2012,4/4,2012.4/4,소아청소년과,2
횡성군,2013,1/4,2013.1/4,소아청소년과,2
횡성군,2013,2/4,2013.2/4,소아청소년과,1
횡성군,2013,3/4,2013.3/4,소아청소년과,1
횡성군,2013,4/4,2013.4/4,소아청소년과,1
횡성군,2014,1/4,2014.1/4,소아청소년과,1
횡성군,2014,2/4,2014.2/4,소아청소년과,1
횡성군,2014,3/4,2014.3/4,소아청소년과,1
횡성군,2014,4/4,2014.4/4,소아청소년과,1
횡성군,2015,1/4,2015.1/4,소아청소년과,1
횡성군,2015,2/4,2015.2/4,소아청소년과,1
횡성군,2015,3/4,2015.3/4,소아청소년과,1
횡성군,2015,4/4,2015.4/4,소아청소년과,1
횡성군,2016,1/4,2016.1/4,소아청소년과,1
횡성군,2016,2/4,2016.2/4,소아청소년과,1
횡성군,2016,3/4,2016.3/4,소아청소년과,1
횡성군,2016,4/4,2016.4/4,소아청소년과,1
횡성군,2017,1/4,2017.1/4,소아청소년과,1
횡성군,2017,2/4,2017.2/4,소아청소년과,1
횡성군,2017,3/4,2017.3/4,소아청소년과,1
횡성군,2017,4/4,2017.4/4,소아청소년과,1
횡성군,2018,1/4,2018.1/4,소아청소년과,1
횡성군,2018,2/4,2018.2/4,소아청소년과,1
횡성군,2018,3/4,2018.3/4,소아청소년과,1
횡성군,2018,4/4,2018.4/4,소아청소년과,1
횡성군,2019,1/4,2019.1/4,소아청소년과,1
횡성군,2019,2/4,2019.2/4,소아청소년과,1
횡성군,2019,3/4,2019.3/4,소아청소년과,1
횡성군,2019,4/4,2019.4/4,소아청소년과,1
횡성군,2020,1/4,2020.1/4,소아청소년과,1
횡성군,2020,2/4,2020.2/4,소아청소년과,1
횡성군,2020,3/4,2020.3/4,소아청소년과,1
횡성군,2020,4/4,2020.4/4,소아청소년과,1
횡성군,2021,1/4,2021.1/4,소아청소년과,1
횡성군,2021,2/4,2021.2/4,소아청소년과,1
횡성군,2021,3/4,2021.3/4,소아청소년과,1
횡성군,2021,4/4,2021.4/4,소아청소년과,1
횡성군,2022,1/4,2022.1/4,소아청소년과,1
횡성군,2022,2/4,2022.2/4,소아청소년과,2
횡성군,2022,3/4,2022.3/4,소아청소년과,2
횡성군,2022,4/4,2022.4/4,소아청소년과,2
횡성군,2023,1/4,2023.1/4,소아청소년과,2
횡성군,2023,2/4,2023.2/4,소아청소년과,3
횡성군,2023,3/4,2023.3/4,소아청소년과,3
횡성군,2023,4/4,2023.4/4,소아청소년과,3
횡성군,2024,1/4,2024.1/4,소아청소년과,3
횡성군,2024,2/4,2024.2/4,소아청소년과,3
횡성군,2024,3/4,2024.3/4,소아청소년과,3
횡성군,2024,4/4,2024.4/4,소아청소년과,3
횡성군,2025,1/4,2025.1/4,소아청소년과,3
횡성군,2025,2/4,2025.2/4,소아청소년과,2
횡성군,2025,3/4,2025.3/4,소아청소년과,2
횡성군,2025,4/4,2025.4/4,소아청소년과,2
횡성군,2009,1/4,2009.1/4,신경과,0
횡성군,2009,2/4,2009.2/4,신경과,0
횡성군,2009,3/4,2009.3/4,신경과,0
횡성군,2009,4/4,2009.4/4,신경과,0
횡성군,2010,1/4,2010.1/4,신경과,0
횡성군,2010,2/4,2010.2/4,신경과,0
횡성군,2010,3/4,2010.3/4,신경과,0
횡성군,2010,4/4,2010.4/4,신경과,0
횡성군,2011,1/4,2011.1/4,신경과,0
횡성군,2011,2/4,2011.2/4,신경과,0
횡성군,2011,3/4,2011.3/4,신경과,0
횡성군,2011,4/4,2011.4/4,신경과,0
횡성군,2012,1/4,2012.1/4,신경과,0
횡성군,2012,2/4,2012.2/4,신경과,0
횡성군,2012,3/4,2012.3/4,신경과,0
횡성군,2012,4/4,2012.4/4,신경과,0
횡성군,2013,1/4,2013.1/4,신경과,0
횡성군,2013,2/4,2013.2/4,신경과,1
횡성군,2013,3/4,2013.3/4,신경과,1
횡성군,2013,4/4,2013.4/4,신경과,1
횡성군,2014,1/4,2014.1/4,신경과,1
횡성군,2014,2/4,2014.2/4,신경과,1
횡성군,2014,3/4,2014.3/4,신경과,1
횡성군,2014,4/4,2014.4/4,신경과,1
횡성군,2015,1/4,2015.1/4,신경과,1
횡성군,2015,2/4,2015.2/4,신경과,0
횡성군,2015,3/4,2015.3/4,신경과,0
횡성군,2015,4/4,2015.4/4,신경과,0
횡성군,2016,1/4,2016.1/4,신경과,1
횡성군,2016,2/4,2016.2/4,신경과,0
횡성군,2016,3/4,2016.3/4,신경과,0
횡성군,2016,4/4,2016.4/4,신경과,0
횡성군,2017,1/4,2017.1/4,신경과,0
횡성군,2017,2/4,2017.2/4,신경과,0
횡성군,2017,3/4,2017.3/4,신경과,0
횡성군,2017,4/4,2017.4/4,신경과,0
횡성군,2018,1/4,2018.1/4,신경과,0
횡성군,2018,2/4,2018.2/4,신경과,0
횡성군,2018,3/4,2018.3/4,신경과,0
횡성군,2018,4/4,2018.4/4,신경과,0
횡성군,2019,1/4,2019.1/4,신경과,0
횡성군,2019,2/4,2019.2/4,신경과,0
횡성군,2019,3/4,2019.3/4,신경과,0
횡성군,2019,4/4,2019.4/4,신경과,0
횡성군,2020,1/4,2020.1/4,신경과,0
횡성군,2020,2/4,2020.2/4,신경과,0
횡성군,2020,3/4,2020.3/4,신경과,0
횡성군,2020,4/4,2020.4/4,신경과,0
횡성군,2021,1/4,2021.1/4,신경과,0
횡성군,2021,2/4,2021.2/4,신경과,0
횡성군,2021,3/4,2021.3/4,신경과,0
횡성군,2021,4/4,2021.4/4,신경과,0
횡성군,2022,1/4,2022.1/4,신경과,0
횡성군,2022,2/4,2022.2/4,신경과,0
횡성군,2022,3/4,2022.3/4,신경과,0
횡성군,2022,4/4,2022.4/4,신경과,0
횡성군,2023,1/4,2023.1/4,신경과,0
횡성군,2023,2/4,2023.2/4,신경과,0
횡성군,2023,3/4,2023.3/4,신경과,0
횡성군,2023,4/4,2023.4/4,신경과,0
횡성군,2024,1/4,2024.1/4,신경과,0
횡성군,2024,2/4,2024.2/4,신경과,0
횡성군,2024,3/4,2024.3/4,신경과,0
횡성군,2024,4/4,2024.4/4,신경과,0
횡성군,2025,1/4,2025.1/4,신경과,0
횡성군,2025,2/4,2025.2/4,신경과,0
횡성군,2025,3/4,2025.3/4,신경과,0
횡성군,2025,4/4,2025.4/4,신경과,0
횡성군,2009,1/4,2009.1/4,신경외과,0
횡성군,2009,2/4,2009.2/4,신경외과,0
횡성군,2009,3/4,2009.3/4,신경외과,0
횡성군,2009,4/4,2009.4/4,신경외과,0
횡성군,2010,1/4,2010.1/4,신경외과,0
횡성군,2010,2/4,2010.2/4,신경외과,1
횡성군,2010,3/4,2010.3/4,신경외과,1
횡성군,2010,4/4,2010.4/4,신경외과,1
횡성군,2011,1/4,2011.1/4,신경외과,1
횡성군,2011,2/4,2011.2/4,신경외과,1
횡성군,2011,3/4,2011.3/4,신경외과,1
횡성군,2011,4/4,2011.4/4,신경외과,1
횡성군,2012,1/4,2012.1/4,신경외과,1
횡성군,2012,2/4,2012.2/4,신경외과,1
횡성군,2012,3/4,2012.3/4,신경외과,1
횡성군,2012,4/4,2012.4/4,신경외과,1
횡성군,2013,1/4,2013.1/4,신경외과,2
횡성군,2013,2/4,2013.2/4,신경외과,1
횡성군,2013,3/4,2013.3/4,신경외과,1
횡성군,2013,4/4,2013.4/4,신경외과,1
횡성군,2014,1/4,2014.1/4,신경외과,1
횡성군,2014,2/4,2014.2/4,신경외과,1
횡성군,2014,3/4,2014.3/4,신경외과,2
횡성군,2014,4/4,2014.4/4,신경외과,1
횡성군,2015,1/4,2015.1/4,신경외과,1
횡성군,2015,2/4,2015.2/4,신경외과,1
횡성군,2015,3/4,2015.3/4,신경외과,1
횡성군,2015,4/4,2015.4/4,신경외과,1
횡성군,2016,1/4,2016.1/4,신경외과,1
횡성군,2016,2/4,2016.2/4,신경외과,1
횡성군,2016,3/4,2016.3/4,신경외과,2
횡성군,2016,4/4,2016.4/4,신경외과,2
횡성군,2017,1/4,2017.1/4,신경외과,1
횡성군,2017,2/4,2017.2/4,신경외과,1
횡성군,2017,3/4,2017.3/4,신경외과,1
횡성군,2017,4/4,2017.4/4,신경외과,1
횡성군,2018,1/4,2018.1/4,신경외과,2
횡성군,2018,2/4,2018.2/4,신경외과,3
횡성군,2018,3/4,2018.3/4,신경외과,3
횡성군,2018,4/4,2018.4/4,신경외과,3
횡성군,2019,1/4,2019.1/4,신경외과,3
횡성군,2019,2/4,2019.2/4,신경외과,3
횡성군,2019,3/4,2019.3/4,신경외과,3
횡성군,2019,4/4,2019.4/4,신경외과,3
횡성군,2020,1/4,2020.1/4,신경외과,3
횡성군,2020,2/4,2020.2/4,신경외과,3
횡성군,2020,3/4,2020.3/4,신경외과,3
횡성군,2020,4/4,2020.4/4,신경외과,3
횡성군,2021,1/4,2021.1/4,신경외과,3
횡성군,2021,2/4,2021.2/4,신경외과,2
횡성군,2021,3/4,2021.3/4,신경외과,2
횡성군,2021,4/4,2021.4/4,신경외과,2
횡성군,2022,1/4,2022.1/4,신경외과,2
횡성군,2022,2/4,2022.2/4,신경외과,2
횡성군,2022,3/4,2022.3/4,신경외과,2
횡성군,2022,4/4,2022.4/4,신경외과,2
횡성군,2023,1/4,2023.1/4,신경외과,2
횡성군,2023,2/4,2023.2/4,신경외과,2
횡성군,2023,3/4,2023.3/4,신경외과,2
횡성군,2023,4/4,2023.4/4,신경외과,2
횡성군,2024,1/4,2024.1/4,신경외과,2
횡성군,2024,2/4,2024.2/4,신경외과,2
횡성군,2024,3/4,2024.3/4,신경외과,2
횡성군,2024,4/4,2024.4/4,신경외과,2
횡성군,2025,1/4,2025.1/4,신경외과,2
횡성군,2025,2/4,2025.2/4,신경외과,2
횡성군,2025,3/4,2025.3/4,신경외과,2
횡성군,2025,4/4,2025.4/4,신경외과,2
횡성군,2009,1/4,2009.1/4,심장혈관흉부외과,0
횡성군,2009,2/4,2009.2/4,심장혈관흉부외과,0
횡성군,2009,3/4,2009.3/4,심장혈관흉부외과,0
횡성군,2009,4/4,2009.4/4,심장혈관흉부외과,0
횡성군,2010,1/4,2010.1/4,심장혈관흉부외과,0
횡성군,2010,2/4,2010.2/4,심장혈관흉부외과,0
횡성군,2010,3/4,2010.3/4,심장혈관흉부외과,0
횡성군,2010,4/4,2010.4/4,심장혈관흉부외과,0
횡성군,2011,1/4,2011.1/4,심장혈관흉부외과,0
횡성군,2011,2/4,2011.2/4,심장혈관흉부외과,0
횡성군,2011,3/4,2011.3/4,심장혈관흉부외과,0
횡성군,2011,4/4,2011.4/4,심장혈관흉부외과,0
횡성군,2012,1/4,2012.1/4,심장혈관흉부외과,0
횡성군,2012,2/4,2012.2/4,심장혈관흉부외과,0
횡성군,2012,3/4,2012.3/4,심장혈관흉부외과,0
횡성군,2012,4/4,2012.4/4,심장혈관흉부외과,0
횡성군,2013,1/4,2013.1/4,심장혈관흉부외과,0
횡성군,2013,2/4,2013.2/4,심장혈관흉부외과,0
횡성군,2013,3/4,2013.3/4,심장혈관흉부외과,0
횡성군,2013,4/4,2013.4/4,심장혈관흉부외과,0
횡성군,2014,1/4,2014.1/4,심장혈관흉부외과,0
횡성군,2014,2/4,2014.2/4,심장혈관흉부외과,0
횡성군,2014,3/4,2014.3/4,심장혈관흉부외과,0
횡성군,2014,4/4,2014.4/4,심장혈관흉부외과,0
횡성군,2015,1/4,2015.1/4,심장혈관흉부외과,0
횡성군,2015,2/4,2015.2/4,심장혈관흉부외과,0
횡성군,2015,3/4,2015.3/4,심장혈관흉부외과,0
횡성군,2015,4/4,2015.4/4,심장혈관흉부외과,0
횡성군,2016,1/4,2016.1/4,심장혈관흉부외과,0
횡성군,2016,2/4,2016.2/4,심장혈관흉부외과,0
횡성군,2016,3/4,2016.3/4,심장혈관흉부외과,0
횡성군,2016,4/4,2016.4/4,심장혈관흉부외과,0
횡성군,2017,1/4,2017.1/4,심장혈관흉부외과,0
횡성군,2017,2/4,2017.2/4,심장혈관흉부외과,0
횡성군,2017,3/4,2017.3/4,심장혈관흉부외과,0
횡성군,2017,4/4,2017.4/4,심장혈관흉부외과,0
횡성군,2018,1/4,2018.1/4,심장혈관흉부외과,0
횡성군,2018,2/4,2018.2/4,심장혈관흉부외과,0
횡성군,2018,3/4,2018.3/4,심장혈관흉부외과,0
횡성군,2018,4/4,2018.4/4,심장혈관흉부외과,0
횡성군,2019,1/4,2019.1/4,심장혈관흉부외과,0
횡성군,2019,2/4,2019.2/4,심장혈관흉부외과,0
횡성군,2019,3/4,2019.3/4,심장혈관흉부외과,0
횡성군,2019,4/4,2019.4/4,심장혈관흉부외과,0
횡성군,2020,1/4,2020.1/4,심장혈관흉부외과,0
횡성군,2020,2/4,2020.2/4,심장혈관흉부외과,0
횡성군,2020,3/4,2020.3/4,심장혈관흉부외과,0
횡성군,2020,4/4,2020.4/4,심장혈관흉부외과,0
횡성군,2021,1/4,2021.1/4,심장혈관흉부외과,0
횡성군,2021,2/4,2021.2/4,심장혈관흉부외과,0
횡성군,2021,3/4,2021.3/4,심장혈관흉부외과,0
횡성군,2021,4/4,2021.4/4,심장혈관흉부외과,0
횡성군,2022,1/4,2022.1/4,심장혈관흉부외과,0
횡성군,2022,2/4,2022.2/4,심장혈관흉부외과,0
횡성군,2022,3/4,2022.3/4,심장혈관흉부외과,0
횡성군,2022,4/4,2022.4/4,심장혈관흉부외과,0
횡성군,2023,1/4,2023.1/4,심장혈관흉부외과,1
횡성군,2023,2/4,2023.2/4,심장혈관흉부외과,0
횡성군,2023,3/4,2023.3/4,심장혈관흉부외과,0
횡성군,2023,4/4,2023.4/4,심장혈관흉부외과,0
횡성군,2024,1/4,2024.1/4,심장혈관흉부외과,0
횡성군,2024,2/4,2024.2/4,심장혈관흉부외과,0
횡성군,2024,3/4,2024.3/4,심장혈관흉부외과,0
횡성군,2024,4/4,2024.4/4,심장혈관흉부외과,0
횡성군,2025,1/4,2025.1/4,심장혈관흉부외과,0
횡성군,2025,2/4,2025.2/4,심장혈관흉부외과,0
횡성군,2025,3/4,2025.3/4,심장혈관흉부외과,0
횡성군,2025,4/4,2025.4/4,심장혈관흉부외과,0
횡성군,2009,1/4,2009.1/4,안과,1
횡성군,2009,2/4,2009.2/4,안과,1
횡성군,2009,3/4,2009.3/4,안과,1
횡성군,2009,4/4,2009.4/4,안과,1
횡성군,2010,1/4,2010.1/4,안과,1
횡성군,2010,2/4,2010.2/4,안과,1
횡성군,2010,3/4,2010.3/4,안과,1
횡성군,2010,4/4,2010.4/4,안과,1
횡성군,2011,1/4,2011.1/4,안과,1
횡성군,2011,2/4,2011.2/4,안과,1
횡성군,2011,3/4,2011.3/4,안과,1
횡성군,2011,4/4,2011.4/4,안과,1
횡성군,2012,1/4,2012.1/4,안과,1
횡성군,2012,2/4,2012.2/4,안과,2
횡성군,2012,3/4,2012.3/4,안과,2
횡성군,2012,4/4,2012.4/4,안과,2
횡성군,2013,1/4,2013.1/4,안과,2
횡성군,2013,2/4,2013.2/4,안과,2
횡성군,2013,3/4,2013.3/4,안과,2
횡성군,2013,4/4,2013.4/4,안과,2
횡성군,2014,1/4,2014.1/4,안과,2
횡성군,2014,2/4,2014.2/4,안과,3
횡성군,2014,3/4,2014.3/4,안과,3
횡성군,2014,4/4,2014.4/4,안과,3
횡성군,2015,1/4,2015.1/4,안과,3
횡성군,2015,2/4,2015.2/4,안과,2
횡성군,2015,3/4,2015.3/4,안과,2
횡성군,2015,4/4,2015.4/4,안과,2
횡성군,2016,1/4,2016.1/4,안과,2
횡성군,2016,2/4,2016.2/4,안과,1
횡성군,2016,3/4,2016.3/4,안과,1
횡성군,2016,4/4,2016.4/4,안과,1
횡성군,2017,1/4,2017.1/4,안과,1
횡성군,2017,2/4,2017.2/4,안과,2
횡성군,2017,3/4,2017.3/4,안과,2
횡성군,2017,4/4,2017.4/4,안과,2
횡성군,2018,1/4,2018.1/4,안과,2
횡성군,2018,2/4,2018.2/4,안과,2
횡성군,2018,3/4,2018.3/4,안과,2
횡성군,2018,4/4,2018.4/4,안과,2
횡성군,2019,1/4,2019.1/4,안과,2
횡성군,2019,2/4,2019.2/4,안과,1
횡성군,2019,3/4,2019.3/4,안과,1
횡성군,2019,4/4,2019.4/4,안과,1
횡성군,2020,1/4,2020.1/4,안과,1
횡성군,2020,2/4,2020.2/4,안과,1
횡성군,2020,3/4,2020.3/4,안과,1
횡성군,2020,4/4,2020.4/4,안과,1
횡성군,2021,1/4,2021.1/4,안과,1
횡성군,2021,2/4,2021.2/4,안과,1
횡성군,2021,3/4,2021.3/4,안과,1
횡성군,2021,4/4,2021.4/4,안과,1
횡성군,2022,1/4,2022.1/4,안과,1
횡성군,2022,2/4,2022.2/4,안과,1
횡성군,2022,3/4,2022.3/4,안과,1
횡성군,2022,4/4,2022.4/4,안과,1
횡성군,2023,1/4,2023.1/4,안과,1
횡성군,2023,2/4,2023.2/4,안과,1
횡성군,2023,3/4,2023.3/4,안과,1
횡성군,2023,4/4,2023.4/4,안과,1
횡성군,2024,1/4,2024.1/4,안과,1
횡성군,2024,2/4,2024.2/4,안과,1
횡성군,2024,3/4,2024.3/4,안과,1
횡성군,2024,4/4,2024.4/4,안과,1
횡성군,2025,1/4,2025.1/4,안과,1
횡성군,2025,2/4,2025.2/4,안과,1
횡성군,2025,3/4,2025.3/4,안과,1
횡성군,2025,4/4,2025.4/4,안과,1
횡성군,2009,1/4,2009.1/4,영상의학과,0
횡성군,2009,2/4,2009.2/4,영상의학과,0
횡성군,2009,3/4,2009.3/4,영상의학과,0
횡성군,2009,4/4,2009.4/4,영상의학과,0
횡성군,2010,1/4,2010.1/4,영상의학과,0
횡성군,2010,2/4,2010.2/4,영상의학과,0
횡성군,2010,3/4,2010.3/4,영상의학과,0
횡성군,2010,4/4,2010.4/4,영상의학과,0
횡성군,2011,1/4,2011.1/4,영상의학과,0
횡성군,2011,2/4,2011.2/4,영상의학과,0
횡성군,2011,3/4,2011.3/4,영상의학과,0
횡성군,2011,4/4,2011.4/4,영상의학과,0
횡성군,2012,1/4,2012.1/4,영상의학과,0
횡성군,2012,2/4,2012.2/4,영상의학과,0
횡성군,2012,3/4,2012.3/4,영상의학과,0
횡성군,2012,4/4,2012.4/4,영상의학과,0
횡성군,2013,1/4,2013.1/4,영상의학과,0
횡성군,2013,2/4,2013.2/4,영상의학과,0
횡성군,2013,3/4,2013.3/4,영상의학과,0
횡성군,2013,4/4,2013.4/4,영상의학과,0
횡성군,2014,1/4,2014.1/4,영상의학과,0
횡성군,2014,2/4,2014.2/4,영상의학과,1
횡성군,2014,3/4,2014.3/4,영상의학과,1
횡성군,2014,4/4,2014.4/4,영상의학과,1
횡성군,2015,1/4,2015.1/4,영상의학과,1
횡성군,2015,2/4,2015.2/4,영상의학과,1
횡성군,2015,3/4,2015.3/4,영상의학과,1
횡성군,2015,4/4,2015.4/4,영상의학과,1
횡성군,2016,1/4,2016.1/4,영상의학과,1
횡성군,2016,2/4,2016.2/4,영상의학과,1
횡성군,2016,3/4,2016.3/4,영상의학과,1
횡성군,2016,4/4,2016.4/4,영상의학과,1
횡성군,2017,1/4,2017.1/4,영상의학과,1
횡성군,2017,2/4,2017.2/4,영상의학과,1
횡성군,2017,3/4,2017.3/4,영상의학과,1
횡성군,2017,4/4,2017.4/4,영상의학과,1
횡성군,2018,1/4,2018.1/4,영상의학과,1
횡성군,2018,2/4,2018.2/4,영상의학과,1
횡성군,2018,3/4,2018.3/4,영상의학과,1
횡성군,2018,4/4,2018.4/4,영상의학과,1
횡성군,2019,1/4,2019.1/4,영상의학과,1
횡성군,2019,2/4,2019.2/4,영상의학과,1
횡성군,2019,3/4,2019.3/4,영상의학과,1
횡성군,2019,4/4,2019.4/4,영상의학과,1
횡성군,2020,1/4,2020.1/4,영상의학과,1
횡성군,2020,2/4,2020.2/4,영상의학과,2
횡성군,2020,3/4,2020.3/4,영상의학과,1
횡성군,2020,4/4,2020.4/4,영상의학과,1
횡성군,2021,1/4,2021.1/4,영상의학과,1
횡성군,2021,2/4,2021.2/4,영상의학과,1
횡성군,2021,3/4,2021.3/4,영상의학과,1
횡성군,2021,4/4,2021.4/4,영상의학과,1
횡성군,2022,1/4,2022.1/4,영상의학과,1
횡성군,2022,2/4,2022.2/4,영상의학과,1
횡성군,2022,3/4,2022.3/4,영상의학과,1
횡성군,2022,4/4,2022.4/4,영상의학과,1
횡성군,2023,1/4,2023.1/4,영상의학과,1
횡성군,2023,2/4,2023.2/4,영상의학과,1
횡성군,2023,3/4,2023.3/4,영상의학과,1
횡성군,2023,4/4,2023.4/4,영상의학과,1
횡성군,2024,1/4,2024.1/4,영상의학과,1
횡성군,2024,2/4,2024.2/4,영상의학과,1
횡성군,2024,3/4,2024.3/4,영상의학과,1
횡성군,2024,4/4,2024.4/4,영상의학과,1
횡성군,2025,1/4,2025.1/4,영상의학과,1
횡성군,2025,2/4,2025.2/4,영상의학과,1
횡성군,2025,3/4,2025.3/4,영상의학과,1
횡성군,2025,4/4,2025.4/4,영상의학과,1
횡성군,2009,1/4,2009.1/4,예방의학과,0
횡성군,2009,2/4,2009.2/4,예방의학과,0
횡성군,2009,3/4,2009.3/4,예방의학과,0
횡성군,2009,4/4,2009.4/4,예방의학과,0
횡성군,2010,1/4,2010.1/4,예방의학과,0
횡성군,2010,2/4,2010.2/4,예방의학과,0
횡성군,2010,3/4,2010.3/4,예방의학과,0
횡성군,2010,4/4,2010.4/4,예방의학과,0
횡성군,2011,1/4,2011.1/4,예방의학과,0
횡성군,2011,2/4,2011.2/4,예방의학과,0
횡성군,2011,3/4,2011.3/4,예방의학과,0
횡성군,2011,4/4,2011.4/4,예방의학과,0
횡성군,2012,1/4,2012.1/4,예방의학과,0
횡성군,2012,2/4,2012.2/4,예방의학과,0
횡성군,2012,3/4,2012.3/4,예방의학과,0
횡성군,2012,4/4,2012.4/4,예방의학과,0
횡성군,2013,1/4,2013.1/4,예방의학과,0
횡성군,2013,2/4,2013.2/4,예방의학과,0
횡성군,2013,3/4,2013.3/4,예방의학과,0
횡성군,2013,4/4,2013.4/4,예방의학과,0
횡성군,2014,1/4,2014.1/4,예방의학과,0
횡성군,2014,2/4,2014.2/4,예방의학과,0
횡성군,2014,3/4,2014.3/4,예방의학과,0
횡성군,2014,4/4,2014.4/4,예방의학과,0
횡성군,2015,1/4,2015.1/4,예방의학과,0
횡성군,2015,2/4,2015.2/4,예방의학과,0
횡성군,2015,3/4,2015.3/4,예방의학과,0
횡성군,2015,4/4,2015.4/4,예방의학과,0
횡성군,2016,1/4,2016.1/4,예방의학과,0
횡성군,2016,2/4,2016.2/4,예방의학과,0
횡성군,2016,3/4,2016.3/4,예방의학과,0
횡성군,2016,4/4,2016.4/4,예방의학과,0
횡성군,2017,1/4,2017.1/4,예방의학과,0
횡성군,2017,2/4,2017.2/4,예방의학과,0
횡성군,2017,3/4,2017.3/4,예방의학과,0
횡성군,2017,4/4,2017.4/4,예방의학과,0
횡성군,2018,1/4,2018.1/4,예방의학과,0
횡성군,2018,2/4,2018.2/4,예방의학과,0
횡성군,2018,3/4,2018.3/4,예방의학과,0
횡성군,2018,4/4,2018.4/4,예방의학과,0
횡성군,2019,1/4,2019.1/4,예방의학과,0
횡성군,2019,2/4,2019.2/4,예방의학과,0
횡성군,2019,3/4,2019.3/4,예방의학과,0
횡성군,2019,4/4,2019.4/4,예방의학과,0
횡성군,2020,1/4,2020.1/4,예방의학과,0
횡성군,2020,2/4,2020.2/4,예방의학과,0
횡성군,2020,3/4,2020.3/4,예방의학과,0
횡성군,2020,4/4,2020.4/4,예방의학과,0
횡성군,2021,1/4,2021.1/4,예방의학과,0
횡성군,2021,2/4,2021.2/4,예방의학과,0
횡성군,2021,3/4,2021.3/4,예방의학과,0
횡성군,2021,4/4,2021.4/4,예방의학과,0
횡성군,2022,1/4,2022.1/4,예방의학과,0
횡성군,2022,2/4,2022.2/4,예방의학과,0
횡성군,2022,3/4,2022.3/4,예방의학과,0
횡성군,2022,4/4,2022.4/4,예방의학과,0
횡성군,2023,1/4,2023.1/4,예방의학과,0
횡성군,2023,2/4,2023.2/4,예방의학과,0
횡성군,2023,3/4,2023.3/4,예방의학과,0
횡성군,2023,4/4,2023.4/4,예방의학과,0
횡성군,2024,1/4,2024.1/4,예방의학과,0
횡성군,2024,2/4,2024.2/4,예방의학과,0
횡성군,2024,3/4,2024.3/4,예방의학과,0
횡성군,2024,4/4,2024.4/4,예방의학과,0
횡성군,2025,1/4,2025.1/4,예방의학과,0
횡성군,2025,2/4,2025.2/4,예방의학과,0
횡성군,2025,3/4,2025.3/4,예방의학과,0
횡성군,2025,4/4,2025.4/4,예방의학과,0
횡성군,2009,1/4,2009.1/4,외과,7
횡성군,2009,2/4,2009.2/4,외과,7
횡성군,2009,3/4,2009.3/4,외과,7
횡성군,2009,4/4,2009.4/4,외과,7
횡성군,2010,1/4,2010.1/4,외과,8
횡성군,2010,2/4,2010.2/4,외과,6
횡성군,2010,3/4,2010.3/4,외과,5
횡성군,2010,4/4,2010.4/4,외과,6
횡성군,2011,1/4,2011.1/4,외과,6
횡성군,2011,2/4,2011.2/4,외과,5
횡성군,2011,3/4,2011.3/4,외과,6
횡성군,2011,4/4,2011.4/4,외과,6
횡성군,2012,1/4,2012.1/4,외과,5
횡성군,2012,2/4,2012.2/4,외과,5
횡성군,2012,3/4,2012.3/4,외과,5
횡성군,2012,4/4,2012.4/4,외과,6
횡성군,2013,1/4,2013.1/4,외과,5
횡성군,2013,2/4,2013.2/4,외과,5
횡성군,2013,3/4,2013.3/4,외과,4
횡성군,2013,4/4,2013.4/4,외과,4
횡성군,2014,1/4,2014.1/4,외과,5
횡성군,2014,2/4,2014.2/4,외과,4
횡성군,2014,3/4,2014.3/4,외과,4
횡성군,2014,4/4,2014.4/4,외과,4
횡성군,2015,1/4,2015.1/4,외과,4
횡성군,2015,2/4,2015.2/4,외과,4
횡성군,2015,3/4,2015.3/4,외과,4
횡성군,2015,4/4,2015.4/4,외과,4
횡성군,2016,1/4,2016.1/4,외과,4
횡성군,2016,2/4,2016.2/4,외과,4
횡성군,2016,3/4,2016.3/4,외과,4
횡성군,2016,4/4,2016.4/4,외과,4
횡성군,2017,1/4,2017.1/4,외과,4
횡성군,2017,2/4,2017.2/4,외과,4
횡성군,2017,3/4,2017.3/4,외과,4
횡성군,2017,4/4,2017.4/4,외과,4
횡성군,2018,1/4,2018.1/4,외과,4
횡성군,2018,2/4,2018.2/4,외과,4
횡성군,2018,3/4,2018.3/4,외과,4
횡성군,2018,4/4,2018.4/4,외과,4
횡성군,2019,1/4,2019.1/4,외과,4
횡성군,2019,2/4,2019.2/4,외과,4
횡성군,2019,3/4,2019.3/4,외과,4
횡성군,2019,4/4,2019.4/4,외과,4
횡성군,2020,1/4,2020.1/4,외과,4
횡성군,2020,2/4,2020.2/4,외과,4
횡성군,2020,3/4,2020.3/4,외과,4
횡성군,2020,4/4,2020.4/4,외과,4
횡성군,2021,1/4,2021.1/4,외과,5
횡성군,2021,2/4,2021.2/4,외과,5
횡성군,2021,3/4,2021.3/4,외과,5
횡성군,2021,4/4,2021.4/4,외과,5
횡성군,2022,1/4,2022.1/4,외과,5
횡성군,2022,2/4,2022.2/4,외과,4
횡성군,2022,3/4,2022.3/4,외과,4
횡성군,2022,4/4,2022.4/4,외과,4
횡성군,2023,1/4,2023.1/4,외과,4
횡성군,2023,2/4,2023.2/4,외과,4
횡성군,2023,3/4,2023.3/4,외과,4
횡성군,2023,4/4,2023.4/4,외과,4
횡성군,2024,1/4,2024.1/4,외과,4
횡성군,2024,2/4,2024.2/4,외과,4
횡성군,2024,3/4,2024.3/4,외과,4
횡성군,2024,4/4,2024.4/4,외과,4
횡성군,2025,1/4,2025.1/4,외과,4
횡성군,2025,2/4,2025.2/4,외과,4
횡성군,2025,3/4,2025.3/4,외과,4
횡성군,2025,4/4,2025.4/4,외과,4
횡성군,2009,1/4,2009.1/4,응급의학과,0
횡성군,2009,2/4,2009.2/4,응급의학과,0
횡성군,2009,3/4,2009.3/4,응급의학과,0
횡성군,2009,4/4,2009.4/4,응급의학과,0
횡성군,2010,1/4,2010.1/4,응급의학과,0
횡성군,2010,2/4,2010.2/4,응급의학과,0
횡성군,2010,3/4,2010.3/4,응급의학과,0
횡성군,2010,4/4,2010.4/4,응급의학과,0
횡성군,2011,1/4,2011.1/4,응급의학과,0
횡성군,2011,2/4,2011.2/4,응급의학과,0
횡성군,2011,3/4,2011.3/4,응급의학과,0
횡성군,2011,4/4,2011.4/4,응급의학과,0
횡성군,2012,1/4,2012.1/4,응급의학과,0
횡성군,2012,2/4,2012.2/4,응급의학과,0
횡성군,2012,3/4,2012.3/4,응급의학과,0
횡성군,2012,4/4,2012.4/4,응급의학과,0
횡성군,2013,1/4,2013.1/4,응급의학과,0
횡성군,2013,2/4,2013.2/4,응급의학과,0
횡성군,2013,3/4,2013.3/4,응급의학과,0
횡성군,2013,4/4,2013.4/4,응급의학과,0
횡성군,2014,1/4,2014.1/4,응급의학과,0
횡성군,2014,2/4,2014.2/4,응급의학과,0
횡성군,2014,3/4,2014.3/4,응급의학과,0
횡성군,2014,4/4,2014.4/4,응급의학과,0
횡성군,2015,1/4,2015.1/4,응급의학과,0
횡성군,2015,2/4,2015.2/4,응급의학과,0
횡성군,2015,3/4,2015.3/4,응급의학과,0
횡성군,2015,4/4,2015.4/4,응급의학과,0
횡성군,2016,1/4,2016.1/4,응급의학과,0
횡성군,2016,2/4,2016.2/4,응급의학과,0
횡성군,2016,3/4,2016.3/4,응급의학과,0
횡성군,2016,4/4,2016.4/4,응급의학과,0
횡성군,2017,1/4,2017.1/4,응급의학과,0
횡성군,2017,2/4,2017.2/4,응급의학과,0
횡성군,2017,3/4,2017.3/4,응급의학과,0
횡성군,2017,4/4,2017.4/4,응급의학과,0
횡성군,2018,1/4,2018.1/4,응급의학과,0
횡성군,2018,2/4,2018.2/4,응급의학과,0
횡성군,2018,3/4,2018.3/4,응급의학과,0
횡성군,2018,4/4,2018.4/4,응급의학과,0
횡성군,2019,1/4,2019.1/4,응급의학과,0
횡성군,2019,2/4,2019.2/4,응급의학과,0
횡성군,2019,3/4,2019.3/4,응급의학과,0
횡성군,2019,4/4,2019.4/4,응급의학과,0
횡성군,2020,1/4,2020.1/4,응급의학과,0
횡성군,2020,2/4,2020.2/4,응급의학과,0
횡성군,2020,3/4,2020.3/4,응급의학과,0
횡성군,2020,4/4,2020.4/4,응급의학과,0
횡성군,2021,1/4,2021.1/4,응급의학과,0
횡성군,2021,2/4,2021.2/4,응급의학과,0
횡성군,2021,3/4,2021.3/4,응급의학과,0
횡성군,2021,4/4,2021.4/4,응급의학과,0
횡성군,2022,1/4,2022.1/4,응급의학과,0
횡성군,2022,2/4,2022.2/4,응급의학과,0
횡성군,2022,3/4,2022.3/4,응급의학과,0
횡성군,2022,4/4,2022.4/4,응급의학과,0
횡성군,2023,1/4,2023.1/4,응급의학과,0
횡성군,2023,2/4,2023.2/4,응급의학과,0
횡성군,2023,3/4,2023.3/4,응급의학과,0
횡성군,2023,4/4,2023.4/4,응급의학과,0
횡성군,2024,1/4,2024.1/4,응급의학과,0
횡성군,2024,2/4,2024.2/4,응급의학과,0
횡성군,2024,3/4,2024.3/4,응급의학과,0
횡성군,2024,4/4,2024.4/4,응급의학과,0
횡성군,2025,1/4,2025.1/4,응급의학과,0
횡성군,2025,2/4,2025.2/4,응급의학과,0
횡성군,2025,3/4,2025.3/4,응급의학과,0
횡성군,2025,4/4,2025.4/4,응급의학과,0
횡성군,2009,1/4,2009.1/4,이비인후과,2
횡성군,2009,2/4,2009.2/4,이비인후과,2
횡성군,2009,3/4,2009.3/4,이비인후과,2
횡성군,2009,4/4,2009.4/4,이비인후과,2
횡성군,2010,1/4,2010.1/4,이비인후과,2
횡성군,2010,2/4,2010.2/4,이비인후과,2
횡성군,2010,3/4,2010.3/4,이비인후과,2
횡성군,2010,4/4,2010.4/4,이비인후과,2
횡성군,2011,1/4,2011.1/4,이비인후과,2
횡성군,2011,2/4,2011.2/4,이비인후과,1
횡성군,2011,3/4,2011.3/4,이비인후과,2
횡성군,2011,4/4,2011.4/4,이비인후과,2
횡성군,2012,1/4,2012.1/4,이비인후과,2
횡성군,2012,2/4,2012.2/4,이비인후과,3
횡성군,2012,3/4,2012.3/4,이비인후과,3
횡성군,2012,4/4,2012.4/4,이비인후과,2
횡성군,2013,1/4,2013.1/4,이비인후과,3
횡성군,2013,2/4,2013.2/4,이비인후과,3
횡성군,2013,3/4,2013.3/4,이비인후과,3
횡성군,2013,4/4,2013.4/4,이비인후과,3
횡성군,2014,1/4,2014.1/4,이비인후과,3
횡성군,2014,2/4,2014.2/4,이비인후과,2
횡성군,2014,3/4,2014.3/4,이비인후과,2
횡성군,2014,4/4,2014.4/4,이비인후과,2
횡성군,2015,1/4,2015.1/4,이비인후과,2
횡성군,2015,2/4,2015.2/4,이비인후과,2
횡성군,2015,3/4,2015.3/4,이비인후과,2
횡성군,2015,4/4,2015.4/4,이비인후과,2
횡성군,2016,1/4,2016.1/4,이비인후과,2
횡성군,2016,2/4,2016.2/4,이비인후과,2
횡성군,2016,3/4,2016.3/4,이비인후과,2
횡성군,2016,4/4,2016.4/4,이비인후과,2
횡성군,2017,1/4,2017.1/4,이비인후과,2
횡성군,2017,2/4,2017.2/4,이비인후과,2
횡성군,2017,3/4,2017.3/4,이비인후과,2
횡성군,2017,4/4,2017.4/4,이비인후과,2
횡성군,2018,1/4,2018.1/4,이비인후과,2
횡성군,2018,2/4,2018.2/4,이비인후과,1
횡성군,2018,3/4,2018.3/4,이비인후과,1
횡성군,2018,4/4,2018.4/4,이비인후과,1
횡성군,2019,1/4,2019.1/4,이비인후과,1
횡성군,2019,2/4,2019.2/4,이비인후과,1
횡성군,2019,3/4,2019.3/4,이비인후과,1
횡성군,2019,4/4,2019.4/4,이비인후과,1
횡성군,2020,1/4,2020.1/4,이비인후과,1
횡성군,2020,2/4,2020.2/4,이비인후과,1
횡성군,2020,3/4,2020.3/4,이비인후과,1
횡성군,2020,4/4,2020.4/4,이비인후과,1
횡성군,2021,1/4,2021.1/4,이비인후과,1
횡성군,2021,2/4,2021.2/4,이비인후과,1
횡성군,2021,3/4,2021.3/4,이비인후과,0
횡성군,2021,4/4,2021.4/4,이비인후과,0
횡성군,2022,1/4,2022.1/4,이비인후과,0
횡성군,2022,2/4,2022.2/4,이비인후과,0
횡성군,2022,3/4,2022.3/4,이비인후과,0
횡성군,2022,4/4,2022.4/4,이비인후과,0
횡성군,2023,1/4,2023.1/4,이비인후과,0
횡성군,2023,2/4,2023.2/4,이비인후과,0
횡성군,2023,3/4,2023.3/4,이비인후과,0
횡성군,2023,4/4,2023.4/4,이비인후과,0
횡성군,2024,1/4,2024.1/4,이비인후과,0
횡성군,2024,2/4,2024.2/4,이비인후과,0
횡성군,2024,3/4,2024.3/4,이비인후과,0
횡성군,2024,4/4,2024.4/4,이비인후과,0
횡성군,2025,1/4,2025.1/4,이비인후과,0
횡성군,2025,2/4,2025.2/4,이비인후과,0
횡성군,2025,3/4,2025.3/4,이비인후과,0
횡성군,2025,4/4,2025.4/4,이비인후과,0
횡성군,2009,1/4,2009.1/4,재활의학과,0
횡성군,2009,2/4,2009.2/4,재활의학과,0
횡성군,2009,3/4,2009.3/4,재활의학과,0
횡성군,2009,4/4,2009.4/4,재활의학과,0
횡성군,2010,1/4,2010.1/4,재활의학과,0
횡성군,2010,2/4,2010.2/4,재활의학과,0
횡성군,2010,3/4,2010.3/4,재활의학과,0
횡성군,2010,4/4,2010.4/4,재활의학과,0
횡성군,2011,1/4,2011.1/4,재활의학과,0
횡성군,2011,2/4,2011.2/4,재활의학과,0
횡성군,2011,3/4,2011.3/4,재활의학과,0
횡성군,2011,4/4,2011.4/4,재활의학과,0
횡성군,2012,1/4,2012.1/4,재활의학과,0
횡성군,2012,2/4,2012.2/4,재활의학과,0
횡성군,2012,3/4,2012.3/4,재활의학과,0
횡성군,2012,4/4,2012.4/4,재활의학과,0
횡성군,2013,1/4,2013.1/4,재활의학과,0
횡성군,2013,2/4,2013.2/4,재활의학과,0
횡성군,2013,3/4,2013.3/4,재활의학과,0
횡성군,2013,4/4,2013.4/4,재활의학과,0
횡성군,2014,1/4,2014.1/4,재활의학과,0
횡성군,2014,2/4,2014.2/4,재활의학과,0
횡성군,2014,3/4,2014.3/4,재활의학과,0
횡성군,2014,4/4,2014.4/4,재활의학과,0
횡성군,2015,1/4,2015.1/4,재활의학과,0
횡성군,2015,2/4,2015.2/4,재활의학과,0
횡성군,2015,3/4,2015.3/4,재활의학과,0
횡성군,2015,4/4,2015.4/4,재활의학과,0
횡성군,2016,1/4,2016.1/4,재활의학과,0
횡성군,2016,2/4,2016.2/4,재활의학과,0
횡성군,2016,3/4,2016.3/4,재활의학과,0
횡성군,2016,4/4,2016.4/4,재활의학과,0
횡성군,2017,1/4,2017.1/4,재활의학과,0
횡성군,2017,2/4,2017.2/4,재활의학과,0
횡성군,2017,3/4,2017.3/4,재활의학과,0
횡성군,2017,4/4,2017.4/4,재활의학과,0
횡성군,2018,1/4,2018.1/4,재활의학과,0
횡성군,2018,2/4,2018.2/4,재활의학과,0
횡성군,2018,3/4,2018.3/4,재활의학과,0
횡성군,2018,4/4,2018.4/4,재활의학과,0
횡성군,2019,1/4,2019.1/4,재활의학과,0
횡성군,2019,2/4,2019.2/4,재활의학과,0
횡성군,2019,3/4,2019.3/4,재활의학과,0
횡성군,2019,4/4,2019.4/4,재활의학과,0
횡성군,2020,1/4,2020.1/4,재활의학과,0
횡성군,2020,2/4,2020.2/4,재활의학과,0
횡성군,2020,3/4,2020.3/4,재활의학과,0
횡성군,2020,4/4,2020.4/4,재활의학과,0
횡성군,2021,1/4,2021.1/4,재활의학과,0
횡성군,2021,2/4,2021.2/4,재활의학과,0
횡성군,2021,3/4,2021.3/4,재활의학과,0
횡성군,2021,4/4,2021.4/4,재활의학과,0
횡성군,2022,1/4,2022.1/4,재활의학과,0
횡성군,2022,2/4,2022.2/4,재활의학과,0
횡성군,2022,3/4,2022.3/4,재활의학과,0
횡성군,2022,4/4,2022.4/4,재활의학과,0
횡성군,2023,1/4,2023.1/4,재활의학과,0
횡성군,2023,2/4,2023.2/4,재활의학과,0
횡성군,2023,3/4,2023.3/4,재활의학과,0
횡성군,2023,4/4,2023.4/4,재활의학과,0
횡성군,2024,1/4,2024.1/4,재활의학과,0
횡성군,2024,2/4,2024.2/4,재활의학과,0
횡성군,2024,3/4,2024.3/4,재활의학과,0
횡성군,2024,4/4,2024.4/4,재활의학과,0
횡성군,2025,1/4,2025.1/4,재활의학과,0
횡성군,2025,2/4,2025.2/4,재활의학과,0
횡성군,2025,3/4,2025.3/4,재활의학과,0
횡성군,2025,4/4,2025.4/4,재활의학과,0
횡성군,2009,1/4,2009.1/4,정신건강의학과,0
횡성군,2009,2/4,2009.2/4,정신건강의학과,0
횡성군,2009,3/4,2009.3/4,정신건강의학과,0
횡성군,2009,4/4,2009.4/4,정신건강의학과,0
횡성군,2010,1/4,2010.1/4,정신건강의학과,0
횡성군,2010,2/4,2010.2/4,정신건강의학과,0
횡성군,2010,3/4,2010.3/4,정신건강의학과,0
횡성군,2010,4/4,2010.4/4,정신건강의학과,0
횡성군,2011,1/4,2011.1/4,정신건강의학과,0
횡성군,2011,2/4,2011.2/4,정신건강의학과,0
횡성군,2011,3/4,2011.3/4,정신건강의학과,1
횡성군,2011,4/4,2011.4/4,정신건강의학과,0
횡성군,2012,1/4,2012.1/4,정신건강의학과,0
횡성군,2012,2/4,2012.2/4,정신건강의학과,0
횡성군,2012,3/4,2012.3/4,정신건강의학과,0
횡성군,2012,4/4,2012.4/4,정신건강의학과,0
횡성군,2013,1/4,2013.1/4,정신건강의학과,0
횡성군,2013,2/4,2013.2/4,정신건강의학과,0
횡성군,2013,3/4,2013.3/4,정신건강의학과,0
횡성군,2013,4/4,2013.4/4,정신건강의학과,0
횡성군,2014,1/4,2014.1/4,정신건강의학과,0
횡성군,2014,2/4,2014.2/4,정신건강의학과,0
횡성군,2014,3/4,2014.3/4,정신건강의학과,0
횡성군,2014,4/4,2014.4/4,정신건강의학과,0
횡성군,2015,1/4,2015.1/4,정신건강의학과,0
횡성군,2015,2/4,2015.2/4,정신건강의학과,0
횡성군,2015,3/4,2015.3/4,정신건강의학과,0
횡성군,2015,4/4,2015.4/4,정신건강의학과,0
횡성군,2016,1/4,2016.1/4,정신건강의학과,0
횡성군,2016,2/4,2016.2/4,정신건강의학과,0
횡성군,2016,3/4,2016.3/4,정신건강의학과,0
횡성군,2016,4/4,2016.4/4,정신건강의학과,0
횡성군,2017,1/4,2017.1/4,정신건강의학과,0
횡성군,2017,2/4,2017.2/4,정신건강의학과,0
횡성군,2017,3/4,2017.3/4,정신건강의학과,0
횡성군,2017,4/4,2017.4/4,정신건강의학과,0
횡성군,2018,1/4,2018.1/4,정신건강의학과,0
횡성군,2018,2/4,2018.2/4,정신건강의학과,0
횡성군,2018,3/4,2018.3/4,정신건강의학과,0
횡성군,2018,4/4,2018.4/4,정신건강의학과,0
횡성군,2019,1/4,2019.1/4,정신건강의학과,0
횡성군,2019,2/4,2019.2/4,정신건강의학과,0
횡성군,2019,3/4,2019.3/4,정신건강의학과,0
횡성군,2019,4/4,2019.4/4,정신건강의학과,0
횡성군,2020,1/4,2020.1/4,정신건강의학과,0
횡성군,2020,2/4,2020.2/4,정신건강의학과,0
횡성군,2020,3/4,2020.3/4,정신건강의학과,0
횡성군,2020,4/4,2020.4/4,정신건강의학과,0
횡성군,2021,1/4,2021.1/4,정신건강의학과,0
횡성군,2021,2/4,2021.2/4,정신건강의학과,0
횡성군,2021,3/4,2021.3/4,정신건강의학과,0
횡성군,2021,4/4,2021.4/4,정신건강의학과,0
횡성군,2022,1/4,2022.1/4,정신건강의학과,0
횡성군,2022,2/4,2022.2/4,정신건강의학과,0
횡성군,2022,3/4,2022.3/4,정신건강의학과,0
횡성군,2022,4/4,2022.4/4,정신건강의학과,0
횡성군,2023,1/4,2023.1/4,정신건강의학과,0
횡성군,2023,2/4,2023.2/4,정신건강의학과,0
횡성군,2023,3/4,2023.3/4,정신건강의학과,0
횡성군,2023,4/4,2023.4/4,정신건강의학과,0
횡성군,2024,1/4,2024.1/4,정신건강의학과,0
횡성군,2024,2/4,2024.2/4,정신건강의학과,0
횡성군,2024,3/4,2024.3/4,정신건강의학과,0
횡성군,2024,4/4,2024.4/4,정신건강의학과,0
횡성군,2025,1/4,2025.1/4,정신건강의학과,0
횡성군,2025,2/4,2025.2/4,정신건강의학과,0
횡성군,2025,3/4,2025.3/4,정신건강의학과,0
횡성군,2025,4/4,2025.4/4,정신건강의학과,0
횡성군,2009,1/4,2009.1/4,정형외과,2
횡성군,2009,2/4,2009.2/4,정형외과,2
횡성군,2009,3/4,2009.3/4,정형외과,2
횡성군,2009,4/4,2009.4/4,정형외과,2
횡성군,2010,1/4,2010.1/4,정형외과,2
횡성군,2010,2/4,2010.2/4,정형외과,2
횡성군,2010,3/4,2010.3/4,정형외과,2
횡성군,2010,4/4,2010.4/4,정형외과,2
횡성군,2011,1/4,2011.1/4,정형외과,2
횡성군,2011,2/4,2011.2/4,정형외과,2
횡성군,2011,3/4,2011.3/4,정형외과,2
횡성군,2011,4/4,2011.4/4,정형외과,2
횡성군,2012,1/4,2012.1/4,정형외과,2
횡성군,2012,2/4,2012.2/4,정형외과,2
횡성군,2012,3/4,2012.3/4,정형외과,2
횡성군,2012,4/4,2012.4/4,정형외과,2
횡성군,2013,1/4,2013.1/4,정형외과,2
횡성군,2013,2/4,2013.2/4,정형외과,2
횡성군,2013,3/4,2013.3/4,정형외과,2
횡성군,2013,4/4,2013.4/4,정형외과,2
횡성군,2014,1/4,2014.1/4,정형외과,2
횡성군,2014,2/4,2014.2/4,정형외과,2
횡성군,2014,3/4,2014.3/4,정형외과,2
횡성군,2014,4/4,2014.4/4,정형외과,2
횡성군,2015,1/4,2015.1/4,정형외과,3
횡성군,2015,2/4,2015.2/4,정형외과,3
횡성군,2015,3/4,2015.3/4,정형외과,2
횡성군,2015,4/4,2015.4/4,정형외과,3
횡성군,2016,1/4,2016.1/4,정형외과,3
횡성군,2016,2/4,2016.2/4,정형외과,3
횡성군,2016,3/4,2016.3/4,정형외과,3
횡성군,2016,4/4,2016.4/4,정형외과,3
횡성군,2017,1/4,2017.1/4,정형외과,2
횡성군,2017,2/4,2017.2/4,정형외과,2
횡성군,2017,3/4,2017.3/4,정형외과,2
횡성군,2017,4/4,2017.4/4,정형외과,2
횡성군,2018,1/4,2018.1/4,정형외과,2
횡성군,2018,2/4,2018.2/4,정형외과,2
횡성군,2018,3/4,2018.3/4,정형외과,2
횡성군,2018,4/4,2018.4/4,정형외과,2
횡성군,2019,1/4,2019.1/4,정형외과,2
횡성군,2019,2/4,2019.2/4,정형외과,2
횡성군,2019,3/4,2019.3/4,정형외과,2
횡성군,2019,4/4,2019.4/4,정형외과,2
횡성군,2020,1/4,2020.1/4,정형외과,2
횡성군,2020,2/4,2020.2/4,정형외과,2
횡성군,2020,3/4,2020.3/4,정형외과,2
횡성군,2020,4/4,2020.4/4,정형외과,2
횡성군,2021,1/4,2021.1/4,정형외과,2
횡성군,2021,2/4,2021.2/4,정형외과,2
횡성군,2021,3/4,2021.3/4,정형외과,2
횡성군,2021,4/4,2021.4/4,정형외과,2
횡성군,2022,1/4,2022.1/4,정형외과,2
횡성군,2022,2/4,2022.2/4,정형외과,2
횡성군,2022,3/4,2022.3/4,정형외과,2
횡성군,2022,4/4,2022.4/4,정형외과,2
횡성군,2023,1/4,2023.1/4,정형외과,1
횡성군,2023,2/4,2023.2/4,정형외과,2
횡성군,2023,3/4,2023.3/4,정형외과,2
횡성군,2023,4/4,2023.4/4,정형외과,2
횡성군,2024,1/4,2024.1/4,정형외과,2
횡성군,2024,2/4,2024.2/4,정형외과,2
횡성군,2024,3/4,2024.3/4,정형외과,2
횡성군,2024,4/4,2024.4/4,정형외과,2
횡성군,2025,1/4,2025.1/4,정형외과,2
횡성군,2025,2/4,2025.2/4,정형외과,2
횡성군,2025,3/4,2025.3/4,정형외과,2
횡성군,2025,4/4,2025.4/4,정형외과,2
횡성군,2009,1/4,2009.1/4,직업환경의학과,0
횡성군,2009,2/4,2009.2/4,직업환경의학과,0
횡성군,2009,3/4,2009.3/4,직업환경의학과,0
횡성군,2009,4/4,2009.4/4,직업환경의학과,0
횡성군,2010,1/4,2010.1/4,직업환경의학과,0
횡성군,2010,2/4,2010.2/4,직업환경의학과,0
횡성군,2010,3/4,2010.3/4,직업환경의학과,0
횡성군,2010,4/4,2010.4/4,직업환경의학과,0
횡성군,2011,1/4,2011.1/4,직업환경의학과,0
횡성군,2011,2/4,2011.2/4,직업환경의학과,1
횡성군,2011,3/4,2011.3/4,직업환경의학과,1
횡성군,2011,4/4,2011.4/4,직업환경의학과,1
횡성군,2012,1/4,2012.1/4,직업환경의학과,1
횡성군,2012,2/4,2012.2/4,직업환경의학과,0
횡성군,2012,3/4,2012.3/4,직업환경의학과,0
횡성군,2012,4/4,2012.4/4,직업환경의학과,0
횡성군,2013,1/4,2013.1/4,직업환경의학과,0
횡성군,2013,2/4,2013.2/4,직업환경의학과,0
횡성군,2013,3/4,2013.3/4,직업환경의학과,0
횡성군,2013,4/4,2013.4/4,직업환경의학과,0
횡성군,2014,1/4,2014.1/4,직업환경의학과,0
횡성군,2014,2/4,2014.2/4,직업환경의학과,0
횡성군,2014,3/4,2014.3/4,직업환경의학과,0
횡성군,2014,4/4,2014.4/4,직업환경의학과,0
횡성군,2015,1/4,2015.1/4,직업환경의학과,0
횡성군,2015,2/4,2015.2/4,직업환경의학과,0
횡성군,2015,3/4,2015.3/4,직업환경의학과,0
횡성군,2015,4/4,2015.4/4,직업환경의학과,0
횡성군,2016,1/4,2016.1/4,직업환경의학과,0
횡성군,2016,2/4,2016.2/4,직업환경의학과,0
횡성군,2016,3/4,2016.3/4,직업환경의학과,0
횡성군,2016,4/4,2016.4/4,직업환경의학과,0
횡성군,2017,1/4,2017.1/4,직업환경의학과,0
횡성군,2017,2/4,2017.2/4,직업환경의학과,0
횡성군,2017,3/4,2017.3/4,직업환경의학과,0
횡성군,2017,4/4,2017.4/4,직업환경의학과,0
횡성군,2018,1/4,2018.1/4,직업환경의학과,0
횡성군,2018,2/4,2018.2/4,직업환경의학과,0
횡성군,2018,3/4,2018.3/4,직업환경의학과,0
횡성군,2018,4/4,2018.4/4,직업환경의학과,0
횡성군,2019,1/4,2019.1/4,직업환경의학과,0
횡성군,2019,2/4,2019.2/4,직업환경의학과,0
횡성군,2019,3/4,2019.3/4,직업환경의학과,0
횡성군,2019,4/4,2019.4/4,직업환경의학과,0
횡성군,2020,1/4,2020.1/4,직업환경의학과,0
횡성군,2020,2/4,2020.2/4,직업환경의학과,0
횡성군,2020,3/4,2020.3/4,직업환경의학과,0
횡성군,2020,4/4,2020.4/4,직업환경의학과,0
횡성군,2021,1/4,2021.1/4,직업환경의학과,0
횡성군,2021,2/4,2021.2/4,직업환경의학과,0
횡성군,2021,3/4,2021.3/4,직업환경의학과,0
횡성군,2021,4/4,2021.4/4,직업환경의학과,0
횡성군,2022,1/4,2022.1/4,직업환경의학과,0
횡성군,2022,2/4,2022.2/4,직업환경의학과,0
횡성군,2022,3/4,2022.3/4,직업환경의학과,0
횡성군,2022,4/4,2022.4/4,직업환경의학과,0
횡성군,2023,1/4,2023.1/4,직업환경의학과,0
횡성군,2023,2/4,2023.2/4,직업환경의학과,0
횡성군,2023,3/4,2023.3/4,직업환경의학과,0
횡성군,2023,4/4,2023.4/4,직업환경의학과,0
횡성군,2024,1/4,2024.1/4,직업환경의학과,0
횡성군,2024,2/4,2024.2/4,직업환경의학과,0
횡성군,2024,3/4,2024.3/4,직업환경의학과,0
횡성군,2024,4/4,2024.4/4,직업환경의학과,0
횡성군,2025,1/4,2025.1/4,직업환경의학과,0
횡성군,2025,2/4,2025.2/4,직업환경의학과,0
횡성군,2025,3/4,2025.3/4,직업환경의학과,0
횡성군,2025,4/4,2025.4/4,직업환경의학과,0
횡성군,2009,1/4,2009.1/4,진단검사의학과,0
횡성군,2009,2/4,2009.2/4,진단검사의학과,0
횡성군,2009,3/4,2009.3/4,진단검사의학과,0
횡성군,2009,4/4,2009.4/4,진단검사의학과,0
횡성군,2010,1/4,2010.1/4,진단검사의학과,0
횡성군,2010,2/4,2010.2/4,진단검사의학과,0
횡성군,2010,3/4,2010.3/4,진단검사의학과,0
횡성군,2010,4/4,2010.4/4,진단검사의학과,0
횡성군,2011,1/4,2011.1/4,진단검사의학과,0
횡성군,2011,2/4,2011.2/4,진단검사의학과,0
횡성군,2011,3/4,2011.3/4,진단검사의학과,0
횡성군,2011,4/4,2011.4/4,진단검사의학과,0
횡성군,2012,1/4,2012.1/4,진단검사의학과,0
횡성군,2012,2/4,2012.2/4,진단검사의학과,0
횡성군,2012,3/4,2012.3/4,진단검사의학과,0
횡성군,2012,4/4,2012.4/4,진단검사의학과,0
횡성군,2013,1/4,2013.1/4,진단검사의학과,0
횡성군,2013,2/4,2013.2/4,진단검사의학과,0
횡성군,2013,3/4,2013.3/4,진단검사의학과,0
횡성군,2013,4/4,2013.4/4,진단검사의학과,0
횡성군,2014,1/4,2014.1/4,진단검사의학과,0
횡성군,2014,2/4,2014.2/4,진단검사의학과,0
횡성군,2014,3/4,2014.3/4,진단검사의학과,0
횡성군,2014,4/4,2014.4/4,진단검사의학과,0
횡성군,2015,1/4,2015.1/4,진단검사의학과,0
횡성군,2015,2/4,2015.2/4,진단검사의학과,0
횡성군,2015,3/4,2015.3/4,진단검사의학과,0
횡성군,2015,4/4,2015.4/4,진단검사의학과,0
횡성군,2016,1/4,2016.1/4,진단검사의학과,0
횡성군,2016,2/4,2016.2/4,진단검사의학과,0
횡성군,2016,3/4,2016.3/4,진단검사의학과,0
횡성군,2016,4/4,2016.4/4,진단검사의학과,0
횡성군,2017,1/4,2017.1/4,진단검사의학과,0
횡성군,2017,2/4,2017.2/4,진단검사의학과,0
횡성군,2017,3/4,2017.3/4,진단검사의학과,0
횡성군,2017,4/4,2017.4/4,진단검사의학과,0
횡성군,2018,1/4,2018.1/4,진단검사의학과,0
횡성군,2018,2/4,2018.2/4,진단검사의학과,0
횡성군,2018,3/4,2018.3/4,진단검사의학과,0
횡성군,2018,4/4,2018.4/4,진단검사의학과,0
횡성군,2019,1/4,2019.1/4,진단검사의학과,0
횡성군,2019,2/4,2019.2/4,진단검사의학과,0
횡성군,2019,3/4,2019.3/4,진단검사의학과,0
횡성군,2019,4/4,2019.4/4,진단검사의학과,0
횡성군,2020,1/4,2020.1/4,진단검사의학과,0
횡성군,2020,2/4,2020.2/4,진단검사의학과,0
횡성군,2020,3/4,2020.3/4,진단검사의학과,0
횡성군,2020,4/4,2020.4/4,진단검사의학과,0
횡성군,2021,1/4,2021.1/4,진단검사의학과,0
횡성군,2021,2/4,2021.2/4,진단검사의학과,0
횡성군,2021,3/4,2021.3/4,진단검사의학과,0
횡성군,2021,4/4,2021.4/4,진단검사의학과,0
횡성군,2022,1/4,2022.1/4,진단검사의학과,0
횡성군,2022,2/4,2022.2/4,진단검사의학과,0
횡성군,2022,3/4,2022.3/4,진단검사의학과,0
횡성군,2022,4/4,2022.4/4,진단검사의학과,0
횡성군,2023,1/4,2023.1/4,진단검사의학과,0
횡성군,2023,2/4,2023.2/4,진단검사의학과,0
횡성군,2023,3/4,2023.3/4,진단검사의학과,0
횡성군,2023,4/4,2023.4/4,진단검사의학과,0
횡성군,2024,1/4,2024.1/4,진단검사의학과,0
횡성군,2024,2/4,2024.2/4,진단검사의학과,0
횡성군,2024,3/4,2024.3/4,진단검사의학과,0
횡성군,2024,4/4,2024.4/4,진단검사의학과,0
횡성군,2025,1/4,2025.1/4,진단검사의학과,0
횡성군,2025,2/4,2025.2/4,진단검사의학과,0
횡성군,2025,3/4,2025.3/4,진단검사의학과,0
횡성군,2025,4/4,2025.4/4,진단검사의학과,0
횡성군,2009,1/4,2009.1/4,피부과,0
횡성군,2009,2/4,2009.2/4,피부과,0
횡성군,2009,3/4,2009.3/4,피부과,0
횡성군,2009,4/4,2009.4/4,피부과,0
횡성군,2010,1/4,2010.1/4,피부과,0
횡성군,2010,2/4,2010.2/4,피부과,0
횡성군,2010,3/4,2010.3/4,피부과,0
횡성군,2010,4/4,2010.4/4,피부과,0
횡성군,2011,1/4,2011.1/4,피부과,0
횡성군,2011,2/4,2011.2/4,피부과,0
횡성군,2011,3/4,2011.3/4,피부과,0
횡성군,2011,4/4,2011.4/4,피부과,0
횡성군,2012,1/4,2012.1/4,피부과,0
횡성군,2012,2/4,2012.2/4,피부과,0
횡성군,2012,3/4,2012.3/4,피부과,0
횡성군,2012,4/4,2012.4/4,피부과,0
횡성군,2013,1/4,2013.1/4,피부과,0
횡성군,2013,2/4,2013.2/4,피부과,0
횡성군,2013,3/4,2013.3/4,피부과,0
횡성군,2013,4/4,2013.4/4,피부과,0
횡성군,2014,1/4,2014.1/4,피부과,0
횡성군,2014,2/4,2014.2/4,피부과,0
횡성군,2014,3/4,2014.3/4,피부과,0
횡성군,2014,4/4,2014.4/4,피부과,0
횡성군,2015,1/4,2015.1/4,피부과,0
횡성군,2015,2/4,2015.2/4,피부과,0
횡성군,2015,3/4,2015.3/4,피부과,0
횡성군,2015,4/4,2015.4/4,피부과,0
횡성군,2016,1/4,2016.1/4,피부과,0
횡성군,2016,2/4,2016.2/4,피부과,0
횡성군,2016,3/4,2016.3/4,피부과,0
횡성군,2016,4/4,2016.4/4,피부과,0
횡성군,2017,1/4,2017.1/4,피부과,0
횡성군,2017,2/4,2017.2/4,피부과,0
횡성군,2017,3/4,2017.3/4,피부과,0
횡성군,2017,4/4,2017.4/4,피부과,0
횡성군,2018,1/4,2018.1/4,피부과,0
횡성군,2018,2/4,2018.2/4,피부과,0
횡성군,2018,3/4,2018.3/4,피부과,0
횡성군,2018,4/4,2018.4/4,피부과,0
횡성군,2019,1/4,2019.1/4,피부과,0
횡성군,2019,2/4,2019.2/4,피부과,0
횡성군,2019,3/4,2019.3/4,피부과,0
횡성군,2019,4/4,2019.4/4,피부과,0
횡성군,2020,1/4,2020.1/4,피부과,0
횡성군,2020,2/4,2020.2/4,피부과,0
횡성군,2020,3/4,2020.3/4,피부과,0
횡성군,2020,4/4,2020.4/4,피부과,0
횡성군,2021,1/4,2021.1/4,피부과,1
횡성군,2021,2/4,2021.2/4,피부과,0
횡성군,2021,3/4,2021.3/4,피부과,0
횡성군,2021,4/4,2021.4/4,피부과,0
횡성군,2022,1/4,2022.1/4,피부과,0
횡성군,2022,2/4,2022.2/4,피부과,0
횡성군,2022,3/4,2022.3/4,피부과,0
횡성군,2022,4/4,2022.4/4,피부과,0
횡성군,2023,1/4,2023.1/4,피부과,0
횡성군,2023,2/4,2023.2/4,피부과,0
횡성군,2023,3/4,2023.3/4,피부과,0
횡성군,2023,4/4,2023.4/4,피부과,0
횡성군,2024,1/4,2024.1/4,피부과,0
횡성군,2024,2/4,2024.2/4,피부과,0
횡성군,2024,3/4,2024.3/4,피부과,0
횡성군,2024,4/4,2024.4/4,피부과,0
횡성군,2025,1/4,2025.1/4,피부과,0
횡성군,2025,2/4,2025.2/4,피부과,0
횡성군,2025,3/4,2025.3/4,피부과,0
횡성군,2025,4/4,2025.4/4,피부과,0
횡성군,2009,1/4,2009.1/4,핵의학과,0
횡성군,2009,2/4,2009.2/4,핵의학과,0
횡성군,2009,3/4,2009.3/4,핵의학과,0
횡성군,2009,4/4,2009.4/4,핵의학과,0
횡성군,2010,1/4,2010.1/4,핵의학과,0
횡성군,2010,2/4,2010.2/4,핵의학과,0
횡성군,2010,3/4,2010.3/4,핵의학과,0
횡성군,2010,4/4,2010.4/4,핵의학과,0
횡성군,2011,1/4,2011.1/4,핵의학과,0
횡성군,2011,2/4,2011.2/4,핵의학과,0
횡성군,2011,3/4,2011.3/4,핵의학과,0
횡성군,2011,4/4,2011.4/4,핵의학과,0
횡성군,2012,1/4,2012.1/4,핵의학과,0
횡성군,2012,2/4,2012.2/4,핵의학과,0
횡성군,2012,3/4,2012.3/4,핵의학과,0
횡성군,2012,4/4,2012.4/4,핵의학과,0
횡성군,2013,1/4,2013.1/4,핵의학과,0
횡성군,2013,2/4,2013.2/4,핵의학과,0
횡성군,2013,3/4,2013.3/4,핵의학과,0
횡성군,2013,4/4,2013.4/4,핵의학과,0
횡성군,2014,1/4,2014.1/4,핵의학과,0
횡성군,2014,2/4,2014.2/4,핵의학과,0
횡성군,2014,3/4,2014.3/4,핵의학과,0
횡성군,2014,4/4,2014.4/4,핵의학과,0
횡성군,2015,1/4,2015.1/4,핵의학과,0
횡성군,2015,2/4,2015.2/4,핵의학과,0
횡성군,2015,3/4,2015.3/4,핵의학과,0
횡성군,2015,4/4,2015.4/4,핵의학과,0
횡성군,2016,1/4,2016.1/4,핵의학과,0
횡성군,2016,2/4,2016.2/4,핵의학과,0
횡성군,2016,3/4,2016.3/4,핵의학과,0
횡성군,2016,4/4,2016.4/4,핵의학과,0
횡성군,2017,1/4,2017.1/4,핵의학과,0
횡성군,2017,2/4,2017.2/4,핵의학과,0
횡성군,2017,3/4,2017.3/4,핵의학과,0
횡성군,2017,4/4,2017.4/4,핵의학과,0
횡성군,2018,1/4,2018.1/4,핵의학과,0
횡성군,2018,2/4,2018.2/4,핵의학과,0
횡성군,2018,3/4,2018.3/4,핵의학과,0
횡성군,2018,4/4,2018.4/4,핵의학과,0
횡성군,2019,1/4,2019.1/4,핵의학과,0
횡성군,2019,2/4,2019.2/4,핵의학과,1
횡성군,2019,3/4,2019.3/4,핵의학과,1
횡성군,2019,4/4,2019.4/4,핵의학과,1
횡성군,2020,1/4,2020.1/4,핵의학과,1
횡성군,2020,2/4,2020.2/4,핵의학과,0
횡성군,2020,3/4,2020.3/4,핵의학과,0
횡성군,2020,4/4,2020.4/4,핵의학과,0
횡성군,2021,1/4,2021.1/4,핵의학과,0
횡성군,2021,2/4,2021.2/4,핵의학과,0
횡성군,2021,3/4,2021.3/4,핵의학과,0
횡성군,2021,4/4,2021.4/4,핵의학과,0
횡성군,2022,1/4,2022.1/4,핵의학과,0
횡성군,2022,2/4,2022.2/4,핵의학과,0
횡성군,2022,3/4,2022.3/4,핵의학과,0
횡성군,2022,4/4,2022.4/4,핵의학과,0
횡성군,2023,1/4,2023.1/4,핵의학과,0
횡성군,2023,2/4,2023.2/4,핵의학과,0
횡성군,2023,3/4,2023.3/4,핵의학과,0
횡성군,2023,4/4,2023.4/4,핵의학과,0
횡성군,2024,1/4,2024.1/4,핵의학과,0
횡성군,2024,2/4,2024.2/4,핵의학과,0
횡성군,2024,3/4,2024.3/4,핵의학과,0
횡성군,2024,4/4,2024.4/4,핵의학과,0
횡성군,2025,1/4,2025.1/4,핵의학과,0
횡성군,2025,2/4,2025.2/4,핵의학과,0
횡성군,2025,3/4,2025.3/4,핵의학과,0
횡성군,2025,4/4,2025.4/4,핵의학과,0
