시군구,날짜,전문의수,고령인구비율,세이상인구,전체인구,공급_raw,수요_raw,접근성_raw,공급지수,수요지수,접근성지수,AMAI_raw,AMAI
강릉시,2009-01-01,97,13.3,28964.669999999995,217929.0,0.4450990919060795,3.3489074793532954,0.88,0.4887796410454857,0.6669703216578533,0.88,0.6806236407094183,0.6828145416166418
강릉시,2009-04-01,99,13.5,29331.0,217517.0,0.45513683987918185,3.3752684872660326,0.88,0.5006895395750267,0.6723820455400978,0.88,0.6863051191779801,0.6894197883639525
강릉시,2009-07-01,95,13.569999999999999,29495.669999999995,217568.67,0.4366437502237799,3.220811732705174,0.88,0.47874728500918823,0.6406731932003856,0.88,0.6679784355535496,0.6681133153976118
강릉시,2009-10-01,95,13.669999999999998,29763.669999999995,217557.67,0.43666582750219746,3.191810687324514,0.88,0.478773479943198,0.6347194887587303,0.88,0.6658341162883832,0.6656203449622206
강릉시,2010-01-01,102,13.87,30116.0,217300.33,0.46939643395847586,3.386903971310931,0.88,0.5176087050105328,0.6747707260903899,0.88,0.6924603295529035,0.6965757924803011
강릉시,2010-04-01,105,14.1,30562.669999999995,216973.0,0.48393118037728194,3.435563712201847,0.88,0.5348543417274991,0.6847602182507393,0.88,0.7014656561350583,0.7070453215728411
강릉시,2010-07-01,104,14.2,30847.669999999995,216862.33,0.47956692155802255,3.3714053605993586,0.88,0.5296761005688931,0.6715889736320971,0.88,0.695084167121981,0.6996262475096603
강릉시,2010-10-01,102,14.3,31226.330000000005,218578.67,0.46665120617670514,3.266474158186376,0.88,0.5143514620105114,0.6500473582291222,0.88,0.682503074592085,0.6849995581768493
강릉시,2011-01-01,105,14.37,31403.669999999995,218322.33,0.4809402684553614,3.3435582529048364,0.88,0.5313055917891344,0.6658721642346438,0.88,0.6935269388816736,0.6978158249539775
강릉시,2011-04-01,103,14.529999999999998,31648.0,217910.33,0.4726714883135646,3.254550050556117,0.88,0.5214945930755011,0.6475994253484546,0.88,0.6838521157717454,0.6865679439259544
강릉시,2011-07-01,103,14.669999999999998,31925.0,217914.0,0.4726635278137247,3.226311667971809,0.88,0.5214851478547612,0.6418022900517569,0.88,0.6817532560280382,0.6841278244091955
강릉시,2011-10-01,105,14.77,32153.0,217735.33,0.48223685150223444,3.265636177028582,0.88,0.5328440018552928,0.6498753267704042,0.88,0.6882245663068209,0.691651324041605
강릉시,2012-01-01,112,14.930000000000001,32498.330000000005,217698.0,0.5144741798270999,3.4463309345434054,0.88,0.5710939469865588,0.6869706509657606,0.88,0.71359904301894,0.7211515114831071
강릉시,2012-04-01,115,15.1,32884.33,217812.67,0.5279766323970042,3.497106372548871,0.88,0.5871147556817384,0.6973944804109476,0.88,0.7223783259448073,0.7313582438170736
강릉시,2012-07-01,114,15.23,33201.67,217732.0,0.5235794462917716,3.4335622274421738,0.88,0.5818974459356518,0.6843493279346434,0.88,0.7160302054788634,0.7239779637911553
강릉시,2012-10-01,115,15.37,33518.33,217878.33,0.5278175209071962,3.4309585232915842,0.88,0.5869259681465687,0.683814806341968,0.88,0.7174096638108628,0.7255817123067765
강릉시,2013-01-01,117,15.6,33938.67,217312.0,0.5383964070092769,3.4473949627371967,0.88,0.5994779330264373,0.6871890882427715,0.88,0.72255533354292,0.7315640316006854
강릉시,2013-04-01,120,15.77,34250.33,217195.33,0.5524980670624917,3.503615877569646,0.88,0.6162097080004567,0.6987308346163382,0.88,0.7319611502967083,0.7424991677386713
강릉시,2013-07-01,115,15.9,34512.33,216956.0,0.5300613949372224,3.3321424545952127,0.88,0.5895883493980502,0.6635285835737076,0.88,0.7109080308190576,0.7180229597023335
강릉시,2013-10-01,113,16.03,34759.33,216905.33,0.5209646070015892,3.250925722676473,0.88,0.578794910317047,0.64685537710082,0.88,0.7015042392430804,0.7070901780217697
강릉시,2014-01-01,121,16.27,35150.33,216386.67,0.5591841678602476,3.4423574401719694,0.88,0.624142840240172,0.6861549213678239,0.88,0.7298955841870358,0.7400977551657354
강릉시,2014-04-01,122,16.4,35466.67,216135.67,0.5644602762699928,3.439849300766043,0.88,0.630403000981337,0.6856400185246555,0.88,0.7316673402150169,0.7421575862124615
강릉시,2014-07-01,124,16.57,35710.33,215790.33,0.5746318660340342,3.472384601318442,0.88,0.6424717042700098,0.6923192799397831,0.88,0.737856753700074,0.7493533546231236
강릉시,2014-10-01,120,16.67,35964.67,215893.67,0.5558291727589789,3.3366078431972266,0.88,0.6201621015993644,0.6644452954923495,0.88,0.7208016433908642,0.7295252038137361
강릉시,2015-01-01,124,16.8,36168.67,215380.33,0.5757257406003603,3.4283815246731497,0.88,0.6437695984912932,0.683285767201505,0.88,0.7349966895800442,0.7460282642737609
강릉시,2015-04-01,126,16.9,36397.0,215144.67,0.5856524356378431,3.461823776684892,0.88,0.6555477314895436,0.6901512191784204,0.88,0.7411625405432549,0.7531966390629131
강릉시,2015-07-01,124,17.03,36621.67,214883.33,0.5770573268759377,3.3859733867953046,0.88,0.6453495402738477,0.6745796838334196,0.88,0.7323432174121942,0.742943356269136
강릉시,2015-10-01,122,17.17,36859.67,214710.67,0.5682065078554316,3.3098505765244233,0.88,0.6348479460198352,0.6589522225584111,0.88,0.7234087830275444,0.7325562459448042
강릉시,2016-01-01,132,17.33,37143.33,214201.67,0.6162416941007043,3.553800911226861,0.88,0.691842223577093,0.7090334583275797,0.88,0.7593406455939539,0.7743303756286336
강릉시,2016-04-01,128,17.4,37314.0,214214.67,0.5975314389065884,3.4303478587125475,0.88,0.6696422997076293,0.6836894413294711,0.88,0.7432345267238125,0.7556055155649242
강릉시,2016-07-01,127,17.5,37450.33,214061.67,0.5932869719272955,3.391158368964973,0.88,0.6646061928865749,0.6756441230964968,0.88,0.7387507270704098,0.7503926817506076
강릉시,2016-10-01,124,17.57,37614.0,213930.0,0.5796288505585939,3.2966448662731964,0.88,0.6484006814470288,0.6562411859476284,0.88,0.7266673557696466,0.7363446396040859
강릉시,2017-01-01,136,17.83,38101.67,213650.67,0.6365531172918858,3.569397351874603,0.88,0.7159419509109294,0.7122352945627797,0.88,0.7680356231751333,0.7844390951641953
강릉시,2017-04-01,138,18.2,38824.67,213766.0,0.6455657120402684,3.554441029376425,0.88,0.7266354938479249,0.7091648699446514,0.88,0.770270027107215,0.7870367973972017
강릉시,2017-07-01,134,18.37,39301.0,213718.33,0.6269934824963306,3.4095824533726877,0.88,0.7045993389326629,0.679426454103254,0.88,0.7526263702052463,0.7665244064751442
강릉시,2017-10-01,136,18.53,39688.33,213963.67,0.6356219259091975,3.426699989644311,0.88,0.7148370820788847,0.682940560246425,0.88,0.7570988010506605,0.7717240229935751
강릉시,2018-01-01,143,18.77,40042.0,213386.0,0.6701470574451932,3.5712501873033315,0.88,0.7558015309188645,0.712615668248517,0.88,0.7806395433191435,0.7990923237199764
강릉시,2018-04-01,137,18.97,40437.33,213168.67,0.6426835613319725,3.3879586016188505,0.88,0.7232157902874619,0.6749872340495393,0.88,0.7568438499559448,0.7714276186512172
강릉시,2018-07-01,140,19.17,40759.0,212743.0,0.6580710058615324,3.434824210603793,0.88,0.741473162704769,0.6846084039319396,0.88,0.766032441056164,0.782110209778321
강릉시,2018-10-01,139,19.33,41103.67,212833.67,0.6530921540750577,3.3816931675444066,0.88,0.7355657002212085,0.6737009858406112,0.88,0.7602413498063,0.7753775279855085
강릉시,2019-01-01,140,19.5,41542.33,212823.33,0.6578226174733757,3.3700565182549944,0.88,0.7411784471463797,0.6713120660740651,0.88,0.7611330869265578,0.7764142552644433
강릉시,2019-04-01,141,19.73,42040.33,213223.67,0.6612774275951633,3.353922293188469,0.88,0.7452776174084325,0.6679998265950946,0.88,0.7612176224590916,0.7765125356776124
강릉시,2019-07-01,145,19.93,42514.67,213404.33,0.6794613773769258,3.410587451343266,0.88,0.7668530741092172,0.6796327729032402,0.88,0.772171311593542,0.7892472173149246
강릉시,2019-10-01,142,20.13,42967.33,213510.67,0.6650721483849027,3.3048364885600288,0.88,0.7497800954219114,0.6579228666371802,0.88,0.7589825676952922,0.7739140767922468
강릉시,2020-01-01,148,20.5,43673.67,213248.0,0.6940276110444178,3.388769480558881,0.88,0.7841360707935616,0.6751537016193643,0.88,0.7759573349605082,0.7936488213460363
강릉시,2020-04-01,149,20.8,44319.0,212943.0,0.6997177648478701,3.36198921455809,0.88,0.7908875009548084,0.6696559070900696,0.88,0.7760812166655691,0.7937928453415389
강릉시,2020-07-01,148,21.0,44791.0,212989.33,0.6948704895217052,3.304235225826617,0.88,0.7851361553906372,0.6577994317554535,0.88,0.7699958285267519,0.7867180160638316
강릉시,2020-10-01,150,21.27,45337.0,213193.33,0.7035867397915311,3.3085559256236627,0.88,0.7954780823397779,0.6586864401110173,0.88,0.7735510384960561,0.7908512780687297
강릉시,2021-01-01,147,21.5,45868.33,213184.0,0.689545181627139,3.204825638953936,0.88,0.778817618918831,0.6373913640069133,0.88,0.7606412903813857,0.7758424960738891
강릉시,2021-04-01,147,21.7,46167.0,212785.0,0.6908381699837864,3.1840925336279158,0.88,0.7803517638454434,0.6331350077394544,0.88,0.7595822564208001,0.7746112706697699
강릉시,2021-07-01,147,21.83,46558.67,213044.33,0.689997241419192,3.1573066842330335,0.88,0.7793539928412551,0.6276360669798166,0.88,0.7572820996989567,0.7719371247077054
강릉시,2021-10-01,149,22.1,47122.33,213071.0,0.6992974172928272,3.161982864599437,0.88,0.7903887539508873,0.6285960529200476,0.88,0.7610803834713564,0.7763529825995961
강릉시,2022-01-01,150,22.47,47788.0,212772.0,0.7049799785686087,3.138863312965598,0.88,0.7971311754944258,0.6238497765205335,0.88,0.7614731527406591,0.7768096133785141
강릉시,2022-04-01,148,22.73,48309.33,212405.67,0.6967798929284703,3.063590407898433,0.88,0.7874016835636367,0.6083967946244554,0.88,0.752843281027535,0.766776585465403
강릉시,2022-07-01,148,23.0,48814.0,212075.33,0.6978652349615583,3.031917072970869,0.88,0.7886894538402527,0.6018944885053102,0.88,0.7508951871007572,0.7645117452227607
강릉시,2022-10-01,152,23.33,49393.67,211554.67,0.7184904025044684,3.077317397148258,0.88,0.813161442303111,0.6112148460358622,0.88,0.7619186923874901,0.777327594625704
강릉시,2023-01-01,146,23.7,50001.33,210925.67,0.6921869680442403,2.91992233006602,0.88,0.7819521276003307,0.5789027794299092,0.88,0.7404755752735626,0.7523979780914319
강릉시,2023-04-01,147,24.0,50561.0,210548.0,0.6981780876569713,2.9073792053163507,0.88,0.7890606570092351,0.5763277668207382,0.88,0.7417678499006473,0.7539003674473743
강릉시,2023-07-01,143,24.3,50991.67,210165.33,0.6804166986058072,2.8043796172982765,0.88,0.767986573269545,0.5551826978543339,0.88,0.7275319409108167,0.7373498001838694
강릉시,2023-10-01,144,24.6,51514.33,209635.67,0.6869060022084982,2.795338695077661,0.88,0.775686203469719,0.5533266620433823,0.88,0.7292690270253521,0.7393693242340481
강릉시,2024-01-01,152,25.0,52230.67,208971.0,0.7273736547176403,2.9101675318352225,0.88,0.8237015188974527,0.5769001900476354,0.88,0.7528090085366539,0.7667367405095227
강릉시,2024-04-01,153,25.4,52918.33,208542.0,0.7336651609747676,2.8912477018832603,0.88,0.8311664603685026,0.5730160860733877,0.88,0.7537394628474694,0.7678184801207952
강릉시,2024-07-01,149,25.630000000000003,53394.0,208171.0,0.7157577184141883,2.7905757201183654,0.88,0.8099190825312043,0.5523488578022442,0.88,0.7396221140548076,0.7514057501052958
강릉시,2024-10-01,149,26.0,54025.67,207818.67,0.7169711941665298,2.7579482123960704,0.88,0.8113588848770265,0.5456506669233763,0.88,0.7376507488683393,0.7491138548604692
강릉시,2025-01-01,146,26.43,54808.67,207412.0,0.7039129847839083,2.6638121304530835,0.88,0.7958651756166161,0.5263252115190087,0.88,0.7258180122099123,0.73535719877925
강릉시,2025-04-01,150,26.8,55487.33,207027.0,0.7245431755278298,2.703319838961435,0.88,0.8203431241628018,0.5344358577573907,0.88,0.7364060205817573,0.7476667425442428
강릉시,2025-07-01,143,27.1,56089.33,206908.0,0.6911284242271928,2.5495045136035674,0.88,0.7806961537022121,0.5028586861845173,0.88,0.7125896549659323,0.7199780040605592
강릉시,2025-10-01,143,27.47,56739.33,206503.0,0.6924838864326427,2.5202976489147826,0.88,0.7823044245385387,0.49686272853050795,0.88,0.7109248661701528,0.7180425323626325
고성군,2009-01-01,2,19.5,5892.0,30179.669999999995,0.0662697769723791,0.3394433129667345,0.28,0.03929448631098092,0.049149138344002995,0.28,0.12125525077770707,0.03249680150909906
고성군,2009-04-01,2,19.67,5962.33,30348.0,0.06590220113351786,0.3354393332807812,0.28,0.03885835352955632,0.048327150331927575,0.28,0.12082166392130629,0.03199271649165766
고성군,2009-07-01,2,19.8,5992.33,30282.330000000005,0.06604511607924488,0.3337599898536963,0.28,0.0390279236867793,0.04798239329680471,0.28,0.1207500543141418,0.031909463668045535
고성군,2009-10-01,2,19.97,6051.67,30298.669999999995,0.06600949810668258,0.3304872869802881,0.28,0.038985662570024664,0.04731053111467034,0.28,0.12049393067474272,0.03161169613351883
고성군,2010-01-01,3,20.2,6102.67,30218.330000000005,0.09927749150929252,0.49158810815593834,0.28,0.07845850316815961,0.0803833621798363,0.28,0.1447965789505857,0.059865783403813294
고성군,2010-04-01,3,20.37,6163.0,30253.669999999995,0.09916152321354733,0.48677592081778354,0.28,0.07832090550794041,0.07939545499396788,0.28,0.14439637463033722,0.05940050868716898
고성군,2010-07-01,3,20.57,6199.67,30115.0,0.09961813049975096,0.4838967235352849,0.28,0.07886267508226191,0.07880437665785228,0.28,0.1443521179359098,0.05934905616675004
고성군,2010-10-01,3,20.67,6240.33,30152.0,0.09949588750331653,0.4807438068179087,0.28,0.07871763242056307,0.07815710570544274,0.28,0.14407273930756964,0.059024252546297534
고성군,2011-01-01,3,20.93,6280.0,30001.330000000005,0.09999556686320238,0.47770700636942676,0.28,0.07931050748472021,0.07753367258152491,0.28,0.14403276865736497,0.058977782950625696
고성군,2011-04-01,2,21.07,6333.67,30065.669999999995,0.06652105208365555,0.3157726878729078,0.28,0.039592626998147105,0.044289730556866684,0.28,0.11959161848318041,0.030562674351362118
고성군,2011-07-01,2,21.3,6401.67,30086.330000000005,0.06647537270248648,0.3124184783033177,0.28,0.03953842790926045,0.04360113564069761,0.28,0.11932571156874106,0.030253532850359033
고성군,2011-10-01,2,21.4,6431.67,30029.669999999995,0.06660079847697295,0.31096122779931185,0.28,0.03968724697217436,0.04330197267314163,0.28,0.11926409604550842,0.030181899078151997
고성군,2012-01-01,2,21.5,6475.0,30105.330000000005,0.06643341893279361,0.3088803088803089,0.28,0.0394886492994256,0.04287477509980674,0.28,0.11904753334904866,0.02993012481652363
고성군,2012-04-01,2,21.53,6521.33,30322.669999999995,0.06595725244511781,0.3066859060958424,0.28,0.038923672517125106,0.042424280111327074,0.28,0.11870795970018637,0.029535338890284285
고성군,2012-07-01,2,21.7,6546.33,30202.330000000005,0.06622005653206224,0.3055146929653714,0.28,0.03923549246090572,0.04218383854360138,0.28,0.11871855422288327,0.0295476560075576
고성군,2012-10-01,2,21.87,6582.33,30064.330000000005,0.0665240169995473,0.30384377568429416,0.28,0.03959614490350933,0.04184081133518832,0.28,0.11870733251766762,0.02953460973231689
고성군,2013-01-01,2,22.2,6620.33,29833.0,0.06703985519391278,0.3020997442725665,0.28,0.04020819260275594,0.041482774325621974,0.28,0.11876931000153076,0.029606664317396947
고성군,2013-04-01,2,22.2,6672.33,30043.669999999995,0.06656976328125028,0.29974536631131854,0.28,0.039650423370616326,0.04099943759271355,0.28,0.11842011691361978,0.029200694899248092
고성군,2013-07-01,2,22.23,6717.0,30236.0,0.06614631565021828,0.2977519726068185,0.28,0.03914799809238862,0.04059020831160757,0.28,0.11811502601351317,0.02884599837320928
고성군,2013-10-01,2,22.27,6757.33,30321.330000000005,0.06596016731456039,0.29597488949037565,0.28,0.038927131041824166,0.04022538602659394,0.28,0.11791404965550498,0.028612344678600438
고성군,2014-01-01,2,22.47,6778.0,30179.330000000005,0.06627052356695791,0.29507229271171437,0.28,0.03929537215367195,0.040040089449191144,0.28,0.11796222755425337,0.02866835596347303
고성군,2014-04-01,1,22.6,6818.67,30164.0,0.03315210184325686,0.14665616608517495,0.28,0.0,0.009571334247043706,0.28,0.0946565657409329,0.0015733581142032271
고성군,2014-07-01,1,22.83,6855.33,30001.669999999995,0.03333147788106463,0.1458718982164243,0.28,0.0002128316445726905,0.009410329737297923,0.28,0.09466492069182418,0.0015830715211102436
고성군,2014-10-01,1,22.93,6877.0,30009.669999999995,0.03332259235106551,0.14541224371092046,0.28,0.00020228886536023671,0.009315965998504216,0.28,0.0946275069353319,0.0015395745520127152
고성군,2015-01-01,1,23.03,6894.0,29921.669999999995,0.033420594505587424,0.1450536698578474,0.28,0.0003185695011323278,0.00924235338510766,0.28,0.09463726060142572,0.0015509140953370443
고성군,2015-04-01,1,23.07,6915.67,29933.330000000005,0.03340757610329355,0.14459914946780283,0.28,0.00030312302342117015,0.009149043643010023,0.28,0.0945986942380752,0.0015060771136453655
고성군,2015-07-01,1,23.3,6933.33,29723.330000000005,0.03364360588130603,0.14423083857251856,0.28,0.0005831749547519222,0.009073432085413332,0.28,0.09465894597195412,0.001576125353980301
고성군,2015-10-01,1,23.5,6959.0,29641.0,0.03373705340575554,0.14369880729989942,0.28,0.0006940514717767438,0.008964209920856312,0.28,0.0946541351223737,0.0015705322942303201
고성군,2016-01-01,1,23.83,7010.33,29425.0,0.033984706881903144,0.1426466371768519,0.28,0.000987895048972516,0.008748207019831835,0.28,0.09466794298920364,0.0015865852227014005
고성군,2016-04-01,1,24.03,7039.0,29303.669999999995,0.034125418420286616,0.14206563432305727,0.28,0.0011548508391132362,0.008628931344563998,0.28,0.09467703661375335,0.001597157406387481
고성군,2016-07-01,1,24.27,7058.33,29100.669999999995,0.03436346998196262,0.14167657222034108,0.28,0.0014373016390294424,0.008549059714468697,0.28,0.09473649841927,0.0016662872815865898
고성군,2016-10-01,1,24.17,7096.0,29329.0,0.03409594599202155,0.14092446448703494,0.28,0.001119881478356552,0.008394657447460274,0.28,0.09458139990545232,0.001485970844663398
고성군,2017-01-01,1,24.33,7132.33,29269.669999999995,0.03416505891593585,0.14020663654093404,0.28,0.0012018847238160837,0.00824729257233425,0.28,0.09455376853429069,0.0014538468076721461
고성군,2017-04-01,1,24.73,7181.33,29060.0,0.034411562284927734,0.1392499718018807,0.28,0.0014943636862038909,0.008050896234501712,0.28,0.09457423819561935,0.0014776446913846025
고성군,2017-07-01,1,24.87,7213.67,29011.0,0.03446968391299852,0.13862569260861668,0.28,0.0015633256380829033,0.007922736240371032,0.28,0.09454947142039163,0.001448851013397534
고성군,2017-10-01,1,24.93,7258.0,29099.330000000005,0.034365052391240616,0.13777900248002203,0.28,0.001439179185067016,0.007748916893062906,0.28,0.09444780070620946,0.0013306493590456575
고성군,2018-01-01,1,25.13,7302.0,29048.669999999995,0.034424984000988694,0.13694878115584772,0.28,0.0015102887001419499,0.0075784784719503395,0.28,0.09440842018746778,0.0012848658460454382
고성군,2018-04-01,1,25.53,7321.33,28662.0,0.034889400600097695,0.13658720478383027,0.28,0.002061324110240334,0.007504249463174215,0.28,0.0945539239987158,0.001454027549514958
고성군,2018-07-01,1,25.93,7357.67,28384.0,0.035231116121758735,0.1359125918939012,0.28,0.0024667733404718298,0.007365756325894167,0.28,0.09463066042255475,0.0015432407739893739
고성군,2018-10-01,1,26.3,7395.0,28164.669999999995,0.03550547547690068,0.1352265043948614,0.28,0.0027923037372427836,0.007224907534521926,0.28,0.09468154993149829,0.001602404557726575
고성군,2019-01-01,1,26.73,7476.67,27972.0,0.03575003575003575,0.13374938308097054,0.28,0.003082477194994507,0.006921665233703338,0.28,0.09466266926564172,0.0015804540289291458
고성군,2019-04-01,1,27.07,7498.0,27687.669999999995,0.03611715973211181,0.13336889837289945,0.28,0.0035180738433665745,0.006843554480566991,0.28,0.09477066527806367,0.00170600943034796
고성군,2019-07-01,1,27.57,7554.67,27392.0,0.03650700934579439,0.13236845553809762,0.28,0.003980634703948258,0.006638170816943817,0.28,0.09484108010732538,0.0017878732136073633
고성군,2019-10-01,1,27.97,7624.33,27260.669999999995,0.03668288416975812,0.13115906578020628,0.28,0.0041893121197313435,0.006389891864280555,0.28,0.09481658244695199,0.0017593924066495598
고성군,2020-01-01,1,28.53,7737.0,27103.0,0.0368962845441464,0.12924906294429364,0.28,0.004442514014413403,0.005997782124149233,0.28,0.09475400935421675,0.0016866453709007412
고성군,2020-04-01,1,29.0,7813.67,26922.0,0.03714434291657381,0.1279808335903615,0.28,0.004736838005504833,0.005737423828838309,0.28,0.09475193115326952,0.0016842292691548744
고성군,2020-07-01,1,29.329999999999995,7877.33,26837.0,0.03726198904497522,0.12694656692051748,0.28,0.004876426432650918,0.00552509637700746,0.28,0.09471882332849238,0.0016457383458626795
고성군,2020-10-01,1,29.670000000000005,7939.0,26778.669999999995,0.03734315408494896,0.12596044841919637,0.28,0.004972729646561425,0.005322653395237253,0.28,0.09467575135787637,0.0015956631769808577
고성군,2021-01-01,1,30.0,8005.67,26721.330000000005,0.037423286939684504,0.12491146899634883,0.28,0.005067808161317938,0.005107305521840345,0.28,0.09462763069750217,0.0015397184370379152
고성군,2021-04-01,1,30.03,8070.67,26849.330000000005,0.03724487724647132,0.12390545022903923,0.28,0.004856123095250388,0.00490077715968296,0.28,0.09448675591886352,0.0013759384141917436
고성군,2021-07-01,1,30.1,8130.67,26982.0,0.03706174486694834,0.1229910942148679,0.28,0.004638834509858865,0.0047130664964509204,0.28,0.0943509319765122,0.0012180304579463286
고성군,2021-10-01,1,30.27,8215.67,27127.330000000005,0.03686319294969316,0.12171861820155874,0.28,0.00440325047311161,0.004451836392746086,0.28,0.09418280564942123,0.001022567977308611
고성군,2022-01-01,1,30.4,8307.33,27316.330000000005,0.036608138794633094,0.12037562008491295,0.28,0.004100625908872391,0.004176128612310665,0.28,0.09398847758390678,0.0007966435406055322
고성군,2022-04-01,1,30.57,8364.0,27365.669999999995,0.036542134725734844,0.11956001912960305,0.28,0.004022311354131482,0.004008691646969924,0.28,0.09390344865547769,0.0006977895088528113
고성군,2022-07-01,1,30.829999999999995,8421.33,27297.0,0.03663406235117412,0.11874608880070013,0.28,0.004131384494239929,0.0038415976491232504,0.28,0.09387715070923265,0.0006672157022535041
고성군,2022-10-01,1,31.1,8501.33,27329.0,0.0365911668923122,0.11762865339893876,0.28,0.004080488559833867,0.0036121962593662384,0.28,0.09377829445311882,0.0005522861169773574
고성군,2023-01-01,1,31.53,8574.67,27181.669999999995,0.03678949821699698,0.11662256390041834,0.28,0.004315810861066652,0.003405653376603871,0.28,0.09377721951787393,0.0005510364048523925
고성군,2023-04-01,1,31.670000000000005,8630.33,27230.669999999995,0.03672329766399432,0.1158704244217776,0.28,0.004237263175771708,0.0032512445925083205,0.28,0.093696827905748,0.00045757368428693546
고성군,2023-07-01,1,31.8,8681.33,27315.330000000005,0.03660947899952151,0.115189723233652,0.28,0.004102216076734007,0.003111501571731349,0.28,0.09360406793845592,0.00034973160134550707
고성군,2023-10-01,1,32.07,8763.67,27325.669999999995,0.03659562601758713,0.11410744585316426,0.28,0.004085779361087026,0.002889317868946282,0.28,0.09351859857005916,0.0002503655171965796
고성군,2024-01-01,1,32.43,8837.0,27258.330000000005,0.036686033223605405,0.11316057485572027,0.28,0.004193048506805984,0.002694932115289407,0.28,0.09348186930472674,0.00020766433268791518
고성군,2024-04-01,1,32.73,8905.33,27195.669999999995,0.03677055943096824,0.11229230135211161,0.28,0.004293339782844789,0.002516681857508911,0.28,0.09344879130869599,0.00016920808808561227
고성군,2024-07-01,1,33.2,8995.33,27096.669999999995,0.036904903812903955,0.11116879536381657,0.28,0.004452740871730039,0.002286034220331006,0.28,0.09341525654128352,0.00013022080430047378
고성군,2024-10-01,1,33.63,9085.0,27014.0,0.037017842600133265,0.1100715465052284,0.28,0.004586743986727031,0.0020607769815924985,0.28,0.09337572720982969,8.426428269195374e-05
고성군,2025-01-01,1,34.23,9186.67,26843.330000000005,0.037253202192127424,0.1088533712433341,0.28,0.0048660007349653756,0.0018106944286273123,0.28,0.09337265171790485,8.068873749797478e-05
고성군,2025-04-01,1,34.6,9283.0,26815.330000000005,0.03729210119733748,0.10772379618657763,0.28,0.004912154833095088,0.0015788008556777387,0.28,0.09330324759989263,0.0
고성군,2025-07-01,2,34.9,9339.67,26768.669999999995,0.07471420881201794,0.21414032829853732,0.28,0.049313897698796384,0.02342534368144212,0.28,0.1150886786667723,0.025327588318695388
고성군,2025-10-01,2,35.2,9442.0,26813.0,0.07459068362361541,0.21181952976064392,0.28,0.049167333702204837,0.022948900560793184,0.28,0.11487058559962939,0.0250740348589176
동해시,2009-01-01,24,12.27,11706.33,95498.33,0.25131329521678547,2.050172855198854,0.75,0.2588506588454656,0.4003495154466321,0.75,0.4699759530040897,0.43791702739684035
동해시,2009-04-01,25,12.47,11872.67,95237.33,0.26250210920444744,2.105676313752509,0.75,0.2721263098795468,0.41174397324567735,0.75,0.47824758868305395,0.4475335726263512
동해시,2009-07-01,26,12.53,11912.33,95106.33,0.2733782283471563,2.182612469600825,0.75,0.28503094503595483,0.42753840847329383,0.75,0.48799396116845245,0.4588646364530441
동해시,2009-10-01,25,12.67,12050.0,95092.0,0.2629032936524629,2.0746887966804977,0.75,0.2726023196459105,0.40538246056205063,0.75,0.47609651291628635,0.44503274712991014
동해시,2010-01-01,24,12.830000000000002,12165.33,94717.0,0.25338640370788773,1.972819479619542,0.75,0.2613104249041393,0.3844694280318971,0.75,0.46500395181233506,0.43213661392151215
동해시,2010-04-01,26,13.029999999999998,12287.33,94455.33,0.27526239122768403,2.1160007910587573,0.75,0.28726652504656525,0.4138635136135901,0.75,0.48374911290003364,0.4539296058315345
동해시,2010-07-01,25,13.1,12368.67,94346.33,0.26498116036946007,2.0212359129963042,0.75,0.2750677313920173,0.3944089709228774,0.75,0.47290021675764865,0.44131675578679286
동해시,2010-10-01,26,13.2,12568.0,95268.0,0.2729143049082588,2.068746021642266,0.75,0.2844804947658792,0.4041624519148978,0.75,0.47937042232713895,0.4488389710919799
동해시,2011-01-01,26,13.3,12629.67,94956.33,0.2738100766952556,2.058644445975231,0.75,0.28554333785751146,0.40208867163811335,0.75,0.47895307704177503,0.4483537684103348
동해시,2011-04-01,28,13.4,12700.0,94799.0,0.2953617654194664,2.204724409448819,0.75,0.31111465390702875,0.4320778294754901,0.75,0.4977930372442515,0.47025697310176595
동해시,2011-07-01,26,13.470000000000002,12778.0,94750.0,0.27440633245382584,2.034747221787447,0.75,0.2862508018824357,0.3971827446991857,0.75,0.4774006452524352,0.44654892217467634
동해시,2011-10-01,26,13.6,12899.0,95003.0,0.2736755681399535,2.0156601286921467,0.75,0.2853837419751187,0.3932643028137922,0.75,0.4757127855815827,0.4445866284403066
동해시,2012-01-01,28,13.77,13014.33,94645.67,0.2958402640078516,2.1514745668812765,0.75,0.3116823977525076,0.4211460227060954,0.75,0.49401830051755335,0.46586849083892845
동해시,2012-04-01,26,13.9,13108.670000000002,94350.33,0.2755687235010201,1.9834201333926322,0.75,0.28762999166293496,0.3866456654269596,0.75,0.4740224050844209,0.44262140401107075
동해시,2012-07-01,25,14.029999999999998,13199.329999999998,94186.33,0.26543129984998887,1.8940355305913257,0.75,0.2756018268436668,0.3682956542556858,0.75,0.4636262085740825,0.43053485936176983
동해시,2012-10-01,25,14.169999999999998,13333.329999999998,93944.67,0.2661140860891842,1.8750004687501174,0.75,0.2764119602369313,0.3643878940096789,0.75,0.4624667662439514,0.42918689989625924
동해시,2013-01-01,27,14.4,13524.670000000002,93996.0,0.2872462657985446,1.996351851838159,0.75,0.30148552421970176,0.38930045350569253,0.75,0.4793156489673902,0.44877529197072275
동해시,2013-04-01,27,14.529999999999998,13684.0,94242.0,0.2864964665435793,1.9731072785735166,0.75,0.30059587914512015,0.3845285110714252,0.75,0.47731214963708146,0.4464460377971853
동해시,2013-07-01,28,14.6,13836.0,94732.33,0.2955696328803482,2.0237062734894478,0.75,0.3113612909388938,0.3949161180290409,0.75,0.4844346696369178,0.45472662925271934
동해시,2013-10-01,28,14.7,13962.329999999998,94928.33,0.2949593656603882,2.005395947524518,0.75,0.3106372021607033,0.3911571408061627,0.75,0.48284917843077196,0.4528833483725341
동해시,2014-01-01,28,14.9,14112.329999999998,94700.67,0.29566844669631165,1.9840805876846703,0.75,0.3114785346199062,0.38678125190670215,0.75,0.4815302458646249,0.45134996668488503
동해시,2014-04-01,28,15.029999999999998,14218.0,94557.0,0.29611768562877416,1.9693346462230974,0.75,0.3120115615613562,0.3837540169907256,0.75,0.4806024828504575,0.4502713559560908
동해시,2014-07-01,28,15.169999999999998,14332.329999999998,94571.33,0.29607281614840353,1.9536251258518331,0.75,0.3119583234286874,0.38052896630779254,0.75,0.4794198421602538,0.4488964262409769
동해시,2014-10-01,27,15.23,14423.329999999998,94637.33,0.28529968036925807,1.8719671532163518,0.75,0.29917587916744404,0.36376517631349664,0.75,0.469361223753772,0.4372023475113834
동해시,2015-01-01,28,15.4,14525.670000000002,94270.0,0.2970192001697253,1.9276219272501713,0.75,0.313081218493808,0.37519069808401323,0.75,0.4778410303500675,0.44706091077936705
동해시,2015-04-01,29,15.569999999999999,14648.0,94097.67,0.30819041534184644,1.979792463134899,0.75,0.32633598833941013,0.38590093101332607,0.75,0.48585875950539176,0.45638226607747645
동해시,2015-07-01,30,15.669999999999998,14753.0,94059.67,0.31894647302079626,2.0334847149732256,0.75,0.33909816924666686,0.3969235611998053,0.75,0.4938353721801735,0.4656558196456545
동해시,2015-10-01,31,15.830000000000002,14853.670000000002,93943.0,0.3299873327443237,2.0870263039370065,0.75,0.3521982709167296,0.40791526139001716,0.75,0.5019064897680278,0.47503924395841624
동해시,2016-01-01,30,15.970000000000002,14943.329999999998,93684.0,0.32022543870885106,2.0075846548259326,0.75,0.3406156761225433,0.3916064665532479,0.75,0.4923876334674175,0.4639726888415334
동해시,2016-04-01,31,16.0,14956.670000000002,93425.33,0.33181579342561596,2.072653872820621,0.75,0.3543677596544226,0.40496470544102114,0.75,0.5015182657747337,0.47458789748528907
동해시,2016-07-01,32,16.0,14991.670000000002,93463.0,0.34238147716208556,2.1345187027195767,0.75,0.3669040597820778,0.4176651066754293,0.75,0.5100308165069896,0.48448452885451476
동해시,2016-10-01,30,16.17,15084.329999999998,93352.0,0.3213642985688576,1.988818860367017,0.75,0.3419669458902632,0.3877539849494039,0.75,0.4914174213524547,0.46284472708791236
동해시,2017-01-01,30,16.4,15273.670000000002,93105.67,0.32221453322874966,1.9641644738952717,0.75,0.34297575867902297,0.38269261808084953,0.75,0.48990304077116953,0.46108411891803636
동해시,2017-04-01,32,16.7,15477.0,92842.0,0.34467159259817753,2.067584157136396,0.75,0.36962130697117623,0.4039239295520517,0.75,0.5059126496652601,0.4796967771651025
동해시,2017-07-01,31,16.87,15656.0,92811.33,0.3340109445689443,1.9800715380684721,0.75,0.35697233066418527,0.38595822307469,0.75,0.49546123158793237,0.46754603231197156
동해시,2017-10-01,32,17.03,15814.670000000002,92846.67,0.3446542563131236,2.0234377321815757,0.75,0.36960073727801146,0.3948609884446945,0.75,0.5026295859371868,0.4758799104584759
동해시,2018-01-01,33,17.33,15997.0,92268.33,0.3576525119724178,2.062886791273364,0.75,0.38502331078534163,0.4029595943828973,0.75,0.5103811010022595,0.48489176713515214
동해시,2018-04-01,35,17.67,16208.670000000002,91788.33,0.38131209054571535,2.159338181356027,0.75,0.4130956613578759,0.4227603657689496,0.75,0.5263197538286071,0.5034219323589225
동해시,2018-07-01,35,17.87,16358.329999999998,91561.33,0.3822574442725985,2.139582708014816,0.75,0.41421733396729704,0.41870471026292405,0.75,0.5252042775632335,0.502125087529829
동해시,2018-10-01,32,18.03,16474.67,91346.0,0.35031637948021804,1.9423757805163928,0.75,0.3763189087804801,0.37821955723614614,0.75,0.4987141772956544,0.4713278840208188
동해시,2019-01-01,34,18.3,16628.33,90988.33,0.3736742942748812,2.044703226361276,0.75,0.40403333195702856,0.39922664028551086,0.75,0.5149770173659207,0.4902349470450935
동해시,2019-04-01,35,18.53,16823.33,90707.67,0.38585491171804986,2.0804442402306793,0.75,0.41848576871515714,0.4065640114123266,0.75,0.5221498964163103,0.4985740855771861
동해시,2019-07-01,35,18.8,17034.33,90539.0,0.3865737417024708,2.0546742959658526,0.75,0.4193386684091309,0.4012736286134699,0.75,0.5205039539901893,0.4966605245355391
동해시,2019-10-01,35,19.1,17250.0,90417.0,0.3870953471139277,2.028985507246377,0.75,0.4199575589749787,0.3959999064599271,0.75,0.518790846873203,0.4946688782985812
동해시,2020-01-01,30,19.43,17530.0,90296.67,0.33223816559348207,1.711351968054763,0.75,0.35486890888375844,0.3307920428025393,0.75,0.4748584996868025,0.44359344169164705
동해시,2020-04-01,33,19.7,17801.67,90351.0,0.3652422220008633,1.8537586642152115,0.75,0.3940285853299552,0.3600271054812564,0.75,0.4976756904019794,0.47012054649159496
동해시,2020-07-01,31,19.9,18030.0,90534.67,0.342410261173979,1.7193566278424846,0.75,0.3669382123292271,0.33243534144596953,0.75,0.4792273907459329,0.44867268358569934
동해시,2020-10-01,30,20.13,18237.33,90593.0,0.33115141346461646,1.6449776365290314,0.75,0.353579465512971,0.31716587356519943,0.75,0.46952878878768217,0.43739715743653285
동해시,2021-01-01,31,20.4,18414.0,90219.33,0.34360707400509405,1.6835016835016834,0.75,0.3683582439354826,0.32507458121904725,0.75,0.47701029570986414,0.4460951045529694
동해시,2021-04-01,31,20.63,18557.0,89945.0,0.34465506698537995,1.6705286414829985,0.75,0.3696016991495727,0.3224113097102232,0.75,0.47643631268180087,0.4454277959377726
동해시,2021-07-01,32,20.83,18774.0,90056.0,0.35533445855911877,1.7044849259614359,0.75,0.38227291487856785,0.3293822888272795,0.75,0.4829196347928318,0.4529652604415313
동해시,2021-10-01,33,21.07,18980.0,90068.67,0.36638711329921936,1.738672286617492,0.75,0.3953870114657093,0.3364007062089566,0.75,0.489558622305607,0.4606837004421134
동해시,2022-01-01,33,21.4,19247.0,89933.0,0.366939832986779,1.714552917337767,0.75,0.39604281946285713,0.3314491744925729,0.75,0.4879735466595664,0.458840902689172
동해시,2022-04-01,33,21.77,19490.33,89622.0,0.3682131619468434,1.6931473197221392,0.75,0.3975536382988879,0.3270547604317116,0.75,0.4868573036414396,0.45754316643874193
동해시,2022-07-01,32,22.0,19723.67,89615.67,0.35708040792419454,1.6224161122144105,0.75,0.3843445030307599,0.31253415613021174,0.75,0.4774762392296461,0.4466368071987684
동해시,2022-10-01,30,22.27,19926.0,89416.33,0.3355091849553655,1.5055706112616682,0.75,0.35875000938484575,0.28854662158176075,0.75,0.46079886664614833,0.4272478116018671
동해시,2023-01-01,32,22.57,20145.67,89266.67,0.3584764615953524,1.5884306652496543,0.75,0.38600093608823827,0.30555719016605914,0.75,0.47547183821791994,0.44430650473678246
동해시,2023-04-01,31,22.9,20379.0,89117.33,0.347856023065323,1.5211737572991804,0.75,0.3733996687949349,0.2917498343848855,0.75,0.4665387583521251,0.43392096916650624
동해시,2023-07-01,33,23.1,20588.0,88947.67,0.371004659256392,1.602875461433845,0.75,0.4008657806032473,0.3085226021390349,0.75,0.4811930558721935,0.4509579519807799
동해시,2023-10-01,31,23.4,20788.0,88692.67,0.3495215557272095,1.4912449490090436,0.75,0.3753758416430537,0.2856056669415538,0.75,0.46493544981624385,0.4320569739845892
동해시,2024-01-01,29,23.8,21036.0,88383.0,0.32811739814217666,1.378589085377448,0.75,0.34997957291513343,0.26247823457219427,0.75,0.4486310363789001,0.41310157805732406
동해시,2024-04-01,29,24.2,21287.0,88032.67,0.32942315619871576,1.362333818762625,0.75,0.35152886923131743,0.25914114614056477,0.75,0.44790909471629303,0.41226225377842896
동해시,2024-07-01,30,24.5,21494.0,87785.33,0.34174274904474355,1.3957383455848145,0.75,0.36614620183566465,0.26599885340946516,0.75,0.45496012780072415,0.4204597350509237
동해시,2024-10-01,30,24.83,21784.0,87709.33,0.3420388686129514,1.3771575468233566,0.75,0.3664975509649133,0.2621843500816173,0.75,0.45369091331680805,0.418984155254588
동해시,2025-01-01,29,25.3,22072.33,87338.0,0.33204332592914887,1.313862197602156,0.75,0.35463772947599126,0.24919027359754375,0.75,0.4452837608096817,0.40921005911761943
동해시,2025-04-01,30,25.7,22332.67,86927.33,0.3451158571188141,1.3433234808018926,0.75,0.37014843171820466,0.25523846152804186,0.75,0.45232152738981835,0.41739211684590405
동해시,2025-07-01,30,26.03,22582.67,86705.0,0.3460008073352171,1.328452304355508,0.75,0.37119843489713455,0.25218551677728046,0.75,0.45154615761168615,0.4164906774171866
동해시,2025-10-01,28,26.4,22847.0,86452.67,0.32387663677709433,1.2255438350768153,0.75,0.34494786284615486,0.23105915382771997,0.75,0.43569802392249524,0.398065749103066
삼척시,2009-01-01,9,17.13,12198.33,71129.33,0.12653008259743204,0.7378059127765849,0.6,0.11079400266431769,0.13093009309051326,0.6,0.2774086579652628,0.214039650014896
삼척시,2009-04-01,11,17.1,12347.67,72073.67,0.1526216161879921,0.8908563315994029,0.6,0.14175189465128266,0.16235023489513511,0.6,0.29845067269824677,0.23850294775350134
삼척시,2009-07-01,11,17.23,12413.67,72046.33,0.152679532739558,0.886119898466771,0.6,0.14182061327762982,0.16137787949865828,0.6,0.29812061804918427,0.23811922854921003
삼척시,2009-10-01,11,17.33,12483.33,72006.33,0.15276434724558244,0.8811751351602497,0.6,0.14192124662320604,0.1603627554272825,0.6,0.2977850823253062,0.23772913708604315
삼척시,2010-01-01,11,17.57,12580.0,71640.33,0.1535447980208913,0.8744038155802861,0.6,0.14284726006428242,0.1589726525903006,0.6,0.29757212033133373,0.23748154897569984
삼척시,2010-04-01,11,17.6,12727.33,72281.33,0.15218314328195123,0.8642818250175017,0.6,0.14123164171876298,0.15689468128336867,0.6,0.2963155497936033,0.23602066894191331
삼척시,2010-07-01,11,17.77,12778.33,71919.0,0.1529498463549271,0.8608323622883428,0.6,0.142141343359599,0.1561865315838543,0.6,0.2963440405958231,0.2360537921473838
삼척시,2010-10-01,11,17.83,12921.0,72379.67,0.15197637679199144,0.8513272966488662,0.6,0.14098631100102338,0.15423521049272854,0.6,0.2952773112960574,0.23481362019627516
삼척시,2011-01-01,11,18.0,12930.0,71899.67,0.1529909664397625,0.8507347254447023,0.6,0.142190132793168,0.15411355991896747,0.6,0.2956098343472273,0.23520020914742573
삼척시,2011-04-01,11,17.97,12999.0,72385.67,0.15196377957128807,0.8462189399184552,0.6,0.1409713642599084,0.15318650187701463,0.6,0.29489348477448224,0.23436738619271524
삼척시,2011-07-01,13,18.07,13069.67,72407.33,0.17953983388145922,0.9946693374813594,0.6,0.17369065643175013,0.18366229265403108,0.6,0.31614496916207274,0.2590742118725785
삼척시,2011-10-01,12,18.07,13104.67,72532.33,0.16544346500381277,0.9157040963259662,0.6,0.15696515949582143,0.16745130091796198,0.6,0.30505298939023145,0.24617875451678656
삼척시,2012-01-01,12,18.2,13158.670000000002,72309.33,0.16595368813402087,0.9119462681258819,0.6,0.1575705448595989,0.16667984602203814,0.6,0.3049634154042992,0.246074616433276
삼척시,2012-04-01,12,18.1,13264.329999999998,73172.67,0.16399565575507905,0.9046819552891101,0.6,0.1552473178754943,0.16518853524223076,0.6,0.30369763685884515,0.24460303123473304
삼척시,2012-07-01,12,18.27,13355.329999999998,73135.67,0.16407862264747147,0.898517670473137,0.6,0.15534575900714584,0.1639230522430227,0.6,0.3032709003308044,0.24410691036066884
삼척시,2012-10-01,11,18.47,13429.670000000002,72733.67,0.151236696842054,0.8190819282975679,0.6,0.14010867259331508,0.14761547005730405,0.6,0.29260951126641277,0.23171205472070522
삼척시,2013-01-01,12,18.8,13568.329999999998,72185.0,0.16623952344669946,0.8844124516429068,0.6,0.15790969160638751,0.16102735303984625,0.6,0.30302587477477766,0.2438220453795008
삼척시,2013-04-01,11,18.73,13721.329999999998,73281.0,0.15010712190062908,0.8016715580778249,0.6,0.13876841948375976,0.1440412472267963,0.6,0.290898106189288,0.22972238726327127
삼척시,2013-07-01,11,18.93,13817.329999999998,73053.67,0.15057422850898525,0.7961017070591787,0.6,0.13932264661945867,0.14289779717822715,0.6,0.2906580403330382,0.22944328839404055
삼척시,2013-10-01,11,19.03,13891.670000000002,73141.67,0.1503930659499571,0.79184144166972,0.6,0.1391076952477806,0.14202319556856363,0.6,0.2902746077084747,0.22899751233236482
삼척시,2014-01-01,13,19.23,13972.329999999998,72613.0,0.1790313029347362,0.9304103181072879,0.6,0.17308727886231604,0.17047038167143758,0.6,0.31118683320622836,0.2533099180226091
삼척시,2014-04-01,12,19.17,14053.329999999998,73310.67,0.16368695034433595,0.8538901456096172,0.6,0.15488103550545246,0.15476134481101383,0.6,0.2998132158457935,0.24008703079512578
삼척시,2014-07-01,12,19.4,14149.670000000002,72902.67,0.16460302482748573,0.8480763155607162,0.6,0.15596796796969162,0.15356780763568656,0.6,0.2997216492177518,0.23998057607996998
삼척시,2014-10-01,12,19.6,14236.329999999998,72594.0,0.1653029175964956,0.8429138689535857,0.6,0.15679839844899868,0.15250799476027974,0.6,0.29959820646291657,0.2398370624049
삼척시,2015-01-01,13,19.97,14302.0,71603.33,0.18155580194384816,0.9089637812893302,0.6,0.1760826247423897,0.1660675630890306,0.6,0.3105318491901929,0.2525484382307911
삼척시,2015-04-01,13,20.1,14418.0,71701.67,0.18130679522527163,0.9016507143847968,0.6,0.1757871755281469,0.1645662434524399,0.6,0.30989665557842927,0.25180996662322797
삼척시,2015-07-01,12,20.3,14477.329999999998,71343.67,0.1681999257957994,0.8288821212198659,0.6,0.16023573058618845,0.14962737864076067,0.6,0.2996317966897875,0.2398761141654599
삼척시,2015-10-01,12,20.43,14521.329999999998,71055.33,0.16888247510777868,0.8263705872671443,0.6,0.16104558286270151,0.1491117789217361,0.6,0.2996986736443142,0.23995386484053538
삼척시,2016-01-01,12,20.77,14556.329999999998,70098.67,0.17118727074279727,0.8243836186731135,0.6,0.16378024826951948,0.1487038686692457,0.6,0.3004064853685847,0.24077676175290008
삼척시,2016-04-01,12,20.8,14573.0,69981.33,0.17147430607563474,0.8234406093460509,0.6,0.16412081885344407,0.148510275688532,0.6,0.3004430095955721,0.2408192245612767
삼척시,2016-07-01,12,20.97,14594.329999999998,69688.33,0.17219525851745907,0.8222371290768402,0.6,0.16497623686650448,0.14826320991106792,0.6,0.30062122379073536,0.24102641512609896
삼척시,2016-10-01,12,20.93,14613.670000000002,69842.0,0.1718163855559692,0.821148965318089,0.6,0.16452669992465035,0.14803981777748484,0.6,0.30039986199959895,0.24076906147088872
삼척시,2017-01-01,12,21.27,14687.670000000002,69086.0,0.17369655212344035,0.8170118201185075,0.6,0.16675753826580225,0.14719049185053232,0.6,0.30079050768290494,0.24122322338372282
삼척시,2017-04-01,12,21.5,14862.0,69175.67,0.17347139536198206,0.8074283407347598,0.6,0.16649038728837245,0.14522307298598405,0.6,0.2999956502996277,0.24029912780287715
삼척시,2017-07-01,12,21.77,14969.670000000002,68864.0,0.17425650557620817,0.8016208774141312,0.6,0.16742192920504495,0.1440308428538305,0.6,0.2998559565980712,0.2401367208919064
삼척시,2017-10-01,12,21.93,15071.329999999998,68671.0,0.17474625387718248,0.7962137382699471,0.6,0.16800302095841924,0.14292079637389066,0.6,0.2996363696439497,0.23988143064967654
삼척시,2018-01-01,12,22.17,15166.670000000002,68317.67,0.1756500185091207,0.7912086173167873,0.6,0.16907534764861062,0.14189328131508103,0.6,0.29960025884910096,0.23983944849458483
삼척시,2018-04-01,13,22.27,15265.0,68689.67,0.1892569872587829,0.8516213560432361,0.6,0.18522016594225263,0.15429557875529942,0.6,0.30913362527920063,0.2509228729855476
삼척시,2018-07-01,13,22.37,15377.670000000002,68625.0,0.1894353369763206,0.845381647544784,0.6,0.18543177984652062,0.15301461182068532,0.6,0.30873668634475104,0.25046139458337424
삼척시,2018-10-01,13,22.6,15469.329999999998,68538.67,0.18967394610954663,0.8403725306784458,0.6,0.18571489221122223,0.15198627642985918,0.6,0.3084534459370256,0.2501321012854787
삼척시,2019-01-01,12,22.93,15555.670000000002,67907.0,0.1767122682492232,0.7714228959601225,0.6,0.1703357186652523,0.1378314161106948,0.6,0.29852591654430305,0.2385904257175856
삼척시,2019-04-01,12,23.1,15686.0,67990.0,0.17649654360935432,0.7650133877342854,0.6,0.1700797590039772,0.13651559052261306,0.6,0.2979701374213451,0.23794428083391583
삼척시,2019-07-01,12,23.37,15824.670000000002,67773.67,0.17705991131954343,0.7583096519548275,0.6,0.17074820099725613,0.13513936215008487,0.6,0.29768163411414417,0.23760886892625444
삼척시,2019-10-01,12,23.63,15949.670000000002,67450.0,0.17790956263899182,0.752366663385512,0.6,0.17175632164615437,0.13391930966654797,0.6,0.2975558320794435,0.23746261236907318
삼척시,2020-01-01,13,24.3,16138.0,66457.33,0.1956142384895692,0.805552113025158,0.6,0.19276311454868822,0.14483789703451086,0.6,0.30807339662151656,0.2496902586350182
삼척시,2020-04-01,13,24.83,16351.329999999998,65824.67,0.19749434368603747,0.7950423604685369,0.6,0.19499388007246926,0.14268032100041453,0.6,0.3079910326698554,0.24959450288643692
삼척시,2020-07-01,13,25.03,16444.33,65681.67,0.19792432196075405,0.7905460423136729,0.6,0.19550405403135965,0.14175725946872364,0.6,0.30781686845480494,0.24939202079989453
삼척시,2020-10-01,13,25.3,16537.67,65398.67,0.19878080089396316,0.7860841339801798,0.6,0.19652027571918682,0.14084126202398697,0.6,0.30780352863491955,0.24937651201949607
삼척시,2021-01-01,12,25.73,16628.67,64673.0,0.185548838000402,0.7216452067423312,0.6,0.18082040600426136,0.12761241726077974,0.6,0.298110492138908,0.2381074562374278
삼척시,2021-04-01,13,26.0,16692.0,64205.33,0.20247540196429173,0.778816199376947,0.6,0.20090396058282928,0.13934920772177264,0.6,0.30863512105591984,0.250343315495791
삼척시,2021-07-01,12,26.27,16794.33,63880.33,0.18785125249039883,0.7145268671033616,0.6,0.1835522461562842,0.12615107372059112,0.6,0.29843656026686416,0.23848654074043202
삼척시,2021-10-01,12,26.5,16861.0,63648.0,0.1885369532428356,0.7117015598125852,0.6,0.1843658376516112,0.1255710586092271,0.6,0.2984813178464954,0.23853857558645186
삼척시,2022-01-01,12,26.670000000000005,17041.0,63817.33,0.18803669786874505,0.704184026758993,0.6,0.18377227914025573,0.12402776355403197,0.6,0.2977377123310837,0.23767406506526728
삼척시,2022-04-01,12,26.8,17200.33,64225.67,0.18684118048126241,0.6976610332476179,0.6,0.18235378459213855,0.12268864025927442,0.6,0.2968099181276027,0.23659541807599732
삼척시,2022-07-01,12,27.1,17305.67,63853.0,0.18793165552127541,0.6934143549484071,0.6,0.1836476452380079,0.12181682798077106,0.6,0.29689938686648565,0.23669943380003156
삼척시,2022-10-01,12,27.4,17428.0,63583.0,0.18872969189877797,0.6885471654808354,0.6,0.1845945241897814,0.12081762925634221,0.6,0.2968342788315981,0.2366237396584372
삼척시,2023-01-01,11,27.8,17583.33,63239.0,0.17394329448599757,0.6255925356573527,0.6,0.16705030079668773,0.10789349999537479,0.6,0.28667457345628455,0.2248121379327141
삼척시,2023-04-01,12,28.0,17743.0,63357.67,0.18940090442088542,0.6763230569802176,0.6,0.18539092524024395,0.11830810837114203,0.6,0.29617606332368174,0.23585850295697797
삼척시,2023-07-01,12,28.2,17815.67,63117.0,0.19012310471029992,0.6735643397076844,0.6,0.18624782383821434,0.11774176370793532,0.6,0.2962393079784867,0.23593203074604674
삼척시,2023-10-01,12,28.6,17959.0,62802.33,0.1910757132736954,0.6681886519293947,0.6,0.18737810439106484,0.11663817396548079,0.6,0.29619381854879073,0.23587914505630964
삼척시,2024-01-01,12,29.130000000000003,18140.33,62303.0,0.1926070975715455,0.6615094653735626,0.6,0.18919510872769493,0.115266985370651,0.6,0.29626635929732426,0.23596348041830212
삼척시,2024-04-01,12,29.369999999999997,18325.0,62438.33,0.19218963735897485,0.654843110504775,0.6,0.18869978758741923,0.11389843102817826,0.6,0.29561665433753315,0.23520813801999535
삼척시,2024-07-01,12,29.7,18467.0,62217.0,0.1928733304402334,0.6498077652027943,0.6,0.18951099695878004,0.11286471112959617,0.6,0.2954966337260743,0.23506860290464898
삼척시,2024-10-01,12,30.130000000000003,18640.33,61893.33,0.19388195787817525,0.643765426899631,0.6,0.1907077445232923,0.11162426286570301,0.6,0.2954224523292057,0.23498236013648777
삼척시,2025-01-01,14,30.73,18864.67,61417.33,0.22794869135470397,0.7421280096603865,0.6,0.2311282990167494,0.13181738825786316,0.6,0.31536495599804304,0.2581673740762063
삼척시,2025-04-01,13,31.03,19056.33,61408.0,0.21169880145909328,0.6821880183645014,0.6,0.21184762567333207,0.1195121424390668,0.6,0.30488591427400463,0.24598451416647626
삼척시,2025-07-01,14,31.5,19221.0,61002.0,0.22950067210911118,0.7283700119660788,0.6,0.23296974127594147,0.1289929710375271,0.6,0.314919737271447,0.2576497659286154
삼척시,2025-10-01,14,32.0,19402.0,60680.33,0.2307172686766865,0.7215750953509947,0.6,0.23441324650341247,0.12759802390024627,0.6,0.3148668735146174,0.25758830689822715
속초시,2009-01-01,19,11.73,9921.0,84437.67,0.22501805177712744,1.915129523233545,0.72,0.22765106287881062,0.372626098073755,0.72,0.4404238492349999,0.40355996023956986
속초시,2009-04-01,20,11.93,10019.67,84088.33,0.23784513261233753,1.9960737229868848,0.72,0.24287053557198238,0.3892433556681681,0.72,0.45119169001718173,0.4160785758949186
속초시,2009-07-01,20,12.03,10093.0,83945.0,0.2382512359282864,1.9815713861091846,0.72,0.24335238162932724,0.38626613100782103,0.72,0.4502660005650454,0.415002375874699
속초시,2009-10-01,20,12.17,10177.67,83760.33,0.23877651866939875,1.9650863115035169,0.72,0.24397563538731473,0.38288186466112467,0.72,0.4492373749808857,0.41380650303428124
속초시,2010-01-01,19,12.3,10318.33,83824.0,0.22666539415919068,1.841383247095218,0.72,0.2296056527595647,0.35748652203305503,0.72,0.43556157587446,0.3979071155659596
속초시,2010-04-01,24,12.47,10428.67,83670.67,0.286838864801728,2.3013481105452565,0.72,0.30100213844971413,0.45191397506390607,0.72,0.49203084621066473,0.4635578904963159
속초시,2010-07-01,24,12.57,10530.0,83771.67,0.28649303517525676,2.2792022792022792,0.72,0.30059180778881106,0.44736759638340656,0.72,0.49025880694263724,0.4614977301567119
속초시,2010-10-01,25,12.67,10679.0,84333.33,0.2964426994641383,2.341043168836033,0.72,0.31239719405683786,0.4600630828548675,0.72,0.49854098168711003,0.4711265280293605
속초시,2011-01-01,25,12.73,10698.67,84098.0,0.2972722300173607,2.3367390526112124,0.72,0.3133814411949914,0.45917947898649786,0.72,0.4985293531996826,0.4711130088319929
속초시,2011-04-01,26,12.87,10792.67,83884.33,0.30995061890581943,2.4090424334293554,0.72,0.32842448925559475,0.47402283907484627,0.72,0.5086006780063507,0.48282185993271565
속초시,2011-07-01,28,13.0,10901.67,83811.0,0.33408502463877054,2.5684138301746433,0.72,0.3570602274829793,0.5067406318378611,0.72,0.5293855755932975,0.5069862350929926
속초시,2011-10-01,28,13.13,11007.0,83808.0,0.3340969835815196,2.5438357408921597,0.72,0.35707441690027125,0.5016949282293248,0.72,0.5275657815982672,0.5048705554449991
속초시,2012-01-01,29,13.3,11130.33,83720.0,0.3463927376970855,2.605493278276565,0.72,0.37166346458835686,0.5143527738127762,0.72,0.5367049597432731,0.5154956994193057
속초시,2012-04-01,29,13.470000000000002,11257.33,83518.67,0.3472277515913508,2.576099305963315,0.72,0.37265421777105334,0.5083184043194615,0.72,0.5348331499337323,0.5133195465526764
속초시,2012-07-01,28,13.6,11365.0,83541.67,0.33516208139004167,2.4637043554773426,0.72,0.35833816718146244,0.48524453552802116,0.72,0.5220135279067581,0.4984155445109585
속초시,2012-10-01,28,13.73,11495.33,83615.33,0.334866824062047,2.435771743829886,0.72,0.3579878411097237,0.47951017278869046,0.72,0.5198307498700282,0.4958778621793275
속초시,2013-01-01,30,13.9,11605.67,83491.0,0.3593201662454636,2.5849433940479094,0.72,0.38700200094846915,0.510134031508775,0.72,0.539976957509688,0.5192997009170515
속초시,2013-04-01,31,14.069999999999999,11708.33,83241.67,0.37240963570288776,2.6476875865302736,0.72,0.40253280063194286,0.5230149595086823,0.72,0.5494913296251863,0.5303610427519887
속초시,2013-07-01,31,14.169999999999998,11777.0,83102.67,0.3730325391470575,2.6322492994820412,0.72,0.40327188242933826,0.5198455910612985,0.72,0.5485766247116591,0.5292976132787879
속초시,2013-10-01,31,14.27,11852.67,83085.33,0.37311039144936897,2.6154444526001317,0.72,0.4033642550435248,0.516395677783728,0.72,0.5473582277490329,0.5278811135738515
속초시,2014-01-01,29,14.430000000000001,11966.33,82989.0,0.34944390220390653,2.4234665097820303,0.72,0.37528370488235024,0.47698399741657155,0.72,0.5243268506688558,0.5011049972184494
속초시,2014-04-01,28,14.569999999999999,12082.33,82818.0,0.3380907532178995,2.317433806227772,0.72,0.3618130685626864,0.45521625181203923,0.72,0.51224385653874,0.48705739356785904
속초시,2014-07-01,29,14.669999999999998,12139.67,82837.0,0.3500851068966766,2.3888623002107963,0.72,0.37604450131278666,0.469880003973576,0.72,0.5219964064907763,0.4983956392736423
속초시,2014-10-01,29,14.8,12226.33,82662.33,0.3508248557716677,2.371930088587499,0.72,0.3769222215008303,0.4664039436376303,0.72,0.5210141799498785,0.4972537096332701
속초시,2015-01-01,32,14.970000000000002,12304.67,82364.67,0.38851609555407673,2.600638619320957,0.72,0.42164329264786243,0.5133561475116429,0.72,0.5519762247865221,0.5332499643192609
속초시,2015-04-01,31,15.029999999999998,12351.0,82130.0,0.37745038353829297,2.5099182252449195,0.72,0.40851370345930527,0.4947319080723497,0.72,0.5411364041526472,0.5206476653966255
속초시,2015-07-01,30,15.1,12404.67,82228.67,0.36483625480018106,2.418444021485457,0.72,0.39354690077487336,0.47595291696802294,0.72,0.5296660312848437,0.5073122908995227
속초시,2015-10-01,31,15.1,12492.67,82577.0,0.37540719570824804,2.4814551252854673,0.72,0.4060894385945333,0.48888863992709597,0.72,0.5382656115017942,0.5173101021330884
속초시,2016-01-01,30,15.330000000000002,12589.0,82094.0,0.36543474553560557,2.3830328064183015,0.72,0.39425701662445206,0.4686832511452065,0.72,0.5272598388935567,0.504514868616943
속초시,2016-04-01,33,15.4,12659.33,82070.0,0.4020957719020349,2.6067730282724284,0.72,0.437755728206274,0.5146154972123838,0.72,0.5574708239024547,0.539637946450869
속초시,2016-07-01,33,15.4,12743.33,82719.33,0.39893940146758927,2.5895900051242493,0.72,0.43401065992037724,0.5110879470880492,0.72,0.5550241679650979,0.5367934815353653
속초시,2016-10-01,33,15.5,12755.0,82353.33,0.4007123937793408,2.587220697765582,0.72,0.4361143348266611,0.5106015454580461,0.72,0.5555062545149692,0.5373539519539507
속초시,2017-01-01,32,15.7,12889.0,81954.33,0.3904613703754274,2.4827372177826055,0.72,0.42395138264936866,0.4891518442252387,0.72,0.5439472352304711,0.5239155177587829
속초시,2017-04-01,32,16.0,13063.0,81546.67,0.3924133260131898,2.4496669983924058,0.72,0.4262673995131324,0.48236276784934895,0.72,0.5422170541820422,0.5219040214896989
속초시,2017-07-01,32,16.23,13222.670000000002,81550.0,0.3923973022685469,2.42008610968889,0.72,0.42624838716362223,0.4762900257757243,0.72,0.5400155589229474,0.5193445786475197
속초시,2017-10-01,31,16.27,13408.670000000002,82454.67,0.3759641509692538,2.311936978089549,0.72,0.40675027214622705,0.45408779283161305,0.72,0.5258903378531571,0.5029226963782215
속초시,2018-01-01,31,16.5,13507.670000000002,81955.67,0.37825326789470454,2.294992400613873,0.72,0.4094663345914517,0.45060919387579124,0.72,0.5254821495910885,0.5024481395871964
속초시,2018-04-01,29,16.67,13599.0,81725.67,0.3548456684417516,2.1325097433634825,0.72,0.3816929600205972,0.41725268187885767,0.72,0.5047360394798671,0.4783288584722968
속초시,2018-07-01,30,16.73,13691.670000000002,81769.67,0.36688420046210285,2.191113282747831,0.72,0.39597681085957176,0.42928356380568616,0.72,0.5135530914390175,0.4885795008176489
속초시,2018-10-01,28,17.0,13886.0,81771.33,0.3424183023560947,2.01641941523837,0.72,0.36694775328037593,0.39342017883906655,0.72,0.49150791761526547,0.46294993740400914
속초시,2019-01-01,26,17.3,14081.329999999998,81473.0,0.3191241270114026,1.8464164961690412,0.72,0.3393089576632678,0.35851981159118806,0.72,0.47024573021161886,0.4382306684732593
속초시,2019-04-01,26,17.5,14281.670000000002,81605.0,0.3186079284357576,1.820515387906316,0.72,0.3386964823676637,0.35320250177412826,0.72,0.46813174491801773,0.435772964099004
속초시,2019-07-01,26,17.7,14487.0,81753.67,0.3180285362112796,1.7947125008628426,0.72,0.33800902711168107,0.34790535606155665,0.72,0.4660015992111388,0.43329647174239017
속초시,2019-10-01,26,18.0,14753.329999999998,81796.0,0.31786395422759056,1.7623139996190693,0.72,0.33781374877526743,0.3412541785530845,0.72,0.4635358468859524,0.43042980550124643
속초시,2020-01-01,28,18.33,15007.0,81757.67,0.34247551330658027,1.865795961884454,0.72,0.36701563470326953,0.3624982754566218,0.72,0.48034959308074054,0.4499773480956203
속초시,2020-04-01,30,18.7,15319.670000000002,81854.67,0.3665032184480128,1.9582667250665318,0.72,0.3955247715035776,0.3814818529881935,0.72,0.4961294046694358,0.46832284561816695
속초시,2020-07-01,28,18.93,15590.0,82337.0,0.34006582702794613,1.7960230917254651,0.72,0.3641565153924975,0.3481744108676014,0.72,0.4742767076973944,0.44291705443313434
속초시,2020-10-01,30,19.13,15801.670000000002,82613.0,0.3631389732850762,1.8985335094328635,0.72,0.39153305756271745,0.36921905671431554,0.72,0.4904474533223776,0.4617170491056557
속초시,2021-01-01,30,19.4,15980.329999999998,82465.33,0.36378924330988544,1.8773079154185177,0.72,0.39230461010946727,0.36486159608828395,0.72,0.4891133591239415,0.4601660406113727
속초시,2021-04-01,32,19.6,16124.670000000002,82265.67,0.388983642873145,1.9845367378061067,0.72,0.4221980426916754,0.38687489622084364,0.72,0.5064214909901391,0.48028835249618096
속초시,2021-07-01,31,19.83,16351.0,82414.67,0.3761466253520156,1.8959085071249466,0.72,0.40696678001121406,0.3686801627642919,0.72,0.49507963962020596,0.46710239618493676
속초시,2021-10-01,31,20.07,16599.33,82690.0,0.3748941830934817,1.8675452563446835,0.72,0.40548074347660307,0.36285739293190344,0.72,0.4925096963010124,0.46411459822991386
속초시,2022-01-01,31,20.4,16875.33,82766.0,0.3745499359640432,1.837001113459707,0.72,0.4050722904658595,0.3565869017556747,0.72,0.49011490586125905,0.46133043177567123
속초시,2022-04-01,30,20.63,17071.0,82754.67,0.3625173056698794,1.7573662937144865,0.72,0.3907954420900102,0.3402384503876521,0.72,0.47973906293539537,0.4492675500599521
속초시,2022-07-01,31,20.8,17261.33,82944.33,0.373744654999323,1.7959218669708532,0.72,0.4041168157315578,0.3481536301590708,0.72,0.48676709491353787,0.4574382904087
속초시,2022-10-01,31,21.1,17477.33,82794.0,0.3744232673865256,1.7737263071647669,0.72,0.40492199680346047,0.34359704258548474,0.72,0.4853715256237413,0.45581581140731275
속초시,2023-01-01,30,21.43,17718.0,82708.33,0.3627204176411251,1.6931933626820184,0.72,0.3910364366810434,0.3270642127176945,0.72,0.4750514006959007,0.4438177070426379
속초시,2023-04-01,33,21.7,17941.0,82498.0,0.4000096972047807,1.8393623543838138,0.72,0.43528057760118655,0.3570716474051211,0.72,0.4997380425562197,0.4725182225426411
속초시,2023-07-01,31,22.07,18171.33,82326.67,0.3765486931513203,1.7059840969263118,0.72,0.40744383788361194,0.3296900577616481,0.72,0.4811322975900224,0.45088731483097744
속초시,2023-10-01,32,22.43,18422.0,82104.67,0.3897464054115314,1.7370535229616761,0.72,0.42310306884481846,0.3360683857618445,0.72,0.48833587707799875,0.45926214547501465
속초시,2024-01-01,33,22.87,18694.67,81817.67,0.40333585642319075,1.7652090141200676,0.72,0.4392271021493733,0.34184850404952827,0.72,0.4954685494713287,0.4675545400315323
속초시,2024-04-01,33,23.23,18945.0,81518.67,0.4048152404841737,1.7418844022169437,0.72,0.4409824076322108,0.33706013026283294,0.72,0.49428633875086814,0.46618011019620564
속초시,2024-07-01,33,23.5,19116.67,81304.67,0.40588074461159485,1.726242070402429,0.72,0.4422466400152511,0.3338488729036749,0.72,0.49352073425580734,0.46529002381662865
속초시,2024-10-01,33,23.9,19355.67,81028.67,0.40726325632643356,1.7049267733950826,0.72,0.44388700539240067,0.3294729969032715,0.72,0.49245171022444545,0.4640471840267707
속초시,2025-01-01,32,24.43,19675.33,80560.67,0.39721616019330525,1.626402200115576,0.72,0.43196601516802485,0.3133524710885347,0.72,0.48289508516076296,0.45293671921264733
속초시,2025-04-01,32,24.83,19917.0,80169.0,0.3991567812995048,1.606667670833961,0.72,0.43426858348524666,0.3093011152461594,0.72,0.48215049788481634,0.4520710673035976
속초시,2025-07-01,34,25.27,20206.67,80042.67,0.4247734364683237,1.6826127214429691,0.72,0.46466302699432976,0.32489208375083667,0.72,0.497293384715613,0.4696760806003093
속초시,2025-10-01,35,25.6,20414.67,79741.0,0.4389210067593835,1.7144533808285907,0.72,0.48144927497122464,0.33142874036859526,0.72,0.5049066900827349,0.47852725565812726
양구군,2009-01-01,3,16.6,3532.3300000000004,21289.33,0.14091566056799343,0.8492977722919431,0.2,0.1278626493744455,0.15381856385052445,0.2,0.16074196130502427,0.0784037723294212
양구군,2009-04-01,4,16.7,3567.6699999999996,21323.33,0.18758796116741613,1.1211799297580776,0.2,0.1832398481015776,0.209634000406905,0.2,0.19824122189621807,0.12200014788855162
양구군,2009-07-01,4,16.9,3592.0,21301.33,0.18778170189373153,1.1135857461024499,0.2,0.18346972360728256,0.20807496953861057,0.2,0.1977494627376516,0.12142843216340102
양구군,2009-10-01,4,17.13,3650.0,21308.33,0.187720013722333,1.095890410958904,0.2,0.18339652991246194,0.2044422454744303,0.2,0.19641318989343498,0.11987489079091818
양구군,2010-01-01,4,17.17,3674.0,21406.67,0.186857647639731,1.0887316276537833,0.2,0.18237332305703688,0.2029725991426823,0.2,0.19556183553543188,0.11888511222621437
양구군,2010-04-01,7,17.33,3706.0,21402.67,0.3270619974049967,1.8888289260658393,0.2,0.34872732831589676,0.36722677607965964,0.2,0.30697508867533807,0.24841337357258525
양구군,2010-07-01,6,17.33,3719.0,21429.33,0.27999008835087236,1.6133369185264856,0.2,0.2928759897558264,0.31067026346438065,0.2,0.2690596072599549,0.20433310262243076
양구군,2010-10-01,6,17.23,3756.3300000000004,21810.67,0.275094712817167,1.5973037512678598,0.2,0.287067572765615,0.30737877042099054,0.2,0.2660529671382895,0.20083760404862538
양구군,2011-01-01,5,17.23,3747.0,21737.0,0.2300225422091365,1.3344008540165466,0.2,0.2335889458976911,0.25340671091264605,0.2,0.2298139574484654,0.1587063872880593
양구군,2011-04-01,5,17.23,3767.6699999999996,21860.67,0.22872126060180226,1.3270801317525156,0.2,0.2320449609377939,0.25190381968623005,0.2,0.22878770620213745,0.15751327483603816
양구군,2011-07-01,5,17.1,3775.6699999999996,22090.67,0.22633989824663536,1.3242682755643371,0.2,0.22921944827418586,0.2513265659887472,0.2,0.22769530351037065,0.15624325518068383
양구군,2011-10-01,5,17.03,3792.3300000000004,22254.33,0.22467537778041394,1.3184506622577676,0.2,0.22724447640737236,0.2501322521380384,0.2,0.22664582126042493,0.15502313452790434
양구군,2012-01-01,5,17.0,3818.3300000000004,22443.0,0.22278661498017197,1.3094729895006454,0.2,0.22500343854135582,0.24828920098356344,0.2,0.225278579228119,0.1534335885960404
양구군,2012-04-01,5,16.9,3841.3300000000004,22721.0,0.22006073676334667,1.301632507490895,0.2,0.22176915401326544,0.24667960684812934,0.2,0.22368509586690338,0.15158101609280827
양구군,2012-07-01,5,16.97,3865.6699999999996,22753.67,0.21974477084356062,1.2934368427724043,0.2,0.22139425696927426,0.24499709627665406,0.2,0.222959546253574,0.15073749723588137
양구군,2012-10-01,5,17.03,3877.3300000000004,22749.33,0.21978669261907932,1.2895471884002652,0.2,0.22144399761766906,0.2441985784229717,0.2,0.2226864055981806,0.15041994583872675
양구군,2013-01-01,7,17.1,3906.6699999999996,22869.33,0.3060867983452073,1.7918073448742793,0.2,0.32384002360288505,0.3473089485912127,0.2,0.29199026350571183,0.23099212164698463
양구군,2013-04-01,6,17.03,3944.0,23161.67,0.25904867826888134,1.5212981744421907,0.2,0.2680287760371367,0.29177537632267553,0.2,0.25445715637450533,0.18735639633944562
양구군,2013-07-01,6,17.03,3962.6699999999996,23250.67,0.2580570796454468,1.5141306240489367,0.2,0.266852233348599,0.29030393017127015,0.2,0.25355719431098517,0.18631010679955512
양구군,2013-10-01,6,17.0,3998.6699999999996,23519.33,0.25510930796072845,1.5004989158895334,0.2,0.26335466977683714,0.2875054392772105,0.2,0.25145153268641657,0.1838620794641388
양구군,2014-01-01,6,17.03,4012.3300000000004,23569.67,0.2545644465959854,1.4953904589104086,0.2,0.2627081857662657,0.2864567100811622,0.2,0.2508701804431267,0.1831862034513579
양구군,2014-04-01,6,17.0,4027.0,23728.67,0.2528586726521124,1.4899428855227215,0.2,0.26068426619383755,0.2853383627440643,0.2,0.24983285446697878,0.18198021559665323
양구군,2014-07-01,6,17.07,4038.0,23634.67,0.2538643442028173,1.4858841010401187,0.2,0.26187750656558595,0.2845051237044155,0.2,0.24990479924968856,0.18206385809298742
양구군,2014-10-01,6,17.07,4041.6699999999996,23670.67,0.2534782496650919,1.484534858115581,0.2,0.26141940114398726,0.2842281339101769,0.2,0.24966137981370756,0.18178086037564278
양구군,2015-01-01,7,17.03,4058.6699999999996,23808.0,0.29401881720430106,1.7247029199220436,0.2,0.3095212310580086,0.3335328964645098,0.2,0.2825313315932866,0.21999523420064454
양구군,2015-04-01,6,16.9,4056.6699999999996,24000.33,0.24999656254726496,1.479045621162185,0.2,0.25728834103010073,0.2831012333449812,0.2,0.24796193660251137,0.17980509969906766
양구군,2015-07-01,6,16.73,4047.3300000000004,24167.67,0.24826555476800208,1.4824588061759232,0.2,0.25523448123404774,0.2838019354924299,0.2,0.2475729086786242,0.17935281858190993
양구군,2015-10-01,6,16.9,4076.3300000000004,24105.33,0.24890760674091578,1.471912234779814,0.2,0.2559962829717069,0.2816368008174183,0.2,0.247028381909417,0.17871975560525138
양구군,2016-01-01,6,17.07,4105.67,24015.0,0.24984384759525297,1.4613936336822004,0.2,0.2571071430574797,0.27947740824198297,0.2,0.24659510191014083,0.17821602733773617
양구군,2016-04-01,6,17.17,4120.0,24011.67,0.24987849658103747,1.4563106796116505,0.2,0.25714825446074974,0.27843391460824163,0.2,0.24623069345007031,0.17779236863535924
양구군,2016-07-01,6,17.17,4122.33,24022.0,0.24977104321039048,1.4554875519427122,0.2,0.25702075985294603,0.2782649324631402,0.2,0.24612972442388348,0.17767498275851573
양구군,2016-10-01,6,17.17,4116.0,23986.0,0.25014591845243056,1.457725947521866,0.2,0.2574655534566407,0.2787244588535467,0.2,0.24643497505978257,0.17802986499225892
양구군,2017-01-01,7,17.33,4136.33,23845.0,0.29356259173830995,1.6923214540425933,0.2,0.3089799145175747,0.32688521619287525,0.2,0.2799586174767839,0.21700421493623623
양구군,2017-04-01,4,17.57,4202.33,23926.67,0.16717746347485882,0.9518529006527332,0.2,0.1590225677806157,0.17487238847035497,0.2,0.17809930631026044,0.09858329906215305
양구군,2017-07-01,4,17.77,4237.67,23878.33,0.16751590249401863,0.9439149343861131,0.2,0.15942412940454087,0.17324278152346875,0.2,0.17763572715479015,0.09804434520960659
양구군,2017-10-01,4,17.83,4255.33,23839.0,0.1677922731658207,0.9399976030061123,0.2,0.15975204625068246,0.1724385817806519,0.2,0.1774475340682432,0.09782555325612846
양구군,2018-01-01,4,18.07,4272.67,23674.0,0.1689617301681169,0.9361827615987194,0.2,0.16113961986473727,0.17165542248645102,0.2,0.17759836402327983,0.0980009070967556
양구군,2018-04-01,4,18.17,4295.67,23658.33,0.16907364129251726,0.9311702249008885,0.2,0.16127240364646864,0.17062638502900346,0.2,0.1772678533347375,0.09761665770418537
양구군,2018-07-01,4,18.33,4300.0,23455.0,0.1705393306331273,0.9302325581395349,0.2,0.16301146019274493,0.17043388883831143,0.2,0.1777421616538667,0.09816808520663678
양구군,2018-10-01,4,18.47,4316.0,23392.0,0.17099863201094392,0.9267840593141798,0.2,0.163556426336439,0.16972593702126243,0.2,0.17765665008439635,0.0980686700598177
양구군,2019-01-01,5,18.73,4360.33,23286.33,0.21471824886102703,1.1467021991454776,0.2,0.21543023327303282,0.2148735373483636,0.2,0.21020333038272038,0.1359072107435212
양구군,2019-04-01,5,18.9,4402.67,23287.0,0.21471207111263796,1.1356744884354268,0.2,0.21542290330652517,0.2126096282590898,0.2,0.20938254052204935,0.1349529662475819
양구군,2019-07-01,4,19.23,4460.0,23184.0,0.1725327812284334,0.8968609865470852,0.2,0.16537671128067505,0.16358294703924509,0.2,0.17600501207363967,0.09614848737169313
양구군,2019-10-01,5,19.6,4490.33,22911.33,0.21823263861155154,1.1135039072852106,0.2,0.21960009542081385,0.20805816862252974,0.2,0.20904344834549798,0.13455874007765128
양구군,2020-01-01,5,20.37,4557.67,22397.67,0.22323750640133552,1.097051783038263,0.2,0.22553842617885064,0.20468066674568228,0.2,0.20967960081132625,0.13529832644217893
양구군,2020-04-01,4,20.63,4610.67,22361.67,0.1788775167507615,0.8675528719253385,0.2,0.17290480986117235,0.15756620350777226,0.2,0.17618418131389185,0.09635678826519162
양구군,2020-07-01,4,20.8,4645.0,22313.0,0.17926769148030297,0.861141011840689,0.2,0.17336775647530156,0.15624989510012063,0.2,0.17585307126096594,0.09597184205582152
양구군,2020-10-01,3,21.0,4684.33,22301.33,0.13452112497326393,0.6404331035601676,0.2,0.12027546245952758,0.11094016103396609,0.2,0.14286668138716563,0.057622098124715554
양구군,2021-01-01,3,21.4,4742.67,22152.0,0.13542795232936078,0.6325550797335677,0.2,0.12135142310566716,0.10932285983560405,0.2,0.14261847490552004,0.0573335350218854
양구군,2021-04-01,3,21.77,4801.67,22078.33,0.13587984236126555,0.6247826277107756,0.2,0.12188759560580548,0.1077272317634688,0.2,0.1422092811446971,0.056857809245108915
양구군,2021-07-01,4,22.07,4841.0,21959.0,0.18215765745252516,0.8262755629002272,0.2,0.17679673293249332,0.14909227110786408,0.2,0.17433773183536422,0.0942101191403141
양구군,2021-10-01,4,22.37,4886.33,21849.33,0.18307197520473167,0.8186102862475518,0.2,0.17788158101611898,0.14751864536249756,0.2,0.1741080954641086,0.09394314551668892
양구군,2022-01-01,4,22.83,4954.0,21685.67,0.18445360461539811,0.8074283407347599,0.2,0.17952089952965017,0.14522307298598408,0.2,0.17379086035640762,0.09357433022065823
양구군,2022-04-01,4,23.07,4991.33,21647.33,0.18478029392077452,0.801389609583017,0.2,0.17990851998875568,0.14398336524413594,0.2,0.1734638857807917,0.0931941918880057
양구군,2022-07-01,4,23.33,5020.0,21505.0,0.1860032550569635,0.7968127490039841,0.2,0.18135957684698847,0.1430437689364664,0.2,0.17357801213206123,0.09332687437807882
양구군,2022-10-01,3,23.57,5050.67,21409.0,0.1401279835583166,0.5939806005935846,0.2,0.1269280619266991,0.1014037988232927,0.2,0.14149954271541662,0.056032672359105196
양구군,2023-01-01,3,24.03,5126.67,21326.33,0.14067117971071438,0.5851751721877945,0.2,0.12757257014448165,0.09959610818586517,0.2,0.14104756236499177,0.05550720319539862
양구군,2023-04-01,3,24.4,5203.0,21335.0,0.14061401453011482,0.5765904285988852,0.2,0.12750474302806192,0.09783372254200678,0.2,0.14038917313973898,0.05474176453139076
양구군,2023-07-01,3,24.63,5231.0,21244.67,0.14121188985284308,0.5735041101127891,0.2,0.1282141286836981,0.09720012372383155,0.2,0.14038196677791198,0.05473338646601905
양구군,2023-10-01,3,24.93,5266.67,21124.67,0.14201405276390117,0.5696198926456375,0.2,0.1291659038129864,0.09640272202734107,0.2,0.140391348085337,0.05474429310778445
양구군,2024-01-01,3,25.37,5331.33,21016.0,0.1427483821850019,0.5627113684577769,0.2,0.1300371937592973,0.0949844520787006,0.2,0.14015108730198717,0.05446496761768374
양구군,2024-04-01,3,25.8,5393.33,20908.67,0.1434811492074819,0.556242618196921,0.2,0.1309066299024358,0.09365646453016555,0.2,0.13994288757204798,0.054222916081876404
양구군,2024-07-01,3,26.1,5426.0,20788.67,0.1443093762131007,0.5528934758569849,0.2,0.13188933036699993,0.09296890987952144,0.2,0.1400016553016351,0.05429123902930111
양구군,2024-10-01,3,26.43,5463.67,20649.0,0.14528548597995058,0.5490814782005501,0.2,0.1330474953566,0.09218633438678317,0.2,0.14008094696161127,0.05438342295326465
양구군,2025-01-01,6,27.0,5531.0,20495.67,0.2927447602347228,1.0847947929849937,0.2,0.308009548430671,0.2021643955160204,0.2,0.2345633604686871,0.16422800970105905
양구군,2025-04-01,4,27.27,5588.33,20490.0,0.19521717911176184,0.7157773431418688,0.2,0.1922919992235615,0.1264077873889063,0.2,0.17098261409597781,0.09030948294895036
양구군,2025-07-01,4,27.57,5649.0,20482.33,0.1952902819161687,0.7080899274207825,0.2,0.19237873650617146,0.12482961665324019,0.2,0.17043916746625404,0.08967767573482771
양구군,2025-10-01,5,27.93,5707.67,20434.33,0.2446862706044191,0.8760142054463554,0.2,0.25098762115040185,0.15930325395906392,0.2,0.20123321477759537,0.12547861768423077
양양군,2009-01-01,1,19.9,5580.67,28023.330000000005,0.03568455283508419,0.17918995389442485,0.35,0.003004780995151529,0.016250285106965877,0.35,0.12081008600584027,0.03197925608889529
양양군,2009-04-01,1,20.2,5652.33,28008.669999999995,0.03570323046399562,0.17691819125917985,0.35,0.003026942207577231,0.015783908701760004,0.35,0.12064840262025019,0.031791284126549135
양양군,2009-07-01,1,20.3,5686.0,28011.669999999995,0.03569940671155987,0.17587055926837847,0.35,0.0030224052831959933,0.01556883744639713,0.35,0.12056922645153596,0.03169923447191117
양양군,2009-10-01,1,20.4,5709.0,27974.669999999995,0.035746623642030455,0.17516202487300755,0.35,0.0030784286912640124,0.015423380469884188,0.35,0.12053415946529296,0.03165846584133353
양양군,2010-01-01,1,20.7,5784.67,27929.0,0.03580507715994128,0.17287070826857884,0.35,0.0031477844340937894,0.01495298977651549,0.35,0.12038578521049978,0.031485966980468294
양양군,2010-04-01,2,21.0,5857.33,27883.669999999995,0.07172656970908063,0.34145250481021217,0.35,0.04576903099620327,0.049561610868549565,0.35,0.14622837438986686,0.06153037867077732
양양군,2010-07-01,2,21.17,5883.33,27805.330000000005,0.0719286554052766,0.3399435353787736,0.35,0.04600880790058611,0.049251830380006585,0.35,0.14619136797597151,0.06148735527530652
양양군,2010-10-01,2,21.27,5941.0,27960.0,0.07153075822603719,0.33664366268305,0.35,0.04553669851483239,0.04857439043025471,0.35,0.14579878929209197,0.061030946069655645
양양군,2011-01-01,2,21.4,5970.0,27865.0,0.07177462766911898,0.33500837520938026,0.35,0.04582605229511685,0.04823867776308776,0.35,0.14576791287682453,0.06099504936730213
양양군,2011-04-01,2,21.57,6025.67,27925.330000000005,0.07161956546261046,0.3319132976083987,0.35,0.045642069279182206,0.04760328076210516,0.35,0.14548064827200963,0.06066107756628755
양양군,2011-07-01,2,21.67,6063.33,27977.330000000005,0.07148644992213336,0.3298517481318022,0.35,0.04548412622422252,0.04718005959492303,0.35,0.1452782382654517,0.06042575712199863
양양군,2011-10-01,2,21.9,6129.33,27961.330000000005,0.07152735581605023,0.32629993816616176,0.35,0.04553266151790746,0.046450898749485,0.35,0.14502979607082442,0.06013691998092047
양양군,2012-01-01,2,22.23,6188.0,27835.669999999995,0.0718502554456207,0.32320620555914675,0.35,0.04591578548492833,0.045815777866016365,0.35,0.14491999849283516,0.060009270092095
양양군,2012-04-01,2,22.43,6249.67,27844.669999999995,0.07182703188796996,0.3200168968921559,0.35,0.04588823047798291,0.045161035910088944,0.35,0.14467466397999795,0.05972404591992084
양양군,2012-07-01,2,22.7,6318.33,27877.669999999995,0.07174200713330778,0.3165393387176675,0.35,0.04578734767008225,0.04444711841926038,0.35,0.14438500119821024,0.05938728601529261
양양군,2012-10-01,2,22.93,6381.67,27849.669999999995,0.07181413639730741,0.3133975902859283,0.35,0.045872929836276104,0.043802140234953844,0.35,0.14417858124180039,0.05914730363162243
양양군,2013-01-01,2,23.27,6442.0,27705.330000000005,0.07218827568558106,0.3104625892579944,0.35,0.046316850222720786,0.043199605794318634,0.35,0.14409957958060066,0.059055456858188526
양양군,2013-04-01,2,23.43,6478.0,27662.330000000005,0.07230048951046422,0.30873726458783574,0.35,0.04644999316190907,0.042845409143225786,0.35,0.144013164258559,0.058954991015012004
양양군,2013-07-01,2,23.57,6514.0,27643.669999999995,0.07234929370810751,0.30703101013202333,0.35,0.046507899879960256,0.042495127468933504,0.35,0.1439046336397397,0.05882881408397081
양양군,2013-10-01,2,23.8,6576.33,27622.330000000005,0.07240518812134963,0.3041209914952565,0.35,0.04657421921691369,0.04189772173215368,0.35,0.14370938850063705,0.058601823463990066
양양군,2014-01-01,2,23.97,6628.67,27623.0,0.07240343192267314,0.3017196511517393,0.35,0.04657213546784061,0.041404743962508914,0.35,0.14353050481103877,0.058393854549665364
양양군,2014-04-01,3,24.13,6676.33,27646.0,0.10851479418360703,0.44934866910413357,0.35,0.08941866453428929,0.07171191145815084,0.35,0.16788839838337058,0.08671216961153844
양양군,2014-07-01,3,24.27,6705.0,27613.330000000005,0.10864318066672869,0.44742729306487694,0.35,0.08957099651060918,0.07131746688179633,0.35,0.16779343328458782,0.08660176385829765
양양군,2014-10-01,3,24.5,6745.67,27533.669999999995,0.10895750548328649,0.44472973033071583,0.35,0.08994394636754435,0.07076367680212117,0.35,0.16770985814353184,0.08650459998947888
양양군,2015-01-01,3,24.7,6794.0,27502.669999999995,0.10908031838363332,0.44156608772446276,0.35,0.0900896652265124,0.07011420390245737,0.35,0.16752062138724133,0.08628459467292685
양양군,2015-04-01,3,24.73,6803.33,27521.669999999995,0.10900501314055436,0.4409605296229935,0.35,0.09000031472615952,0.06998988721279753,0.35,0.1674477306536949,0.08619985242082981
양양군,2015-07-01,3,24.93,6859.0,27501.669999999995,0.10908428469980189,0.43738154249890654,0.35,0.09009437130433287,0.06925514709368744,0.35,0.1672115084615634,0.08592522216836068
양양군,2015-10-01,3,25.17,6910.67,27480.669999999995,0.10916764402032411,0.43411130903371165,0.35,0.09019327805628277,0.06858379186316307,0.35,0.16699971947486983,0.08567899778799654
양양군,2016-01-01,3,25.37,6944.33,27378.669999999995,0.10957435112808622,0.432007119477329,0.35,0.09067584051926447,0.06815181699662001,0.35,0.1669944678134646,0.08567289224353186
양양군,2016-04-01,3,25.5,6973.0,27330.669999999995,0.10976679313020869,0.4302308905779435,0.35,0.0909041750744099,0.06778717007617763,0.35,0.16693404621567898,0.0856026465206185
양양군,2016-07-01,3,25.6,6987.0,27291.0,0.10992634934593822,0.42936882782310004,0.35,0.09109349028178393,0.06761019484010838,0.35,0.16692927213241168,0.08559709620512454
양양군,2016-10-01,3,25.6,6978.67,27214.330000000005,0.1102360410857074,0.4298813384212178,0.35,0.09146094294207902,0.06771540955165956,0.35,0.1670822353582108,0.08577493017127585
양양군,2017-01-01,3,25.77,7027.67,27258.0,0.1100594320933304,0.4268840170355182,0.35,0.0912513944273872,0.06710008119322017,0.35,0.1667942305907512,0.08544009786239731
양양군,2017-04-01,3,26.130000000000003,7132.33,27300.669999999995,0.10988741301953397,0.4206199096228021,0.35,0.09104729190164626,0.06581410533833032,0.35,0.16626546211833926,0.08482535537031433
양양군,2017-07-01,3,26.47,7222.33,27303.669999999995,0.10987533910276533,0.41537841666055136,0.35,0.0910329660664137,0.06473806481907829,0.35,0.16587194816936085,0.08436785883206399
양양군,2017-10-01,3,26.8,7297.0,27222.0,0.11020498126515318,0.4111278607646978,0.35,0.09142409012288713,0.0638654564980857,0.35,0.1656787910902201,0.08414329577584995
양양군,2018-01-01,3,27.07,7375.67,27259.669999999995,0.11005268955933804,0.40674270947588487,0.35,0.0912433943365405,0.0629652167183519,0.35,0.16529680290568421,0.08369919900995032
양양군,2018-04-01,2,27.23,7435.33,27306.669999999995,0.0732421785593044,0.26898604365912476,0.35,0.047567317590468124,0.03468477156971567,0.35,0.1414122062058007,0.05593113554975984
양양군,2018-07-01,2,27.329999999999995,7472.67,27309.669999999995,0.07323413281815563,0.267641953946849,0.35,0.04755777122997636,0.03440883969260836,0.35,0.14130945964861125,0.055811683127924866
양양군,2018-10-01,2,27.6,7534.33,27279.330000000005,0.07331558363053636,0.2654516061813061,0.35,0.04765441351599536,0.03395917717012637,0.35,0.14117711357268004,0.05565781851462023
양양군,2019-01-01,2,27.8,7618.0,27404.0,0.07298204641658153,0.2625360987135731,0.35,0.04725866793793617,0.03336064461612759,0.35,0.1408369465817983,0.05526234277313902
양양군,2019-04-01,1,28.03,7732.67,27581.669999999995,0.036255962746273164,0.1293214374853705,0.35,0.0036827651484965668,0.006012640092922988,0.35,0.11732079617255665,0.027922632368634237
양양군,2019-07-01,1,28.3,7828.67,27659.330000000005,0.03615416570104915,0.1277356179274385,0.35,0.003561981833108109,0.005687082830355489,0.35,0.11716531773486787,0.027741874234901348
양양군,2019-10-01,1,28.57,7913.0,27720.330000000005,0.036074606615433505,0.12637432073802604,0.35,0.003467584101732056,0.005407618382897234,0.35,0.11703475606844287,0.02759008416348785
양양군,2020-01-01,1,28.97,8033.0,27717.0,0.0360789407223004,0.12448649321548613,0.35,0.003472726567267076,0.00502006107389346,0.35,0.11689624631860751,0.027429053706427564
양양군,2020-04-01,1,29.4,8154.33,27768.330000000005,0.03601224848595504,0.12263423236489081,0.35,0.0033935954942704433,0.0046398053448828205,0.35,0.11673401917742704,0.02724044957767177
양양군,2020-07-01,1,29.5,8219.0,27889.0,0.0358564308508731,0.12166930283489477,0.35,0.0032087161540128722,0.004441712305365948,0.35,0.11660457782196093,0.027089961971867943
양양군,2020-10-01,1,29.73,8303.0,27945.330000000005,0.035784154275508635,0.12043839576056846,0.35,0.003122959201262099,0.0041890160035778536,0.35,0.1164863964261643,0.026952565115662658
양양군,2021-01-01,1,29.93,8373.0,27960.669999999995,0.03576452209478529,0.11943150603129106,0.35,0.003099665402597783,0.003982308839240473,0.35,0.11640437786351919,0.026857210913912466
양양군,2021-04-01,1,30.27,8480.0,27991.0,0.035725768997177665,0.11792452830188678,0.35,0.0030536844254454368,0.0036729372326909683,0.35,0.11627814623761182,0.02671045491702781
양양군,2021-07-01,1,30.53,8578.33,28086.0,0.03560492772199673,0.11657280612893187,0.35,0.0029103049214529164,0.003395438466719851,0.35,0.11613297580966533,0.026541680802630446
양양군,2021-10-01,1,30.93,8651.67,27972.0,0.03575003575003575,0.11558462123497545,0.35,0.003082477194994507,0.003192571269517077,0.35,0.11611347911659006,0.026519014084938702
양양군,2022-01-01,1,31.47,8765.0,27877.0,0.035871865695734834,0.11409013120365087,0.35,0.0032270297674463905,0.0028857632968830836,0.35,0.11604776522717941,0.026442615581154044
양양군,2022-04-01,1,31.73,8853.33,27899.669999999995,0.035842717852935184,0.11295184975596753,0.35,0.0031924455309195257,0.0026520823649727673,0.35,0.11595246335112595,0.02633181829303652
양양군,2022-07-01,1,32.0,8919.67,27883.0,0.035864146612631355,0.11211177095116748,0.35,0.0032178709903232863,0.0024796202745264,0.35,0.1158980631415949,0.026268572993587397
양양군,2022-10-01,1,32.27,8991.67,27862.669999999995,0.035890314890855764,0.1112140458891396,0.35,0.0032489199406636055,0.002295323825242373,0.35,0.11584114311013226,0.02620239816695452
양양군,2023-01-01,1,32.7,9105.0,27840.0,0.035919540229885055,0.10982976386600768,0.35,0.003283596127320515,0.0020111407579961084,0.35,0.11574924435604998,0.02609555732440927
양양군,2023-04-01,1,33.1,9209.33,27842.330000000005,0.035916534284307376,0.10858553228084997,0.35,0.003280029539784006,0.0017557090306990868,0.35,0.11565577967753163,0.025986895949172556
양양군,2023-07-01,1,33.37,9273.33,27778.330000000005,0.03599928433422743,0.10783612790658803,0.35,0.0033782133854536878,0.001601861743710787,0.35,0.11563086525551716,0.025957930618073832
양양군,2023-10-01,1,33.8,9364.67,27715.330000000005,0.036081114675524335,0.10678432875904863,0.35,0.0034753059867120017,0.0013859350012696108,0.35,0.11558316523139145,0.02590247490686301
양양군,2024-01-01,1,34.27,9476.67,27670.330000000005,0.03613979305631699,0.10552229844449579,0.35,0.003544928531827793,0.0011268493238178745,0.35,0.11551126997851571,0.025818889993564076
양양군,2024-04-01,1,34.6,9545.33,27587.0,0.03624895784246203,0.10476327167316374,0.35,0.0036744537529700624,0.0009710266284460554,0.35,0.11549544362747452,0.025800490389602693
양양군,2024-07-01,1,34.8,9599.67,27580.330000000005,0.03625772425493095,0.10417024751892513,0.35,0.0036848551979209374,0.0008492830673172656,0.35,0.11545468139763691,0.025753100509039423
양양군,2024-10-01,1,35.17,9671.0,27507.669999999995,0.03635349704282479,0.10340192327577294,0.35,0.003798490665633758,0.0006915516683609658,0.35,0.11543319532462473,0.025728120952281164
양양군,2025-01-01,1,35.6,9781.67,27475.330000000005,0.036396287141956064,0.1022320319536439,0.35,0.003849261589558929,0.0004513814583085203,0.35,0.11536224280666116,0.025645632055933898
양양군,2025-04-01,1,36.1,9872.67,27359.0,0.03655104353229285,0.10128972203061584,0.35,0.004032881751237435,0.0002579320601744338,0.35,0.11534973145755187,0.02563108644980941
양양군,2025-07-01,1,36.37,9934.0,27331.669999999995,0.03658759234250963,0.10066438494060802,0.35,0.004076247317121709,0.00012955488750899039,0.35,0.11531688069087218,0.02559289438044604
양양군,2025-10-01,1,36.6,9996.67,27319.330000000005,0.03660411876865208,0.10003331109259384,0.35,0.004095856103767871,0.0,0.35,0.11527617401046683,0.02554556908126046
영월군,2009-01-01,11,20.87,8376.0,40174.33,0.2738066820280512,1.3132760267430756,0.4,0.28553931004748334,0.2490699369682441,0.4,0.30963401377751365,0.2515046211201507
영월군,2009-04-01,11,20.97,8438.0,40241.67,0.27334849671994227,1.3036264517658211,0.4,0.28499566813279026,0.24708894915735374,0.4,0.30874777592573865,0.25047428725192045
영월군,2009-07-01,10,21.1,8488.0,40185.33,0.2488470295005665,1.17813383600377,0.4,0.25592440740881245,0.22132622460551007,0.4,0.2903412118456534,0.22907494583191806
영월군,2009-10-01,10,21.2,8533.33,40193.0,0.24879954220884234,1.1718754577638508,0.4,0.2558680632141392,0.22004142490827525,0.4,0.28985908119106585,0.22851442413750084
영월군,2010-01-01,10,21.33,8560.33,40145.67,0.24909286605504408,1.1681792641171542,0.4,0.25621609518843447,0.2192826231394869,0.4,0.28969359252709936,0.22832202818538555
영월군,2010-04-01,10,21.47,8622.0,40146.33,0.24908877100347654,1.1598237067965669,0.4,0.25621123636464516,0.2175672877755672,0.4,0.2890719077682492,0.22759926187482576
영월군,2010-07-01,10,21.6,8663.67,40110.33,0.24931233425404375,1.1542452563405579,0.4,0.2564764966238512,0.2164220723248289,0.4,0.2887408269671933,0.22721434967347315
영월군,2010-10-01,10,21.6,8761.0,40489.0,0.2469806614142113,1.1414222120762472,0.4,0.2537099411174861,0.2137895942679213,0.4,0.28692381445244586,0.22510190375481492
영월군,2011-01-01,10,21.8,8759.0,40187.67,0.24883253993077978,1.141682840506907,0.4,0.255907215374667,0.21384309939592183,0.4,0.2876303737033308,0.22592334455046598
영월군,2011-04-01,9,21.9,8794.0,40194.0,0.22391401701746527,1.0234250625426426,0.4,0.2263411134762258,0.18956563461199202,0.4,0.269606027348097,0.2049683667583132
영월군,2011-07-01,9,21.97,8827.67,40114.67,0.22435682507172564,1.0195215725100735,0.4,0.22686651010985678,0.18876427639749255,0.4,0.2694806249593322,0.20482257482667482
영월군,2011-10-01,8,22.1,8875.0,40147.0,0.19926769123471244,0.9014084507042254,0.4,0.19709797647127547,0.16451650847454038,0.4,0.2514037031258385,0.18380647315476317
영월군,2012-01-01,8,22.23,8946.67,40235.67,0.19882855187946416,0.8941874462788949,0.4,0.19657693278943073,0.16303408859773924,0.4,0.2507047861079803,0.18299391716526275
영월군,2012-04-01,8,22.37,8998.67,40253.0,0.19874295083596252,0.8890202663282463,0.4,0.19647536620847458,0.1619733040012114,0.4,0.25028950257605814,0.1825111114636097
영월군,2012-07-01,8,22.47,9034.0,40179.67,0.199105667119715,0.8855435023245516,0.4,0.1969057330742377,0.16125954954789132,0.4,0.25016605128059527,0.18236758785926632
영월군,2012-10-01,9,22.63,9086.0,40152.0,0.22414823670053796,0.9905348888399735,0.4,0.22661901770997342,0.18281352031093376,0.4,0.26725177376670967,0.20223132816935252
영월군,2013-01-01,9,22.87,9175.0,40143.0,0.22419849039683132,0.9809264305177111,0.4,0.22667864427413822,0.1808409734513346,0.4,0.26655726466312,0.20142389678985378
영월군,2013-04-01,10,22.97,9262.33,40313.33,0.24805690822365703,1.0796419475445163,0.4,0.25498691981107247,0.20110655369054634,0.4,0.2827377526348918,0.22023521784595518
영월군,2013-07-01,11,23.13,9311.33,40254.0,0.2732647687186367,1.181356476464694,0.4,0.2848963239370301,0.22198780933717135,0.4,0.29964159853251937,0.2398875097186034
영월군,2013-10-01,11,23.3,9366.33,40182.67,0.2737498528594541,1.1744194364281422,0.4,0.28547188161300546,0.2205636852914533,0.4,0.29930672864050223,0.23949819234685626
영월군,2014-01-01,12,23.47,9421.33,40158.67,0.29881467688048435,1.2737055171615899,0.4,0.31521157138716577,0.2409463981246766,0.4,0.3159772510554292,0.25887922398615026
영월군,2014-04-01,10,23.53,9457.0,40200.33,0.24875417689357276,1.0574177857671565,0.4,0.25581423676790155,0.19654409433954068,0.4,0.2813469836264515,0.21861831961777511
영월군,2014-07-01,10,23.77,9517.33,40091.0,0.24943254096929485,1.0507148538508175,0.4,0.2566191232154977,0.19516803099428506,0.4,0.28110121406683175,0.21833258966328367
영월군,2014-10-01,10,23.9,9578.67,40108.0,0.24932681759250028,1.0439862736684737,0.4,0.2564936812644547,0.1937867022458956,0.4,0.2805625732725161,0.2177063696794697
영월군,2015-01-01,10,24.0,9624.0,40117.33,0.24926883219795534,1.0390689941812137,0.4,0.25642488095515464,0.1927772204034347,0.4,0.2801760857321973,0.21725704199430945
영월군,2015-04-01,12,24.1,9667.0,40115.33,0.29913751176919146,1.2413365056377366,0.4,0.3155946185384392,0.23430127464198752,0.4,0.31369456338754853,0.2562253874228637
영월군,2015-07-01,11,24.2,9695.67,40086.0,0.2744100184603103,1.1345270620802894,0.4,0.28625517536972855,0.2123740699439537,0.4,0.2965908231792193,0.23634069983616424
영월군,2015-10-01,11,24.3,9751.0,40124.67,0.2741455568357323,1.1280894267254642,0.4,0.2859413887392889,0.21105247006013228,0.4,0.2960148705655983,0.23567110139470637
영월군,2016-01-01,10,24.5,9816.0,40071.33,0.24955498107998908,1.0187449062754685,0.4,0.25676439975543686,0.1886048324481467,0.4,0.27877378103189665,0.2156267324522328
영월군,2016-04-01,11,24.6,9843.0,40046.0,0.2746841132697398,1.1175454637813675,0.4,0.2865803918800979,0.20888787088141508,0.4,0.2954321311671946,0.23499361268518565
영월군,2016-07-01,11,24.6,9854.67,40061.0,0.27458126357305107,1.116222055127163,0.4,0.2864583595821522,0.20861618467565105,0.4,0.29529573872937387,0.234835043800122
영월군,2016-10-01,11,24.67,9886.67,40057.33,0.2746064203480362,1.112609200064329,0.4,0.28648820837275807,0.20787449171416228,0.4,0.2950369213014461,0.2345341444860743
영월군,2017-01-01,12,24.97,10001.0,40078.33,0.299413673174506,1.1998800119988002,0.4,0.31592228708758835,0.22579055693943928,0.4,0.3107200656702388,0.25276725738138595
영월군,2017-04-01,12,25.47,10183.0,40048.67,0.29963541860441306,1.1784346459785917,0.4,0.31618539048255895,0.22138797871332525,0.4,0.3092106380839159,0.25101240752847714
영월군,2017-07-01,12,25.77,10309.67,40053.0,0.29960302599056254,1.1639557813198675,0.4,0.3161469562894411,0.21841557272942724,0.4,0.3081239690163343,0.24974905374411205
영월군,2017-10-01,12,25.9,10363.33,40045.67,0.29965786563191477,1.1579289668475288,0.4,0.31621202412792954,0.21717831139549876,0.4,0.3076969980331655,0.24925266029417165
영월군,2018-01-01,12,25.93,10395.67,40051.0,0.29961798706649023,1.1543267533501929,0.4,0.3161647077708161,0.2164388030702857,0.4,0.3074148364312864,0.24892462120833497
영월군,2018-04-01,10,26.170000000000005,10475.33,40020.33,0.24987300204670976,0.954623863878274,0.4,0.25714173513525107,0.17544124713896583,0.4,0.2741326117252917,0.21023094179038238
영월군,2018-07-01,10,26.47,10559.33,39924.33,0.2504738338752334,0.94702978313965,0.4,0.2578546287175776,0.17388223739878642,0.4,0.27379192793306123,0.20983486521930256
영월군,2018-10-01,10,26.77,10640.33,39771.0,0.25143949108647,0.9398204754927714,0.4,0.25900039163481414,0.1724022187858331,0.4,0.2736151860324245,0.20962938633370015
영월군,2019-01-01,10,27.1,10712.67,39551.67,0.2528338247158717,0.9334741012277985,0.4,0.2606547838438036,0.17109935414237534,0.4,0.27366157050253725,0.2096833125911054
영월군,2019-04-01,9,27.4,10799.33,39398.0,0.22843799177623228,0.8333850340715582,0.4,0.2317088593562279,0.15055179401591762,0.4,0.2571797053082827,0.1905216125043463
영월군,2019-07-01,9,27.7,10870.67,39235.33,0.22938509756385378,0.8279158506329416,0.4,0.2328326108050129,0.14942901029197525,0.4,0.2571252344264707,0.19045828504180234
영월군,2019-10-01,9,28.1,10981.0,39121.33,0.23005352834374496,0.8195974865677079,0.4,0.23362571128769674,0.1477213104338345,0.4,0.2567558783114866,0.1900288742307612
영월군,2020-01-01,9,28.53,11127.67,38982.33,0.23087383437572867,0.808794653328145,0.4,0.2345990134297983,0.14550356705953055,0.4,0.2562584797339985,0.18945060215699555
영월군,2020-04-01,9,29.1,11285.67,38787.0,0.23203650707711349,0.7974714837488603,0.4,0.23597853739609695,0.14317900240563844,0.4,0.2558495099099105,0.18897513672748573
영월군,2020-07-01,9,29.3,11361.67,38763.0,0.23218017181332715,0.7921370713988348,0.4,0.23614899718799084,0.1420838862094772,0.4,0.25550689247771363,0.18857681212023558
영월군,2020-10-01,9,29.6,11468.0,38694.67,0.2325901732719261,0.7847924659923264,0.4,0.23663546843452563,0.14057609194699539,0.4,0.2551139098340039,0.18811993327373872
영월군,2021-01-01,9,30.130000000000003,11583.0,38480.33,0.23388572811095953,0.777000777000777,0.4,0.23817265852075717,0.13897651466458746,0.4,0.25501636444467557,0.18800652769293058
영월군,2021-04-01,9,30.43,11611.67,38191.0,0.235657615668613,0.7750823094352491,0.4,0.24027502262413555,0.13858266717681134,0.4,0.2555315032049128,0.18860542437788658
영월군,2021-07-01,8,30.630000000000003,11661.67,38043.67,0.21028465445105585,0.6860080931804793,0.4,0.21016972467235942,0.12029637611412289,0.4,0.23950457765718772,0.1699726339115879
영월군,2021-10-01,7,30.9,11717.33,37949.67,0.1844548318865487,0.5974057229761387,0.4,0.17952235570038796,0.10210695162604733,0.4,0.22334313640431513,0.15118345643637876
영월군,2022-01-01,9,31.2,11842.0,37950.0,0.23715415019762845,0.7600067556156055,0.4,0.2420506773261951,0.1354877652324738,0.4,0.25496791741415026,0.18795020351735464
영월군,2022-04-01,10,31.5,11964.33,37955.67,0.2634652477482284,0.8358178017490323,0.4,0.27326908437010566,0.15105122358946507,0.4,0.2703585593006863,0.20584325509232565
영월군,2022-07-01,9,31.829999999999995,12062.67,37891.0,0.23752342244860258,0.7461034746038812,0.4,0.24248882291927656,0.13263352239996248,0.4,0.2540730233448735,0.18690980599178347
영월군,2022-10-01,9,32.2,12162.33,37775.67,0.2382485869873387,0.7399897881409236,0.4,0.2433492386317164,0.13137842687593454,0.4,0.253888355904311,0.1866951129294302
영월군,2023-01-01,8,32.73,12305.67,37620.33,0.21265097887232778,0.6501068206769726,0.4,0.2129773946617677,0.1129261050511444,0.4,0.23771803894868576,0.16789561662487734
영월군,2023-04-01,8,33.1,12460.33,37614.0,0.21268676556601268,0.6420375704335278,0.4,0.2130198559679927,0.11126954645525108,0.4,0.2371324041829687,0.16721476178176392
영월군,2023-07-01,8,33.47,12553.0,37525.33,0.2131893310465224,0.6372978570859555,0.4,0.21361615544605886,0.11029651765441922,0.4,0.23696711115857594,0.16702259327883556
영월군,2023-10-01,8,33.87,12665.0,37369.33,0.21407929978942622,0.6316620607974734,0.4,0.21467211316195792,0.10913952951986816,0.4,0.23687907093210187,0.16692023833324032
영월군,2024-01-01,8,34.4,12787.67,37209.0,0.21500174688919346,0.6256026312846672,0.4,0.21576660680600404,0.10789557255449789,0.4,0.23677164027042671,0.16679534020460746
영월군,2024-04-01,8,34.87,12941.33,37141.67,0.21539149962831505,0.6181744843845262,0.4,0.2162290527238521,0.10637062782881121,0.4,0.23636494290873533,0.16632251672383275
영월군,2024-07-01,9,35.2,13028.33,37018.0,0.24312496623264357,0.6908022747351349,0.4,0.24913511631650856,0.12128058684312956,0.4,0.25204714553265956,0.18455453475321054
영월군,2024-10-01,8,35.6,13119.0,36813.33,0.21731258758715932,0.6098025764158854,0.4,0.2185084447465915,0.1046519357953418,0.4,0.23645646211140442,0.16642891630258527
영월군,2025-01-01,8,36.3,13277.0,36536.67,0.21895810428262893,0.6025457558183325,0.4,0.2204608684300934,0.10316216311794862,0.4,0.23652848325171855,0.16651264757173112
영월군,2025-04-01,8,36.9,13431.329999999998,36410.67,0.2197158140731824,0.5956223248181678,0.4,0.22135989944228,0.10174083290877406,0.4,0.23629579229480896,0.16624212270839483
영월군,2025-07-01,7,37.33,13568.329999999998,36313.0,0.19276843003882907,0.5159072634583624,0.4,0.18938653147710213,0.08537590851880039,0.4,0.2203792670764211,0.14773768288538242
영월군,2025-10-01,8,37.9,13698.329999999998,36151.67,0.2212899155142764,0.5840127957203542,0.4,0.22322758813987129,0.09935748072101905,0.4,0.23601824571523666,0.1659194490149027
원주시,2009-01-01,111,10.7,32524.0,304752.0,0.36423058749409354,3.4128643463288646,0.95,0.3928282698451576,0.6801002029427788,0.95,0.6781601207383973,0.6799504706946868
원주시,2009-04-01,122,10.77,32857.33,305478.33,0.39937366424649495,3.7130223301771625,0.95,0.4345259174906791,0.7417204617361959,0.95,0.7134796782492427,0.7210127388447615
원주시,2009-07-01,123,10.8,33105.33,306505.33,0.40129807856848687,3.7154138019466956,0.95,0.436809256279931,0.7422114135591208,0.95,0.714371310049891,0.722049343679862
원주시,2009-10-01,126,10.83,33356.0,307632.0,0.40958027773443595,3.7774313466842546,0.95,0.4466361768135231,0.7549431660431464,0.95,0.7220478156447601,0.730973994876165
원주시,2010-01-01,130,10.9,33626.67,308371.0,0.42157012170405134,3.865978998217784,0.95,0.46086225874403136,0.773121357184659,0.95,0.7330693080415198,0.7437875041074398
원주시,2010-04-01,140,11.0,33944.67,308998.33,0.453076882324898,4.1243588463225604,0.95,0.4982453772477374,0.8261648674824458,0.95,0.7639386108739374,0.7796759375942229
원주시,2010-07-01,142,11.0,34223.67,310298.0,0.4576246060238867,4.149175117689015,0.95,0.5036413015068921,0.8312594681466794,0.95,0.7674681390751961,0.7837793421569451
원주시,2010-10-01,140,11.1,34790.33,314078.0,0.4457491451168181,4.024106698614241,0.95,0.4895509363399528,0.8055838281005158,0.95,0.7537784533613259,0.7678638102168699
원주시,2011-01-01,141,11.1,34970.0,315791.33,0.44649737533959527,4.032027452101802,0.95,0.49043871974056125,0.8072099013886047,0.95,0.7546440078165793,0.7688700977143618
원주시,2011-04-01,146,11.07,35290.67,319081.0,0.45756406680435374,4.1370707895316245,0.95,0.5035694710561149,0.8287745372978775,0.95,0.7665472676128036,0.7827087434975791
원주시,2011-07-01,145,11.17,35662.67,319668.0,0.45359560544064464,4.065876166871409,0.95,0.4988608479379783,0.8141587972240124,0.95,0.7597904101355952,0.7748532687086956
원주시,2011-10-01,146,11.23,36053.67,320497.33,0.45554201652787557,4.049518398543062,0.95,0.5011702861314667,0.8108006659334418,0.95,0.7592986009940829,0.7742814948737251
원주시,2012-01-01,148,11.37,36488.33,321075.33,0.46095101732045246,4.056091358524766,0.95,0.5075881251485871,0.8121500469824432,0.95,0.7617936883664238,0.7771822658335388
원주시,2012-04-01,152,11.47,36902.67,322002.67,0.4720457752726088,4.11894315506168,0.95,0.520752177660573,0.8250530653149266,0.95,0.7705758281404727,0.7873923195190272
원주시,2012-07-01,154,11.5,37173.33,322859.0,0.4769884067038553,4.14275503432165,0.95,0.5266166642937109,0.8299414715586817,0.95,0.7741773550694793,0.7915794292942041
원주시,2012-10-01,155,11.6,37492.33,323710.33,0.4788231503146656,4.134178910726541,0.95,0.5287936077964795,0.8281808555370801,0.95,0.7742216754199049,0.7916309558206371
원주시,2013-01-01,155,11.67,37836.67,324006.67,0.4783852134895865,4.096555008672803,0.95,0.5282739909299257,0.8204569411115981,0.95,0.7712666446106571,0.7881954578690049
원주시,2013-04-01,156,11.77,38144.33,324198.33,0.4811869327025836,4.089729718676406,0.95,0.5315982616353145,0.819055758539254,0.95,0.7717997507782728,0.7888152433349007
원주시,2013-07-01,157,11.83,38435.0,324493.33,0.48383120848739786,4.0848185247821,0.95,0.5347357239790245,0.8180475260249235,0.95,0.7724164989516122,0.7895322704060059
원주시,2013-10-01,158,11.9,38728.0,324970.33,0.4861982323124699,4.079735591819872,0.95,0.5375442238187451,0.8170040367245676,0.95,0.772917614701875,0.7901148640385903
원주시,2014-01-01,162,12.0,39010.0,324886.0,0.4986364447837087,4.152781338118431,0.95,0.5523022999149254,0.8319997990660097,0.95,0.7829549120276746,0.8017841550303433
원주시,2014-04-01,169,12.07,39222.67,325252.0,0.5195971123928523,4.3087326793408,0.95,0.5771723629016912,0.8640154792158328,0.95,0.8023082219389497,0.8242841764681614
원주시,2014-07-01,171,12.13,39510.33,325665.0,0.5250794528119386,4.32798207456126,0.95,0.5836772201934546,0.8679672405512934,0.95,0.8057713937455913,0.8283104355550831
원주시,2014-10-01,172,12.17,39767.0,326978.0,0.5260292741407678,4.32519425654437,0.95,0.5848041936617926,0.8673949217161678,0.95,0.8059169465425737,0.8284796542090216
원주시,2015-01-01,175,12.2,40047.33,327780.0,0.5338946854597596,4.369829399363203,0.95,0.5941365908243149,0.876558193059194,0.95,0.8121486315916078,0.8357245672414589
원주시,2015-04-01,173,12.3,40329.33,328840.33,0.5260911883892101,4.289681975872151,0.95,0.5848776555995157,0.8601045078570696,0.95,0.8033041343211873,0.8254420171710316
원주시,2015-07-01,175,12.3,40654.33,330276.33,0.5298593453548427,4.304584530110323,0.95,0.5893486153431081,0.8631638942410853,0.95,0.8058085578827485,0.8283536423185044
원주시,2015-10-01,176,12.3,41007.33,332250.33,0.5297210690505559,4.291915616061811,0.95,0.5891845489850457,0.860563058000476,0.95,0.8048169342871838,0.8272007877287345
원주시,2016-01-01,171,12.4,41376.0,334738.67,0.51084626702974,4.132830626450116,0.95,0.5667893884933229,0.8279040625463516,0.95,0.7860050844695451,0.8053302639722119
원주시,2016-04-01,173,12.4,41649.0,335629.33,0.5154495883896678,4.153761194746572,0.95,0.572251279989555,0.8322009565305968,0.95,0.7892668402825409,0.8091223582472371
원주시,2016-07-01,173,12.43,41871.33,336361.0,0.5143283555465705,4.131705393642858,0.95,0.5709209248715484,0.8276730604057552,0.95,0.7872137382945625,0.8067354363741662
원주시,2016-10-01,172,12.5,42126.33,337715.33,0.5093046856949017,4.0829571434302485,0.95,0.5649602852599925,0.8176653979231026,0.95,0.7817313145756535,0.8003616092731601
원주시,2017-01-01,180,12.63,42826.0,338599.67,0.5316012269001916,4.20305421939943,0.95,0.5914153769823898,0.842320457257769,0.95,0.7989191840125527,0.8203441049069093
원주시,2017-04-01,185,12.930000000000001,43867.0,339378.33,0.5451143565943058,4.217293181662754,0.95,0.6074488542030463,0.8452436130185006,0.95,0.8049906234185324,0.82740271748632
원주시,2017-07-01,180,13.13,44630.33,340158.33,0.5291653448557323,4.033131729028219,0.95,0.5885251761069364,0.8074366014387351,0.95,0.7854032851241239,0.8046306163028821
원주시,2017-10-01,183,13.23,45117.0,340998.0,0.5366600390618127,4.056120752709622,0.95,0.5974177133317745,0.81215608139557,0.95,0.7898907849664181,0.8098477519306746
원주시,2018-01-01,191,13.330000000000002,45586.33,341718.67,0.5589393169533289,4.189852528159209,0.95,0.6238523219422348,0.8396102457208193,0.95,0.8080842410957192,0.8309993355519751
원주시,2018-04-01,194,13.470000000000002,46064.33,342008.33,0.5672376459368694,4.211501610899366,0.95,0.633698380682059,0.8440546455131727,0.95,0.8127705094132993,0.8364475580055148
원주시,2018-07-01,195,13.569999999999999,46538.67,342588.33,0.5691962712214977,4.190063875912226,0.95,0.6360223111552911,0.8396536338828443,0.95,0.8119061882013823,0.8354427042680173
원주시,2018-10-01,195,13.669999999999998,47029.0,343750.67,0.5672716216087667,4.1463777669097786,0.95,0.6337386931909856,0.8306851923045295,0.95,0.8079495037220179,0.8308426908327694
원주시,2019-01-01,198,13.830000000000002,47711.0,345020.0,0.5738797750855024,4.149986376307351,0.95,0.6415793400757699,0.831426013661709,0.95,0.8106695658639529,0.8340050158710348
원주시,2019-04-01,202,13.970000000000002,48394.33,346093.67,0.5836570197888913,4.17404270293648,0.95,0.6531801486065169,0.8363646031788051,0.95,0.8160833162242402,0.84029900381025
원주시,2019-07-01,198,14.13,49047.0,347438.0,0.5698858501372907,4.036944155605847,0.95,0.6368405041341556,0.8082192649858859,0.95,0.800797251935006,0.8225275334114185
원주시,2019-10-01,200,14.27,49755.0,348660.0,0.5736247346985601,4.019696512913275,0.95,0.6412767318475542,0.8046784489373952,0.95,0.8009045649111908,0.8226522947197313
원주시,2020-01-01,208,14.5,50784.33,350751.0,0.5930132772251541,4.095751583214743,0.95,0.6642814511079097,0.8202920036876049,0.95,0.813744422844588,0.8375798228833593
원주시,2020-04-01,215,14.669999999999998,51670.67,351867.0,0.6110263252876796,4.160967914679643,0.95,0.6856541310364453,0.833680443904659,0.95,0.8252693760466627,0.8509786520916622
원주시,2020-07-01,213,14.830000000000002,52400.0,352959.67,0.6034683792627074,4.064885496183206,0.95,0.6766865448318131,0.8139554197112656,0.95,0.815333275296374,0.83942701152399
원주시,2020-10-01,212,15.029999999999998,53162.0,353952.33,0.5989507118091297,3.9878108423309886,0.95,0.6713262826388893,0.7981325518471643,0.95,0.8079361856046638,0.8308272072835806
원주시,2021-01-01,214,15.23,54013.33,354678.0,0.6033641782123503,3.9619849396436027,0.95,0.6765629091378558,0.7928306811896954,0.95,0.8076571351049173,0.8305027851431139
원주시,2021-04-01,217,15.470000000000002,54784.67,354760.67,0.6116799813237471,3.9609620720540986,0.95,0.6864297011228478,0.7926206938864474,0.95,0.8106671332667628,0.8340021877507195
원주시,2021-07-01,219,15.6,55570.67,355777.67,0.6155529659857517,3.9409278311742506,0.95,0.6910250400827965,0.7885078094250105,0.95,0.810617383005289,0.8339443484480458
원주시,2021-10-01,216,15.830000000000002,56475.33,357219.67,0.6046699500058326,3.824678846498108,0.95,0.6781122217530742,0.7646427353451012,0.95,0.7979505793370154,0.8192180119510134
원주시,2022-01-01,218,16.1,57572.33,358477.67,0.6081271394115009,3.7865412082505605,0.95,0.6822142150616577,0.7568133546021544,0.95,0.796402863237449,0.8174186481429853
원주시,2022-04-01,222,16.27,58486.0,359221.0,0.6180039585658967,3.79578018671135,0.95,0.693933169775274,0.7587100499238699,0.95,0.8007537934020064,0.8224770088278393
원주시,2022-07-01,220,16.5,59435.33,360047.67,0.6110302005287245,3.701502120035339,0.95,0.6856587290526284,0.7393554460827976,0.95,0.7911684017626177,0.8113331001959376
원주시,2022-10-01,221,16.77,60465.0,360703.33,0.612691876174251,3.6550070288596705,0.95,0.6876303255083535,0.7298103408214421,0.95,0.7883340813616286,0.8080379393125402
원주시,2023-01-01,222,17.03,61502.0,360831.33,0.6152459100488862,3.60963871093623,0.95,0.6906607148316783,0.7204965539428717,0.95,0.7859145380351535,0.8052249953269895
원주시,2023-04-01,229,17.27,62365.33,360958.33,0.6344222614283482,3.6719119420998814,0.95,0.7134136669588104,0.7332807969971756,0.95,0.7976527398753757,0.8188717458961294
원주시,2023-07-01,229,17.5,63162.0,361225.0,0.6339539068447643,3.625597669484817,0.95,0.7128579590867581,0.7237728124758926,0.95,0.7940414057289835,0.8146732343192746
원주시,2023-10-01,227,17.77,64159.67,361466.0,0.6279982073002717,3.5380481227537492,0.95,0.7057914559789482,0.7057995250169079,0.95,0.7853332095022285,0.8045491468797115
원주시,2024-01-01,218,18.03,65226.0,361393.33,0.6032208729474892,3.3422254929016035,0.95,0.676392875862681,0.6655985582646948,0.95,0.7616042482415271,0.7769620240820813
원주시,2024-04-01,222,18.37,66318.33,361267.33,0.6145033928199375,3.3474908068402804,0.95,0.6897797099611723,0.666679489057773,0.95,0.7661818880609785,0.7822839558107858
원주시,2024-07-01,222,18.6,67273.67,361854.0,0.6135071050755277,3.299953756053446,0.95,0.6885976035789498,0.6569204770394852,0.95,0.7622838859336887,0.7777521660636695
원주시,2024-10-01,222,18.9,68448.67,362169.67,0.612972367343737,3.2433062614657087,0.95,0.6879631313703816,0.6452911569336464,0.95,0.7578809665174502,0.7726333630419374
원주시,2025-01-01,214,19.27,69803.33,362072.67,0.591041571847994,3.0657563185022836,0.95,0.6619420009608198,0.6088414403747419,0.95,0.7365645624578616,0.7478510622098449
원주시,2025-04-01,216,19.6,71052.67,362251.33,0.5962711027175525,3.0399983561490376,0.95,0.6681468969375309,0.6035535173754979,0.95,0.736593388562246,0.7478845752352442
원주시,2025-07-01,215,19.9,72090.0,362750.67,0.5926935986086532,2.9823831321958663,0.95,0.6639021489083734,0.5917255294442176,0.95,0.7309895001125295,0.7413695340959348
원주시,2025-10-01,213,20.13,73133.67,363084.0,0.5866411078428132,2.9124751978124443,0.95,0.6567208019503407,0.5773739371487522,0.95,0.7235547790924446,0.7327259799388935
인제군,2009-01-01,6,15.470000000000002,4880.33,31540.330000000005,0.19023263231551474,1.2294250593709852,0.25,0.18637777954817913,0.2318559410474893,0.25,0.22354181440546705,0.15141443807753652
인제군,2009-04-01,6,15.63,4930.0,31569.0,0.1900598688586905,1.2170385395537526,0.25,0.1861727938037768,0.22931307829600767,0.25,0.22255835277692748,0.15027107253299365
인제군,2009-07-01,6,15.73,4969.67,31549.669999999995,0.19017631563182755,1.2073236251099169,0.25,0.18631095918269158,0.22731867676615325,0.25,0.22188050593661368,0.14948301258311747
인제군,2009-10-01,6,15.87,4996.67,31486.330000000005,0.19055888698365286,1.2007997326219262,0.25,0.18676488430541416,0.22597936891801154,0.25,0.2215382590858922,0.14908511881127368
인제군,2010-01-01,7,16.07,5034.0,31339.0,0.2233638597274961,1.3905442987683752,0.25,0.22568834579204225,0.2649325532400988,0.25,0.24779507712717785,0.17961111005133717
인제군,2010-04-01,6,16.1,5073.67,31433.330000000005,0.19088018991306357,1.1825759263018683,0.25,0.18714611377010884,0.2222381535512045,0.25,0.2203048865614871,0.14765120862396447
인제군,2010-07-01,5,16.17,5082.67,31467.669999999995,0.15889323867957178,0.9837349267215852,0.25,0.14919324381550308,0.18141753736839009,0.25,0.19367647436944607,0.11669320464827618
인제군,2010-10-01,5,16.1,5113.67,31785.330000000005,0.15730527258958768,0.9777713462151449,0.25,0.14730910455929327,0.18019325750939438,0.25,0.19264456677848474,0.11549351616992701
인제군,2011-01-01,5,16.07,5104.33,31716.669999999995,0.15764580581757168,0.9795604907989883,0.25,0.14771315098505475,0.18056055592625406,0.25,0.19290372916107906,0.11579481652583415
인제군,2011-04-01,4,16.2,5119.67,31610.0,0.12654223347042076,0.7813003572495884,0.25,0.11080841980895301,0.13985918732995534,0.25,0.16664624363579883,0.08526804927359202
인제군,2011-07-01,4,16.37,5166.33,31595.330000000005,0.12660098818401325,0.7742439991251042,0.25,0.11087813292377655,0.13841056814550112,0.25,0.16614431084028158,0.08468450574996444
인제군,2011-10-01,4,16.4,5212.0,31830.330000000005,0.12566630631853326,0.7674597083653109,0.25,0.10976912259545407,0.13701780241930428,0.25,0.16529391630534124,0.08369584306877553
인제군,2012-01-01,4,16.47,5243.0,31870.669999999995,0.12550724537639155,0.762921991226397,0.25,0.1095803950356471,0.1360862419762127,0.25,0.16489809239675224,0.08323566098779389
인제군,2012-04-01,4,16.57,5300.33,31992.0,0.12503125781445362,0.7546699922457658,0.25,0.10901563055070534,0.13439216638898294,0.25,0.16410897900352517,0.08231824332921889
인제군,2012-07-01,4,16.53,5338.0,32285.0,0.12389654638376957,0.7493443237167479,0.25,0.10766928294006889,0.13329884523590674,0.25,0.16329261703000983,0.08136914666361889
인제군,2012-10-01,4,16.6,5386.33,32432.669999999995,0.12333242992328416,0.7426206712176937,0.25,0.10699995254631639,0.13191852810518495,0.25,0.1625842365610191,0.0805455885326587
인제군,2013-01-01,4,16.7,5402.67,32336.330000000005,0.12369987565069998,0.740374666600033,0.25,0.10743593094907788,0.13145743963431686,0.25,0.16255388958634237,0.08051030735419723
인제군,2013-04-01,6,16.73,5425.67,32412.669999999995,0.18511279694020893,1.1058542078674154,0.25,0.18030303848362536,0.20648774077059348,0.25,0.21247023086308164,0.13854269323408028
인제군,2013-07-01,6,16.8,5455.67,32501.330000000005,0.18460782989496122,1.099773263412193,0.25,0.17970388952254585,0.20523936694346726,0.25,0.21183150318829774,0.13780011294980585
인제군,2013-10-01,6,16.8,5463.0,32492.330000000005,0.1846589641309195,1.098297638660077,0.25,0.17976456085672168,0.2049364318759352,0.25,0.2117409549938844,0.13769484225839462
인제군,2014-01-01,5,16.9,5490.33,32453.0,0.15406896126706313,0.9106920713326886,0.25,0.14346918552919244,0.1664223685097508,0.25,0.18646485220708492,0.10830902364779324
인제군,2014-04-01,7,16.9,5489.67,32449.330000000005,0.21572094092543664,1.2751221840292768,0.25,0.21661993845147468,0.24123722956581212,0.25,0.2363920152693046,0.16635399085905683
인제군,2014-07-01,6,17.03,5524.33,32413.330000000005,0.18510902767472517,1.0861045592859224,0.25,0.18029856620861281,0.20243328104552513,0.25,0.21100297619370173,0.13683687331660177
인제군,2014-10-01,6,17.1,5533.0,32371.669999999995,0.18534724961671736,1.0844026748599314,0.25,0.1805812191666508,0.2020838965066849,0.25,0.2109650610926158,0.13679279348781997
인제군,2015-01-01,6,16.83,5555.0,32980.33,0.18192662111021932,1.08010801080108,0.25,0.17652260576762802,0.20120223309948745,0.25,0.20937693960402026,0.13494645465983263
인제군,2015-04-01,7,16.77,5557.33,33184.0,0.2109450337512054,1.2595976844995707,0.25,0.2109532719856478,0.23805016232077675,0.25,0.2334674630185361,0.1629539270642858
인제군,2015-07-01,6,16.63,5549.67,33350.0,0.17991004497751123,1.0811453654001049,0.25,0.17412991597485727,0.20141519448080042,0.25,0.2087056013301995,0.13416596152340046
인제군,2015-10-01,6,16.7,5564.0,33303.33,0.1801621639637838,1.0783608914450036,0.25,0.17442905792900107,0.2008435621573251,0.25,0.2085924914694932,0.13403446079807815
인제군,2016-01-01,6,16.87,5582.67,33104.33,0.1812451724593127,1.0747545529289748,0.25,0.1757140594376008,0.20010320699566905,0.25,0.20872671666180498,0.1341905100588173
인제군,2016-04-01,4,16.93,5586.67,32955.33,0.12137642074893498,0.7159900262589343,0.25,0.10467912611674526,0.12645144969149288,0.25,0.15988180334402635,0.077403758758043
인제군,2016-07-01,4,17.1,5606.33,32854.0,0.12175077616119803,0.7134792279441274,0.25,0.10512330293668384,0.12593600099360094,0.25,0.15983436700478632,0.07734860960501824
인제군,2016-10-01,4,17.1,5609.33,32793.67,0.12197475915321464,0.7130976426774678,0.25,0.10538906122374275,0.12585766430376227,0.25,0.15988916303953216,0.07741231508806695
인제군,2017-01-01,4,17.3,5634.0,32577.669999999995,0.12278348942696025,0.7099751508697195,0.25,0.10634862860119515,0.1252166393648054,0.25,0.15995751814023257,0.07749178424544595
인제군,2017-04-01,4,17.77,5764.67,32489.669999999995,0.12311605504149474,0.6938818700810281,0.25,0.10674322136584055,0.12191280544934477,0.25,0.15888645669138188,0.07624657576840288
인제군,2017-07-01,3,17.93,5828.67,32526.669999999995,0.09223200530518495,0.5146971779153735,0.25,0.07009895618540474,0.08512748672649909,0.25,0.13412624897665576,0.04746053312555745
인제군,2017-10-01,3,17.97,5852.33,32594.669999999995,0.09203958806761967,0.5126163425507447,0.25,0.06987065101367917,0.0847003063062717,0.25,0.13390040122625127,0.04719796412578012
인제군,2018-01-01,4,18.2,5896.67,32432.330000000005,0.12333372286234134,0.678348966450556,0.25,0.10700148663274864,0.11872401290332793,0.25,0.1578143499811432,0.07500015207785135
인제군,2018-04-01,4,18.4,5955.67,32323.330000000005,0.12374962604409878,0.6716288847434461,0.25,0.10749496033881473,0.1173444288303142,0.25,0.15746991073146327,0.07459970943846028
인제군,2018-07-01,4,18.53,5990.33,32293.0,0.12386585328089679,0.6677428455527492,0.25,0.10763286523544519,0.11654665314718218,0.25,0.15722461246826663,0.07431452740986225
인제군,2018-10-01,4,18.7,6008.33,32158.330000000005,0.12438456847728098,0.665742394309234,0.25,0.10824832652927535,0.11613597500446346,0.25,0.15726862562039784,0.0743656967897274
인제군,2019-01-01,4,18.9,6050.33,31978.0,0.12508599662267808,0.6611209636499167,0.25,0.10908057874957708,0.11518722878231769,0.25,0.15718590784703093,0.07426952969052958
인제군,2019-04-01,3,19.03,6074.0,31892.330000000005,0.09406650439149475,0.49390846229832075,0.25,0.07227560955716025,0.08085971406930742,0.25,0.13326403711917703,0.046458131708634415
인제군,2019-07-01,3,19.3,6122.33,31765.669999999995,0.09444157796766134,0.49000952251838764,0.25,0.07272063848648047,0.08005928998869774,0.25,0.1331138368228752,0.04628350990480598
인제군,2019-10-01,3,19.5,6175.33,31718.669999999995,0.09458151933861036,0.4858039975191609,0.25,0.07288668046447733,0.07919592618443688,0.25,0.13285362581919632,0.04598099042943088
인제군,2020-01-01,3,19.9,6261.33,31486.669999999995,0.09527841464340309,0.4791314305427122,0.25,0.07371355441947558,0.07782609654128142,0.25,0.13261698676934208,0.045705875541116936
인제군,2020-04-01,3,20.2,6375.67,31536.0,0.09512937595129375,0.4705387825906924,0.25,0.07353671836972078,0.07606208818896057,0.25,0.13192391746049323,0.044900118056816624
인제군,2020-07-01,3,20.47,6456.0,31545.0,0.0951022349025202,0.4646840148698885,0.25,0.07350451521640944,0.07486014680627318,0.25,0.13147929383684603,0.04438320177171162
인제군,2020-10-01,3,20.6,6521.0,31629.0,0.09484966328369535,0.4600521392424475,0.25,0.07320483620875687,0.0739092563078679,0.25,0.13104178036503372,0.043874551698920905
인제군,2021-01-01,3,20.83,6588.67,31635.330000000005,0.09483068455426256,0.4553270993994235,0.25,0.07318231773724615,0.07293923987117867,0.25,0.13068403622257488,0.043458640885138705
인제군,2021-04-01,3,21.07,6666.0,31658.669999999995,0.09476077169382038,0.45004500450045004,0.25,0.07309936535828551,0.0718548640685659,0.25,0.13026604522687682,0.04297268750521882
인제군,2021-07-01,3,21.13,6763.0,32004.669999999995,0.0937363203557481,0.44359012272660064,0.25,0.07188384256197819,0.07052972361990625,0.25,0.12940678742655987,0.041973720454291735
인제군,2021-10-01,3,21.37,6863.67,32131.0,0.09336777566835766,0.4370839507144137,0.25,0.07144656023110246,0.06919405365702405,0.25,0.1287871236357279,0.0412533037068786
인제군,2022-01-01,3,21.7,6987.0,32214.669999999995,0.09312527491357199,0.42936882782310004,0.25,0.07115883041455659,0.06761019484010838,0.25,0.1281245029778902,0.04048294560922816
인제군,2022-04-01,3,21.93,7054.33,32182.669999999995,0.09321787160605384,0.4252707202526675,0.25,0.07126869741008038,0.06676888305550849,0.25,0.1278546955265639,0.0401692693715843
인제군,2022-07-01,3,22.2,7152.0,32198.0,0.09317348903658612,0.41946308724832215,0.25,0.07121603700256096,0.06557661808851759,0.25,0.1274071721616871,0.039648981867802496
인제군,2022-10-01,3,22.53,7243.33,32164.330000000005,0.09327102414382639,0.4141741436604435,0.25,0.07133176348158915,0.06449083629970603,0.25,0.12705081122929177,0.03923467916427248
인제군,2023-01-01,3,22.87,7345.0,32140.330000000005,0.09334067198438845,0.4084411164057182,0.25,0.07141440141154301,0.0633138873524329,0.25,0.12665114086920515,0.03877002522594175
인제군,2023-04-01,2,23.17,7431.0,32088.0,0.06232859636000997,0.26914278024491994,0.25,0.034618232104789405,0.0347169484548855,0.25,0.1048038640288512,0.013370535447734325
인제군,2023-07-01,3,23.4,7507.67,32101.330000000005,0.09345407184063712,0.39959135124479367,0.25,0.07154895159000987,0.06149709470049148,0.25,0.12603637634745757,0.03805530433416954
인제군,2023-10-01,3,23.73,7595.33,31997.330000000005,0.09375782291834973,0.39497954664247636,0.25,0.0719093555893422,0.060550324638086316,0.25,0.12580679877122783,0.03778839906522624
인제군,2024-01-01,3,24.17,7697.33,31873.669999999995,0.09412157432765039,0.389745535140107,0.25,0.07234095064296947,0.05947582000832865,0.25,0.12555330539868517,0.037493689460372986
인제군,2024-04-01,3,24.6,7808.0,31765.0,0.09444356996694475,0.38422131147540983,0.25,0.07272300201557086,0.05834173692485684,0.25,0.1252627767570853,0.03715592291324149
인제군,2024-07-01,3,24.87,7876.33,31689.330000000005,0.09466908893308881,0.38088805319228625,0.25,0.07299058275284978,0.05765744315596217,0.25,0.12509906407463955,0.036965591704700984
인제군,2024-10-01,4,25.17,7952.0,31551.330000000005,0.12677753996424238,0.5030181086519114,0.25,0.11108761355562477,0.08272985844670461,0.25,0.14607893367891542,0.061356639955513353
인제군,2025-01-01,4,25.829999999999995,8073.33,31250.330000000005,0.12799864833427357,0.4954585034923631,0.25,0.11253647208640435,0.08117792629305964,0.25,0.1459709875932283,0.06123114259856391
인제군,2025-04-01,3,26.3,8168.67,31067.330000000005,0.09656446176739357,0.36725684842208095,0.25,0.07523946349708721,0.05485905560405673,0.25,0.12479068576848378,0.036607073263603684
인제군,2025-07-01,3,26.630000000000003,8236.33,30920.0,0.09702457956015523,0.36423989810995916,0.25,0.07578539832610584,0.05423969756927668,0.25,0.12473750750242271,0.03654524858700389
인제군,2025-10-01,3,27.03,8348.67,30886.0,0.09713138638865505,0.3593386731060157,0.25,0.07591212580453063,0.053233511595891396,0.25,0.12441336441959827,0.03616840212787592
정선군,2009-01-01,6,17.8,7314.33,41110.0,0.1459498905375821,0.820307533294232,0.3,0.13383581868222638,0.14786707788097306,0.3,0.19302845388215095,0.11593982060579819
정선군,2009-04-01,6,18.0,7372.0,40887.33,0.1467447250774262,0.8138903960933261,0.3,0.13477889861835193,0.14654968611959807,0.3,0.19284711764956158,0.11572900038231088
정선군,2009-07-01,6,18.17,7399.33,40773.67,0.14715378821675854,0.8108842287071938,0.3,0.13526425653874188,0.14593254174137812,0.3,0.19277579380469861,0.11564607978393254
정선군,2009-10-01,5,18.27,7441.67,40719.33,0.12279180428558133,0.6718921962408975,0.3,0.106358494272532,0.11739848477248244,0.3,0.1734190386709205,0.0931420529547611
정선군,2010-01-01,4,18.5,7496.0,40546.33,0.09865257842078431,0.5336179295624333,0.3,0.0777170369056216,0.08901177991807066,0.3,0.15419822090888582,0.07079606595404536
정선군,2010-04-01,5,18.77,7571.0,40403.0,0.1237531866445561,0.660414740457007,0.3,0.10749918503047512,0.1150422462789204,0.3,0.17292392045876553,0.09256643201762876
정선군,2010-07-01,5,18.9,7611.33,40271.33,0.12415780655866096,0.6569154142574294,0.3,0.10797927101519336,0.1143238599702972,0.3,0.1728143446029335,0.09243903990141758
정선군,2010-10-01,6,19.2,7893.67,41085.33,0.14603752726338087,0.7601027152135825,0.3,0.13393980062264982,0.13550746504250466,0.3,0.18859246063122254,0.11078256617740931
정선군,2011-01-01,6,19.37,7910.67,40816.33,0.14699998750500107,0.7584692573448267,0.3,0.13508177030022395,0.13517212797996714,0.3,0.18882838238491978,0.11105684714227634
정선군,2011-04-01,6,19.53,7930.0,40594.0,0.14780509434891856,0.7566204287515763,0.3,0.1360370384382755,0.1347925768685153,0.3,0.18898992653517466,0.11124465723060503
정선군,2011-07-01,6,19.67,7946.67,40427.0,0.14841566279961413,0.7550332403384059,0.3,0.1367614846300517,0.13446673858988767,0.3,0.1890986987187524,0.11137111500312857
정선군,2011-10-01,6,19.8,7962.33,40255.0,0.14904980747733199,0.7535482704183324,0.3,0.1375139042748671,0.13416188502709983,0.3,0.18922380666936356,0.11151656462304876
정선군,2012-01-01,6,20.0,8014.33,40002.67,0.1499899881682898,0.7486589646296072,0.3,0.1386294390201851,0.1331581459822185,0.3,0.18920980555439526,0.11150028702565667
정선군,2012-04-01,5,20.27,8077.67,39882.0,0.12536984103104157,0.6189903771755965,0.3,0.10941736326646725,0.10653812470591859,0.3,0.17044925201384498,0.08968939995864406
정선군,2012-07-01,5,20.37,8129.67,39877.67,0.1253834539480366,0.6150311144240787,0.3,0.10943351514241953,0.10572531675641234,0.3,0.17016043973957057,0.08935362884804487
정선군,2012-10-01,6,20.5,8167.33,39882.67,0.15044128189010417,0.734634207262349,0.3,0.1391649039918332,0.1302789649342737,0.3,0.18833633268850505,0.11048479363987501
정선군,2013-01-01,6,20.73,8259.67,39849.33,0.15056714880777167,0.7264212734891345,0.3,0.1393142464759903,0.1285929091510151,0.3,0.18777346139653972,0.10983040345059922
정선군,2013-04-01,5,20.93,8338.67,39880.67,0.1253740220512845,0.5996160059098153,0.3,0.10942232409303679,0.102560706694074,0.3,0.1690128014073376,0.0880193926271357
정선군,2013-07-01,5,21.1,8431.0,39949.33,0.12515854458635475,0.5930494603249912,0.3,0.10916665770754944,0.10121264247426587,0.3,0.168445458401621,0.08735980365503007
정선군,2013-10-01,5,21.23,8486.0,39988.33,0.12503647939286286,0.5892057506481263,0.3,0.1090218260110003,0.10042355673355513,0.3,0.16811487380625342,0.08697546833890674
정선군,2014-01-01,7,21.47,8551.33,39836.67,0.1757174984756507,0.8185861146745594,0.3,0.16915541337214768,0.1475136831137373,0.3,0.2039471698398294,0.1286338426747615
정선군,2014-04-01,5,21.73,8620.33,39653.0,0.1260938642725645,0.580024198609566,0.3,0.11027642481719299,0.09853865064014516,0.3,0.16782578751669314,0.08663937866007115
정선군,2014-07-01,5,21.93,8667.33,39547.33,0.12643078559285797,0.5768789234977785,0.3,0.11067618567469678,0.09789294845398311,0.3,0.1677173676766225,0.08651333051962087
정선군,2014-10-01,6,22.07,8709.67,39458.0,0.15206041867301942,0.6888894757206644,0.3,0.1410860276185313,0.12088790306780464,0.3,0.18554191960889288,0.10723602872650156
정선군,2015-01-01,6,22.27,8748.33,39321.33,0.15258893837009072,0.6858451841665781,0.3,0.1417131220604171,0.12026293207419542,0.3,0.18551209533609975,0.10720135523755889
정선군,2015-04-01,8,22.37,8785.33,39280.0,0.20366598778004072,0.9106089355778326,0.3,0.20231660376676636,0.16640530134177636,0.3,0.22114870090625513,0.14863222122252556
정선군,2015-07-01,8,22.43,8813.33,39290.33,0.2036124410255653,0.907715925762453,0.3,0.2022530699527976,0.1658113873927618,0.3,0.22091410559271946,0.14835948236762359
정선군,2015-10-01,8,22.57,8857.67,39215.67,0.20400008466003516,0.9031720531471594,0.3,0.2027130133947459,0.16487856327497916,0.3,0.22072070180463377,0.14813463248933234
정선군,2016-01-01,6,22.8,8917.67,39065.33,0.15358887279334385,0.6728214881241401,0.3,0.14289955526725315,0.1175892616613923,0.3,0.18491651858723757,0.10650894191504715
정선군,2016-04-01,7,23.0,8960.67,38915.67,0.179876127020298,0.7811915850042463,0.3,0.1740896719450389,0.13983685717627564,0.3,0.20271490620217641,0.12720122167135975
정선군,2016-07-01,8,23.1,8975.67,38866.0,0.20583543457006123,0.8912983654702099,0.3,0.20489067627821206,0.162440981245325,0.3,0.2205204957610447,0.14790187435682756
정선군,2016-10-01,9,23.23,8991.67,38725.0,0.23240800516462232,1.0009264130022564,0.3,0.23641932396874302,0.18494682491249165,0.3,0.23851812908533354,0.16882579576784007
정선군,2017-01-01,9,23.57,9084.67,38518.0,0.23365699153642452,0.9906799036178529,0.3,0.2379012600556825,0.1828432907938882,0.3,0.23822110120020107,0.16848047324607252
정선군,2017-04-01,8,24.0,9197.33,38353.33,0.2085868423941285,0.8698176536016432,0.3,0.20815525196648751,0.15803114677269978,0.3,0.2199471789627841,0.14723534029569468
정선군,2017-07-01,8,24.2,9275.67,38304.67,0.20885181885133064,0.862471390206853,0.3,0.2084696494515062,0.1565230121372394,0.3,0.21950025582881,0.1467157506161218
정선군,2017-10-01,8,24.37,9313.0,38219.0,0.2093199717418038,0.8590142811124234,0.3,0.20902511801246104,0.1558132926943493,0.3,0.21941738990318133,0.14661941127615064
정선군,2018-01-01,8,24.67,9377.33,38036.67,0.21032335375310193,0.8531213042518498,0.3,0.2102156418204855,0.15460350725217464,0.3,0.21935234786337898,0.1465437938599763
정선군,2018-04-01,7,24.83,9429.33,37956.33,0.18442246655564434,0.7423645158245602,0.3,0.17948395387878624,0.1318659412593718,0.3,0.2015201927456894,0.1258122562434178
정선군,2018-07-01,7,25.0,9463.33,37853.33,0.1849242853931213,0.7396973369839159,0.3,0.18007936745667025,0.13131838877283894,0.3,0.20150845004418175,0.12579860426156705
정선군,2018-10-01,7,25.17,9498.67,37741.0,0.18547468270581066,0.7369452776020221,0.3,0.180732419930455,0.13075341092632975,0.3,0.20150843437086546,0.12579858603988023
정선군,2019-01-01,7,25.53,9562.67,37484.67,0.1867430072080133,0.7320131302240901,0.3,0.18223730092211185,0.12974087681366378,0.3,0.20161302459395603,0.12592018189467263
정선군,2019-04-01,7,25.8,9659.33,37420.33,0.18706409056253645,0.7246879441948871,0.3,0.18261826985878396,0.12823706920860758,0.3,0.20118848661012445,0.12542661703258082
정선군,2019-07-01,6,26.07,9740.33,37367.0,0.1605694864452592,0.6159955566187183,0.3,0.15118213025230176,0.10592330974951233,0.3,0.18328923235695083,0.10461707043493476
정선군,2019-10-01,6,26.3,9803.0,37304.67,0.16083777178567724,0.6120575334081403,0.3,0.15150045376370136,0.10511486212383483,0.3,0.183096503092567,0.10439300475313609
정선군,2020-01-01,6,26.77,9936.67,37100.0,0.16172506738544473,0.6038240175028455,0.3,0.1525532397658262,0.10342458097802198,0.3,0.18281466326922802,0.10406533976475787
정선군,2020-04-01,6,27.2,10084.33,37035.67,0.16200597964070856,0.5949825124723209,0.3,0.15288654525076784,0.10160948407098924,0.3,0.18226267412553626,0.10342360108421972
정선군,2020-07-01,6,27.6,10209.67,36987.67,0.16221621962129543,0.5876781521831753,0.3,0.15313599730339475,0.10010995183943949,0.3,0.18179854892042208,0.10288401239821326
정선군,2020-10-01,6,27.9,10293.33,36919.0,0.16251794468972616,0.582901743167663,0.3,0.1534939974203989,0.09912938968391866,0.3,0.1815560022629344,0.10260202936698176
정선군,2021-01-01,6,28.23,10299.67,36515.33,0.16431454953303176,0.5825429358416337,0.3,0.15562568885544878,0.09905572914021621,0.3,0.1821960742842335,0.10334617257902154
정선군,2021-04-01,6,28.369999999999997,10209.67,35977.67,0.16677011046018267,0.5876781521831753,0.3,0.15853923894196623,0.10010995183943949,0.3,0.18348845552175486,0.10484868587950474
정선군,2021-07-01,7,28.7,10274.67,35819.0,0.19542700801250731,0.6812870875658293,0.3,0.19254096352542882,0.11932718787528218,0.3,0.20107059469962008,0.1252895567299321
정선군,2021-10-01,6,29.1,10375.67,35657.67,0.16826674317194593,0.5782759089292547,0.3,0.1603150101389375,0.0981797394388989,0.3,0.18334598990807294,0.1046830563630711
정선군,2022-01-01,5,29.670000000000005,10536.67,35535.67,0.1407036929372656,0.4745332253928423,0.3,0.12761114744589733,0.0768821183479064,0.3,0.16541762153261227,0.08383966189244596
정선군,2022-04-01,5,30.130000000000003,10658.0,35372.33,0.14135342512070873,0.46913116907487334,0.3,0.1283820618379423,0.07577311533535253,0.3,0.1652577803684975,0.08365383168377799
정선군,2022-07-01,6,30.5,10739.67,35188.0,0.17051267477549165,0.5586763839112375,0.3,0.1629798327240628,0.09415609899344382,0.3,0.18272472079192625,0.10396077327578324
정선군,2022-10-01,7,30.9,10820.33,34970.33,0.20016968670298504,0.646930361643314,0.3,0.1981682040292914,0.11227400103181684,0.3,0.20028053813461794,0.12437104254651168
정선군,2023-01-01,6,31.47,10963.0,34825.33,0.17228838893988943,0.5472954483261881,0.3,0.1650867371384909,0.09181967539720726,0.3,0.18253895746064552,0.10374480613861967
정선군,2023-04-01,7,32.0,11087.0,34661.33,0.2019541662134719,0.631370073058537,0.3,0.20028550862339892,0.10907958655314415,0.3,0.19978782812982898,0.1237982213742573
정선군,2023-07-01,6,32.37,11172.33,34527.33,0.17377538315299793,0.5370410648450233,0.3,0.16685107215064635,0.08971452478360348,0.3,0.18232966764498182,0.10350148727684674
정선군,2023-10-01,6,32.8,11233.0,34267.0,0.17509557300026263,0.5341404789459627,0.3,0.16841749194548336,0.08911905551951427,0.3,0.18260429091623798,0.10382076235273374
정선군,2024-01-01,5,33.3,11342.33,34061.0,0.14679545521270662,0.44082653211465367,0.3,0.13483909048262255,0.06996237849543574,0.3,0.16517644399901052,0.08355927059497606
정선군,2024-04-01,5,33.77,11438.0,33879.0,0.14758404911597156,0.4371393600279769,0.3,0.13577476583471024,0.06920542878753885,0.3,0.16519541505106577,0.08358132620612979
정선군,2024-07-01,6,34.2,11532.33,33713.0,0.17797288879660664,0.5202764749187718,0.3,0.17183145882966197,0.08627287596728136,0.3,0.18264302372750302,0.10386579284559547
정선군,2024-10-01,6,34.73,11650.0,33569.0,0.17873633411778722,0.5150214592274678,0.3,0.17273729511211083,0.08519405932975596,0.3,0.18253629408369942,0.10374170971538979
정선군,2025-01-01,6,35.27,11786.67,33425.33,0.1795045852950442,0.5090496297936566,0.3,0.1736488335957278,0.08396808602575226,0.3,0.1823781445891282,0.10355784622978731
정선군,2025-04-01,7,35.93,11982.33,33358.33,0.20984263900501013,0.5841935583480008,0.3,0.20964526847710518,0.0993945899784606,0.3,0.1992136377937761,0.12313067174425571
정선군,2025-07-01,7,36.4,12121.33,33285.33,0.2103028571445739,0.5774943838671168,0.3,0.21019132236870977,0.0980192980074732,0.3,0.19888719518692644,0.12275115187473429
정선군,2025-10-01,6,36.23,12430.0,34315.0,0.17485064840448786,0.48270313757039424,0.3,0.16812688621490685,0.07855934210935955,0.3,0.1786956257990758,0.09927657588888941
철원군,2009-01-01,6,15.4,7351.0,47628.0,0.12597631645250693,0.8162154808869542,0.35,0.11013695303397966,0.14702700917748615,0.35,0.20159774944869252,0.12590242311865601
철원군,2009-04-01,6,15.6,7441.33,47730.33,0.12570623333213912,0.8063074746046742,0.35,0.10981649643686825,0.1449929672925651,0.35,0.20076213331622988,0.12493094170382874
철원군,2009-07-01,7,15.73,7495.67,47682.33,0.14680490655553116,0.933872489050345,0.35,0.13485030460498443,0.1711811402751669,0.35,0.21805976945802782,0.14504105133356648
철원군,2009-10-01,7,15.87,7568.67,47679.33,0.14681414357122888,0.924865266949147,0.35,0.13486126442584967,0.16933202285450177,0.35,0.21739466432425075,0.14426780480173323
철원군,2010-01-01,8,16.07,7655.0,47660.0,0.16785564414603443,1.0450685826257349,0.35,0.15982723661669737,0.1940088924311634,0.35,0.2341246851480956,0.16371800887108212
철원군,2010-04-01,11,16.27,7737.0,47606.0,0.23106331134730915,1.42173969238723,0.35,0.23482382994354775,0.27133674147227943,0.35,0.28553769915349725,0.22349041589642732
철원군,2010-07-01,11,16.27,7826.67,48087.67,0.22874886639340192,1.4054508494672702,0.35,0.23207771551358722,0.26799276006853795,0.35,0.2834698416758577,0.2210863393952736
철원군,2010-10-01,11,16.27,7956.33,48881.0,0.22503631267772753,1.3825469783178927,0.35,0.2276727296385049,0.2632907613094144,0.35,0.28039217922781984,0.2175082707663577
철원군,2011-01-01,12,16.43,8000.33,48694.0,0.24643693268164454,1.4999381275522385,0.35,0.2530648009874671,0.2873903134956824,0.35,0.29704674167336015,0.23687074745794545
철원군,2011-04-01,12,16.6,8040.67,48468.33,0.24758435044079297,1.4924129456873618,0.35,0.2544262247967787,0.28584544819496266,0.35,0.2969140046477327,0.23671642832928474
철원군,2011-07-01,12,16.73,8075.67,48314.33,0.24837351568364915,1.48594481943913,0.35,0.25536257804958434,0.284517588751697,0.35,0.29672678008902853,0.23649876237943723
철원군,2011-10-01,13,16.87,8128.33,48132.33,0.2700887324590353,1.5993445148019334,0.35,0.2811279219329794,0.3077977243848116,0.35,0.31320183328839474,0.25565254288904266
철원군,2012-01-01,13,17.1,8230.67,48080.0,0.2703826955074875,1.5794582944037363,0.35,0.28147671232778526,0.3037152274555307,0.35,0.3118349276996919,0.25406338810413587
철원군,2012-04-01,11,17.3,8308.67,48029.0,0.22902829540485956,1.3239182685074748,0.35,0.23240926111341584,0.25125471207652783,0.35,0.2775220342304574,0.21417146046019514
철원군,2012-07-01,12,17.47,8374.67,47973.33,0.250138983472692,1.4328922811286893,0.35,0.2574573250267964,0.2736262871163913,0.35,0.2934442699731852,0.23268253929847982
철원군,2012-10-01,12,17.63,8453.33,47961.67,0.25019979496126804,1.419558919384432,0.35,0.25752947852779207,0.2708890445791992,0.35,0.29247720945555455,0.23155824156966187
철원군,2013-01-01,13,17.87,8535.33,47829.0,0.2718016266281963,1.5230811228154038,0.35,0.28316028973113644,0.2921414027023977,0.35,0.30817706053180327,0.24981077756508607
철원군,2013-04-01,12,18.03,8601.33,47652.33,0.2518239926568124,1.3951330782565021,0.35,0.25945660698306733,0.2658745964134272,0.35,0.2912670024332443,0.23015126343150294
철원군,2013-07-01,12,18.17,8627.33,47499.67,0.2526333340842158,1.3909285955214417,0.35,0.2604168995010662,0.2650114465784462,0.35,0.2912552769330389,0.23013763144776472
철원군,2013-10-01,12,18.33,8690.33,47454.0,0.252876469844481,1.3808451462717757,0.35,0.2607053827586077,0.2629413875237827,0.35,0.2905970898554222,0.2293724277991711
철원군,2014-01-01,11,18.43,8751.33,47427.67,0.231932118950815,1.256951800469186,0.35,0.23585467973447452,0.23750698150446342,0.35,0.2736292394247531,0.20964572470838216
철원군,2014-04-01,12,18.57,8806.0,47387.0,0.25323400932745266,1.3627072450601863,0.35,0.2611296072932252,0.25921780785317683,0.35,0.28938354041768144,0.22796156379243543
철원군,2014-07-01,12,18.73,8861.0,47295.33,0.25372483921774097,1.3542489560997628,0.35,0.2617119823642336,0.25748138242811064,0.35,0.28893789277387777,0.2274434569887277
철원군,2014-10-01,11,18.77,8894.0,47357.67,0.23227494089130651,1.2367888464133123,0.35,0.2362614417428349,0.2333676731607925,0.35,0.2722599252264745,0.2080537696909912
철원군,2015-01-01,11,18.73,8916.33,47578.33,0.23119769020896697,1.2336914403123258,0.35,0.23498327194300303,0.23273179813563383,0.35,0.27163027221640024,0.20732173954782668
철원군,2015-04-01,11,18.53,8984.67,48478.67,0.22690391464947368,1.2243076262122037,0.35,0.22988865994843802,0.2308053691068092,0.35,0.269340407711287,0.20465955924425333
철원군,2015-07-01,11,18.43,9041.33,49141.0,0.22384566858631286,1.2166351631894865,0.35,0.22626001730984865,0.2292302680517538,0.35,0.2676360564128742,0.20267809246013907
철원군,2015-10-01,11,18.5,9054.33,48934.67,0.22478949995984443,1.214888346238761,0.35,0.22737988363025038,0.22887165919121844,0.35,0.267856651443111,0.20293455468454197
철원군,2016-01-01,11,18.67,9069.33,48563.67,0.22650676936071762,1.2128790109081926,0.35,0.2294174426890244,0.228459157209812,0.35,0.2683447775367558,0.20350204663406984
철원군,2016-04-01,11,18.83,9081.33,48253.67,0.22796193533051476,1.2112763218603444,0.35,0.23114401313992292,0.22813013676322047,0.35,0.2687658215302974,0.20399154940772363
철원군,2016-07-01,11,18.87,9079.33,48086.67,0.22875362340540528,1.211543142500603,0.35,0.23208335976072472,0.22818491310697572,0.35,0.2690794135509655,0.20435612927649582
철원군,2016-10-01,12,18.93,9092.33,48081.67,0.2495753579274597,1.3197937162421514,0.35,0.25678857710939884,0.25040797138771553,0.35,0.2848407263267512,0.22268012020978484
철원군,2017-01-01,11,19.1,9140.33,47810.0,0.23007738966743357,1.2034576432141946,0.35,0.23365402301107072,0.22652501870032124,0.35,0.2689705300080239,0.2042295420383623
철원군,2017-04-01,10,19.3,9198.33,47644.33,0.20988856386478724,1.0871538637991895,0.35,0.20969975882906405,0.20264869565762922,0.35,0.252846359763242,0.185483695573967
철원군,2017-07-01,11,19.5,9251.67,47407.67,0.23202996477152327,1.1889745310846582,0.35,0.23597077487845483,0.22355174074144757,0.35,0.2686201487722412,0.20382219128788798
철원군,2017-10-01,10,19.6,9268.33,47263.33,0.21158052130478322,1.078943024255718,0.35,0.21170728496746202,0.20096306980455964,0.35,0.2528648055585201,0.18550514052530076
철원군,2018-01-01,10,19.77,9281.33,46937.33,0.21305003927577473,1.0774317904869237,0.35,0.21345088422585587,0.2006528244639675,0.35,0.25329796342863237,0.18600872680631247
철원군,2018-04-01,10,19.93,9332.0,46861.33,0.2133955651706855,1.0715816545220744,0.35,0.213860854505917,0.19945183394721056,0.35,0.25299197682468166,0.1856529889413096
철원군,2018-07-01,10,20.13,9395.0,46670.33,0.21426889417752135,1.06439595529537,0.35,0.21489706899169522,0.19797666197182517,0.35,0.2527827250459721,0.18540971430103093
철원군,2018-10-01,9,20.33,9449.0,46491.33,0.19358448123553357,0.9524817440999047,0.35,0.1903547852102806,0.175001485472735,0.35,0.23680044899558783,0.16682883302504453
철원군,2019-01-01,9,20.67,9518.0,46070.33,0.19535349540582844,0.9455768018491278,0.35,0.1924537400079094,0.17358395086981898,0.35,0.2369444159723128,0.16699620801555004
철원군,2019-04-01,10,21.0,9600.67,45748.33,0.21858721400322154,1.0415939720873646,0.35,0.2200208030284543,0.1932955800686679,0.35,0.2526928075056706,0.18530517680363667
철원군,2019-07-01,10,21.3,9715.33,45590.0,0.21934634788330773,1.0293011148360376,0.35,0.22092152373855686,0.1907719455631798,0.35,0.25206211613611484,0.18457193947107148
철원군,2019-10-01,9,21.53,9806.0,45598.33,0.19737564950295328,0.9178054252498471,0.35,0.1948530481168984,0.1678826885173839,0.35,0.2356335749626161,0.16547223351429102
철원군,2020-01-01,9,21.83,9903.0,45340.0,0.1985002205558006,0.9088155104513783,0.35,0.19618736405754172,0.16603712416054042,0.35,0.23538364451309796,0.16518166613858615
철원군,2020-04-01,9,22.23,10017.0,45054.67,0.19975731705503558,0.8984725965858041,0.35,0.19767892290000807,0.16391379890061059,0.35,0.23508247089968104,0.16483152382239052
철원군,2020-07-01,9,22.5,10089.33,44852.0,0.20065994827432446,0.892031482764465,0.35,0.1987499047836072,0.16259148491282283,0.35,0.23493935742409455,0.16466514110628155
철원군,2020-10-01,9,22.73,10158.33,44718.0,0.20126123708573726,0.8859723990065297,0.35,0.19946334058116502,0.16134759892842182,0.35,0.2347127735665706,0.1644017163135652
철원군,2021-01-01,9,23.07,10232.33,44371.33,0.2028336766105501,0.8795650648483777,0.35,0.2013290573967838,0.16003221966068004,0.35,0.2348207269230037,0.16452722212343263
철원군,2021-04-01,10,23.3,10251.0,44037.33,0.22708007047657064,0.97551458394303,0.35,0.23009767077753376,0.1797299605700292,0.35,0.25093989164984243,0.18326724920801402
철원군,2021-07-01,10,23.5,10264.0,43700.67,0.22882944357603674,0.9742790335151988,0.35,0.23217332122829024,0.17947631102141764,0.35,0.2514973628935182,0.18391536133928127
철원군,2021-10-01,10,23.77,10307.67,43408.33,0.23037053026458287,0.9701513533126304,0.35,0.2340018375583469,0.17862892818975762,0.35,0.25176288169238253,0.18422405161985755
철원군,2022-01-01,10,24.1,10381.67,43058.0,0.23224487900041804,0.9632361652797672,0.35,0.23622577297818295,0.17720929020203202,0.35,0.2519451768870592,0.18443598672589578
철원군,2022-04-01,10,24.37,10436.67,42844.67,0.23340126088029153,0.9581600261386055,0.35,0.237597832815469,0.17616719562390526,0.35,0.251997538904023,0.18449686243705904
철원군,2022-07-01,10,24.73,10544.67,42630.0,0.2345765892563922,0.948346415772139,0.35,0.23899237287921224,0.17415253253639912,0.35,0.2517053077970936,0.18415711661575757
철원군,2022-10-01,9,25.1,10638.67,42383.33,0.2123476376207344,0.8459704079551298,0.35,0.21261747692563984,0.15313548006609293,0.35,0.23585781111061888,0.16573292887649654
철원군,2023-01-01,9,25.53,10743.0,42077.33,0.21389189855915286,0.8377548170901983,0.35,0.21444975953813236,0.15144887880116115,0.35,0.23582109545373836,0.16569024351307798
철원군,2023-04-01,9,25.9,10830.67,41813.33,0.21524236409776498,0.8309735224136642,0.35,0.2160521017742207,0.15005672814914436,0.35,0.23581892027471538,0.16568771466530607
철원군,2023-07-01,9,26.3,10927.67,41568.67,0.21650921234670248,0.8235973450882026,0.35,0.21755523117511852,0.14854245240050795,0.35,0.235741562190937,0.16559777870337594
철원군,2023-10-01,8,26.7,11064.0,41470.67,0.19290742107614853,0.7230657989877078,0.35,0.18955144587378017,0.12790405455350712,0.35,0.21952151686985966,0.1467404685523095
철원군,2024-01-01,8,27.130000000000003,11173.67,41203.0,0.19416061937237578,0.7159688804126129,0.35,0.19103837945544164,0.12644710860249025,0.35,0.21945982052319157,0.14666874081534714
철원군,2024-04-01,8,27.5,11268.33,40984.67,0.19519493508182448,0.709954358809158,0.35,0.19226560643703688,0.12521237090545537,0.35,0.21939723641291192,0.146595980970679
철원군,2024-07-01,8,27.869999999999997,11346.67,40707.33,0.196524802781219,0.7050526718411657,0.35,0.19384350911002135,0.12420609009419878,0.35,0.2195269255736801,0.1467467566731771
철원군,2024-10-01,9,28.23,11445.33,40549.67,0.22195001833553762,0.7863469205344014,0.35,0.22401080740791343,0.14089521019911447,0.35,0.2349957984478973,0.16473075904199158
철원군,2025-01-01,8,28.73,11577.67,40274.67,0.19863601613619677,0.690985319153163,0.35,0.19634848700938434,0.12131816453559993,0.35,0.2192662719645465,0.1464437226278259
철원군,2025-04-01,9,29.2,11695.67,40062.67,0.22464803269477548,0.7695155557569596,0.35,0.22721203116207353,0.13743985298977052,0.35,0.23474775108497808,0.16444238092946906
철원군,2025-07-01,9,29.5,11796.33,40010.33,0.22494190875206477,0.7629491545251786,0.35,0.22756071834090644,0.136091818404596,0.35,0.23436943515548042,0.1640025535013449
철원군,2025-10-01,9,29.73,11895.67,39991.33,0.22504877932291822,0.7565778136078085,0.35,0.2276875214503359,0.13478382828833824,0.35,0.23393620096865542,0.1634988784950619
춘천시,2009-01-01,131,12.43,32617.0,262443.67,0.4991547328994447,4.0163105129227095,0.9,0.5529172544728624,0.8039833276781898,0.9,0.7567331003058064,0.7712988618900344
춘천시,2009-04-01,136,12.53,32971.67,262830.0,0.517444736141232,4.124753159303124,0.9,0.5746185447720785,0.8262458170797091,0.9,0.7715691671052168,0.7885471683848919
춘천시,2009-07-01,136,12.6,33235.0,263731.67,0.5156756486621421,4.092071611253197,0.9,0.572519502992757,0.8195365321132171,0.9,0.768486989426268,0.7849638503804037
춘천시,2009-10-01,137,12.67,33581.67,264704.67,0.5175579259708566,4.079606523439722,0.9,0.5747528457516425,0.816977539921501,0.9,0.7682603028780897,0.7847003062002577
춘천시,2010-01-01,139,12.8,33957.33,265530.33,0.5234806886279244,4.09337247657575,0.9,0.5817802688797439,0.819803590336368,0.9,0.7714799199394695,0.7884434102602205
춘천시,2010-04-01,149,12.9,34353.67,266304.67,0.5595095271892904,4.337236749377868,0.9,0.6245288826677088,0.8698671582211047,0.9,0.8029499506998792,0.8250302457939962
춘천시,2010-07-01,150,13.0,34664.33,267152.67,0.5614767016927062,4.327214747840215,0.9,0.6268629568831966,0.8678097139363965,0.9,0.8029360991541787,0.8250141420847787
춘천시,2010-10-01,148,13.1,35299.33,269819.33,0.5485151860691374,4.192714139333522,0.9,0.6114839758329229,0.8401977137563736,0.9,0.7881433138442592,0.8078161543439675
춘천시,2011-01-01,159,13.169999999999998,35632.33,270428.0,0.5879568683716183,4.462239769333074,0.9,0.6582819663100392,0.8955293723019784,0.9,0.8227844532465678,0.8480896983917637
춘천시,2011-04-01,164,13.27,35933.67,270909.0,0.6053693306608492,4.563964660442421,0.9,0.6789420446034876,0.9164127552309436,0.9,0.836796268361859,0.8643797356991871
춘천시,2011-07-01,165,13.330000000000002,36258.33,271629.0,0.607446185790177,4.5506784234133235,0.9,0.6814062560896827,0.9136851870562538,0.9,0.8365808406023192,0.8641292809072074
춘천시,2011-10-01,166,13.430000000000001,36648.67,272509.33,0.6091534554064625,4.529495886208149,0.9,0.6834319502939021,0.9093365656811058,0.9,0.8356421848936906,0.8630380064087523
춘천시,2012-01-01,170,13.6,37141.0,272979.33,0.6227577743706822,4.5771519345198035,0.9,0.699573624587931,0.9191200070288458,0.9,0.8442277425434901,0.8730195151047697
춘천시,2012-04-01,170,13.73,37525.67,273088.67,0.6225084328837224,4.530232238358436,0.9,0.6992777781673141,0.9094877334411035,0.9,0.8406527464532116,0.8688632498953484
춘천시,2012-07-01,171,13.830000000000002,37819.67,273364.33,0.625538818469842,4.521456691716242,0.9,0.7028733640430286,0.9076861773131846,0.9,0.8411259568852492,0.8694134010020198
춘천시,2012-10-01,170,13.970000000000002,38169.67,273356.0,0.6218996473463176,4.453798002445398,0.9,0.6985554474217952,0.8937963387387092,0.9,0.8347537395610216,0.862005106138823
춘천시,2013-01-01,177,14.069999999999999,38496.33,273718.0,0.646650932711769,4.597840885092164,0.9,0.7279231201276808,0.9233672986453746,0.9,0.8546298444079194,0.8851129252770356
춘천시,2013-04-01,181,14.169999999999998,38785.33,273877.67,0.6608789975466055,4.66671290407997,0.9,0.7448048757673633,0.937506225017557,0.9,0.8650215574618076,0.8971942574915278
춘천시,2013-07-01,180,14.23,39042.33,274170.33,0.6565261821000106,4.6103805792328485,0.9,0.7396402122964651,0.9259416069753833,0.9,0.8592251773503718,0.8904554269055995
춘천시,2013-10-01,181,14.330000000000002,39365.0,274429.67,0.6595496762430972,4.597993141115204,0.9,0.743227621399116,0.9233985557034821,0.9,0.859427749077647,0.8906909353652522
춘천시,2014-01-01,191,14.430000000000001,39635.67,274569.0,0.695635705414668,4.818891670053768,0.9,0.7860440924760074,0.9687474228092758,0.9,0.8892144421934252,0.9253207344404103
춘천시,2014-04-01,196,14.5,39815.33,275017.0,0.7126832159466506,4.92272699987668,0.9,0.8062711514897676,0.9900640635114649,0.9,0.9032474678171007,0.9416354309351015
춘천시,2014-07-01,195,14.529999999999998,40128.67,275821.0,0.7069802516849696,4.859368625972404,0.9,0.7995045215787332,0.9770570485167055,0.9,0.8964285734899906,0.9337078325426006
춘천시,2014-10-01,196,14.6,40337.33,276021.67,0.7100891752448277,4.859022647259994,0.9,0.8031932936253345,0.9769860215944083,0.9,0.8975565869641093,0.9350192530420488
춘천시,2015-01-01,192,14.7,40523.33,276494.33,0.6944084531498349,4.7380114121914465,0.9,0.7845879441463742,0.9521432920216922,0.9,0.8827559359607422,0.9178121207015796
춘천시,2015-04-01,194,14.7,40593.67,276729.67,0.7010451752426836,4.779070234349346,0.9,0.792462488008842,0.9605723706511695,0.9,0.8882662246262472,0.9242183433927275
춘천시,2015-07-01,200,14.7,40751.67,277037.67,0.7219234842684029,4.907774331702235,0.9,0.8172348316292469,0.9869943890995158,0.9,0.9055666305287615,0.9443316731267152
춘천시,2015-10-01,198,14.77,40989.0,277572.33,0.7133275856422719,4.830564297738418,0.9,0.8070357032309475,0.9711437286796233,0.9,0.8966460989551628,0.9339607261123354
춘천시,2016-01-01,205,14.8,41269.0,278562.0,0.735922344038311,4.9674089510286175,0.9,0.8338446329348429,0.9992369442660504,0.9,0.9151876705971174,0.9555170263703997
춘천시,2016-04-01,203,14.8,41343.0,278842.0,0.7280108448512062,4.910141982923348,0.9,0.8244575520091756,0.9874804507364813,0.9,0.9080013250225178,0.9471622317523557
춘천시,2016-07-01,204,14.87,41488.33,279364.67,0.7302283427607363,4.917045347450716,0.9,0.8270886377031722,0.9888976614442154,0.9,0.9093365985569213,0.9487146113343065
춘천시,2016-10-01,205,14.87,41623.0,280196.33,0.7316298539670381,4.925161569324652,0.9,0.82875154618621,0.990563862975438,0.9,0.9104590875485297,0.9500196091093996
춘천시,2017-01-01,205,14.970000000000002,42001.33,280546.33,0.7307170976002431,4.880797822354673,0.9,0.8276685507035729,0.9814563072333343,0.9,0.9068276116960556,0.9457976809272864
춘천시,2017-04-01,204,15.27,42764.33,279988.0,0.7286026543994742,4.770330787364142,0.9,0.8251597405566041,0.958778225521211,0.9,0.8978438910996276,0.9353532708011799
춘천시,2017-07-01,203,15.529999999999998,43440.67,280036.0,0.7249067976974389,4.67304026388175,0.9,0.8207745658721116,0.9388051861295217,0.9,0.8892513080162745,0.9253635943857238
춘천시,2017-10-01,199,15.63,43821.67,280226.67,0.7101394025058358,4.541132275424465,0.9,0.8032528888237422,0.9117254320565299,0.9,0.8739808066874899,0.9076102173748118
춘천시,2018-01-01,207,15.73,44173.0,280968.0,0.7367387033398821,4.68612048083671,0.9,0.8348132522378391,0.94149045987605,0.9,0.8946128565407394,0.9315968928392396
춘천시,2018-04-01,217,15.87,44546.67,280577.67,0.7734043838912769,4.871295654647137,0.9,0.8783174860613855,0.9795055810666343,0.9,0.9219631985350174,0.9633942073050404
춘천시,2018-07-01,220,16.03,44948.0,280707.67,0.7837334833066727,4.894544807332918,0.9,0.8905730762862598,0.9842784636228735,0.9,0.9275218270914434,0.9698566296120167
춘천시,2018-10-01,218,16.17,45382.67,280627.0,0.7768318800400531,4.803595733790013,0.9,0.8823842479936141,0.9656072779463075,0.9,0.9182102955264615,0.9590311087687343
춘천시,2019-01-01,224,16.37,45894.33,280384.33,0.7989034194599961,4.880777211476886,0.9,0.9085723726194448,0.981452075969495,0.9,0.9321293927588716,0.9752133529202552
춘천시,2019-04-01,227,16.53,46343.33,280093.67,0.8104431635316858,4.898223757334659,0.9,0.922264406063498,0.9850337253963198,0.9,0.9377065999515186,0.9816973746185077
춘천시,2019-07-01,233,16.73,46870.67,280329.0,0.8311662368146,4.971125866133341,0.9,0.9468525607652412,1.0,0.9,0.9508076711440696,0.9969285874726482
춘천시,2019-10-01,229,16.9,47478.33,280963.0,0.8150539394866939,4.823253050391621,0.9,0.9277351425189005,0.9696427825850493,0.9,0.9338531497214511,0.977217380592495
춘천시,2020-01-01,233,17.1,48219.0,281638.33,0.8273021644461533,4.832120118625438,0.9,0.9422677963397622,0.9714631274324576,0.9,0.9390564826845553,0.9832667387516255
춘천시,2020-04-01,240,17.4,48991.33,281443.67,0.8527461285592247,4.898825975943089,0.9,0.9724573400091181,0.9851573565122608,0.9,0.9534495352272434,1.0
춘천시,2020-07-01,239,17.6,49567.33,281794.0,0.8481372917805206,4.821724309136684,0.9,0.9669889044077589,0.9693289430844315,0.9,0.946016608493524,0.9913585318676169
춘천시,2020-10-01,237,17.8,50320.67,282543.0,0.8388103757658126,4.709794205840264,0.9,0.9559224158262182,0.9463505040521879,0.9,0.9342478145417603,0.9776762151256276
춘천시,2021-01-01,238,18.03,50958.0,282720.67,0.8418203027037252,4.670512971466699,0.9,0.9594937272904959,0.9382863513123849,0.9,0.9324492436461878,0.975585209303195
춘천시,2021-04-01,233,18.2,51424.0,282439.67,0.8249549363940272,4.530958307405102,0.9,0.9394827844026798,0.9096367901544511,0.9,0.9158326541241864,0.9562668796643646
춘천시,2021-07-01,238,18.37,52005.67,282872.67,0.8413679554125891,4.576424070683062,0.9,0.9589570122472432,0.918970581858103,0.9,0.9252979272216584,0.9672711393276613
춘천시,2021-10-01,238,18.57,52740.0,284172.67,0.837518963382369,4.512703830109973,0.9,0.9543901408091704,0.905889278258739,0.9,0.919140166350704,0.9601121700226375
춘천시,2022-01-01,233,18.8,53576.67,285169.0,0.8170593577843315,4.348907836190641,0.9,0.9301145934174637,0.8722631477616227,0.9,0.8993905510741138,0.9371514067656478
춘천시,2022-04-01,240,18.97,54180.0,285740.0,0.8399244068033876,4.4296788482834994,0.9,0.9572442259226492,0.8888448511844563,0.9,0.9138705343206093,0.9539857330364004
춘천시,2022-07-01,234,19.2,54899.33,286257.67,0.8174453456565899,4.262347099682273,0.9,0.9305725722793109,0.8544928558753,0.9,0.8931090875044794,0.9298486215766756
춘천시,2022-10-01,233,19.4,55613.33,286555.0,0.813107431383155,4.189643022635041,0.9,0.9254255892144941,0.8395672357550261,0.9,0.886103094949908,0.9217035041061382
춘천시,2023-01-01,237,19.7,56413.67,286770.67,0.8264443501143266,4.201109411956358,0.9,0.9412499901867667,0.8419212023840221,0.9,0.8919033585441405,0.9284468496017423
춘천시,2023-04-01,243,19.93,57097.33,286845.0,0.8471474141086649,4.2558907745773755,0.9,0.9658144036472247,0.8531674191212362,0.9,0.9036520487346433,0.9421057938528542
춘천시,2023-07-01,246,20.1,57765.33,286899.33,0.8574436196836012,4.258609792413546,0.9,0.978030964968089,0.8537256137778655,0.9,0.9076746856088702,0.9467824830766408
춘천시,2023-10-01,251,20.4,58412.0,286543.0,0.8759592801080466,4.297062247483394,0.9,1.0000000000000002,0.861619624132905,0.9,0.9173996885275795,0.9580887027960038
춘천시,2024-01-01,245,20.67,59172.33,286383.0,0.8554977076153264,4.140448753665776,0.9,0.9757221188660883,0.8294680088539981,0.9,0.8981824419727018,0.9357468676555104
춘천시,2024-04-01,250,20.9,59833.67,286639.33,0.8721761943833736,4.17824947057401,0.9,0.9955113271193754,0.8372282220877041,0.9,0.907177313580382,0.9462042418685549
춘천시,2024-07-01,247,21.1,60388.33,286227.0,0.862951433652311,4.09019424779589,0.9,0.9845660469070556,0.8191511230009708,0.9,0.8972184668810192,0.9346261570211117
춘천시,2024-10-01,243,21.37,61083.0,286055.0,0.8494869867682788,3.9781936054221307,0.9,0.9685903323767722,0.7961582028073568,0.9,0.8839090381036523,0.9191527091101989
춘천시,2025-01-01,244,21.67,61891.33,285881.33,0.8535009963749645,3.942393870029938,0.9,0.9733529989868854,0.7888087765774762,0.9,0.882741476341182,0.9177953100499868
춘천시,2025-04-01,240,21.93,62638.67,285468.33,0.8407237328217808,3.831498976590659,0.9,0.958192635047544,0.76604285862658,0.9,0.8697691256746438,0.9027137467704177
춘천시,2025-07-01,241,22.2,63349.0,285191.33,0.8450467270516253,3.8043220887464684,0.9,0.963321915316306,0.7604636405072144,0.9,0.8693562291413328,0.9022337161764941
춘천시,2025-10-01,239,22.5,64087.33,285213.67,0.8379682502595336,3.729286272341194,0.9,0.9549232246375374,0.7450593311952048,0.9,0.861160173220884,0.8927050394405204
태백시,2009-01-01,9,13.169999999999998,6694.33,50881.33,0.17688216876406337,1.3444213237172353,0.65,0.17053730749745705,0.25546384072232686,0.65,0.3574030054220407,0.30704051348131434
태백시,2009-04-01,8,13.3,6765.0,50797.33,0.15748859241223898,1.1825572801182558,0.65,0.14752661554802113,0.22223432562484058,0.65,0.3381923766725987,0.2847063721546883
태백시,2009-07-01,8,13.430000000000001,6801.0,50653.33,0.15793630941934123,1.1762976032936332,0.65,0.14805783670826803,0.22094925933757717,0.65,0.3378939153512799,0.2843593831301328
태백시,2009-10-01,7,13.6,6861.33,50488.33,0.13864590094384185,1.0202103673777534,0.65,0.12516955458042076,0.18890568099202587,0.65,0.3191503367350775,0.26256823099029725
태백시,2010-01-01,9,13.830000000000002,6969.67,50337.33,0.178793750085672,1.2913093446318118,0.65,0.17280541979040673,0.24456033632669355,0.65,0.3541703048755571,0.3032821986539601
태백시,2010-04-01,12,14.1,7115.33,50449.33,0.23786242552676118,1.68649943150915,0.65,0.24289105380541656,0.3256899971598436,0.65,0.40542189066225376,0.3628669303721779
태백시,2010-07-01,12,14.27,7161.33,50149.0,0.23928692496360845,1.675666391578101,0.65,0.24458123807719753,0.32346605257069005,0.65,0.4051464606493136,0.3625467173841059
태백시,2010-10-01,12,14.77,7528.0,50957.67,0.2354895739934734,1.5940488841657812,0.65,0.24007563932570944,0.30671056979345157,0.65,0.39767949461064434,0.3538656753961595
태백시,2011-01-01,12,14.970000000000002,7583.0,50694.33,0.23671286315451845,1.5824871422919689,0.65,0.24152708538904696,0.3043370279764627,0.65,0.39727531170902997,0.35339577520891424
태백시,2011-04-01,11,15.029999999999998,7619.67,50665.33,0.2171109908886412,1.4436320733050119,0.65,0.2182692480433394,0.27583108861728023,0.65,0.37969515549634547,0.33295720973980314
태백시,2011-07-01,11,15.2,7666.67,50481.67,0.21790087372307612,1.434781984877398,0.65,0.21920645272645703,0.2740142296010302,0.65,0.37933140353229244,0.33253431427506025
태백시,2011-10-01,11,15.330000000000002,7701.0,50249.0,0.2189098290513244,1.4283859239059864,0.65,0.22040358933642937,0.27270116463682775,0.65,0.3792310898531328,0.33241769030004276
태백시,2012-01-01,11,15.470000000000002,7743.0,50021.67,0.21990469330592122,1.420637995608937,0.65,0.22158400673231002,0.2711105711078603,0.65,0.37902520898099157,0.3321783346519365
태백시,2012-04-01,10,15.63,7809.0,50067.0,0.19973235863942318,1.2805736970162633,0.65,0.1976493094649828,0.2423563856740953,0.65,0.361143608181426,0.3113893118347938
태백시,2012-07-01,11,15.8,7892.33,49879.67,0.22053072925302034,1.3937582437632485,0.65,0.22232680527893375,0.26559235285559724,0.65,0.37726245955082766,0.33012897461223173
태백시,2012-10-01,11,16.1,7985.0,49619.33,0.22168779788038248,1.3775829680651221,0.65,0.22369967994967913,0.2622716859794592,0.65,0.3764912776975795,0.32923240403541115
태백시,2013-01-01,11,16.4,8074.67,49286.0,0.22318711195877125,1.3622847744861402,0.65,0.22547863261768517,0.2591310777060338,0.65,0.3759121986315968,0.3285591708025153
태백시,2013-04-01,10,16.57,8146.0,49173.33,0.20336226975069616,1.2275963663147555,0.65,0.20195623897968673,0.23148052361586252,0.65,0.35855855771828726,0.3083839504209006
태백시,2013-07-01,10,16.8,8233.67,49073.33,0.2037766746214288,1.2145252360126164,0.65,0.20244793492321897,0.22879711529330607,0.65,0.35774217573026096,0.3074348304865715
태백시,2013-10-01,10,17.1,8346.67,48867.0,0.20463707614545604,1.1980825886251643,0.65,0.2034688108082567,0.22542155894703284,0.65,0.35684105864206156,0.3063871981231452
태백시,2014-01-01,10,17.33,8438.0,48716.67,0.20526854565387986,1.1851149561507466,0.65,0.20421805633523946,0.22275939797844307,0.65,0.3561129091280822,0.305540656640082
태백시,2014-04-01,10,17.5,8531.67,48811.67,0.20486904053887114,1.1721034686057947,0.65,0.20374403911598504,0.22008823388169702,0.65,0.35499891949980533,0.304245540164779
태백시,2014-07-01,10,17.77,8617.0,48553.33,0.20595909693526684,1.160496692584426,0.65,0.20503740303659138,0.21770544688058416,0.65,0.3545419526376455,0.303714273717742
태백시,2014-10-01,10,18.0,8687.67,48345.0,0.2068466232288758,1.1510566124173685,0.65,0.20609046275950002,0.2157674668359864,0.65,0.3541706449619536,0.3032825940360031
태백시,2015-01-01,10,18.3,8796.33,48075.67,0.20800542145330478,1.136837749379571,0.65,0.20746538961621566,0.21284843730059327,0.65,0.3535453135602212,0.30255558816417943
태백시,2015-04-01,10,18.5,8883.0,48052.67,0.208104981471373,1.1257458065968706,0.65,0.20758351867424432,0.21057134183230414,0.65,0.35275899457795806,0.30164141926805815
태백시,2015-07-01,9,18.67,8938.33,47807.0,0.18825694981906416,1.006899499123438,0.65,0.1840336105052455,0.18617305620530508,0.65,0.3365725786802615,0.28282320644713727
태백시,2015-10-01,9,18.9,8988.33,47611.33,0.18903063619520816,1.001298350194085,0.65,0.1849515979122072,0.1850231809224886,0.65,0.3364439587392467,0.282673673811974
태백시,2016-01-01,9,19.13,9062.33,47371.0,0.18998965611872243,0.9931220778762195,0.65,0.1860894856144557,0.18334465147032195,0.65,0.3361929838727312,0.28238189220444326
태백시,2016-04-01,6,19.27,9123.67,47393.33,0.12660009330426877,0.6576300984143442,0.65,0.1108770711391032,0.11447057944828684,0.65,0.28776886231787396,0.22608435043578484
태백시,2016-07-01,9,19.43,9176.0,47220.0,0.1905972045743329,0.980819529206626,0.65,0.1868103485488001,0.1808190273868989,0.65,0.3355053212446002,0.28158242048896576
태백시,2016-10-01,10,19.63,9238.0,47126.67,0.21219407184933714,1.082485386447283,0.65,0.212435269446447,0.20169029109044942,0.65,0.3510655485879372,0.29967263091847157
태백시,2017-01-01,9,19.97,9322.33,46678.67,0.19280755000088906,0.9654238800814818,0.65,0.18943294774296798,0.17765841219612158,0.65,0.3351828659757688,0.28120753627046746
태백시,2017-04-01,10,20.37,9442.33,46379.33,0.21561329152447867,1.0590606343985012,0.65,0.21649221125154786,0.1968813592575814,0.65,0.35059576026063755,0.2991264583266029
태백시,2017-07-01,10,20.67,9537.67,46169.0,0.21659555112737985,1.0484741032138876,0.65,0.21765767308935938,0.1947080211275846,0.65,0.35017451549324474,0.2986367221346875
태백시,2017-10-01,9,20.9,9610.33,45986.67,0.19570888694484728,0.9364922952697775,0.65,0.19287541598336863,0.1717189675058816,0.65,0.33411216872830257,0.27996275121138214
태백시,2018-01-01,9,21.27,9697.0,45619.0,0.1972862184616059,0.9281220996184387,0.65,0.1947469372013133,0.17000062699874482,0.65,0.33407625019895193,0.27992099258280084
태백시,2018-04-01,10,21.43,9763.33,45463.0,0.2199590876097046,1.024240704759544,0.65,0.22164854617286792,0.1897330800480385,0.65,0.3496240443985023,0.297996748327138
태백시,2018-07-01,10,21.77,9832.33,45196.33,0.22125690293880054,1.0170529264172377,0.65,0.22318841835545652,0.18825748124528768,0.65,0.34957216123620277,0.29793642932902586
태백시,2018-10-01,10,22.07,9907.0,44928.33,0.22257671273336888,1.009387301907742,0.65,0.22475438721358323,0.1866837840874369,0.65,0.34949297337774554,0.29784436608397524
태백시,2019-01-01,11,22.4,9971.67,44589.67,0.24669390914980982,1.1031251535600357,0.65,0.25336970639737866,0.20592748569916078,0.65,0.3654000400284231,0.31633780944296014
태백시,2019-04-01,10,22.7,10070.67,44376.0,0.22534703443302687,0.9929825920221793,0.65,0.2280414044235715,0.1833160160353627,0.65,0.34930342572304246,0.2976239993191242
태백시,2019-07-01,10,23.1,10189.0,44159.33,0.2264527111258255,0.9814505839630975,0.65,0.22935330199790757,0.18094857835505254,0.65,0.3488578048261038,0.29710592361113286
태백시,2019-10-01,11,23.4,10289.67,43957.67,0.2502407429693157,1.069033312049852,0.65,0.2575780637903571,0.19892867770588946,0.65,0.36418587675432074,0.3149262317944051
태백시,2020-01-01,11,23.9,10406.33,43539.33,0.2526451371667869,1.0570489307950064,0.65,0.2604309039885403,0.19646837108690643,0.65,0.36418862187666473,0.3149294232542573
태백시,2020-04-01,9,24.4,10549.67,43236.0,0.20815986677768528,0.8531072535918185,0.65,0.20764864069471084,0.15460062275349748,0.65,0.33254361765741314,0.2781391648128218
태백시,2020-07-01,10,24.77,10655.33,43005.0,0.23253110103476338,0.938497446817696,0.65,0.23656537857448864,0.1721306105870305,0.65,0.34792537653915645,0.2960218890691489
태백시,2020-10-01,10,25.1,10736.67,42806.67,0.2336084540096205,0.931387478613015,0.65,0.23784366974551932,0.17067098564163227,0.65,0.34779745705872356,0.2958731707845118
태백시,2021-01-01,10,25.57,10845.0,42405.33,0.23581941232387532,0.9220839096357768,0.65,0.24046699613769226,0.16876103035498707,0.65,0.3479273948323939,0.29602423552261437
태백시,2021-04-01,10,25.77,10775.0,41773.33,0.23938718794982347,0.9280742459396751,0.65,0.24470020121467514,0.16999080298529756,0.65,0.3496959772223967,0.2980803769202379
태백시,2021-07-01,11,25.97,10719.67,41260.33,0.2665999035877803,1.0261509915883604,0.65,0.27698838804998854,0.1901252480898548,0.65,0.36707380315394256,0.3182837146332696
태백시,2021-10-01,11,26.3,10790.67,40960.33,0.2685525238688263,1.019399166131482,0.65,0.2793051935203289,0.1887391472550654,0.65,0.3672972692687334,0.31854351476030063
태백시,2022-01-01,11,26.9,10895.33,40532.0,0.2713905062666535,1.0096068682637425,0.65,0.2826724908939348,0.18672885946909298,0.65,0.367623615482893,0.3189229225643613
태백시,2022-04-01,11,27.3,10956.0,40171.33,0.2738271299456602,1.0040160642570282,0.65,0.28556357172694735,0.18558110792392293,0.65,0.36811286395191484,0.3194917193795767
태백시,2022-07-01,12,27.57,10975.0,39868.67,0.30098821957190947,1.0933940774487472,0.65,0.3177905037307418,0.20392976629610438,0.65,0.38482589572493464,0.338922172098406
태백시,2022-10-01,11,27.7,10945.0,39494.67,0.2785185950407992,1.0050251256281406,0.65,0.291130046735855,0.18578826091059084,0.65,0.36992871750819784,0.3216028179013083
태백시,2023-01-01,10,28.130000000000003,11017.33,39155.67,0.25539085399381495,0.9076609305521393,0.65,0.263688727246146,0.16580009727464307,0.65,0.35411967455177423,0.30322333619706043
태백시,2023-04-01,11,28.53,11110.33,38951.0,0.28240609997175936,0.9900696018930132,0.65,0.2957426141548511,0.1827180002727282,0.65,0.37026130748805086,0.3219894846632732
태백시,2023-07-01,9,28.8,11171.0,38780.33,0.23207641605937857,0.8056575060424314,0.65,0.23602588984312675,0.14485953345715785,0.65,0.33789701781133297,0.28436299002828225
태백시,2023-10-01,9,29.07,11251.67,38710.0,0.2324980625161457,0.7998812620704304,0.65,0.23652617800825035,0.14367371243102614,0.65,0.3376247632431938,0.28404646878991224
태백시,2024-01-01,10,29.6,11380.67,38477.67,0.2598909965182403,0.8786828894959611,0.65,0.26902819591760474,0.15985111545408806,0.65,0.35363883113864014,0.30266431104046704
태백시,2024-04-01,10,30.07,11494.0,38213.0,0.2616910475492633,0.8700191404210893,0.65,0.27116397629233885,0.15807251055652638,0.65,0.3536637736675493,0.3026933090484431
태백시,2024-07-01,11,30.4,11591.67,38111.33,0.2886280798912029,0.9489573115866825,0.65,0.30312506186045046,0.17427794501986987,0.65,0.36951879522284997,0.32112624514706367
태백시,2024-10-01,11,30.9,11737.67,37992.0,0.28953463887134134,0.9371536258899765,0.65,0.3042007040755593,0.1718547338894447,0.65,0.3689791191684102,0.32049882157713994
태백시,2025-01-01,10,31.329999999999995,11838.67,37774.67,0.2647276600960379,0.844689479477002,0.65,0.2747669505254564,0.15287251473261715,0.65,0.3529106174797885,0.30181769498302835
태백시,2025-04-01,9,31.73,11933.0,37594.0,0.2393999042400383,0.7542110114807676,0.65,0.24471528923307692,0.13429794096423234,0.65,0.33679624102602623,0.2830832347109128
태백시,2025-07-01,11,32.1,12013.67,37437.0,0.2938269626305527,0.9156236187609615,0.65,0.30929359349309915,0.1674347794570997,0.65,0.3689739631775991,0.32049282725863243
태백시,2025-10-01,11,32.57,12106.33,37180.67,0.29585265677030564,0.908615575488195,0.65,0.3116971019016577,0.16599607896155802,0.65,0.36920552935630185,0.3207620444627681
평창군,2009-01-01,4,18.4,8006.0,43542.0,0.09186532543291534,0.49962528103922055,0.35,0.06966388647820962,0.08203333552615777,0.35,0.16544155950237655,0.0838674920070539
평창군,2009-04-01,4,18.67,8105.67,43403.0,0.09215952814321592,0.4934817232875259,0.35,0.07001296123443831,0.08077210764303386,0.35,0.16509474902630866,0.08346429259660881
평창군,2009-07-01,4,18.77,8143.33,43415.67,0.09213263321745352,0.4911995461316193,0.35,0.0699810501087906,0.08030359321221178,0.35,0.16491538110364032,0.08325576071633631
평창군,2009-10-01,4,18.77,8167.0,43514.0,0.09192443811187204,0.48977592751316273,0.35,0.06973402432288056,0.08001133462702367,0.35,0.1647324581915054,0.0830430958304138
평창군,2010-01-01,4,18.9,8221.33,43451.67,0.09205630071295304,0.4865392825735009,0.35,0.06989048075144644,0.07934687487737008,0.35,0.16454116132512156,0.08282069544441492
평창군,2010-04-01,4,19.13,8298.33,43400.0,0.09216589861751152,0.482024696535327,0.35,0.0700205198723568,0.0784200630816258,0.35,0.1642467510533319,0.08247841614143522
평창군,2010-07-01,5,19.3,8350.67,43299.0,0.1154761079932562,0.5987543514472491,0.35,0.09767834004391349,0.1023838152774503,0.35,0.18156084703336384,0.10260766186287126
평창군,2010-10-01,4,19.4,8474.67,43641.67,0.0916555209734183,0.4719947797377361,0.35,0.06941495117615273,0.07636099385141551,0.35,0.16331291542765602,0.0813927454373835
평창군,2011-01-01,4,19.57,8483.0,43427.0,0.09210859603472495,0.4715312978898974,0.35,0.06995252972672877,0.07626584438697778,0.35,0.16344664688415345,0.08154822068435144
평창군,2011-04-01,5,19.67,8512.0,43321.67,0.11541567995878275,0.5874060150375939,0.35,0.0976066415154341,0.10005408405567101,0.35,0.1806961279550135,0.10160234556866787
평창군,2011-07-01,5,19.73,8568.33,43402.0,0.11520206442099443,0.5835442845922134,0.35,0.09735318432700801,0.09926129878178325,0.35,0.18033023234183365,0.10117695791258771
평창군,2011-10-01,4,19.87,8653.0,43543.0,0.09186321567186459,0.4622674217034554,0.35,0.06966138322348522,0.07436403774262332,0.35,0.16266800625846223,0.08064297859135927
평창군,2012-01-01,5,20.1,8733.0,43484.67,0.11498305034854811,0.5725409366769724,0.35,0.09709332171774876,0.097002391197723,0.35,0.17943226915006383,0.10013299224687894
평창군,2012-04-01,5,20.27,8823.67,43492.0,0.11496367147981239,0.5666576379216358,0.35,0.09707032847654784,0.09579459260041481,0.35,0.17898840837249425,0.09961696284123686
평창군,2012-07-01,6,20.43,8892.67,43534.67,0.13782118941064675,0.6747129939601941,0.35,0.12419102526260806,0.11797757410150322,0.35,0.1954906920425338,0.11880240130375685
평창군,2012-10-01,6,20.57,8974.0,43612.33,0.13757577272298913,0.6685981724983285,0.35,0.12389983565959245,0.11672224557042496,0.35,0.19494576668025776,0.11816887492561112
평창군,2013-01-01,6,20.8,9063.0,43572.33,0.13770206918014252,0.6620324395895398,0.35,0.12404968779708067,0.11537434818711731,0.35,0.1945053131215358,0.11765680672854092
평창군,2013-04-01,7,21.07,9167.0,43519.33,0.16084806452672867,0.7636085960510527,0.35,0.15151266621432694,0.13622719697078473,0.35,0.21063374974657328,0.13640761325649395
평창군,2013-07-01,7,21.2,9250.33,43656.0,0.16034451163643026,0.756729759911268,0.35,0.1509151951636708,0.13481502176326043,0.35,0.20993632583542488,0.13559679314231057
평창군,2013-10-01,7,21.3,9301.67,43676.33,0.16026987615488755,0.7525530361752245,0.35,0.15082663934275767,0.13395757064960395,0.35,0.20959862503814897,0.13520418458010028
평창군,2014-01-01,8,21.47,9373.67,43690.33,0.18310687971457298,0.8534544100656413,0.35,0.17792299560149683,0.15467189146167745,0.35,0.2255623140534532,0.15376345670035657
평창군,2014-04-01,9,21.67,9472.0,43741.33,0.20575506048855852,0.950168918918919,0.35,0.20479531154523933,0.1745266792244751,0.35,0.24114517571691807,0.17187998163060886
평창군,2014-07-01,9,21.8,9538.67,43772.33,0.20560934270576867,0.9435277664496203,0.35,0.20462241579096982,0.1731632987519718,0.35,0.24059818241864717,0.17124405108467844
평창군,2014-10-01,10,21.8,9533.0,43691.67,0.22887657990642155,1.048987726843596,0.35,0.23222924900346872,0.19481346433645508,0.35,0.2570598739762274,0.19038229744389784
평창군,2015-01-01,10,21.9,9550.33,43608.33,0.2293139865709143,1.0470842368797726,0.35,0.23274823682864756,0.19442269164176387,0.35,0.2570809109351234,0.19040675486375608
평창군,2015-04-01,11,21.97,9589.33,43597.67,0.25230706136360037,1.1471082964086123,0.35,0.26002977332436805,0.21495690617343644,0.35,0.273037400619598,0.20895765709282854
평창군,2015-07-01,11,22.1,9644.33,43617.33,0.2521933369144787,1.1405665297641205,0.35,0.2598948380128822,0.2136139288905018,0.35,0.2725096563525237,0.2083441053346386
평창군,2015-10-01,11,22.23,9678.67,43535.33,0.25266835005040733,1.1365197904257507,0.35,0.2604584463306312,0.21278316263167096,0.35,0.27238557273856284,0.20819984660127455
평창군,2016-01-01,10,22.5,9747.0,43346.67,0.23069822895276618,1.0259567046270648,0.35,0.23439065566127046,0.190085362384728,0.35,0.2560264653901924,0.18918086391927547
평창군,2016-04-01,8,22.63,9793.0,43260.0,0.1849283402681461,0.8169100377820893,0.35,0.18008417861054907,0.14716959667449775,0.35,0.2235258493525497,0.1513958772197534
평창군,2016-07-01,8,22.7,9821.67,43320.33,0.18467080006084904,0.81452543202938,0.35,0.17977860431794837,0.14668005439506773,0.35,0.22325328866534117,0.15107900008951503
평창군,2016-10-01,8,22.7,9829.0,43309.0,0.1847191115010737,0.8139179977617255,0.35,0.17983592637389492,0.14655535254208693,0.35,0.2232261316824518,0.15104742757297918
평창군,2017-01-01,8,23.07,9964.67,43216.33,0.18511520992180502,0.8028364210756603,0.35,0.1803059015128666,0.14428038515831232,0.35,0.22255062473877968,0.15026208797041524
평창군,2017-04-01,8,23.53,10149.0,43119.0,0.18553305967207032,0.7882550004926594,0.35,0.1808016848439075,0.14128692518639868,0.35,0.2216234245385209,0.1491841315650968
평창군,2017-07-01,8,23.9,10291.67,43101.67,0.1856076574295149,0.7773276834566207,0.35,0.18089019590476269,0.1390436261908313,0.35,0.22084006112458598,0.14827339879184287
평창군,2017-10-01,9,24.07,10371.0,43101.0,0.20881186051367717,0.8678044547295343,0.35,0.2084222384437645,0.15761785163421474,0.35,0.23616628093076766,0.1660915537111159
평창군,2018-01-01,9,24.3,10435.33,42916.67,0.20970872157602163,0.8624547570608692,0.35,0.20948637397259443,0.15651959747291183,0.35,0.23610203315576556,0.16601685970158953
평창군,2018-04-01,9,24.53,10512.67,42821.33,0.2101756297620835,0.8561098179625157,0.35,0.21004036567805565,0.1552170274587602,0.35,0.235804365176999,0.16567079301148302
평창군,2018-07-01,9,24.73,10584.0,42771.0,0.2104229501297608,0.8503401360544218,0.35,0.21033381401838244,0.15403255357679232,0.35,0.2354679068647309,0.1652796289535689
평창군,2018-10-01,9,24.97,10643.0,42655.0,0.21099519399835892,0.8456262332049234,0.35,0.2110127876713789,0.15306482348416242,0.35,0.2353303865466383,0.16511974880286578
평창군,2019-01-01,9,25.4,10811.0,42543.67,0.21154733477389234,0.8324854315049487,0.35,0.2116679087830313,0.15036711212854956,0.35,0.23455994593210466,0.16422403998494034
평창군,2019-04-01,8,25.829999999999995,10957.0,42400.33,0.18867777680032205,0.7301268595418453,0.35,0.18453292635365143,0.12935363911268993,0.35,0.21847602030427168,0.14552498162801913
평창군,2019-07-01,8,26.2,11076.33,42305.67,0.18909994806842675,0.7222608932742163,0.35,0.18503383721320757,0.12773881324380162,0.35,0.21804885738367696,0.14502836503298266
평창군,2019-10-01,9,26.43,11160.33,42187.33,0.21333419299111842,0.8064277669208706,0.35,0.21378803573888486,0.1450176624333035,0.35,0.2332889837238013,0.1627464282965737
평창군,2020-01-01,8,27.03,11340.67,41911.33,0.19087917276784105,0.7054256935436796,0.35,0.18714490691609909,0.12428266874637978,0.35,0.21745957107278463,0.14434326492923427
평창군,2020-04-01,8,27.6,11531.33,41758.67,0.19157698269604853,0.6937621245771303,0.35,0.18797286608185296,0.12188822256520845,0.35,0.2168528299099889,0.14363787193792182
평창군,2020-07-01,8,28.0,11685.33,41719.0,0.19175915050696324,0.684619090774501,0.35,0.18818901019596665,0.12001122398648759,0.35,0.21624181758942168,0.14292751332874543
평창군,2020-10-01,9,28.3,11791.67,41684.67,0.21590671102829892,0.7632506676323201,0.35,0.21684035672466115,0.13615371686038072,0.35,0.23103893605197728,0.1601305387622125
평창군,2021-01-01,9,28.7,11899.67,41437.67,0.2171936790847555,0.7563234946851467,0.35,0.21836735849878727,0.13473161845660372,0.35,0.23100237018835248,0.16008802754737522
평창군,2021-04-01,9,29.1,11976.0,41153.67,0.2186925248708074,0.751503006012024,0.35,0.22014575553277768,0.13374200706682746,0.35,0.23120079223750784,0.16031871162054923
평창군,2021-07-01,8,29.6,12131.33,41027.0,0.1949935408389597,0.6594495409819039,0.35,0.1920266499496474,0.11484409782162938,0.35,0.21557393865084823,0.1421510419910434
평창군,2021-10-01,8,29.9,12261.67,41008.33,0.19508231620258615,0.652439675835347,0.35,0.19213198289639477,0.11340502330860192,0.35,0.21508659703572955,0.1415844620707103
평창군,2022-01-01,8,30.23,12435.0,41139.33,0.19446111543381966,0.6433453960595095,0.35,0.19139492134211916,0.11153803357825354,0.35,0.21418108071083336,0.1405317151857659
평창군,2022-04-01,9,30.57,12576.33,41127.67,0.21883077743037718,0.7156300765008552,0.35,0.22030979371747186,0.12637755461477,0.35,0.228589540421769,0.15728288869914614
평창군,2022-07-01,9,30.97,12721.33,41099.33,0.2189816719639955,0.7074731965918658,0.35,0.22048883174361797,0.12470300628360587,0.35,0.22804011706851973,0.15664413298845792
평창군,2022-10-01,10,31.4,12853.0,40984.0,0.24399765762248682,0.7780284758422158,0.35,0.25017057426270206,0.1391874937888448,0.35,0.24256006209100145,0.17352491853777874
평창군,2023-01-01,10,31.829999999999995,13004.67,40849.67,0.24480001919232153,0.7689545371009029,0.35,0.25112258510281693,0.13732467992546973,0.35,0.24218432627997932,0.17308809073717452
평창군,2023-04-01,10,32.3,13148.0,40725.0,0.24554941682013504,0.76057195010648,0.35,0.2520117536423593,0.13560379556539978,0.35,0.2418402494642108,0.1726880694608895
평창군,2023-07-01,10,32.67,13298.0,40693.0,0.2457425109969774,0.7519927808693037,0.35,0.2522408620099931,0.13384255429555397,0.35,0.2412751429013435,0.1720310805614476
평창군,2023-10-01,10,33.03,13435.329999999998,40661.67,0.24593185670927928,0.7443062433151997,0.35,0.2524655227831628,0.13226456384120513,0.35,0.24077489811446762,0.17144949950474647
평창군,2024-01-01,11,33.57,13618.670000000002,40579.0,0.27107617240444565,0.8077147034181751,0.35,0.28229953030423616,0.14528186116957523,0.35,0.2548120149110786,0.18776895236820218
평창군,2024-04-01,11,34.1,13810.0,40522.0,0.27145747988746854,0.7965242577842143,0.35,0.28275195583270396,0.14298454377978748,0.35,0.25412293873043557,0.1869678372665562
평창군,2024-07-01,10,34.4,13926.0,40472.67,0.24708031370304948,0.7180812868016659,0.35,0.2538281796557997,0.12688077032523193,0.35,0.23925461442002938,0.16968202841720414
평창군,2024-10-01,12,34.9,14090.0,40403.67,0.29700272277246104,0.8516678495386799,0.35,0.31306166788046585,0.1543051235329686,0.35,0.2676954018662686,0.20274708706518252
평창군,2025-01-01,12,35.57,14305.329999999998,40194.67,0.29854704616308586,0.8388481775673824,0.35,0.3148940245931891,0.1516733377833771,0.35,0.2673169858567327,0.2023071432847126
평창군,2025-04-01,11,36.2,14485.329999999998,40004.0,0.27497250274972507,0.7593889818181568,0.35,0.2869225691745284,0.13536094074895844,0.35,0.2526710812965782,0.18527991806636734
평창군,2025-07-01,11,36.7,14638.670000000002,39905.67,0.2756500517345029,0.7514343857741174,0.35,0.28772648850774146,0.13372791982928656,0.35,0.2523321084070129,0.18488583057864438
평창군,2025-10-01,11,37.2,14818.329999999998,39838.0,0.2761182790300718,0.7423238651049073,0.35,0.288282045351162,0.13185759596122903,0.35,0.2518296632904496,0.18430169143418645
홍천군,2009-01-01,17,17.87,12538.0,70172.33,0.2422607315447556,1.3558781304833307,0.45,0.24810969234033017,0.25781584012218217,0.45,0.3173746357051292,0.2605038135121419
홍천군,2009-04-01,16,18.07,12646.33,70084.33,0.228296396641018,1.265189189274675,0.45,0.23154085516871517,0.23919805772861868,0.45,0.305461497525894,0.24665368319059316
홍천군,2009-07-01,19,18.17,12744.67,70070.33,0.2711561369840844,1.490819299362008,0.45,0.2823944091587369,0.28551828415376523,0.45,0.3381130387746103,0.28461413447473827
홍천군,2009-10-01,19,18.33,12807.67,69800.67,0.2722036908814772,1.4834860673330903,0.45,0.2836373433961381,0.28401282476327816,0.45,0.3379574900738076,0.2844332946536053
홍천군,2010-01-01,18,18.57,12890.67,69404.33,0.25934981290072245,1.3963587618021407,0.45,0.268386075594624,0.2661262203626314,0.45,0.3267207834213683,0.2713695788484311
홍천군,2010-04-01,19,18.77,12968.0,69231.67,0.2744408736637438,1.4651449722393584,0.45,0.28629178540845296,0.28024753086124543,0.45,0.3374263773786962,0.28381582678476586
홍천군,2010-07-01,21,18.87,13042.33,69176.67,0.3035705534828433,1.6101417461450522,0.45,0.32085447135884204,0.3100143177303734,0.45,0.3589980633449814,0.3088949165588892
홍천군,2010-10-01,20,18.9,13191.329999999998,69867.33,0.28625682418377807,1.5161473482961916,0.45,0.3003115408457067,0.2907179490437237,0.45,0.3455966588227587,0.2933145382965014
홍천군,2011-01-01,20,18.97,13247.329999999998,69799.0,0.2865370564048195,1.5097381887519978,0.45,0.30064403946255336,0.2894021950374564,0.45,0.3452249505650655,0.2928823929009565
홍천군,2011-04-01,22,19.1,13332.0,69785.0,0.3152539944114065,1.6501650165016502,0.45,0.3347170027063059,0.3182308050798451,0.45,0.3663042819094833,0.3173890746685004
홍천군,2011-07-01,22,19.2,13397.0,69832.0,0.31504181464085235,1.6421586922445324,0.45,0.3344652490715172,0.31658716473291043,0.45,0.36563129957622087,0.3166066701601711
홍천군,2011-10-01,20,19.27,13487.329999999998,69948.33,0.28592533946128523,1.482873185426619,0.45,0.29991823057137407,0.28388700454952814,0.45,0.34300397719419884,0.2903003049435777
홍천군,2012-01-01,21,19.47,13576.670000000002,69646.0,0.3015248542629871,1.54677104179449,0.45,0.3184272267023976,0.29700477138435205,0.45,0.35353543092345463,0.3025440986804617
홍천군,2012-04-01,20,19.63,13671.0,69633.0,0.28722013987620815,1.4629507717065322,0.45,0.301454525525089,0.2797970773935618,0.45,0.34200578672189785,0.2891398157492868
홍천군,2012-07-01,19,19.73,13769.0,69735.67,0.2724574095294417,1.3799113951630475,0.45,0.2839383833664987,0.26274969518819735,0.45,0.33036413643320217,0.2756053153321446
홍천군,2012-10-01,18,19.83,13832.670000000002,69729.0,0.2581422363722411,1.30126721739187,0.45,0.266953272742888,0.24660461543811252,0.45,0.3192147903511814,0.26264316430923496
홍천군,2013-01-01,19,19.97,13931.329999999998,69814.0,0.2721517174205747,1.363832455336282,0.45,0.28357567631232244,0.25944880536828896,0.45,0.32905728788334554,0.27408598243650256
홍천군,2013-04-01,19,20.07,14028.0,69900.0,0.2718168812589413,1.354433989164528,0.45,0.2831783895185356,0.2575193683753441,0.45,0.32823546152050553,0.2731305329104609
홍천군,2013-07-01,18,20.1,14089.670000000002,70096.0,0.2567906870577494,1.277531695206488,0.45,0.2653496445947814,0.24173188474839896,0.45,0.3169515480128675,0.2600119347487879
홍천군,2013-10-01,20,20.03,14142.670000000002,70549.33,0.28348958097830274,1.4141601267653134,0.45,0.29702817630297385,0.2697807115803668,0.45,0.3370000778534543,0.2833202139670697
홍천군,2014-01-01,22,20.1,14216.670000000002,70670.33,0.3113046168031195,1.5474791213413546,0.45,0.33003102267417306,0.29715013498376297,0.45,0.3572171649748581,0.3068244566897479
홍천군,2014-04-01,23,20.17,14248.670000000002,70599.0,0.325783651326506,1.614185745055503,0.45,0.3472105566135928,0.31084452139921276,0.45,0.3675412908542619,0.31882721253245705
홍천군,2014-07-01,22,20.27,14326.329999999998,70586.67,0.31167357802825946,1.5356340388641057,0.45,0.33046879923167655,0.2947184253943011,0.45,0.3564749188392215,0.3059615265738904
홍천군,2014-10-01,22,20.4,14397.329999999998,70522.33,0.3119579287865276,1.5280611057744737,0.45,0.33080618453830574,0.29316375711319953,0.45,0.3560183614789104,0.30543073621081107
홍천군,2015-01-01,22,20.53,14445.0,70330.67,0.31280805372677384,1.523018345448252,0.45,0.3318148671434972,0.29212851496387854,0.45,0.3559595518277837,0.3053623645257005
홍천군,2015-04-01,22,20.73,14582.0,70355.33,0.3126984124728006,1.5087093677136194,0.45,0.3316847765880288,0.2891909855343001,0.45,0.35485682583309586,0.304080343071269
홍천군,2015-07-01,22,20.8,14666.0,70411.67,0.31244820638397014,1.5000681849174962,0.45,0.3313879043077694,0.28741701333022424,0.45,0.3541226118957116,0.3032267511323797
홍천군,2015-10-01,23,20.93,14716.329999999998,70378.33,0.3268051401617515,1.5628896606694742,0.45,0.348422564367666,0.3003138070252996,0.45,0.36411306435949503,0.3148415806183516
홍천군,2016-01-01,22,21.07,14786.0,70133.67,0.31368670711229,1.4878939537400244,0.45,0.3328573990632243,0.2849177318979974,0.45,0.35367861376148707,0.30271056203686053
홍천군,2016-04-01,20,21.2,14827.0,70028.67,0.28559731321471615,1.3488905375328792,0.45,0.2995290238168179,0.25638133792960516,0.45,0.33293780648059534,0.2785974459550558
홍천군,2016-07-01,22,21.2,14861.329999999998,70021.67,0.31418845051824673,1.48035202771219,0.45,0.33345272314077873,0.28336942914196994,0.45,0.35330503019618725,0.30227623642193485
홍천군,2016-10-01,21,21.3,14900.670000000002,70016.0,0.29993144424131624,1.409332600480381,0.45,0.31653662816128003,0.26878965541988864,0.45,0.34274319257763286,0.2899971185899107
홍천군,2017-01-01,21,21.43,15047.0,70086.67,0.29962901647346063,1.3956270352894264,0.45,0.31617779428366843,0.26597600221250467,0.45,0.3416137117077541,0.2886839921065141
홍천군,2017-04-01,22,21.93,15437.329999999998,70264.67,0.3131018760922097,1.425116908170001,0.45,0.33216349061635464,0.27203005939728503,0.45,0.3488021584300288,0.2970412295040078
홍천군,2017-07-01,22,22.3,15702.0,70334.67,0.31279026403337074,1.4010954018596358,0.45,0.3317937594763322,0.267098618239283,0.45,0.3469036008723661,0.29483397989429344
홍천군,2017-10-01,22,22.53,15848.329999999998,70313.0,0.3128866639170566,1.3881588785695402,0.45,0.33190813900010935,0.26444284376078153,0.45,0.34597920097144613,0.2937592790972118
홍천군,2018-01-01,21,22.83,16017.329999999998,70139.33,0.29940405760933275,1.3110799365437313,0.45,0.3159108781136009,0.24861909556571898,0.45,0.33525498744615145,0.2812913841826425
홍천군,2018-04-01,21,23.07,16170.0,70124.67,0.2994666498965343,1.2987012987012985,0.45,0.31598514455178006,0.24607785092654183,0.45,0.3343594491635674,0.2802502376992294
홍천군,2018-07-01,21,23.2,16258.329999999998,70075.67,0.29967605018974486,1.291645574914521,0.45,0.3162336003060864,0.24462936196702167,0.45,0.33391346662543386,0.2797317415497387
홍천군,2018-10-01,21,23.4,16364.329999999998,69986.0,0.30006001200240046,1.2832789365650779,0.45,0.3166891752258991,0.24291175174818375,0.45,0.3334349637105406,0.27917543743987244
홍천군,2019-01-01,19,23.73,16549.33,69730.67,0.2724769459407173,1.1480827320501796,0.45,0.2839615635336584,0.21515695074876665,0.45,0.31316462837439907,0.25560928871875693
홍천군,2019-04-01,20,24.03,16732.33,69586.67,0.28741136772315734,1.1952907933324288,0.45,0.3016814194717482,0.22484842360600008,0.45,0.3222105243913713,0.2661259835497312
홍천군,2019-07-01,20,24.4,16917.67,69343.33,0.28841995329615694,1.1821958934061252,0.45,0.3028781173630454,0.22216013555186473,0.45,0.32161287311814085,0.26543115839983833
홍천군,2019-10-01,20,24.7,17106.0,69187.67,0.28906884709370906,1.1691804045364198,0.45,0.30364803700099635,0.21948815001214497,0.45,0.3208876376047046,0.26458800471322913
홍천군,2020-01-01,21,25.27,17377.67,68759.33,0.30541309812064776,1.2084473925445702,0.45,0.32304067086606264,0.2275493780763738,0.45,0.32986730682161813,0.2750277047341212
홍천군,2020-04-01,22,25.670000000000005,17677.67,68839.33,0.31958474900903305,1.2445079017766483,0.45,0.3398554907369168,0.23495233928571513,0.45,0.33780275343868904,0.28425339893430224
홍천군,2020-07-01,23,25.8,17863.33,69187.67,0.3324291741577654,1.2875538883287718,0.45,0.3550955426491193,0.2437893683640434,0.45,0.34576415412681816,0.2935092671542187
홍천군,2020-10-01,23,26.1,18059.0,69199.0,0.33237474529978756,1.273603189545379,0.45,0.3550309622096291,0.24092539100665233,0.45,0.34470850907476436,0.29228198167122754
홍천군,2021-01-01,23,26.53,18311.0,68978.0,0.3334396474238163,1.2560755829829064,0.45,0.3562944803090136,0.23732710040461186,0.45,0.34380275255690285,0.2912289555396378
홍천군,2021-04-01,24,27.0,18520.33,68632.33,0.3496894247944081,1.29587323767989,0.45,0.3755750201402566,0.24549727049423575,0.45,0.3527867505534128,0.30167368816912066
홍천군,2021-07-01,24,27.4,18772.67,68504.67,0.3503410789366623,1.2784542635650658,0.45,0.37634821495760007,0.24192128134642155,0.45,0.3517357044509254,0.30045174939241953
홍천군,2021-10-01,24,27.8,19022.0,68448.67,0.3506277039422388,1.2616969824413837,0.45,0.37668829868371,0.23848113297429896,0.45,0.35059831151946375,0.29912942440209833
홍천군,2022-01-01,24,28.329999999999995,19309.0,68158.33,0.35212130344156023,1.2429437050080272,0.45,0.37846047094071017,0.2346312210250895,0.45,0.3497606690275127,0.2981555871560391
홍천군,2022-04-01,25,28.8,19580.33,67919.33,0.3680837252075366,1.2767915556070812,0.45,0.3974000601820365,0.24157993945254524,0.45,0.3581964264171281,0.3079629391273937
홍천군,2022-07-01,27,29.3,19842.0,67770.33,0.398404434506959,1.360749924402782,0.45,0.4333759157292662,0.25881598410721274,0.45,0.37567970754568947,0.32828887830779485
홍천군,2022-10-01,29,29.630000000000003,20096.0,67896.0,0.42712383645575586,1.4430732484076434,0.45,0.4674518024675895,0.2757163659157396,0.45,0.3924474022981519,0.3477828818205169
홍천군,2023-01-01,27,30.07,20391.33,67832.0,0.39804222196013683,1.3240921509288504,0.45,0.43294614655291924,0.25129040887748383,0.45,0.3728244851866881,0.3249694169556134
홍천군,2023-04-01,26,30.57,20681.0,67647.33,0.38434628535967347,1.257192592234418,0.45,0.41669576692437693,0.23755641430881097,0.45,0.362776639678557,0.31328786272156867
홍천군,2023-07-01,25,31.0,20938.33,67544.0,0.37012910103043944,1.1939825191407338,0.45,0.3998269211244337,0.22457984439570747,0.45,0.3528092045144082,0.3016997929856134
홍천군,2023-10-01,25,31.5,21203.0,67316.33,0.37138091158564346,1.1790784322973165,0.45,0.401312208136086,0.2215201433789419,0.45,0.35216753052987104,0.30095378734242545
홍천군,2024-01-01,25,31.97,21520.0,67305.33,0.3714416079677494,1.1617100371747213,0.45,0.40138422506198695,0.21795453773167867,0.45,0.35090093955801915,0.2994812576226894
홍천군,2024-04-01,24,32.4,21791.33,67217.0,0.35705253135367543,1.1013554473269873,0.45,0.38431142717279615,0.20556417783484662,0.45,0.3410816560811091,0.28806542799213225
홍천군,2024-07-01,23,32.87,22060.0,67124.67,0.3426460048146233,1.0426110607434271,0.45,0.36721792475541887,0.1935043809987611,0.45,0.3313754094029877,0.2767810141456279
홍천군,2024-10-01,23,33.4,22326.67,66818.67,0.34421517219663306,1.030158102395028,0.45,0.3690797591375612,0.19094787889832113,0.45,0.3310334309402838,0.2763834323997981
홍천군,2025-01-01,23,34.0,22631.33,66558.0,0.3455632681270471,1.0162902489601804,0.45,0.37067928980742276,0.18810090909059354,0.45,0.33050439874990745,0.275768383311072
홍천군,2025-04-01,23,34.5,22916.67,66419.33,0.3462847336761753,1.0036362176529139,0.45,0.3715353166279508,0.1855031281689045,0.45,0.32983292199723646,0.27498772918010644
홍천군,2025-07-01,23,34.93,23185.67,66353.0,0.3466308983768632,0.9919920364604518,0.45,0.37194604485810256,0.1831126621572471,0.45,0.3290971275529322,0.2741322997550328
홍천군,2025-10-01,23,35.47,23461.33,66151.33,0.34768764286371867,0.9803365793840332,0.45,0.3731998838311298,0.18071988128833155,0.45,0.3286241857513501,0.2735824609562319
화천군,2009-01-01,2,17.33,4135.33,23856.33,0.08383519174994644,0.4836373397044493,0.2,0.060136044416515606,0.07875112703717588,0.2,0.11241992681503632,0.0222249162614834
화천군,2009-04-01,2,17.3,4154.67,24019.0,0.0832674132978059,0.4813860065901744,0.2,0.05946236902932977,0.07828894466456932,0.2,0.11204213134113114,0.021785693911355847
화천군,2009-07-01,2,17.43,4178.67,23979.67,0.08340398345765393,0.47862118808137516,0.2,0.059624411028223516,0.07772134746177378,0.2,0.11188760124802462,0.021606038316337506
화천군,2009-10-01,2,17.53,4216.0,24023.33,0.08325240505791662,0.47438330170777987,0.2,0.05944456158739484,0.07685134010188288,0.2,0.11151680804274257,0.02117495675426409
화천군,2010-01-01,2,17.8,4276.67,24009.33,0.08330095008898623,0.4676535715872396,0.2,0.0595021608014518,0.07546977527951543,0.2,0.11103532947142845,0.020615193167255824
화천군,2010-04-01,2,18.07,4317.67,23930.67,0.08357475992105529,0.4632127976431733,0.2,0.05982703918304413,0.07455811657176395,0.2,0.11080733519296396,0.02035012862911384
화천군,2010-07-01,2,18.03,4329.67,24005.0,0.08331597583836702,0.46192896918240883,0.2,0.05951998901859124,0.07429455589286946,0.2,0.1106160146686917,0.02012770073862094
화천군,2010-10-01,2,18.1,4392.67,24236.33,0.08252074468370417,0.45530394953411024,0.2,0.05857643849461481,0.07293448737160046,0.2,0.10982919039792938,0.01921294439765861
화천군,2011-01-01,2,18.23,4414.33,24239.0,0.08251165477123644,0.45306988829561906,0.2,0.0585656532133522,0.07247585078992039,0.2,0.10966000100391449,0.019016246002922066
화천군,2011-04-01,2,18.2,4424.0,24303.67,0.08229209827157792,0.4520795660036166,0.2,0.058305147008231174,0.0722725448003888,0.2,0.1095050220493208,0.018836068564708403
화천군,2011-07-01,2,18.3,4466.0,24442.67,0.08182412150554748,0.44782803403493054,0.2,0.057749887420867514,0.07139973609871747,0.2,0.1090158035468497,0.018267306588393234
화천군,2011-10-01,2,18.17,4500.0,24805.67,0.08062672767959907,0.4444444444444444,0.2,0.056329166457842895,0.07070510967717991,0.2,0.1083203254569534,0.01745874867225697
화천군,2012-01-01,2,18.17,4532.67,24927.33,0.08023322192950468,0.44124103453372954,0.2,0.055862267551138566,0.07004747283810983,0.2,0.10793653604033074,0.01701255780665281
화천군,2012-04-01,2,18.27,4552.33,24942.67,0.08018387766826887,0.43933546118141703,0.2,0.0558037200416864,0.06965627243886047,0.2,0.10777678961782537,0.016826837743910916
화천군,2012-07-01,2,18.37,4565.67,24883.0,0.08037616043081622,0.438051808387378,0.2,0.05603186565732204,0.06939274782307162,0.2,0.10775286884937359,0.016799027627427382
화천군,2012-10-01,2,18.37,4589.33,24983.33,0.08005337959351294,0.43579346004754504,0.2,0.05564888263863461,0.06892912527549841,0.2,0.10746546903201544,0.016464898629264854
화천군,2013-01-01,2,18.47,4609.33,24991.0,0.08002881037173383,0.43390254115023225,0.2,0.05561973098637923,0.06854093332965741,0.2,0.10731600407769658,0.01629113172883312
화천군,2013-04-01,3,18.57,4638.0,24980.33,0.12009449034500344,0.646830530401035,0.2,0.10315810157282665,0.11225350640126919,0.2,0.13798792025661238,0.05195008488611755
화천군,2013-07-01,3,18.63,4643.33,24930.67,0.1203337094430274,0.6460880445714606,0.2,0.10344193766747936,0.11210107944136549,0.2,0.13802158355267707,0.05198922159640618
화천군,2013-10-01,3,18.73,4670.0,24924.33,0.12036431871990139,0.6423982869379015,0.2,0.1034782559116322,0.11134359893943152,0.2,0.1377590816446464,0.05168403873180907
화천군,2014-01-01,3,18.8,4688.33,24942.0,0.12027904738994467,0.6398866973954479,0.2,0.1033770805394287,0.11082798780823785,0.2,0.13754102336322005,0.05143052571365975
화천군,2014-04-01,4,18.87,4701.0,24922.33,0.16049863716594714,0.8508827908955542,0.2,0.15109806680203794,0.15414395668297448,0.2,0.16812666511754487,0.08698917683414883
화천군,2014-07-01,4,19.07,4728.0,24837.67,0.16104570195191417,0.8460236886632826,0.2,0.15174716519616097,0.1531464182093433,0.2,0.16796902410540604,0.08680590450663153
화천군,2014-10-01,4,18.5,4761.0,25809.33,0.15498271361558008,0.8401596303297626,0.2,0.14455336275511288,0.15194256953119578,0.2,0.1652838640375877,0.08368415637327023
화천군,2015-01-01,5,17.9,4784.67,26733.0,0.18703475105674633,1.04500414866647,0.2,0.18258345821200786,0.19399566460628906,0.2,0.19238202153000616,0.11518828291803124
화천군,2015-04-01,5,17.97,4794.33,26698.0,0.18727994606337553,1.0428985906268446,0.2,0.18287438478804155,0.19356340880005385,0.2,0.19231673265633586,0.11511237853454503
화천군,2015-07-01,5,17.67,4805.0,27199.0,0.1838302878782308,1.040582726326743,0.2,0.17878132735556093,0.19308797864266442,0.2,0.1908647087500796,0.11342426579472079
화천군,2015-10-01,5,17.8,4816.67,27067.0,0.18472678907895224,1.038061565355318,0.2,0.17984503590461148,0.1925704025664685,0.2,0.19101026672831867,0.11359349047235157
화천군,2016-01-01,7,18.03,4829.67,26783.669999999995,0.26135327981564893,1.449374387898138,0.2,0.27076321115610713,0.27700994418782027,0.2,0.24997405437961706,0.18214437361799135
화천군,2016-04-01,5,18.1,4821.33,26638.330000000005,0.18769945413244743,1.0370582391165923,0.2,0.18337213573261182,0.19236442696091624,0.2,0.19203892637074976,0.11478940290867515
화천군,2016-07-01,5,18.2,4828.0,26551.669999999995,0.18831207227266689,1.035625517812759,0.2,0.18409901390358416,0.1920702996603888,0.2,0.19215992401341297,0.11493007391360033
화천군,2016-10-01,5,18.27,4812.33,26348.669999999995,0.18976289884840492,1.0389977412189106,0.2,0.18582043561563583,0.19276259268665497,0.2,0.1929486050237912,0.11584698888692857
화천군,2017-01-01,5,18.43,4809.67,26113.33,0.19147309056332532,1.0395723615133678,0.2,0.18784959692207062,0.1928805580687462,0.2,0.19362589068291042,0.11663439641151077
화천군,2017-04-01,4,18.43,4846.0,26284.330000000005,0.15218192740693787,0.8254230293025175,0.2,0.14123019906966752,0.14891725213869517,0.2,0.163150740138935,0.0812042015919309
화천군,2017-07-01,4,18.73,4903.67,26170.67,0.15284285805445563,0.8157155762928582,0.2,0.14201440056268105,0.146924382387203,0.2,0.16267550000976932,0.08065169077371115
화천군,2017-10-01,4,18.93,4936.67,26055.33,0.15351945264174355,0.8102627884788733,0.2,0.14281718749276026,0.14580496456617595,0.2,0.1625218618475592,0.08047307213125451
화천군,2018-01-01,4,19.27,4965.67,25763.33,0.1552594326897959,0.8055307742963185,0.2,0.14488169298455578,0.14483351634812514,0.2,0.1628163333245856,0.08081542259101021
화천군,2018-04-01,4,19.53,4998.0,25573.33,0.15641295052306445,0.8003201280512204,0.2,0.1462503545989994,0.1437638084363537,0.2,0.16285764915112078,0.08086345607918483
화천군,2018-07-01,4,19.87,5026.67,25302.0,0.15809026954390956,0.7957554404804771,0.2,0.14824051209184191,0.14282671115906637,0.2,0.16314128699755276,0.08119321143651406
화천군,2018-10-01,4,20.13,5059.33,25139.33,0.15911323014575168,0.790618520634155,0.2,0.1494542661131926,0.14177213874265718,0.2,0.16313962635939008,0.08119128079031288
화천군,2019-01-01,4,20.4,5100.0,25016.67,0.15989338309215417,0.7843137254901962,0.2,0.1503799261769912,0.14047780999141338,0.2,0.16296118016181638,0.08098382050112657
화천군,2019-04-01,3,20.63,5154.67,24955.33,0.12021479980429031,0.5819965196608123,0.2,0.10330085007140324,0.09894355385825487,0.2,0.13322046419904218,0.04640747413937951
화천군,2019-07-01,3,21.13,5230.0,24760.33,0.12116155156251955,0.5736137667304014,0.2,0.10442418146041496,0.09722263543272913,0.2,0.13294961135229333,0.046092582532399506
화천군,2019-10-01,3,21.27,5293.67,24849.67,0.12072594927819967,0.5667145855332879,0.2,0.10390733455218534,0.09580628353237897,0.2,0.13227589323172811,0.04530932260294773
화천군,2020-01-01,3,21.77,5374.67,24708.33,0.12141654251825194,0.5581738041591391,0.2,0.1047267310379558,0.09405292301261003,0.2,0.13189825317040815,0.04487028093439427
화천군,2020-04-01,4,22.1,5451.67,24667.0,0.16215997081120526,0.7337201261264896,0.2,0.15306925747067765,0.13009131070156704,0.2,0.16004713805528184,0.07759597572582363
화천군,2020-07-01,4,22.27,5528.67,24803.33,0.16126866836025644,0.7235013122505051,0.2,0.15201171729549326,0.12799346227012842,0.2,0.1589579244760142,0.07632966371014063
화천군,2020-10-01,4,22.5,5592.0,24874.0,0.16081048484361182,0.715307582260372,0.2,0.15146807750639232,0.12631134888436368,0.2,0.15817974283233605,0.07542495522639572
화천군,2021-01-01,4,22.83,5620.33,24630.0,0.16240357287860333,0.7117019819120941,0.2,0.1533582940067684,0.12557114526319726,0.2,0.15850330859316425,0.07580113049504769
화천군,2021-04-01,4,23.03,5622.0,24417.0,0.16382028914281033,0.7114905727499111,0.2,0.15503924345848497,0.1255277444943155,0.2,0.15901334765848962,0.07639409831071109
화천군,2021-07-01,4,23.2,5653.67,24341.33,0.1643295579986796,0.707505036551479,0.2,0.1556434965652487,0.12470954279656543,0.2,0.1589065186358337,0.07626989964335346
화천군,2021-10-01,4,23.6,5716.0,24228.0,0.1650982334489021,0.6997900629811057,0.2,0.15655553845341236,0.12312571463415664,0.2,0.15861914716042858,0.07593580359534538
화천군,2022-01-01,4,24.0,5775.67,24081.67,0.16610143731726248,0.6925603436484425,0.2,0.15774585089287904,0.12164150565003834,0.2,0.15845482348200757,0.07574476204719863
화천군,2022-04-01,4,24.2,5820.67,24013.33,0.16657414860829378,0.6872061120111602,0.2,0.15830672804630402,0.12054232069783669,0.2,0.15823284114602237,0.07548668695092922
화천군,2022-07-01,4,24.63,5864.0,23800.33,0.16806489657916507,0.6821282401091405,0.2,0.16007551693339028,0.11949987039646334,0.2,0.15840915470556005,0.07569166785019465
화천군,2022-10-01,4,25.13,5903.33,23509.33,0.17014521468710506,0.6775836688784127,0.2,0.1625438372818513,0.11856690285799501,0.2,0.15884383484328185,0.07619702390877955
화천군,2023-01-01,3,25.53,5935.67,23232.33,0.12913039716636257,0.5054189333301885,0.2,0.11387930454117662,0.08322273035401268,0.2,0.1308452276175487,0.04364604086266863
화천군,2023-04-01,3,25.869999999999997,5992.67,23165.67,0.12950197425759757,0.5006115804808207,0.2,0.11432018485261397,0.08223581565365595,0.2,0.13062630568771433,0.04339152377297886
화천군,2023-07-01,3,26.170000000000005,6054.33,23122.33,0.12974470998381218,0.4955131286203428,0.2,0.11460819346534834,0.08118914043595724,0.2,0.13033796600964076,0.04305630209938549
화천군,2023-10-01,3,26.57,6119.33,23046.0,0.13017443374121324,0.4902497495640863,0.2,0.1151180654366405,0.08010860686021767,0.2,0.13010677464795012,0.042787520654861244
화천군,2024-01-01,7,26.97,6176.33,22877.0,0.3059841762468855,1.1333591307459283,0.2,0.32371826135290865,0.21213430210518566,0.2,0.24308092096671557,0.1741304653885951
화천군,2024-04-01,8,27.170000000000005,6206.0,22852.33,0.3500737123960664,1.2890750886239122,0.2,0.3760309816123094,0.24410165976026543,0.2,0.2709996686177178,0.20658860425705894
화천군,2024-07-01,7,27.2,6261.0,22990.33,0.30447583831985015,1.1180322632167385,0.2,0.32192860178909144,0.20898780727758706,0.2,0.24138360193727743,0.1721571742707318
화천군,2024-10-01,8,27.630000000000003,6348.0,22959.0,0.3484472320223006,1.260239445494644,0.2,0.37410114473418216,0.23818191120212556,0.2,0.2682558613819668,0.20339867334040107
화천군,2025-01-01,8,28.329999999999995,6419.67,22661.67,0.35301899639346973,1.2461699744690926,0.2,0.3795255935156717,0.2352935507641799,0.2,0.26890813817844594,0.2041570057378801
화천군,2025-04-01,8,28.7,6481.67,22569.0,0.3544685187646772,1.2342498152482306,0.2,0.381245467774683,0.2328464284633469,0.2,0.26856130591304683,0.20375378099531238
화천군,2025-07-01,8,29.03,6540.33,22538.67,0.3549455225175221,1.2231798701288772,0.2,0.3818114379813285,0.23057384895592242,0.2,0.2679166855034873,0.20300434985919985
화천군,2025-10-01,8,29.53,6614.33,22393.0,0.35725449917384894,1.209495141609203,0.2,0.38455106421598007,0.2277644733661458,0.2,0.2677578191018254,0.20281965290247622
횡성군,2009-01-01,4,20.93,9060.67,43304.0,0.09237021984112322,0.44146845652694555,0.5,0.07026294925464133,0.07009416092515525,0.5,0.2101674823030615,0.13586553401925403
횡성군,2009-04-01,4,21.0,9120.0,43447.67,0.09206477585564428,0.4385964912280702,0.5,0.06990053660159795,0.06950456726286619,0.5,0.20984097222975762,0.13548593571370934
횡성군,2009-07-01,4,21.17,9193.33,43493.0,0.09196882256914905,0.4350980547853716,0.5,0.06978668697030652,0.06878636361488208,0.5,0.2095457043470988,0.13514265935838926
횡성군,2009-10-01,4,21.2,9288.33,43815.33,0.09129224862622283,0.4306479205626846,0.5,0.06898392453498983,0.06787278330976512,0.5,0.20896433673789927,0.1344667654813103
횡성군,2010-01-01,4,21.23,9340.0,44052.67,0.09080039870455071,0.4282655246252677,0.5,0.06840033918550958,0.06738369468939975,0.5,0.20860498990819815,0.13404899139465773
횡성군,2010-04-01,6,21.27,9400.33,44201.67,0.13574147764100317,0.6382754647975124,0.5,0.12172342434121414,0.11049721343272981,0.5,0.24086953829649743,0.1715595275120647
횡성군,2010-07-01,5,21.53,9486.67,44055.0,0.11349449551696743,0.5270553313227929,0.5,0.09532713501458684,0.08766452605962177,0.5,0.22435892308238842,0.1523644028552435
횡성군,2010-10-01,5,21.67,9607.33,44306.0,0.11285153252381168,0.5204359587939625,0.5,0.09456425234137622,0.08630561685105406,0.5,0.22362902325213752,0.15151582646684297
횡성군,2011-01-01,5,21.77,9613.33,44176.33,0.11318278363096256,0.5201111373478285,0.5,0.09495728542853249,0.08623893336219327,0.5,0.2237278386054203,0.15163070849877663
횡성군,2011-04-01,4,21.87,9657.67,44202.0,0.0904936428215918,0.41417857516357465,0.5,0.06803636995165649,0.0644917460551831,0.5,0.20744559585968153,0.13270108806101116
횡성군,2011-07-01,5,22.0,9737.0,44268.33,0.11294756319020845,0.5135051864023826,0.5,0.09467819378477313,0.08488277950742615,0.5,0.2231502444250015,0.15095920158335174
횡성군,2011-10-01,4,22.17,9833.33,44350.0,0.09019165727170236,0.40677979890840643,0.5,0.06767806077053257,0.06297283091005579,0.5,0.20678438078696762,0.13193236408669998
횡성군,2012-01-01,5,22.47,9949.0,44309.67,0.11284218546425645,0.5025630716654941,0.5,0.09455316195226199,0.08263644265111547,0.5,0.2222989954674026,0.14996954555641356
횡성군,2012-04-01,5,22.6,10035.0,44381.67,0.11265912256118348,0.4982561036372696,0.5,0.09433595580144363,0.08175225332817446,0.5,0.22191139128543796,0.1495189196715611
횡성군,2012-07-01,5,22.83,10146.67,44421.33,0.11255853888210911,0.4927725056594922,0.5,0.0942166121583562,0.08062651040380675,0.5,0.22146706269762526,0.14900234639303384
횡성군,2012-10-01,6,23.0,10252.67,44597.0,0.13453819763661232,0.5852134127012768,0.5,0.12029571936263506,0.09960395868614827,0.5,0.23648464731230084,0.1664616842181153
횡성군,2013-01-01,6,23.2,10355.67,44609.67,0.13449998621375142,0.5793927384708087,0.5,0.12025038108853589,0.09840901644994612,0.5,0.23603844605837945,0.16594293379119407
횡성군,2013-04-01,5,23.4,10477.67,44710.67,0.11183012913919653,0.47720533286503586,0.5,0.09335234597541708,0.0774306826467778,0.5,0.22004133186749963,0.1473448017978483
횡성군,2013-07-01,6,23.63,10568.67,44759.0,0.13405125226211487,0.5677157106807195,0.5,0.11971795331239804,0.09601180726984021,0.5,0.23500523416986385,0.1647417289457187
횡성군,2013-10-01,5,23.63,10602.0,44871.67,0.11142888151923028,0.47160913035276364,0.5,0.092876261254838,0.07628182282754051,0.5,0.2194770719637104,0.14668879721827188
횡성군,2014-01-01,6,23.73,10657.67,44968.0,0.13342821561999643,0.562974834086625,0.5,0.11897871347416936,0.09503853966292755,0.5,0.23442215431215083,0.16406384442060917
횡성군,2014-04-01,5,23.67,10703.0,45262.0,0.11046794220317264,0.46715874054003553,0.5,0.09173609617219589,0.07536819005164042,0.5,0.2187901600348835,0.1458901982605042
횡성군,2014-07-01,5,23.73,10766.0,45312.33,0.1103452415711132,0.4644250417982538,0.5,0.09159051052078737,0.07480698151148388,0.5,0.21854172672600553,0.14560137144993546
횡성군,2014-10-01,5,23.87,10825.67,45399.67,0.11013295911622265,0.4618651778596613,0.5,0.09133863504990256,0.07428145999661481,0.5,0.21827295277943362,0.14528889675762086
횡성군,2015-01-01,5,23.97,10886.33,45378.33,0.11018475117969305,0.4592916069970321,0.5,0.09140008690366708,0.07375312454957716,0.5,0.21810115708075,0.1450891682914811
횡성군,2015-04-01,4,24.0,10934.0,45529.33,0.08785545493421493,0.3658313517468447,0.5,0.06490613096531031,0.054566411467422325,0.5,0.20287816730566766,0.12739102787739662
횡성군,2015-07-01,5,24.07,11002.33,45697.33,0.10941558292355373,0.45444919394346467,0.5,0.09048746029585517,0.07275901224338494,0.5,0.21745631291179304,0.1443394770142732
횡성군,2015-10-01,5,24.13,11067.67,45796.0,0.10917984103415146,0.45176627058811836,0.5,0.09020774994753133,0.07220822752208664,0.5,0.2171696996863926,0.14400626250236614
횡성군,2016-01-01,5,24.37,11146.0,45714.0,0.1093756835980225,0.4485914229319935,0.5,0.09044011930664647,0.07155645430688884,0.5,0.21700673190025707,0.14381679730501573
횡성군,2016-04-01,4,24.43,11207.0,45898.33,0.08714914028462473,0.3569197822789328,0.5,0.0640680808539617,0.05273693083916162,0.5,0.20195462711146056,0.12631732656926842
횡성군,2016-07-01,4,24.5,11268.0,45934.67,0.08708019454586265,0.35498757543485976,0.5,0.06398627597552672,0.0523402627770708,0.5,0.20178562997499966,0.1261208516918065
횡성군,2016-10-01,4,24.6,11299.0,45969.0,0.08701516239204682,0.3540136295247367,0.5,0.06390911460873613,0.05214031874005693,0.5,0.2016892090559362,0.12600875341218779
횡성군,2017-01-01,4,24.93,11465.67,46005.33,0.0869464472920855,0.3488675323814483,0.5,0.06382758338577862,0.051083862291089834,0.5,0.20128175654632618,0.12553505200177542
횡성군,2017-04-01,4,25.5,11737.0,46053.0,0.08685644800555882,0.3408025900996848,0.5,0.06372079824102939,0.04942818808850922,0.5,0.20064976351643338,0.12480030136809414
횡성군,2017-07-01,4,25.77,11894.0,46137.67,0.08669705253863058,0.3363040188330251,0.5,0.06353167376387864,0.04850466400929531,0.5,0.20025672094880348,0.12434335285447087
횡성군,2017-10-01,4,25.93,11991.33,46262.0,0.08646405257014396,0.3335743407945574,0.5,0.06325521673492174,0.04794428089039051,0.5,0.19996765500458952,0.12400728682899126
횡성군,2018-01-01,4,26.03,12068.67,46337.33,0.0863234890745755,0.3314366868925905,0.5,0.06308843659921162,0.04750543603622021,0.5,0.19975683251798537,0.12376218609480605
횡성군,2018-04-01,4,26.23,12189.33,46466.33,0.0860838374797407,0.32815585434146094,0.5,0.06280408734232917,0.04683190489016665,0.5,0.19942439049617044,0.1233756913478114
횡성군,2018-07-01,4,26.329999999999995,12297.33,46672.33,0.08570388493567815,0.32527386026072325,0.5,0.062353269463861626,0.046240252391641375,0.5,0.1990694866337035,0.12296308262349087
횡성군,2018-10-01,5,26.5,12404.67,46776.0,0.1068924234650248,0.40307400358090945,0.5,0.08749370380730254,0.06221205798578399,0.5,0.21270682895818743,0.13881776050869285
횡성군,2019-01-01,4,26.869999999999997,12536.67,46651.67,0.08574183946684011,0.31906399386759,0.5,0.062398302933130485,0.044965411824978964,0.5,0.19862266328633033,0.12244360895511558
횡성군,2019-04-01,4,27.1,12678.33,46761.0,0.08554136994503966,0.31549896555776663,0.5,0.062160443637469066,0.04423353734927552,0.5,0.19828366782614712,0.12204949522695163
횡성군,2019-07-01,4,27.4,12814.33,46738.67,0.08558223843340002,0.31215053771832,0.5,0.06220893454904921,0.043546129380403815,0.5,0.1980503071532238,0.12177819175650706
횡성군,2019-10-01,4,27.73,12945.67,46651.67,0.08574183946684011,0.30898362155068065,0.5,0.062398302933130485,0.042895984442311415,0.5,0.19787447916163614,0.12157377537511144
횡성군,2020-01-01,4,28.27,13098.0,46352.0,0.08629616845012082,0.30539013589861047,0.5,0.06305602037737673,0.042158267880479404,0.5,0.19781347026010043,0.12150284685700552
횡성군,2020-04-01,6,28.670000000000005,13280.670000000002,46316.67,0.12954299175653172,0.45178443557440995,0.5,0.11436885256688117,0.07221195666212787,0.5,0.2247276240596534,0.1527930520077987
횡성군,2020-07-01,7,28.97,13444.0,46431.0,0.15076134479119555,0.520678369532877,0.5,0.13954466214926886,0.08635538201896567,0.5,0.23771499472049767,0.16789207742668294
횡성군,2020-10-01,8,29.329999999999995,13638.0,46506.33,0.17201959389184227,0.5865962751136531,0.5,0.16476780885337525,0.09988785031759453,0.5,0.2504962840374591,0.18275151413042978
횡성군,2021-01-01,7,29.829999999999995,13836.670000000002,46429.0,0.15076783906610092,0.5059020703680871,0.5,0.13955236767797444,0.08332191488652552,0.5,0.23662068006976292,0.16661983494133392
횡성군,2021-04-01,7,30.170000000000005,14052.670000000002,46571.0,0.15030813166992335,0.4981259789064995,0.5,0.13900691978902308,0.0817255396639811,0.5,0.23587293084281422,0.16575050697037758
횡성군,2021-07-01,6,30.53,14244.329999999998,46617.67,0.12870656126743357,0.4212202328926668,0.5,0.11337641857881259,0.06593734735499934,0.5,0.22214870007000284,0.14979481318872023
횡성군,2021-10-01,6,30.93,14404.670000000002,46550.0,0.1288936627282492,0.41653158316018346,0.5,0.11359841652287478,0.06497480154427945,0.5,0.22187013131461647,0.1494709511208448
횡성군,2022-01-01,5,31.5,14617.670000000002,46432.0,0.10768435561681598,0.34205177706159734,0.5,0.08843334002803532,0.04968463711874164,0.5,0.2084715236133191,0.13389382442271486
횡성군,2022-04-01,5,31.7,14768.670000000002,46567.0,0.10737217342753452,0.3385545211586419,0.5,0.0880629324219632,0.04896667582701122,0.5,0.20809610281468355,0.13345736285328677
횡성군,2022-07-01,5,32.07,14931.670000000002,46534.0,0.10744831735935015,0.3348587264518972,0.5,0.08815327803573977,0.04820795595770384,0.5,0.20785005031136572,0.13317130395045
횡성군,2022-10-01,5,32.5,15128.0,46515.33,0.10749144421849743,0.33051295610787945,0.5,0.08820444852913314,0.04731580080053676,0.5,0.20754350306908953,0.1328149142912889
횡성군,2023-01-01,5,33.1,15405.329999999998,46563.67,0.10737985214653399,0.3245629921592073,0.5,0.08807204330663232,0.046094316322169586,0.5,0.20706047481254064,0.13225334905116992
횡성군,2023-04-01,6,33.6,15666.329999999998,46620.0,0.1287001287001287,0.38298695354942736,0.5,0.1133687862668547,0.05808833218823258,0.5,0.21930856735927667,0.14649289495506668
횡성군,2023-07-01,6,34.0,15812.0,46502.33,0.1290257929011299,0.3794586390083481,0.5,0.11375519042832813,0.05736399478318204,0.5,0.219167540202489,0.14632893777846046
횡성군,2023-10-01,6,34.43,15984.0,46399.0,0.12931313174852907,0.37537537537537535,0.5,0.1140961211356232,0.05652573035136637,0.5,0.21897110150126753,0.14610055953158885
횡성군,2024-01-01,6,35.03,16202.670000000002,46240.33,0.12975685943417792,0.37030933790541926,0.5,0.1146226089220258,0.05548570957312975,0.5,0.21875975392967176,0.14585484833730034
횡성군,2024-04-01,6,35.47,16448.33,46347.33,0.12945729559825778,0.3647786735796278,0.5,0.11426717313120008,0.05435030426861174,0.5,0.2182380923008957,0.14524836821144288
횡성군,2024-07-01,5,35.97,16629.33,46266.33,0.10806995065309913,0.30067356892911495,0.5,0.0888908527856711,0.041189990863321375,0.5,0.2055434461972255,0.13048966229563005
횡성군,2024-10-01,5,36.5,16842.33,46168.33,0.10829934719319498,0.2968710386270783,0.5,0.08916303430715283,0.04040935894982967,0.5,0.20534634219777198,0.13026051057773191
횡성군,2025-01-01,5,37.2,17123.33,46003.0,0.10868856378931809,0.2919992781777843,0.5,0.08962484408542792,0.03940922183597981,0.5,0.2051291856716242,0.1300080459339016
횡성군,2025-04-01,5,37.8,17367.67,45947.33,0.10882025136172221,0.2878912369937937,0.5,0.08978109284054087,0.038565870752506864,0.5,0.20487314719141128,0.12971037740484342
횡성군,2025-07-01,5,38.27,17528.0,45803.67,0.10916155845153894,0.28525787311729806,0.5,0.09018605746189046,0.03802526023305152,0.5,0.2048043498809243,0.12963039413748925
횡성군,2025-10-01,5,38.87,17767.0,45690.0,0.1094331363536879,0.2814206112455676,0.5,0.0905082876340493,0.037237498180006656,0.5,0.20462032115102613,0.12941644363564406
