ds,yhat,yhat_lower,yhat_upper,trend,시군구
2009-01-01,0.5043330830195334,0.48880733807371984,0.5192633996698596,3.9397672785585405,춘천시
2009-04-01,0.5180194436309415,0.5023643268861485,0.5338018176478994,3.9482753166041697,춘천시
2009-07-01,0.5198335349826482,0.5057419418288545,0.5349300273255043,3.9568778884058613,춘천시
2009-10-01,0.5181354047320625,0.50359132664834,0.5334918196707205,3.96557499396602,춘천시
2010-01-01,0.5341006350968431,0.5187000518158993,0.548302847660282,3.9742720995261784,춘천시
2010-04-01,0.5521815670303196,0.5358376336958751,0.5674507102858283,3.9827801375743896,춘천시
2010-07-01,0.5579275775162382,0.5436978728106103,0.5724141954666675,3.9913827093786916,춘천시
2010-10-01,0.5576090126987827,0.542155942106929,0.5724431963602862,4.0000798149362,춘천시
2011-01-01,0.5736734631109406,0.5585841955475825,0.5885490996103196,4.008776920493707,춘천시
2011-04-01,0.5953632822173023,0.5806746832240098,0.6096123935050604,4.017284958527245,춘천시
2011-07-01,0.6098174573544535,0.5941011690865524,0.6250302049724432,4.025887530316712,춘천시
2011-10-01,0.6115730573899278,0.598020822560976,0.6267497590941927,4.034584635862107,춘천시
2012-01-01,0.6230806720287982,0.6085689853786079,0.6391652971622588,4.04328174140819,춘천시
2012-04-01,0.6310221358884665,0.6153049703265592,0.6462125788907979,4.051884313198338,춘천시
2012-07-01,0.6336914987566082,0.617935070683112,0.6471869985644971,4.0604868849819225,춘천시
2012-10-01,0.6312454934560923,0.6163823392277055,0.6448262648675863,4.0691839905213705,춘천시
2013-01-01,0.6424468807504522,0.6266215761670039,0.6572423642132009,4.077881076290099,춘천시
2013-04-01,0.6561332220035574,0.640024803335149,0.6722687552798332,4.086389094976899,춘천시
2013-07-01,0.6579411070850485,0.642858338206061,0.6721982645397616,4.09498546050883,춘천시
2013-10-01,0.6562367023617619,0.6417415079942559,0.6719791287545599,4.103676291596054,춘천시
2014-01-01,0.6721920314272971,0.6569829092357697,0.6870650707906131,4.1123634958572035,춘천시
2014-04-01,0.690263277308818,0.6754274968234516,0.7056158067360853,4.120861847851807,춘천시
2014-07-01,0.6920077279815269,0.6767357568178165,0.707771048578565,4.125462859842961,춘천시
2014-10-01,0.6876436301680409,0.6733253210893329,0.7018661232753289,4.1301144324054455,춘천시
2015-01-01,0.6996612335707328,0.6846890043691098,0.714266225409992,4.134764690953253,춘천시
2015-04-01,0.7173921806137895,0.7032122560871822,0.7322748915700712,4.139313856923934,춘천시
2015-07-01,0.7278434962200158,0.7138254651191434,0.7430519048705996,4.143913569182484,춘천시
2015-10-01,0.7255522492576674,0.7111559934864937,0.7403058826576934,4.14856382772959,춘천시
2016-01-01,0.7330130168971327,0.7193986197965369,0.7474943812002908,4.153214086276696,춘천시
2016-04-01,0.7369533006333788,0.720986953145231,0.7514019184460661,4.15781547794337,춘천시
2016-07-01,0.7356214833844676,0.7198212690450118,0.7503853995141041,4.162416869610044,춘천시
2016-10-01,0.7291339412525781,0.7151588981713141,0.7438370485346143,4.167072438317969,춘천시
2017-01-01,0.7362938114863216,0.7211217929469115,0.7496819687708555,4.171728007025894,춘천시
2017-04-01,0.7460344553440548,0.7308435552674979,0.76130860977577,4.1762903283177115,춘천시
2017-07-01,0.7438589886444809,0.7283153822537548,0.7582284191535568,4.180903342068327,춘천시
2017-10-01,0.7400527763223903,0.7255733223620172,0.7551240995483695,4.1874923655565,춘천시
2018-01-01,0.7539099246148679,0.7392593589926558,0.7691640353323397,4.194081389044673,춘천시
2018-04-01,0.7699312190369878,0.7546479899638028,0.7860704695027754,4.2005297895804725,춘천시
2018-07-01,0.773594707149516,0.7593193834521804,0.787943178100512,4.207049839011115,춘천시
2018-10-01,0.7711707350973591,0.7554423172784548,0.7860914752838037,4.213641537335053,춘천시
2019-01-01,0.7851297782754934,0.7698093985737546,0.7998776006695676,4.220233235658991,춘천시
2019-04-01,0.8047597793912789,0.7901307753871842,0.8201998627987184,4.226681455701567,춘천시
2019-07-01,0.8171312496710348,0.8024770458317612,0.8311699475668223,4.233201322633506,춘천시
2019-10-01,0.8167721389663938,0.8014359011409875,0.8319992111355277,4.239783717438582,춘천시
2020-01-01,0.8261650428641789,0.8105125517840958,0.8408029623685981,4.24636611224366,춘천시
2020-04-01,0.8320147819697299,0.8165845060981772,0.846838056272974,4.252876959279115,춘천시
2020-07-01,0.8325843455937023,0.8180987210005727,0.8465704029855914,4.259379731818413,춘천시
2020-10-01,0.8280154663311068,0.8130476545846714,0.842169353794473,4.265953963396602,춘천시
2021-01-01,0.8315618739026287,0.8163725009786436,0.8469086112630156,4.2669960694414195,춘천시
2021-04-01,0.8377596480331295,0.8219349784920191,0.8535839034014523,4.268015521007002,춘천시
2021-07-01,0.832000922569986,0.8166948130234514,0.8461522600499326,4.269045275994737,춘천시
2021-10-01,0.8226467577375218,0.8067422341585454,0.8373211965525874,4.270086346971347,춘천시
2022-01-01,0.8309559535133437,0.8164673286669831,0.8460121868631815,4.2711274179433305,춘천시
2022-04-01,0.8415472863943019,0.8260258296159266,0.8566448834896238,4.272145856937662,춘천시
2022-07-01,0.8397204800569873,0.8253090887333561,0.8548700514504599,4.273175611919148,춘천시
2022-10-01,0.8317458806515541,0.816152171374238,0.8461215448549803,4.274216682889443,춘천시
2023-01-01,0.840154296477317,0.8238460824329712,0.855544791704937,4.275257753859735,춘천시
2023-04-01,0.8543545165426396,0.8390246221755006,0.8690859339418753,4.276276192852414,춘천시
2023-07-01,0.8612358748719062,0.8472201131314189,0.8756678852199191,4.2773059478339,춘천시
2023-10-01,0.8553354403324143,0.8397601055647442,0.8697890276308555,4.278347018804194,춘천시
2024-01-01,0.8591870203945913,0.8436004882235759,0.8744561677920178,4.279388089774488,춘천시
2024-04-01,0.8595556674462874,0.8446247470644441,0.8737667495448013,4.280417844755974,춘천시
2024-07-01,0.8546522135119332,0.8393780024073965,0.8696860958571644,4.28144759973746,춘천시
2024-10-01,0.8445501736425634,0.8293792394403724,0.8601321106818934,4.282488670707754,춘천시
2025-01-01,0.8480955461382242,0.8328399139729592,0.8633804686087226,4.283529741678048,춘천시
2025-04-01,0.8542923076969884,0.8388191922919203,0.8684033699991086,4.2845481806707255,춘천시
2025-07-01,0.8485335822284035,0.8341327910641378,0.8624681173807094,4.285577935652213,춘천시
2025-10-01,0.8391794173884657,0.8252031755954496,0.8535229089144873,4.286619006622506,춘천시
2026-01-01,0.8474886131638311,0.8318925095628336,0.8625590600887142,4.287660077592799,춘천시
2026-04-01,0.8580799460423569,0.8435705105038005,0.8731628681759773,4.288678516585478,춘천시
2026-07-01,0.856253139705554,0.8409366971060266,0.8715496191983008,4.289708271566964,춘천시
2026-10-01,0.8482785402994972,0.8342850897052926,0.8638933622791886,4.290749342537257,춘천시
2027-01-01,0.8566869561245434,0.8409133640649945,0.8720478359849904,4.2917904135075515,춘천시
2027-04-01,0.870887176190049,0.8554317658802226,0.8865375928267243,4.2928088525002295,춘천시
2027-07-01,0.877768534519634,0.8622474635315924,0.8944318590253914,4.293838607481716,춘천시
2027-10-01,0.8718680999798232,0.8543445786775465,0.8888462759642817,4.29487967845201,춘천시
2028-01-01,0.8757196800427276,0.8593339570693745,0.893211261797221,4.295920749422303,춘천시
2028-04-01,0.8760883270938788,0.8586446027975166,0.8926739426326084,4.296950504403789,춘천시
2028-07-01,0.8711848731598217,0.8534296819188566,0.887718418704669,4.297980259385276,춘천시
2028-10-01,0.8610828332906113,0.8422165170793406,0.8781704773831664,4.299021330355568,춘천시
2009-01-01,0.38762857624259706,0.37457718098766196,0.40127367188980206,-0.23542330334917053,원주시
2009-04-01,0.40830950546621053,0.39400182197936134,0.4218364911672931,-0.2302901152637979,원주시
2009-07-01,0.4101580527218005,0.39748389582925386,0.4245057863265696,-0.2250998917552545,원주시
2009-10-01,0.4105874751219295,0.3964755660848847,0.4236249370749881,-0.2198526328313385,원주시
2010-01-01,0.4226413037077117,0.4092197703744035,0.43602244810322005,-0.2146053739074225,원주시
2010-04-01,0.434021477365776,0.419720939229501,0.44819027390803984,-0.20947218585144003,원주시
2010-07-01,0.4354940662151738,0.4221306995805361,0.44872366132233243,-0.20428196237261337,원주시
2010-10-01,0.43614266286234876,0.42240747747913054,0.45035635263149487,-0.19903592413795107,원주시
2011-01-01,0.44692285939626625,0.43300833155404334,0.4614705059643625,-0.19378988590328877,원주시
2011-04-01,0.46285684757343537,0.449621433147078,0.4754935076438612,-0.1886588774533061,원주시
2011-07-01,0.4617717848589721,0.4485936302255928,0.4753918431745278,-0.18347085779832362,원주시
2011-10-01,0.46370865800935346,0.45081105344822814,0.47847353745265564,-0.17822582693834135,원주시
2012-01-01,0.4604543746371631,0.4476551820986027,0.4732996594891422,-0.17298357019043098,원주시
2012-04-01,0.4691348986322368,0.45554028408151687,0.4821584642200753,-0.1677982944941284,원주시
2012-07-01,0.469053421209363,0.4545332326372445,0.48254776512472786,-0.1626135979137614,원주시
2012-10-01,0.4702921989940332,0.4571810387000009,0.48378836062644437,-0.15737192664569807,원주시
2013-01-01,0.4693865812631234,0.4550338783366826,0.4829273617123704,-0.15366529832884504,원주시
2013-04-01,0.4885603718413682,0.47457975258575863,0.5025569317188218,-0.15003924888844528,원주시
2013-07-01,0.4888803929625072,0.4752563994421613,0.502140919898474,-0.1463775515144153,원주시
2013-10-01,0.4877644922444694,0.47409840888913446,0.5020641413837329,-0.14267561570770368,원주시
2014-01-01,0.49826774432963855,0.4846360496465794,0.5121162694555648,-0.138978933285628,원주시
2014-04-01,0.508131049694815,0.4950945148438257,0.521932264981838,-0.1353626135249018,원주시
2014-07-01,0.508066701855647,0.49426517791600627,0.5226087194312691,-0.13170932673193958,원주시
2014-10-01,0.5071626930702519,0.4939996523883835,0.5197699441430176,-0.1280158939302635,원주시
2015-01-01,0.5163896608594148,0.5025639212782042,0.5302208413924252,-0.12432308444003723,원주시
2015-04-01,0.5308051716088116,0.5170573403311015,0.5447945772276555,-0.12071055341698977,원주시
2015-07-01,0.5281847594971885,0.514042605135794,0.5417890137947136,-0.11705788315988076,원주시
2015-10-01,0.5285694112797035,0.5153546355435826,0.5419083506144019,-0.11336507366917715,원주시
2016-01-01,0.5237656806491225,0.5104423673119497,0.5382579724591304,-0.10967226417847352,원주시
2016-04-01,0.5309136679768501,0.5172988997600317,0.5448784204183116,-0.10601952514937106,원주시
2016-07-01,0.5293002330031426,0.5156441155647173,0.5429012614764629,-0.1023667861202686,원주시
2016-10-01,0.5289949508055367,0.515318616454879,0.5431300436567467,-0.09866917483353671,원주시
2017-01-01,0.52808031604515,0.5129183402260215,0.5417771056271828,-0.09497156354680476,원주시
2017-04-01,0.547404134930209,0.5340378951779955,0.561069300548108,-0.09119548579870179,원주시
2017-07-01,0.5478804928457482,0.533846846279618,0.5610376735193959,-0.08737745163117545,원주시
2017-10-01,0.5469392022332032,0.5337137264603066,0.5606599070382307,-0.08350090571953986,원주시
2018-01-01,0.5576223178073592,0.5440153114028882,0.5704052668474315,-0.07962435980790432,원주시
2018-04-01,0.567663447016816,0.5551695175645031,0.5806661122495556,-0.07583021620219971,원주시
2018-07-01,0.5677821131423701,0.553845774038099,0.5817767514698161,-0.07199391544532062,원주시
2018-10-01,0.5670631294715756,0.5531917627930032,0.5808518007338225,-0.06811545752796391,원주시
2019-01-01,0.5764757456890033,0.5634189794672413,0.5894153188248963,-0.06423699961060723,원주시
2019-04-01,0.5910728690422419,0.5781484693571731,0.6048428544628887,-0.06044285598410933,원주시
2019-07-01,0.5886360874505585,0.5748060840496261,0.6019313782143642,-0.05660655520620588,원주시
2019-10-01,0.5892063876873695,0.5759018569836466,0.6032284524676247,-0.05272809726031079,원주시
2020-01-01,0.584588305513266,0.5713453215371983,0.5973434894186813,-0.04884963931441569,원주시
2020-04-01,0.5919198546077981,0.5782756941082438,0.6045150419101075,-0.04501333852010639,원주시
2020-07-01,0.5904899814011512,0.5766361589913319,0.6039904534815324,-0.04117703772186252,원주시
2020-10-01,0.5903655458671873,0.5766825867385025,0.6037666116628607,-0.03729857977198957,원주시
2021-01-01,0.5896317443989227,0.5766381399962345,0.6022001850844934,-0.03342013519291575,원주시
2021-04-01,0.6089736161018778,0.5945630932479037,0.6213210577586727,-0.02962600462643049,원주시
2021-07-01,0.6085956630417206,0.5956081561674963,0.6227352637920208,-0.026662281435531805,원주시
2021-10-01,0.6067741180954709,0.5922116569582415,0.620539160573961,-0.02366598985791991,원주시
2022-01-01,0.6132894889939707,0.5988495388281452,0.6261865987085282,-0.02395718862141393,원주시
2022-04-01,0.6192516062427385,0.6059785720963605,0.6329774474002533,-0.0242420569770059,원주시
2022-07-01,0.6152416798190543,0.6011323388500637,0.6282852701287852,-0.02453434876881204,원주시
2022-10-01,0.6103487344410625,0.5962900552193398,0.6236583944242776,-0.024829852558330333,원주시
2023-01-01,0.6155873889515345,0.6017773244209905,0.6302460623849576,-0.025125356347848623,원주시
2023-04-01,0.6261012888847699,0.612151493220127,0.6398199255900198,-0.02541443614194261,원주시
2023-07-01,0.6195359147232796,0.6057381811421727,0.6332675126485671,-0.025706727933748747,원주시
2023-10-01,0.615932253225788,0.6023038311799308,0.6295704961101763,-0.02600223172326704,원주시
2024-01-01,0.6071402093150665,0.5928400398802718,0.6210236645403938,-0.026297735512785338,원주시
2024-04-01,0.6103431658224654,0.5967088272559842,0.6247911509839891,-0.026590027304591476,원주시
2024-07-01,0.6047847000269333,0.5914195210039948,0.617968824638973,-0.026882319096397614,원주시
2024-10-01,0.600486302753872,0.5867837707420223,0.6138777409648439,-0.02717782288591591,원주시
2025-01-01,0.5955785529164255,0.5828770417156759,0.6086416767836679,-0.0274733266754342,원주시
2025-04-01,0.6108372142589492,0.5974650392471722,0.6247912241102365,-0.027762406469528187,원주시
2025-07-01,0.6072032462154786,0.5941698219565013,0.6213704279172333,-0.028054698261334325,원주시
2025-10-01,0.6020899059021866,0.5881461647565083,0.6147355201800502,-0.02835020205085262,원주시
2026-01-01,0.6086009717746493,0.5947939768868209,0.6219558243511925,-0.028645705840370916,원주시
2026-04-01,0.6145588775854741,0.6002301161045192,0.6282131256772291,-0.028934785634464895,원주시
2026-07-01,0.610548951161458,0.5970939510795172,0.6239875349865189,-0.029227077426271036,원주시
2026-10-01,0.6056560057836193,0.5911982874082162,0.6190352155036771,-0.02952258121578933,원주시
2027-01-01,0.6108946602942488,0.5959466704781293,0.6255537856125806,-0.029818085005307624,원주시
2027-04-01,0.621408560226799,0.6069221364990621,0.6350269339582156,-0.030107164799401606,원주시
2027-07-01,0.6148431860659209,0.6014439239325786,0.6293859354813202,-0.030399456591207744,원주시
2027-10-01,0.6112395245676981,0.5971687984449613,0.6243319780792761,-0.030694960380726038,원주시
2028-01-01,0.602447480657428,0.588018913053853,0.616291653177576,-0.030990464170244335,원주시
2028-04-01,0.6056504371643554,0.5914057560802951,0.6200725883254737,-0.03128275596205047,원주시
2028-07-01,0.6000919713695718,0.585522527558037,0.6140829619823985,-0.03157504775385661,원주시
2028-10-01,0.5957935740966567,0.5803127139720553,0.6105972783154806,-0.031870551543374905,원주시
2009-01-01,0.4440827586936278,0.42937907912264867,0.458074720444082,-0.05804969462266593,강릉시
2009-04-01,0.45380597366317516,0.43932562797118346,0.4682611252872374,-0.0523975695265227,강릉시
2009-07-01,0.44561388003692953,0.43139533442724465,0.4598343416956216,-0.046682643040422314,강릉시
2009-10-01,0.447385000842326,0.4332547967390453,0.4612903962586901,-0.04090491516360601,강릉시
2010-01-01,0.46360130721796355,0.44935738411225723,0.4770442831287397,-0.035127187286789714,강릉시
2010-04-01,0.4700773644856824,0.4563820697780514,0.48411964939464774,-0.02947506219210717,강릉시
2010-07-01,0.4659945603033569,0.45170005385863926,0.4808048551401583,-0.02376013570748371,강릉시
2010-10-01,0.46646373276355985,0.45270016374512556,0.479856758224506,-0.01798240783183186,강릉시
2011-01-01,0.48797767506792245,0.4743529101968686,0.5018778225703157,-0.012204679956180004,강릉시
2011-04-01,0.48213682031124205,0.46789292014254236,0.49598521891136016,-0.006552554858900292,강릉시
2011-07-01,0.484882328379976,0.4712044210679187,0.4984290608052571,-0.0008376283716508066,강릉시
2011-10-01,0.48381347455837337,0.4699797459967142,0.4980566686191727,0.004940099505568448,강릉시
2012-01-01,0.5172346192008853,0.5036525958210523,0.5317501376072452,0.01071782738489786,강릉시
2012-04-01,0.5250205430168239,0.5108885173354614,0.5380192303529319,0.01643275387423456,강릉시
2012-07-01,0.515520698885839,0.5009950610793169,0.5297638012754214,0.022147680361940633,강릉시
2012-10-01,0.5183663438647331,0.504913075788587,0.5317541255881796,0.027925408239621495,강릉시
2013-01-01,0.5358355894333321,0.5215505981329329,0.5499242323959271,0.03370313611724731,강릉시
2013-04-01,0.5455588044047821,0.531446487922065,0.5585789006811326,0.03935526121492473,강릉시
2013-07-01,0.5373667107790254,0.5240963054405003,0.5502018306972382,0.0450701877019426,강릉시
2013-10-01,0.5391378315854168,0.5258608009970936,0.5528003150103409,0.05084791557892769,강릉시
2014-01-01,0.5553541379607413,0.5413102295321213,0.5693210667340217,0.056625643456164616,강릉시
2014-04-01,0.561830195229843,0.5476263887556784,0.5751924308832247,0.062277768553461586,강릉시
2014-07-01,0.5577473910501634,0.5431592868157258,0.5710653335718893,0.06799269503888294,강릉시
2014-10-01,0.5582165635095511,0.5439649092040085,0.5722934849509412,0.07377042291425397,강릉시
2015-01-01,0.5797305058113437,0.5658090569176965,0.5936457979916233,0.07954815078722459,강릉시
2015-04-01,0.5738896510510043,0.5601249301344647,0.5879103590910217,0.08520027588034804,강릉시
2015-07-01,0.5766351591125404,0.5632324903128035,0.5911398379906369,0.09091520236103809,강릉시
2015-10-01,0.5755663052837957,0.5620105885395914,0.5893278890082387,0.09669293023162583,강릉시
2016-01-01,0.608987449918277,0.5953858205481406,0.6229366504546472,0.10247065810221359,강릉시
2016-04-01,0.6167733737247584,0.6035398879915143,0.630802773349936,0.10818558458213763,강릉시
2016-07-01,0.607273529585889,0.5934805284829008,0.6201316372340288,0.1139005110620617,강릉시
2016-10-01,0.610119174556683,0.5960277701613831,0.6247286144829441,0.11967823893123399,강릉시
2017-01-01,0.6275884201164488,0.6129066015461059,0.641686444918604,0.12545596680040622,강릉시
2017-04-01,0.637311635078928,0.6237042722039515,0.6513472337271071,0.13110809188858472,강릉시
2017-07-01,0.6291195414438043,0.6146112813210604,0.6433963192444574,0.13682301836663185,강릉시
2017-10-01,0.6308906620960272,0.6175273660505679,0.6438658884248474,0.14260074608983073,강릉시
2018-01-01,0.6471069683175348,0.6343826169271889,0.6612149112855116,0.14837847381302952,강릉시
2018-04-01,0.6535819005429516,0.6386621498375508,0.6670155111248844,0.15402947386614377,강릉시
2018-07-01,0.6494979588198222,0.6347383056883442,0.6631182639623168,0.15974326280873707,강릉시
2018-10-01,0.6499608377649296,0.6355217162029085,0.6638636605044552,0.16551469716907724,강릉시
2019-01-01,0.6714684865532627,0.6576611968425669,0.6856669385829598,0.17128613152941743,강릉시
2019-04-01,0.6656203159972477,0.6526324920821325,0.6792446684351745,0.1769309408268848,강릉시
2019-07-01,0.6683584269793533,0.6553487453014328,0.6840335684777487,0.18263847022765745,강릉시
2019-10-01,0.6640107459701918,0.6496599012701113,0.6774153277198248,0.18513737091737956,강릉시
2020-01-01,0.6941530634229669,0.6798472463370626,0.7077596817285005,0.18763627160710172,강릉시
2020-04-01,0.6986957994744963,0.6858856632846008,0.7134052566113119,0.19010801033280514,강릉시
2020-07-01,0.6859497079969066,0.672120787863375,0.6999358177621359,0.19257668947269055,강릉시
2020-10-01,0.6855134325802207,0.6717499165774801,0.6987830184193902,0.19507249695477255,강릉시
2021-01-01,0.6996858637340198,0.6855798291576359,0.7137444144816835,0.19755341041779356,강릉시
2021-04-01,0.706183934170103,0.6930168408450255,0.721100350657862,0.1999803909794445,강릉시
2021-07-01,0.6932882324933314,0.6792688742677016,0.7067282497330064,0.20099170941658895,강릉시
2021-10-01,0.6903040572489828,0.6763507102930819,0.704428072348051,0.2020141412431526,강릉시
2022-01-01,0.7017541466959771,0.6882619413899755,0.7158317597383538,0.20302565219153892,강릉시
2022-04-01,0.7035676004478401,0.6895617810552644,0.7179751393284732,0.20401517377148212,강릉시
2022-07-01,0.6947646681684906,0.6811340765380599,0.7083114082094314,0.2050099721575732,강릉시
2022-10-01,0.6904618429899938,0.6762585196490967,0.7045869198894,0.20601570239406092,강릉시
2023-01-01,0.707203787654864,0.6935936356328852,0.7216679444316273,0.20702143263054856,강릉시
2023-04-01,0.6966946743363975,0.6833406735355336,0.7109040567992253,0.20800529916624302,강릉시
2023-07-01,0.694720054304019,0.6816879999399186,0.7088553415669891,0.20900009755233415,강릉시
2023-10-01,0.688879202840855,0.6750013981381143,0.702745839530045,0.21000582778882182,강릉시
2024-01-01,0.7175283498409124,0.7029316117161236,0.7311863080578641,0.2110115580253095,강릉시
2024-04-01,0.7205941455535918,0.7059345112628146,0.7339469646128554,0.2120063564114006,강릉시
2024-07-01,0.7063741733212778,0.6935831639731262,0.7209616920789503,0.21300115479749165,강릉시
2024-10-01,0.7044478206591235,0.6902808757092876,0.7185659262817108,0.21400688503397933,강릉시
2025-01-01,0.7171450685866604,0.7026878608420087,0.7308373436895969,0.215012615270467,강릉시
2025-04-01,0.7222000249967823,0.7082351794159566,0.7363590200028948,0.21599648180616146,강릉시
2025-07-01,0.7092878032694001,0.6966388382049242,0.7231721044223444,0.21699128019225256,강릉시
2025-10-01,0.7062869264347835,0.69251868121509,0.7206688147665871,0.21799701042874023,강릉시
2026-01-01,0.7177312351700971,0.7033294540843057,0.7319379425973981,0.2190027406652279,강릉시
2026-04-01,0.7195390338772241,0.704426611211341,0.7332900593506394,0.2199866072009224,강릉시
2026-07-01,0.7107361015983371,0.6969152371778881,0.725202872192475,0.22098140558701346,강릉시
2026-10-01,0.7064332764193589,0.6931869988345526,0.7209081235286522,0.22198713582350113,강릉시
2027-01-01,0.7231752210838424,0.708793626224795,0.7370847743645673,0.2229928660599888,강릉시
2027-04-01,0.7126661077661122,0.6984727359337366,0.7263589211468539,0.2239767325956833,강릉시
2027-07-01,0.7106914877332582,0.6962143331355024,0.7238492645201202,0.22497153098177436,강릉시
2027-10-01,0.7048506362706256,0.6908494383009726,0.7185804187011907,0.22597726121826203,강릉시
2028-01-01,0.7334997832706904,0.7181391393082056,0.7470704161797348,0.2269829914547497,강릉시
2028-04-01,0.736565578983327,0.721866791105167,0.750230188457251,0.2279777898408408,강릉시
2028-07-01,0.7223456067507945,0.7078434723273295,0.7363486868397495,0.22897258822693187,강릉시
2028-10-01,0.7204192540883831,0.7055287672279015,0.7353159838888762,0.22997831846341954,강릉시
2009-01-01,0.24648979947441452,0.23133577303174527,0.2603185532560231,-0.47076081931495184,동해시
2009-04-01,0.257773953620745,0.24317848674012651,0.2720854578521709,-0.4685158672723308,동해시
2009-07-01,0.2589191945184187,0.24542251746452498,0.27419225059012464,-0.46624597131812506,동해시
2009-10-01,0.25202402608940916,0.23824359787985466,0.2675741293754172,-0.4639511314528662,동해시
2010-01-01,0.2623097761872999,0.2484614282492245,0.27647938736710254,-0.46165629158760735,동해시
2010-04-01,0.27208231473048955,0.2586957859484221,0.28669145627546083,-0.4594113395443559,동해시
2010-07-01,0.2738867858152755,0.25970797250525784,0.287464870522372,-0.4571414435895127,동해시
2010-10-01,0.26713206397600847,0.25323607773491247,0.28218279967315896,-0.4548466037214571,동해시
2011-01-01,0.2715380076161128,0.25693934166154647,0.28621912937044197,-0.45255176385340146,동해시
2011-04-01,0.2855954039073977,0.27274278503483174,0.29997740601105805,-0.4503068118082051,동해시
2011-07-01,0.287556775991498,0.27293800001250035,0.30254742463658957,-0.4480369158513955,동해시
2011-10-01,0.28384636637908833,0.270221683320391,0.29844896095196094,-0.44574207598297244,동해시
2012-01-01,0.2741890085570365,0.2601508493052919,0.28825176388960155,-0.4434471621313883,동해시
2012-04-01,0.2791622308233798,0.26470548506257247,0.2925458978193714,-0.44117719299558217,동해시
2012-07-01,0.27910729238668885,0.26449176578864,0.29412221030783847,-0.4389057100374477,동해시
2012-10-01,0.27494666972750503,0.26134895094135474,0.2891387534706056,-0.43660926572812486,동해시
2013-01-01,0.2829380181129181,0.2690615850852064,0.29651309383790053,-0.4343126006763858,동해시
2013-04-01,0.29422395776720195,0.28013422438115887,0.30843973130282565,-0.4320658631257714,동해시
2013-07-01,0.2953743876123243,0.28191662245391835,0.30981561319169026,-0.42979077822369854,동해시
2013-10-01,0.2884844651531185,0.2742557622815609,0.30314426634061387,-0.42749069238863585,동해시
2014-01-01,0.29877716640388835,0.28482998371330964,0.3149265432543676,-0.4251889013709124,동해시
2014-04-01,0.3085565049875828,0.29368581597131355,0.3227797920685002,-0.4229371492883569,동해시
2014-07-01,0.31131171868993174,0.2978459070661514,0.3259719745656642,-0.4197165107152932,동해시
2014-10-01,0.3055181871879862,0.29197854787847694,0.31965583890418325,-0.4164604805095584,동해시
2015-01-01,0.31089030633753173,0.2966754955031995,0.3247701089173928,-0.4131994651320046,동해시
2015-04-01,0.32589287432211284,0.31149661212459023,0.34046817974168825,-0.41000934139309325,동해시
2015-07-01,0.328810410184579,0.3155501234530657,0.34223119300231725,-0.4067832816579039,동해시
2015-10-01,0.3260666716457815,0.3117959152182625,0.34014139540914545,-0.4035217707168335,동해시
2016-01-01,0.31737591091275347,0.3029955674250835,0.3303242764947513,-0.4002602597757629,동해시
2016-04-01,0.32330522377962795,0.3091476446225397,0.3368625655306373,-0.39703420003931306,동해시
2016-07-01,0.32420486212148214,0.3089197035068857,0.33919975843034444,-0.39380814030286326,동해시
2016-10-01,0.3210093060939846,0.3064468533223731,0.33500671104325414,-0.3905466293613469,동해시
2017-01-01,0.32996550036935446,0.3161415525463963,0.3448507323403991,-0.3872851184198305,동해시
2017-04-01,0.3421953110014907,0.32864277530764613,0.35633977658743826,-0.3840945098911045,동해시
2017-07-01,0.3442967156796539,0.3290217142506282,0.35836341723608356,-0.38086845015650383,동해시
2017-10-01,0.33836764809692593,0.3232139882308941,0.3519652208645646,-0.3776075094451012,동해시
2018-01-01,0.3496194990410475,0.33517175408334987,0.36412934549435794,-0.3743465687336984,동해시
2018-04-01,0.36033675657366393,0.34592325706428667,0.37401085493463626,-0.37115689770197857,동해시
2018-07-01,0.3630964435240646,0.34804252869117686,0.37816640104121424,-0.3679317858810173,동해시
2018-10-01,0.357303960958309,0.34253349599194727,0.37220231975259466,-0.36467470673880104,동해시
2019-01-01,0.3626721438727116,0.34837856811760826,0.37693092911369447,-0.3614176275965848,동해시
2019-04-01,0.37370631681857264,0.35875201365386145,0.38826356384671856,-0.36219589889686304,동해시
2019-07-01,0.37261087418636024,0.35894925397496064,0.38714066316363105,-0.3629828176560332,동해시
2019-10-01,0.3658077432368869,0.3521515799816209,0.37970599447905395,-0.36378069912519695,동해시
2020-01-01,0.3530575900939678,0.339473898113322,0.36767556147590824,-0.3645785805943607,동해시
2020-04-01,0.35497163438086154,0.3405305766062024,0.36905174638568605,-0.3653677894388596,동해시
2020-07-01,0.351854922733029,0.3371263672329715,0.36515887401864666,-0.3661580796914745,동해시
2020-10-01,0.3445988810030279,0.3301055133166063,0.3584030736815015,-0.3669570544523599,동해시
2021-01-01,0.3494942162269182,0.3340513555406935,0.3643366220161974,-0.3677564025623859,동해시
2021-04-01,0.3577514473527106,0.34376374583386754,0.37263593048094995,-0.3685383735395853,동해시
2021-07-01,0.3558357013726969,0.34076498365161345,0.3705504931291852,-0.3693294644631738,동해시
2021-10-01,0.34584590884868055,0.3306931118972441,0.36057138170021275,-0.3701292486936148,동해시
2022-01-01,0.3530366857947758,0.3389027665006359,0.367578663563949,-0.3709293819799416,동해시
2022-04-01,0.3597815332115418,0.34554569432041543,0.3754004745387139,-0.37171212106439167,동해시
2022-07-01,0.35852456043852876,0.34449774441356884,0.3727773795089649,-0.37250366896649023,동해시
2022-10-01,0.3486747524998816,0.33380545678592666,0.36246662001027524,-0.37330391519718326,동해시
2023-01-01,0.3499856100417595,0.33588163401091264,0.3643341892421793,-0.3741041614278762,동해시
2023-04-01,0.36101520471422305,0.34619865138343664,0.3751864508951637,-0.3748870110013803,동해시
2023-07-01,0.35991513293922034,0.34609550846965215,0.3739246560957348,-0.37567855890347884,동해시
2023-10-01,0.35310963722848443,0.3391286895664578,0.3669904504030031,-0.37647880513417187,동해시
2024-01-01,0.3403571193234265,0.32609662702789094,0.35402042714881893,-0.37727905136486484,동해시
2024-04-01,0.3422688245523571,0.3284187384958965,0.35658989193936486,-0.3780705992669634,동해시
2024-07-01,0.33915085525513583,0.3250972493934096,0.35282886320249923,-0.3788621471690619,동해시
2024-10-01,0.33189354205590693,0.31750771097945046,0.3463534431694317,-0.37966239339975494,동해시
2025-01-01,0.33678797915877123,0.32220510542432695,0.35122174316320326,-0.3804626396304479,동해시
2025-04-01,0.345044331688442,0.3311385365952795,0.35873896934069616,-0.381245489203952,동해시
2025-07-01,0.34312812872994625,0.32888202787638265,0.35753633006825625,-0.3820370371060505,동해시
2025-10-01,0.3331378742054309,0.3193430649042081,0.3478541416678818,-0.38283728333674355,동해시
2026-01-01,0.3403285382075785,0.3250671077080615,0.3549665987740001,-0.3836375295674365,동해시
2026-04-01,0.34707327513510966,0.3322858125712325,0.3612497633576519,-0.3844203791409406,동해시
2026-07-01,0.345816302362384,0.33126817804285047,0.35967581461689757,-0.38521192704303914,동해시
2026-10-01,0.33596649442333415,0.32110612236168323,0.3499894422621564,-0.38601217327373216,동해시
2027-01-01,0.3372773519648842,0.323822900014991,0.35236462959719134,-0.38681241950442513,동해시
2027-04-01,0.34830694663744705,0.33313391980633356,0.3624361156334751,-0.38759526907792924,동해시
2027-07-01,0.34720687486252044,0.33262836360621245,0.3616076600652468,-0.38838681698002775,동해시
2027-10-01,0.3404013791516434,0.32576028520447897,0.35493946862432757,-0.3891870632107208,동해시
2028-01-01,0.32764886124703446,0.31359077342678177,0.3429301333672657,-0.38998730944141374,동해시
2028-04-01,0.3295605664755327,0.313827670454758,0.3446443510604004,-0.3907788573435123,동해시
2028-07-01,0.32644259717880314,0.31300634886905204,0.34150704122651093,-0.3915704052456109,동해시
2028-10-01,0.3191852839794185,0.3040142089782821,0.33525632280782386,-0.3923706514763039,동해시
2009-01-01,0.2574254012110021,0.22679096001905252,0.2857371049860147,0.4630141708782182,속초시
2009-04-01,0.2724111673687296,0.24327640517063567,0.3059625929569618,0.4675134417551763,속초시
2009-07-01,0.2751331375212642,0.2445243069252477,0.3058750545208214,0.4720627045307671,속초시
2009-10-01,0.27887447790998154,0.24795208414611866,0.3068194398339185,0.4766619592038795,속초시
2010-01-01,0.27282865565720527,0.2422791058442623,0.30356203711605795,0.4812612138769919,속초시
2010-04-01,0.28178323882656375,0.2495928128889021,0.312554073219975,0.4857604847511234,속초시
2010-07-01,0.2872344230829752,0.25310595976459843,0.3170435706336423,0.49030974752385637,속초시
2010-10-01,0.29066247603092477,0.2590495324121624,0.3189404391145858,0.49490900219298944,속초시
2011-01-01,0.2917990308833055,0.26344482359958404,0.3229713834036556,0.49950825686212263,속초시
2011-04-01,0.29313985972861034,0.2624572713451416,0.3214866665200073,0.5040075275460661,속초시
2011-07-01,0.2978793580489853,0.26624263586838504,0.329849630864434,0.5085567901264979,속초시
2011-10-01,0.30323691283488097,0.2745946116885454,0.33440303097075114,0.5131560446034179,속초시
2012-01-01,0.3143178809944951,0.28233113005281013,0.34508587590783235,0.51775144663599,속초시
2012-04-01,0.3380057477133428,0.30772889782208745,0.369680872625347,0.5222968986464688,속초시
2012-07-01,0.3345952320759852,0.30247447574448116,0.36592015679565865,0.5268418464818679,속초시
2012-10-01,0.3409120028872229,0.3102917982039798,0.37179306127997025,0.5314367387989747,속초시
2013-01-01,0.3304410522705924,0.2996236744211587,0.3610050702449684,0.5360298219377283,속초시
2013-04-01,0.34542078105670604,0.31523234020230995,0.3746189316050597,0.5405230554430307,속초시
2013-07-01,0.34813421693612423,0.3212048174673214,0.38027540891136796,0.545063783945335,속초시
2013-10-01,0.3518669292696701,0.32166882732312246,0.3852194182581509,0.5496544105630492,속초시
2014-01-01,0.3458094720672854,0.3155904157079336,0.37834341720676734,0.5542420302869739,속초시
2014-04-01,0.3547526732217199,0.3263672342809982,0.3831472625626416,0.5587299191473349,속초시
2014-07-01,0.3564386175427534,0.32522136831333076,0.3861751215913875,0.5595139419838904,속초시
2014-10-01,0.35606005429387755,0.3254667267691041,0.3869116467982465,0.5603065804560123,속초시
2015-01-01,0.3533840345688598,0.3220128662039224,0.383323881020277,0.561093260547647,속초시
2015-04-01,0.35099517108110084,0.32164442859064957,0.38330883806319116,0.561862838898159,속초시
2015-07-01,0.35195929098765766,0.3226716452550541,0.382750400025398,0.5626367230649691,속초시
2015-10-01,0.3534999796843742,0.3250947101248317,0.38464477993684415,0.5634191114533925,속초시
2016-01-01,0.36076793420025166,0.3279171073225173,0.3898874466424478,0.5642014998418157,속초시
2016-04-01,0.3806842254365628,0.3499692365022146,0.41147568798534023,0.5649753763696932,속초시
2016-07-01,0.3735026384915421,0.3441357969655341,0.4032975565469208,0.5657492528975707,속초시
2016-10-01,0.37600689764957546,0.3440943326415259,0.40765032538058443,0.566531633561039,속초시
2017-01-01,0.3617252445573351,0.3302090040046899,0.3931806612726247,0.5673140142245073,속초시
2017-04-01,0.3729771114944713,0.3417962702329341,0.4015759615781246,0.5680793858804609,속초시
2017-07-01,0.3719236946566572,0.3412333669111871,0.403260006478573,0.568853261665925,속초시
2017-10-01,0.3718481602849374,0.33957648725827455,0.4034621441363279,0.569635641578591,속초시
2018-01-01,0.36198546327152414,0.33170101211448083,0.39407036881770485,0.5704180214912572,속초시
2018-04-01,0.36720614721857525,0.33496759074369253,0.39584600950451204,0.5711833931438733,속초시
2018-07-01,0.368881944484886,0.33733501252615117,0.4018520473616637,0.5719572689259631,속초시
2018-10-01,0.368493122675541,0.3393101775665211,0.4013575294625392,0.5727396488372765,속초시
2019-01-01,0.3658128027699661,0.33321450178950174,0.3971771799239989,0.5735220287485897,속초시
2019-04-01,0.36342287612239527,0.33237612402017297,0.39409851057786305,0.5742905439396717,속초시
2019-07-01,0.3643901661112087,0.3336757863577997,0.39447951933615477,0.5750675981884326,속초시
2019-10-01,0.3659391036893985,0.3352513328373478,0.39703673678729273,0.5758582354579269,속초시
2020-01-01,0.3732153070859431,0.34175221905697034,0.40473294529289594,0.5766488727274214,속초시
2020-04-01,0.3931397651796803,0.3631559836749609,0.4227535397212072,0.5774309161135519,속초시
2020-07-01,0.3859740138378528,0.35722349593629804,0.41503276591865523,0.5782206282439329,속초시
2020-10-01,0.3884942826180228,0.35679094453440136,0.4162061390258531,0.5790190185295928,속초시
2021-01-01,0.3742347834403619,0.3443426061014896,0.4067798983807148,0.5798235531074581,속초시
2021-04-01,0.3855083234175062,0.35326902976170427,0.4167090292607068,0.580610597803196,속초시
2021-07-01,0.3844804387081955,0.35238110190903954,0.41594285409818665,0.5814100057173235,속초시
2021-10-01,0.3844307170399115,0.35469107493971913,0.4146626913980156,0.582218198333804,속초시
2022-01-01,0.3745947416464839,0.3442091650173561,0.40350219249057256,0.5830272998661803,속초시
2022-04-01,0.3798415663092083,0.34894589824388866,0.41096512422537185,0.5838188122348092,속초시
2022-07-01,0.38154674095082725,0.3513399003185655,0.4106005422031389,0.5846220653918689,속초시
2022-10-01,0.3811876193450092,0.3531056717186753,0.4118962542775418,0.5854341455066985,속초시
2023-01-01,0.37853699964268184,0.3472643664960713,0.4084080496797807,0.5862462256215281,속초시
2023-04-01,0.3761729840033728,0.3444539583155868,0.4053578991238327,0.5870406518208179,속초시
2023-07-01,0.37716647290045374,0.34837281436730994,0.40899624535643164,0.5878439049778775,속초시
2023-10-01,0.3787368533236095,0.3483156380717431,0.40884438749172947,0.5886559850927072,속초시
2024-01-01,0.38603449956603897,0.3567444374244428,0.4163144546578318,0.5894680652075368,속초시
2024-04-01,0.4059801674311184,0.3754432377641878,0.438585021640414,0.5902713183645965,속초시
2024-07-01,0.3988279571157035,0.3692633523379245,0.42900485688157386,0.5910745715216561,속초시
2024-10-01,0.4013619157247022,0.3704173182908781,0.4318759109003729,0.5918866516364857,속초시
2025-01-01,0.3871099620841287,0.35538653123692593,0.4180248630011061,0.5926987317513153,속초시
2025-04-01,0.3983908835648217,0.3683359873677135,0.43190513246880113,0.5934931579506051,속초시
2025-07-01,0.39736684409849066,0.36493680932291495,0.429243553834781,0.5942964111076648,속초시
2025-10-01,0.3973210099286981,0.365502974663765,0.42634152357926014,0.5951084912224943,속초시
2026-01-01,0.38748801311744924,0.3582496764888516,0.4197977170160858,0.5959205713373239,속초시
2026-04-01,0.3927377516109257,0.36312322019408316,0.4256785909761681,0.5967149975366137,속초시
2026-07-01,0.3944429262524329,0.3646845554020525,0.42600449263429513,0.5975182506936734,속초시
2026-10-01,0.3940838046468037,0.36294589272518546,0.42607443467977746,0.598330330808503,속초시
2027-01-01,0.39143318494466967,0.35923587945365865,0.42255152867087564,0.5991424109233326,속초시
2027-04-01,0.38906916930539814,0.35881477320460003,0.4185354976015299,0.5999368371226224,속초시
2027-07-01,0.39006265820232844,0.35766474308190815,0.41915491436330754,0.600740090279682,속초시
2027-10-01,0.39163303862568805,0.3621239104960313,0.42273010681021045,0.6015521703945116,속초시
2028-01-01,0.39893068486780375,0.36712373631593886,0.4306878391353039,0.6023642505093413,속초시
2028-04-01,0.41887635273316703,0.38798645265368503,0.45077115476175866,0.6031675036664009,속초시
2028-07-01,0.41172414241737065,0.38241852410740285,0.4421630296518352,0.6039707568234606,속초시
2028-10-01,0.41425810102651284,0.38232445403564363,0.4470508841590594,0.6047828369382902,속초시
2009-01-01,0.18436007096730406,0.15664827105748114,0.21173131078114002,-0.3051520304038233,태백시
2009-04-01,0.17887883898642754,0.15110011546114752,0.20772987455518507,-0.3044469819143315,태백시
2009-07-01,0.1972597581665393,0.16935373244611765,0.22730249144827988,-0.3037340995527341,태백시
2009-10-01,0.19449073618467988,0.16587892624261,0.22168446687378454,-0.30301338331871774,태백시
2010-01-01,0.1932199978725444,0.16705081509721928,0.22140599403754233,-0.30229266708470126,태백시
2010-04-01,0.19657677812388175,0.16889206579491053,0.22250419262000715,-0.30158761859484,태백시
2010-07-01,0.19881487359734473,0.1707648125736179,0.22905340400747948,-0.3008747362328692,태백시
2010-10-01,0.19645722088788675,0.16870072433769812,0.223503848645036,-0.3001540199986968,태백시
2011-01-01,0.20057917698899047,0.17149234875234967,0.23133386574453563,-0.2994333037645243,태백시
2011-04-01,0.21308687711810032,0.184193432667129,0.24178863341176393,-0.29872825527428576,태백시
2011-07-01,0.19786074246629498,0.17047832973660085,0.22286123780440156,-0.2980153729119333,태백시
2011-10-01,0.19896243273976627,0.17330204537924673,0.22705731710009966,-0.2972946566774672,태백시
2012-01-01,0.2064427669040188,0.17978236054691757,0.23486611790978945,-0.29657394044309865,태백시
2012-04-01,0.1714484111447167,0.14503535464642886,0.2009214293233633,-0.2958610580808428,태백시
2012-07-01,0.20464751308690676,0.17720987041778985,0.23148637168295427,-0.2951481757182718,태백시
2012-10-01,0.2045155759183408,0.1791754469070039,0.23358469488511888,-0.2944274594835846,태백시
2013-01-01,0.19580535812188243,0.1669861886409354,0.22375158994636343,-0.29370674324921364,태백시
2013-04-01,0.19032412614165267,0.16213162595406255,0.21923218350261686,-0.2930016947590682,태백시
2013-07-01,0.20870504532260264,0.18244083320923218,0.23686797396048917,-0.29228881239642573,태백시
2013-10-01,0.20593602334183397,0.17976867876159194,0.23144270707968373,-0.2915680961616664,태백시
2014-01-01,0.20466528503038978,0.17606225109443982,0.2324304738362454,-0.29084737992680815,태백시
2014-04-01,0.20802206528218825,0.18090988010388892,0.2334050268858353,-0.29014233143618595,태백시
2014-07-01,0.21026016075974696,0.18303716122165775,0.23768630956821282,-0.28942944907074736,태백시
2014-10-01,0.20790250805339366,0.1806433716878979,0.23525293217682328,-0.2887087328331611,태백시
2015-01-01,0.21202609556880614,0.18487363774418303,0.23712137048481366,-0.2879863851847263,태백시
2015-04-01,0.2245353916465287,0.19715802365122018,0.25157881563514317,-0.28727974074604,태백시
2015-07-01,0.20931101666223756,0.18010979882735212,0.23856568712441598,-0.28656509871577535,태백시
2015-10-01,0.21041448594074386,0.1819028558158369,0.23750014813235237,-0.28584260347638685,태백시
2016-01-01,0.2178965991101996,0.19116429705629998,0.2458071587793013,-0.28512010823699835,태백시
2016-04-01,0.18290750213038443,0.15788902494238652,0.2117246928644278,-0.2844019670952991,태백시
2016-07-01,0.21611186285162642,0.18816413541598073,0.24328519278041677,-0.28368382595359987,태백시
2016-10-01,0.2170378220059634,0.1920146665001431,0.24626533313318164,-0.2819052133960358,태백시
2017-01-01,0.20938550053249155,0.18391736519458565,0.23489614465928413,-0.28012660083847174,태백시
2017-04-01,0.20494169941272794,0.1787008107794465,0.2320445175763362,-0.2783841214881665,태백시
2017-07-01,0.2243715764628545,0.19612105515911354,0.25254067958887755,-0.2766222812561912,태백시
2017-10-01,0.22266520419469188,0.19494417828865937,0.24956246546048289,-0.2748389153087267,태백시
2018-01-01,0.2224571155958482,0.19467411375296678,0.25014959231331224,-0.2730555493612623,태백시
2018-04-01,0.22686054791540056,0.19980308449968076,0.2552080392962352,-0.27130384880309677,태백시
2018-07-01,0.230156924924997,0.20465929307236028,0.2564898370529488,-0.26953268490539606,태백시
2018-10-01,0.2288714278922393,0.20378792121979827,0.2557644560190243,-0.26773981299441757,태백시
2019-01-01,0.2340655396699557,0.20494329993551544,0.26145154596669534,-0.2659469410834391,태백시
2019-04-01,0.24762210370525767,0.22055829097589819,0.27426166239773,-0.26419302868726674,태백시
2019-07-01,0.23345648700248695,0.20301480390383692,0.26108567194081994,-0.26241962837558147,태백시
2019-10-01,0.23563034929346732,0.20771985395487483,0.26155692651544965,-0.2606267401237786,태백시
2020-01-01,0.24418285547505686,0.21526577166074243,0.2710754422467236,-0.2588338518719758,태백시
2020-04-01,0.21024901768959625,0.18175654175323083,0.23727534739900058,-0.25706045153595336,태백시
2020-07-01,0.24450875943719014,0.21634984348253558,0.2711131408583234,-0.25528692936823727,태백시
2020-10-01,0.2454491174560487,0.2181678350269757,0.2725279017216469,-0.2534939179459309,태백시
2021-01-01,0.23781119484766106,0.2104487691428408,0.2664832600534193,-0.25170090652340027,태백시
2021-04-01,0.2333789472908133,0.2054302337184442,0.2601198486345666,-0.249946873610055,태백시
2021-07-01,0.25282050627719965,0.22208336945553148,0.27968537916049824,-0.24817335144161287,태백시
2021-10-01,0.2511237794847432,0.22396523232560503,0.27665413665029476,-0.24638034001857254,태백시
2022-01-01,0.25092533636159264,0.2224776791007835,0.2786161455178663,-0.24458732859551266,태백시
2022-04-01,0.2553311010367192,0.2287235960077168,0.28138609100572837,-0.24283329568164974,태백시
2022-07-01,0.2586298363169634,0.2312421951858563,0.28519931624908873,-0.24105977351332936,태백시
2022-10-01,0.2573444787963004,0.22953583634008826,0.2837173303375627,-0.239266762090412,태백시
2023-01-01,0.262538730086182,0.23243832581135007,0.2917668564862825,-0.23747375066749468,태백시
2023-04-01,0.27609541463868637,0.24838932866777302,0.3033960128878214,-0.2357197177537712,태백시
2023-07-01,0.26192991979271785,0.2336288515559623,0.2880529025765925,-0.2339461955854508,태백시
2023-10-01,0.2641039052545425,0.23594914823150925,0.29100621434310847,-0.23215318416253347,태백시
2024-01-01,0.2726565346073138,0.24300935166016943,0.2996058097044573,-0.23036017273961612,태백시
2024-04-01,0.23872281865429365,0.20948930989053502,0.2668987192082766,-0.22858665057129576,태백시
2024-07-01,0.27298256040220037,0.24494826981735143,0.30063801209814595,-0.22681312840297532,태백시
2024-10-01,0.2739229184219286,0.24693321677938251,0.2999470425763478,-0.225020116980058,태백시
2025-01-01,0.26628499581387577,0.23920626595119465,0.29264063903848514,-0.22322710555714068,태백시
2025-04-01,0.2618527482574645,0.2355033647464065,0.2917649443070848,-0.2214730726434172,태백시
2025-07-01,0.28129430724390314,0.2528986491009507,0.30720811080653165,-0.2196995504750968,태백시
2025-10-01,0.27959758045125704,0.2523175969074795,0.306510342608066,-0.21790653905217947,태백시
2026-01-01,0.2793991373280703,0.25095368371850113,0.3057522540664508,-0.21611352762926214,태백시
2026-04-01,0.28380490200285097,0.2566263689076495,0.3142297447826163,-0.21435949471553867,태백시
2026-07-01,0.2871036372833461,0.258307096836199,0.3140811560768302,-0.21258597254721823,태백시
2026-10-01,0.2858182797624011,0.25803075011819665,0.31304090080145264,-0.2107929611243009,태백시
2027-01-01,0.29101253105202407,0.26392773183772816,0.317022388624842,-0.20899994970138358,태백시
2027-04-01,0.3045692156048422,0.27687123328185836,0.3328201635038022,-0.20724591678766013,태백시
2027-07-01,0.2904037207587211,0.2637393330944031,0.31664288414144276,-0.20547239461933972,태백시
2027-10-01,0.29257770622072976,0.264185549371953,0.3202386508830018,-0.20367938319642237,태백시
2028-01-01,0.3011303355736041,0.27295210529189423,0.32916679502796153,-0.20188637177350505,태백시
2028-04-01,0.26719661962051405,0.24048568010422175,0.2963672075422274,-0.2001128496051846,태백시
2028-07-01,0.30145636136842746,0.2753246303548498,0.32777142512786783,-0.19833932743686425,태백시
2028-10-01,0.30239671938796797,0.2726358517370638,0.3280091309029909,-0.19654631601394693,태백시
2009-01-01,0.1482035457267153,0.13555532650806118,0.16018638980604522,-0.008511813663505126,삼척시
2009-04-01,0.14958787942396548,0.13725028137886403,0.1619077654953985,-0.007645730456456286,삼척시
2009-07-01,0.1499990817715015,0.13738517328594918,0.16232143807127358,-0.006770024102662458,삼척시
2009-10-01,0.1497797159458567,0.13742657648217912,0.16204160469916618,-0.005884694604717548,삼척시
2010-01-01,0.15043671999691474,0.13803428007914983,0.16287582005694054,-0.004999365106772637,삼척시
2010-04-01,0.1520774714717294,0.14102467094668877,0.16430079450833063,-0.004133281900635087,삼척시
2010-07-01,0.15346996727274276,0.14088025801174855,0.16548012837505047,-0.0032575755477626746,삼척시
2010-10-01,0.1531947604826335,0.1414601728006332,0.1656621078796829,-0.002372246048734557,삼척시
2011-01-01,0.15390690997008732,0.1410412212050157,0.16692421148330452,-0.0014869165497064403,삼척시
2011-04-01,0.15375802031212923,0.14148670745056618,0.16640257477589301,-0.000620833345996861,삼척시
2011-07-01,0.15740964834236787,0.1443429841169116,0.16847281865286234,0.0002548730044206022,삼척시
2011-10-01,0.155044554411631,0.14319741293517937,0.1676058453542553,0.0011402025015459479,삼척시
2012-01-01,0.1586116862812391,0.14612019977572333,0.17072320179532638,0.002025532000401708,삼척시
2012-04-01,0.16034083447148878,0.1480766608068442,0.17236593394472505,0.0029012383525307754,삼척시
2012-07-01,0.16105466483780068,0.1485961024277535,0.17352903757371205,0.0037769447060158404,삼척시
2012-10-01,0.15886298809855923,0.14687027512841058,0.17227440654401055,0.0046622742062425015,삼척시
2013-01-01,0.16226296309638807,0.14941780044053135,0.17400083224053467,0.005547603706146165,삼척시
2013-04-01,0.16364729679300996,0.15189109330283973,0.175819275028389,0.0064136869125736625,삼척시
2013-07-01,0.16405849914039375,0.15180542857629536,0.17651061149834987,0.007289393266095579,삼척시
2013-10-01,0.163839133316995,0.15167209839425927,0.1767271749961193,0.008174722766359492,삼척시
2014-01-01,0.16449613736948587,0.1519339139921384,0.17629553510340415,0.00906005226576569,삼척시
2014-04-01,0.16613688884392439,0.15396597814268878,0.17761192182570146,0.009926135471706534,삼척시
2014-07-01,0.1675293846439719,0.15479173298510185,0.1806520398132212,0.010801841823588778,삼척시
2014-10-01,0.16725417785355023,0.15535121626859213,0.18056793436879562,0.011687171322195003,삼척시
2015-01-01,0.16796632733892747,0.15537552160340792,0.18120664622805405,0.012572500819162901,삼척시
2015-04-01,0.1678174376808781,0.154908519353636,0.17980347525356322,0.013438584022718454,삼척시
2015-07-01,0.17146906571180945,0.1592981111847595,0.18259712491865954,0.014314290373747313,삼척시
2015-10-01,0.16910397178148975,0.15642372067997298,0.181346781044346,0.015199619871490776,삼척시
2016-01-01,0.17267110365006322,0.15976754684605263,0.18464588175662902,0.01608494936923425,삼척시
2016-04-01,0.17440025183846228,0.16226731826383967,0.18689672141203872,0.01696065571949561,삼척시
2016-07-01,0.17511408220151026,0.1627967328730607,0.18623553872095153,0.017836362069756986,삼척시
2016-10-01,0.1729224076692168,0.16078550610015951,0.18546905835308772,0.018721693776866458,삼척시
2017-01-01,0.17632238487427254,0.16371398715061972,0.1895914362199172,0.019607025483975922,삼척시
2017-04-01,0.17770672073284247,0.16614805771940094,0.1897152517205707,0.02047311085235589,삼척시
2017-07-01,0.17811792526576922,0.16553511359800582,0.19050370324695545,0.021348819391495633,삼척시
2017-10-01,0.17789856165513693,0.16529662936098127,0.19007595334779212,0.02223415110452937,삼척시
2018-01-01,0.17855556792131266,0.16662574995083593,0.19019975773305778,0.023119482817563104,삼척시
2018-04-01,0.1801963215597281,0.16768359584725998,0.19231283680679542,0.023985568187478414,삼척시
2018-07-01,0.1815888195485939,0.16959624630945455,0.19345027333523157,0.024861276728170553,삼척시
2018-10-01,0.1813136149735483,0.16940884603751472,0.19411360594175847,0.025746608442128997,삼척시
2019-01-01,0.18202576667592998,0.16965922737365854,0.19456556123028315,0.026631940156087438,삼척시
2019-04-01,0.18187687919017909,0.16963943811337073,0.1949975596813433,0.02749802553203868,삼척시
2019-07-01,0.18552850941690652,0.17265126855400387,0.19754988515817484,0.028373734078833836,삼척시
2019-10-01,0.183163417708992,0.17209172285827662,0.19556057948474853,0.02925906579891761,삼척시
2020-01-01,0.18673055179987474,0.1739820331759561,0.19967740032404133,0.030144397519001404,삼척시
2020-04-01,0.18845970218707128,0.17610890750022185,0.20097766661137556,0.031020106068214703,삼척시
2020-07-01,0.18917353480588872,0.17678509199805315,0.2010515357652048,0.03189581467420297,삼척시
2020-10-01,0.18698186034405326,0.1752558834843469,0.1992439433021348,0.03278114645168561,삼척시
2021-01-01,0.19038183801618133,0.1777838311065561,0.2029443497507101,0.03366647862598479,삼척시
2021-04-01,0.19176617432920437,0.1795579746672233,0.20302227889468805,0.034532564448668784,삼척시
2021-07-01,0.19217739308655035,0.18062446996715908,0.2040414847229255,0.035408287212185474,삼척시
2021-10-01,0.19195804385333556,0.17988176231956896,0.20423359007724273,0.03629363330277377,삼척시
2022-01-01,0.19261514941843552,0.17984836603682655,0.20487937301900105,0.03717906431467736,삼척시
2022-04-01,0.1942560001985512,0.18113497898079603,0.20629033580321376,0.038045246826322154,삼척시
2022-07-01,0.19564884642275787,0.18394378886129217,0.20798263821133023,0.0389213036023012,삼척시
2022-10-01,0.1953739939072467,0.18261749369325445,0.20781322685569323,0.03980698737581848,삼척시
2023-01-01,0.19608649766908148,0.18315001450680551,0.2081305965568208,0.04069267114933575,삼척시
2023-04-01,0.195937954585884,0.18382859618904987,0.2085970263285326,0.041559100927776566,삼척시
2023-07-01,0.19958993304174777,0.18680213496171685,0.21192921573544068,0.04243515770375562,삼척시
2023-10-01,0.19722519338727534,0.18535869579252592,0.2101493451020374,0.0433208414772729,삼척시
2024-01-01,0.2007926795316926,0.18850244565538574,0.21331470772407854,0.04420652525079018,삼척시
2024-04-01,0.20252217814568302,0.1898806755443898,0.21381925925881595,0.04508258202676922,삼척시
2024-07-01,0.20323635893453423,0.19142395582991928,0.21578246086402209,0.04595863880274827,삼척시
2024-10-01,0.20104503646856797,0.18870264678580426,0.21355944574827096,0.04684432257626554,삼척시
2025-01-01,0.20444536574007988,0.19130746225160425,0.21613227519916706,0.047730006349782826,삼척시
2025-04-01,0.20583004600873905,0.19363292750873115,0.21785845711984683,0.04859643612822364,삼척시
2025-07-01,0.20624159877850906,0.19385651931215378,0.21810519593641675,0.049472492904202685,삼척시
2025-10-01,0.20602258722830633,0.1930230554855521,0.21836060482595582,0.05035817667771996,삼척시
2026-01-01,0.2066799455548986,0.19437545326656608,0.21829985380492506,0.051243860451237244,삼척시
2026-04-01,0.2083210436018721,0.19589001921901852,0.2202417182662678,0.05211029022967806,삼척시
2026-07-01,0.20971388982599215,0.19740459090651294,0.2217445207538717,0.05298634700565711,삼척시
2026-10-01,0.20943903731060273,0.19718425963245725,0.22046902476720168,0.053872030779174386,삼척시
2027-01-01,0.210151541072526,0.19819613505661046,0.22201959704323768,0.054757714552691655,삼척시
2027-04-01,0.2100029979892779,0.19828208866406066,0.2224717521309344,0.05562414433113248,삼척시
2027-07-01,0.21365497644514087,0.2010314599652305,0.22583279418123464,0.05650020110711152,삼척시
2027-10-01,0.21129023679067888,0.19834978141657203,0.22340036929892698,0.0573858848806288,삼척시
2028-01-01,0.21485772293499245,0.2024648431646317,0.22728310137444832,0.05827156865414608,삼척시
2028-04-01,0.21658722154907895,0.20325846551272972,0.2280698925984641,0.05914762543012514,삼척시
2028-07-01,0.2173014023378418,0.20531537129310648,0.22947257583640088,0.06002368220610418,삼척시
2028-10-01,0.2151100798718864,0.2029111447780489,0.22775768154418086,0.06090936597962145,삼척시
2009-01-01,0.2529180079900383,0.2252351344320977,0.2825731730729701,-0.3871727785141982,홍천군
2009-04-01,0.26125312279342067,0.23324793334022947,0.28817931911580597,-0.3857781101343843,홍천군
2009-07-01,0.2671507726981936,0.23899054251370708,0.29545174705953525,-0.3843679454392392,홍천군
2009-10-01,0.2679431354247455,0.24075616039614253,0.2957798193638399,-0.3829422844262908,홍천군
2010-01-01,0.26701874821380106,0.23955374526927387,0.2960316819906055,-0.3815166234133423,홍천군
2010-04-01,0.2750320488260392,0.2468850377311332,0.30212083979397053,-0.3801219550222252,홍천군
2010-07-01,0.27954097892824764,0.25121901196929425,0.30820200312061424,-0.3787117903156512,홍천군
2010-10-01,0.28100932538926393,0.25508286251166223,0.30943191760869654,-0.3772861292978572,홍천군
2011-01-01,0.2790980812792317,0.25118072691023224,0.3073390000823209,-0.3758604682800632,홍천군
2011-04-01,0.29001891288762655,0.26146386513454606,0.3170335939851761,-0.3744657999035436,홍천군
2011-07-01,0.29076516943059066,0.26242228345460794,0.3184613142072573,-0.3730556352117293,홍천군
2011-10-01,0.29032042655502693,0.26232794454430397,0.3188204248553122,-0.37162997420462035,홍천군
2012-01-01,0.2891174537398513,0.2604164948127123,0.3156599938027525,-0.37020431320047653,홍천군
2012-04-01,0.27133776674438137,0.2446764410383611,0.2992826710573392,-0.3687941485115952,홍천군
2012-07-01,0.2762084533621096,0.2495120001871279,0.3044083893087885,-0.3673839838330268,홍천군
2012-10-01,0.27376482872949554,0.24466775936507693,0.30265686366082706,-0.36595832283930924,홍천군
2013-01-01,0.2755581246517226,0.245188947624479,0.30381013377893773,-0.36453266185293487,홍천군
2013-04-01,0.28389323943104855,0.2549475284160147,0.31181593645376443,-0.3631379934966991,홍천군
2013-07-01,0.2897908893170823,0.2608452343373037,0.3181993033480532,-0.3617278288210177,홍천군
2013-10-01,0.2905832520206807,0.2628671690040098,0.31902382746912245,-0.36030216783021896,홍천군
2014-01-01,0.28965886478683717,0.2631749029962388,0.3186610535257984,-0.358876506840716,홍천군
2014-04-01,0.29767216536703595,0.2699431084600307,0.32543336172176285,-0.3574818384814196,홍천군
2014-07-01,0.30218109544281874,0.2742645549299213,0.3311543154649134,-0.3560716738002438,홍천군
2014-10-01,0.30364944188321075,0.2757143178162753,0.331911324564158,-0.3546460128038903,홍천군
2015-01-01,0.30173819775766186,0.27203324917016075,0.3296897590461893,-0.35322035180144173,홍천군
2015-04-01,0.31265902936162226,0.2856324814407866,0.3416817280487758,-0.3518256834294812,홍천군
2015-07-01,0.31340528590845695,0.28555949007958525,0.3433610726991115,-0.35041551873431986,홍천군
2015-10-01,0.31296054303588505,0.28705980193725406,0.3417792634036428,-0.34898985772382707,홍천군
2016-01-01,0.3117575702269945,0.28459989130207014,0.33893186111777546,-0.34756419671333433,홍천군
2016-04-01,0.2939778832456612,0.2661332998528743,0.32135070879221556,-0.3461540320103458,홍천군
2016-07-01,0.2988485698878723,0.27246220972365043,0.32627999615247766,-0.34474386730735723,홍천군
2016-10-01,0.296406522386215,0.2673732803186086,0.3221290377389772,-0.34331662918245565,홍천군
2017-01-01,0.29820139544716967,0.2710187604579065,0.3264896535973043,-0.34188939105755406,홍천군
2017-04-01,0.30653806405645395,0.2786165466430618,0.33457013151520837,-0.34049316887125775,홍천군
2017-07-01,0.3124372850327848,0.2848612522060172,0.34148024844855784,-0.33908143310511374,홍천군
2017-10-01,0.3132348004587162,0.2834903733110358,0.3414062084409707,-0.33765061939229235,홍천군
2018-01-01,0.31231556594808846,0.2831268278239887,0.33816356642669054,-0.336219805679471,홍천군
2018-04-01,0.32033706161857756,0.291930409263217,0.3475082563186957,-0.3348169422297941,홍천군
2018-07-01,0.32485427783496645,0.29632758093119455,0.3522989124098117,-0.3333984914084541,홍천군
2018-10-01,0.3266988205980129,0.2991188715929024,0.3540499917246006,-0.33159663408904827,홍천군
2019-01-01,0.32516377279015163,0.29785575947323434,0.35322611574265333,-0.3297947767696424,홍천군
2019-04-01,0.3364572615238666,0.3095370487321434,0.36368792947160683,-0.32802745126731986,홍천군
2019-07-01,0.3375803158276246,0.30847046051257626,0.3652064880134778,-0.3262404888149715,홍천군
2019-10-01,0.3375216144194441,0.30934431707305043,0.36462671461358614,-0.32442878634019207,홍천군
2020-01-01,0.3367046830751107,0.30901356830047283,0.363306462069813,-0.32261708386541266,홍천군
2020-04-01,0.3193068414473459,0.29285583230458817,0.3469804327330707,-0.3208250738088374,홍천군
2020-07-01,0.32455937447483757,0.2967922930316029,0.351731505666213,-0.31903306271977966,홍천군
2020-10-01,0.3225017923675925,0.2944132344585115,0.3496152311547658,-0.31722135920117184,홍천군
2021-01-01,0.32468113086280864,0.2986910008573022,0.35230172138628574,-0.3154096556414275,홍천군
2021-04-01,0.3333938959859568,0.3059728756256008,0.36017192990008134,-0.3136373369416775,홍천군
2021-07-01,0.3396733923254753,0.3116680396342365,0.3674184291311623,-0.31184532581315,홍천군
2021-10-01,0.3408517975963758,0.31033875560415064,0.3666749695444362,-0.31003362225463865,홍천군
2022-01-01,0.3403134529402231,0.3120461014417833,0.3698024444929077,-0.30822191868752824,홍천군
2022-04-01,0.3487044038678735,0.3218691937753691,0.3756451490219508,-0.3064495999805724,홍천군
2022-07-01,0.3535951804031436,0.32381016589718403,0.3795666230167524,-0.304657588840548,홍천군
2022-10-01,0.35544956941660205,0.32721238603257047,0.38333678590959,-0.3028458852704135,홍천군
2023-01-01,0.35392436785872,0.32727590418140845,0.38207987206483973,-0.301034181700279,홍천군
2023-04-01,0.36522284980081804,0.33883537225073745,0.3957731080871005,-0.2992618629903648,홍천군
2023-07-01,0.3663509527920343,0.33959767738700286,0.3968100090127702,-0.2974698518503404,홍천군
2023-10-01,0.3662922524795355,0.3384370949043215,0.39436869915607675,-0.2956581482802059,홍천군
2024-01-01,0.3654753222307059,0.3364545691691239,0.3956634248108245,-0.2938464447100714,홍천군
2024-04-01,0.3480774816860231,0.31950065186623966,0.3758319069880777,-0.29205443357004696,홍천군
2024-07-01,0.3533300147653142,0.32570667640989165,0.38061760885231455,-0.29026242243002265,홍천군
2024-10-01,0.3512724327088104,0.323797525218574,0.37676666085526,-0.2884507188598881,홍천군
2025-01-01,0.3534517712149297,0.3243853055334063,0.382359257188258,-0.2866390152897536,홍천군
2025-04-01,0.3621645363478256,0.33300187900363437,0.3889710821629903,-0.2848666965798394,홍천군
2025-07-01,0.368444032698187,0.3423051285675049,0.3969934011829486,-0.283074685439815,홍천군
2025-10-01,0.3696224379813421,0.3419310062344327,0.39630353156548254,-0.28126298186968046,홍천군
2026-01-01,0.3690840933273224,0.3397239429030974,0.3970580399237443,-0.27945127829954597,홍천군
2026-04-01,0.37747504425881856,0.3490474501325152,0.4030262022770866,-0.2776789595896318,홍천군
2026-07-01,0.382365820793251,0.3541967604620843,0.4092760599379326,-0.27588694844960737,홍천군
2026-10-01,0.38422020980759036,0.356970087059207,0.4122383822907837,-0.2740752448794728,홍천군
2027-01-01,0.3826950082502877,0.3539090423192783,0.4101302772397017,-0.2722635413093384,홍천군
2027-04-01,0.3939934901917055,0.3658101250433887,0.425226297127264,-0.27049122259942415,홍천군
2027-07-01,0.3951215931833222,0.36715921887062347,0.4233596264855339,-0.2686992114593998,홍천군
2027-10-01,0.3950628928704232,0.3675270686158719,0.42374882514054596,-0.2668875078892653,홍천군
2028-01-01,0.39424596262128603,0.3649937873877611,0.42058973972037295,-0.26507580431913075,홍천군
2028-04-01,0.3768481220769644,0.3497566670690929,0.40697576214441483,-0.26328379317910633,홍천군
2028-07-01,0.38210065515612013,0.35348287635824444,0.4100403868928377,-0.2614917820390821,홍천군
2028-10-01,0.38004307309972296,0.35364346078307435,0.40955792096163135,-0.2596800784689475,홍천군
2009-01-01,0.10567002500529625,0.0812486235304125,0.12999135336414278,0.08734081575561865,횡성군
2009-04-01,0.10456848733086077,0.08145670875726412,0.12897301461279667,0.08753129092847595,횡성군
2009-07-01,0.10408976972874509,0.08019879810770217,0.12873703133555436,0.08772388249214277,횡성군
2009-10-01,0.10702189983478219,0.08262621330110394,0.1317294144602251,0.08791859044633583,횡성군
2010-01-01,0.10371043883281884,0.08015607743888477,0.12806446309831046,0.08811329840052891,횡성군
2010-04-01,0.1006994723688222,0.07878686704233148,0.12522333505408076,0.0883037735729538,횡성군
2010-07-01,0.1029934073471991,0.07902697693372603,0.12664579174729923,0.08849636513618339,횡성군
2010-10-01,0.10213196838117494,0.07754644693227543,0.12563206357863882,0.08869107309048559,횡성군
2011-01-01,0.10238562135618692,0.07836480149284282,0.12480531229992745,0.08888578104478778,횡성군
2011-04-01,0.09622914016063555,0.07189950558166215,0.12115809482386121,0.08907625621775488,횡성군
2011-07-01,0.10228939611346403,0.079828867614712,0.12728855198803746,0.08926884778153271,횡성군
2011-10-01,0.0974704958594598,0.074039709643541,0.12012018549513097,0.08946355573612133,횡성군
2012-01-01,0.10170329493336111,0.07681347371707901,0.12508946622025274,0.08965826369074775,횡성군
2012-04-01,0.11092069315384231,0.08693152796423263,0.13357825694977762,0.08985085525456302,횡성군
2012-07-01,0.10867570250558094,0.08531470477170239,0.13281393965134364,0.09004344681859588,횡성군
2012-10-01,0.11522758837214012,0.0911508028066166,0.14087465467523552,0.09023815477344228,횡성군
2013-01-01,0.10876207197816917,0.08487229083135743,0.13270685131688348,0.0904328627285775,횡성군
2013-04-01,0.10766053430449539,0.0844817832799707,0.13034184275260258,0.09062333790207935,횡성군
2013-07-01,0.10718181670313402,0.08287724563788745,0.1327216516463713,0.09081592946664734,횡성군
2013-10-01,0.11011394681054038,0.0875766293766729,0.13574669608230264,0.09101063742203475,횡성군
2014-01-01,0.10680248580953812,0.0822628925994333,0.13041241702613587,0.09120534537732966,횡성군
2014-04-01,0.10379151934681213,0.07905139414157161,0.12747134199386628,0.0913958205509877,횡성군
2014-07-01,0.10608545432702947,0.0836737826771957,0.1317829452359303,0.09158841211587304,횡성군
2014-10-01,0.10522401536229309,0.08290215140138979,0.12908218022937548,0.0917831200715813,횡성군
2015-01-01,0.10547766833910509,0.0818162797264457,0.12984126646651847,0.09197782802767011,횡성군
2015-04-01,0.09932118714497228,0.07487372973116335,0.12281797541649273,0.09216830320210481,횡성군
2015-07-01,0.10538144309895046,0.08335468524045081,0.12781335258800383,0.09236089476708988,횡성군
2015-10-01,0.100562542846216,0.07797254111776046,0.1255680798061637,0.09255560272289892,횡성군
2016-01-01,0.1047953419213069,0.08096674752596485,0.1290102240198939,0.09275031067870802,횡성군
2016-04-01,0.11401274014359647,0.08879707658879743,0.1390537563341588,0.09294290224433308,횡성군
2016-07-01,0.11176774949690901,0.08675035375531032,0.1348696850337243,0.09313549380995814,횡성군
2016-10-01,0.11831964452272246,0.09382349680111557,0.14027253927880085,0.09333021092397834,횡성군
2017-01-01,0.11185413728759687,0.08917655782120491,0.1353174987576051,0.09352492803799853,횡성군
2017-04-01,0.11075297532524159,0.08752025316539833,0.13417680086836517,0.09371577892284076,횡성군
2017-07-01,0.11027463760962208,0.08662921457961867,0.13416289346405572,0.09390875037307012,횡성군
2017-10-01,0.11320717834003755,0.09075170980504654,0.13734785940730915,0.09410386895158615,횡성군
2018-01-01,0.10989612796231926,0.0876497403509029,0.1325241767312504,0.09429898753010221,횡성군
2018-04-01,0.10688588380629671,0.08447493062675931,0.13171726224496125,0.09449018501044967,횡성군
2018-07-01,0.10918054911832277,0.08574888769193609,0.13268302042188243,0.09468350690724545,횡성군
2018-10-01,0.10831997131857626,0.08531997061740698,0.13372599651356037,0.09487907602786165,횡성군
2019-01-01,0.10857448545978526,0.08325852943477913,0.13215803470445509,0.09507464514847783,횡성군
2019-04-01,0.10241884671145807,0.07796894121043157,0.12668851453581406,0.09526596276858522,횡성군
2019-07-01,0.10847995447193201,0.08463631410176295,0.1316872670778217,0.09545940614002715,횡성군
2019-10-01,0.10366192999196586,0.0798571104033655,0.12840644491613623,0.09565498986864304,횡성군
2020-01-01,0.10789560483984084,0.08336521782646335,0.1317409828688677,0.09585057359725896,횡성군
2020-04-01,0.11711386931498324,0.09105825713367545,0.140935987772869,0.09604403141578119,횡성군
2020-07-01,0.1148697449214704,0.09144379269843943,0.14037739931264015,0.09623748923441598,횡성군
2020-10-01,0.12142250656185394,0.09784213290884382,0.14495488502056297,0.09643307296314568,횡성군
2021-01-01,0.11495786594128858,0.09313106390966959,0.13810327222376434,0.09662865669160135,횡성군
2021-04-01,0.11385718500232242,0.08942228537539379,0.13834021245453526,0.09681998859987323,횡성군
2021-07-01,0.11337933365511353,0.08936439888187381,0.13603257342746145,0.09701344641868982,횡성군
2021-10-01,0.11631233953606071,0.09337597226290119,0.13847918575867607,0.09720903014760328,횡성군
2022-01-01,0.11300175430874865,0.09124130553247535,0.13823957008103543,0.09740461387657032,횡성군
2022-04-01,0.1099916445812051,0.08622753437920543,0.13368297467123225,0.09759594578534239,횡성군
2022-07-01,0.1122864458156335,0.09007986713361377,0.13692170587983923,0.09778940360458911,횡성군
2022-10-01,0.11142588262466908,0.08987560295076528,0.13502041007231425,0.09798498733393744,횡성군
2023-01-01,0.11168041137472362,0.08828499134107047,0.13596769496767525,0.09818057106328577,횡성군
2023-04-01,0.10552478691528025,0.08066585231718655,0.12921547193539534,0.09837190297243088,횡성군
2023-07-01,0.11158590912359895,0.09016974012201197,0.13587970091605425,0.09856536079167759,횡성군
2023-10-01,0.10676788464435202,0.08163387139123977,0.128423523179295,0.09876094452102592,횡성군
2024-01-01,0.11100155949291018,0.08626725207981431,0.13590218666219286,0.09895652825037425,횡성군
2024-04-01,0.12021982396887161,0.09748868516078966,0.14498200305801112,0.09914998606962097,횡성군
2024-07-01,0.11797569957579827,0.09530108949776925,0.14174777626003915,0.09934344388886769,횡성군
2024-10-01,0.12452846121696529,0.09904726003622889,0.14783719680979607,0.09953902761821601,횡성군
2025-01-01,0.11806382059717078,0.09411059090269006,0.14156783741396783,0.09973461134756434,횡성군
2025-04-01,0.11696313965912414,0.09279973022113039,0.14024860265145883,0.09992594325670943,횡성군
2025-07-01,0.11648528831248836,0.09395090968614395,0.14065558097060582,0.10011940107595617,횡성군
2025-10-01,0.11941829419375768,0.09625478137674476,0.14367964734735592,0.1003149848053045,횡성군
2026-01-01,0.11610770896698497,0.0917374751293819,0.13972847385486542,0.10051056853465283,횡성군
2026-04-01,0.11309759923962656,0.09098077667030914,0.1370224358257702,0.10070190044379793,횡성군
2026-07-01,0.11539240047424489,0.09093836169345859,0.13685038775434266,0.10089535826304465,횡성군
2026-10-01,0.11453183728310663,0.09034745056876398,0.13850826531881444,0.10109094199239298,횡성군
2027-01-01,0.11478636603307689,0.09018678390466182,0.1392575658499329,0.1012865257217413,횡성군
2027-04-01,0.1086307415737637,0.08526828167331932,0.13214551617225928,0.10147785763088642,횡성군
2027-07-01,0.11469186378197621,0.0914183500097805,0.13972335289445126,0.10167131545013312,횡성군
2027-10-01,0.1098738393028424,0.08626064841572612,0.1331465449444755,0.10186689917948147,횡성군
2028-01-01,0.11410751415142335,0.08918360361813513,0.1389995310707226,0.10206248290882979,횡성군
2028-04-01,0.12332577862731084,0.10101231414300202,0.14726290914628834,0.1022559407280765,횡성군
2028-07-01,0.12108165423425732,0.09771675998894863,0.14476397098168892,0.10244939854732323,횡성군
2028-10-01,0.12763441587543956,0.10386529868930486,0.15024337762526876,0.10264498227667156,횡성군
2009-01-01,0.2587407436505994,0.2301666748951377,0.2889585821446522,-0.6093125873533892,영월군
2009-04-01,0.24531113586685083,0.21625634191063886,0.273448195319768,-0.6087581933783208,영월군
2009-07-01,0.24264277035094106,0.21488129060860647,0.26907829648527964,-0.6081976394701961,영월군
2009-10-01,0.24373255006739925,0.21675645769569332,0.274525204350009,-0.6076309256474044,영월군
2010-01-01,0.252624883151212,0.22454878460231653,0.2819331539884885,-0.6070642118246125,영월군
2010-04-01,0.24933077344926213,0.21993476708027546,0.2769262324712529,-0.6065098178172044,영월군
2010-07-01,0.24340122337694614,0.21799705560823096,0.27199973007462913,-0.6059492638763808,영월군
2010-10-01,0.2426040467740278,0.21389022732287236,0.2683804889930065,-0.6053825500518725,영월군
2011-01-01,0.2442247283700576,0.2153432171876101,0.2727613605673897,-0.604815836227364,영월군
2011-04-01,0.2500570786762678,0.22017260051693874,0.27862246627092535,-0.604261442279571,영월군
2011-07-01,0.24308676343688962,0.21600323281627132,0.27222952934345984,-0.6037008883990246,영월군
2011-10-01,0.23942907701277838,0.21126512640860703,0.26776479850000745,-0.603134174585725,영월군
2012-01-01,0.23356359476973876,0.2067908767494487,0.2613497411139206,-0.6025674607818304,영월군
2012-04-01,0.24700990277038448,0.21900393158682155,0.2738441293101668,-0.6020069069105869,영월군
2012-07-01,0.24981416086883934,0.22077249348227385,0.2772575422313593,-0.6014463530724151,영월군
2012-10-01,0.2518079838116489,0.22413023798116274,0.28017085013355864,-0.6008796393019558,영월군
2013-01-01,0.26774040543752486,0.23748918455325538,0.2963269945883612,-0.6003129255663467,영월군
2013-04-01,0.2543107975506069,0.2274416022227406,0.2817689924248747,-0.5997585316945554,영월군
2013-07-01,0.25164243191570945,0.22436878925699086,0.2786548856366965,-0.5991979779051669,영월군
2013-10-01,0.2527322115306684,0.2223524133218811,0.280172746193451,-0.5986312641840269,영월군
2014-01-01,0.26162454452347506,0.23034618066336188,0.290964083781783,-0.5980645504522187,영월군
2014-04-01,0.2583304346825006,0.2301533603597656,0.2860863058520782,-0.5975101565841454,영월군
2014-07-01,0.25240088444644937,0.2235925435067736,0.2832222137925109,-0.5969496028070866,영월군
2014-10-01,0.25160370772754204,0.22242835576358844,0.2796044475164587,-0.5963828890984119,영월군
2015-01-01,0.2532233678196565,0.22610241323469468,0.2831851516471174,-0.5958171967778035,영월군
2015-04-01,0.2590547188393756,0.23265906685202917,0.2869637324886065,-0.5952638021163388,영월군
2015-07-01,0.2520815192580558,0.22516993849722372,0.28281072719205314,-0.5947061325776442,영월군
2015-10-01,0.24842091679640643,0.22015674067127705,0.27923315655129055,-0.5941423348022606,영월군
2016-01-01,0.2425525185247398,0.2135815534240543,0.27019659250218725,-0.5935785370268771,영월군
2016-04-01,0.25599533073237934,0.22749368273082135,0.2856387168797516,-0.5930214789486096,영월군
2016-07-01,0.25879609307098594,0.22878035525772278,0.2837108693072902,-0.5924644208703421,영월군
2016-10-01,0.2607795330581628,0.230688363001565,0.28942470993773367,-0.5919080900554102,영월군
2017-01-01,0.2767015717634349,0.2480245416975893,0.3059796470342986,-0.5913517592404784,영월군
2017-04-01,0.26140066432316067,0.23570028416652805,0.2890716705912436,-0.5926686649219248,영월군
2017-07-01,0.25684020693228404,0.22794480689492033,0.2837538050414555,-0.5940002028887208,영월군
2017-10-01,0.2560151558057282,0.2293711974016987,0.28233921974182374,-0.595348319908996,영월군
2018-01-01,0.2629926580464824,0.23493789293075049,0.2907294235787655,-0.5966964369292711,영월군
2018-04-01,0.2578213970323079,0.22912525775149478,0.2857810043994357,-0.5980191942343442,영월군
2018-07-01,0.24999383841059364,0.2211121576721554,0.27626157691115144,-0.5993566488428073,영월군
2018-10-01,0.24727698568983536,0.2209453742982594,0.2762393010019505,-0.6007096111359866,영월군
2019-01-01,0.24697799116812025,0.2194517832371352,0.27456598296613227,-0.602062573429166,영월군
2019-04-01,0.2509319426111324,0.22087097467856295,0.2787483529585507,-0.603386578344699,영월군
2019-07-01,0.24206235740977322,0.21387492463936603,0.27237739494841373,-0.6047252944259601,영월군
2019-10-01,0.23648423071155145,0.20914330543173418,0.26178753605376726,-0.6060790208869541,영월군
2020-01-01,0.22869830820356174,0.19990041540313677,0.25903045123895335,-0.6074327473479479,영월군
2020-04-01,0.2402450502902328,0.2098183567218756,0.2689044668824673,-0.6087717593908876,영월군
2020-07-01,0.24114974243856335,0.21093992237205775,0.2670170871966255,-0.6101107715028171,영월군
2020-10-01,0.24122312508003685,0.21161583860041713,0.2703650141525618,-0.6114644980335591,영월군
2021-01-01,0.2552351064345799,0.22829010531978397,0.2855029399468619,-0.6128182245693016,영월군
2021-04-01,0.23992680697771218,0.20873891473938547,0.2681002332930832,-0.6141425222673105,영월군
2021-07-01,0.23535887545598233,0.206456173545699,0.2630435168657283,-0.6154815343648877,영월군
2021-10-01,0.23452821483366826,0.2062045735081641,0.2615403517474394,-0.6168352608811196,영월군
2022-01-01,0.2415001075232439,0.21225406922165838,0.2697699528137294,-0.6181889874524013,영월군
2022-04-01,0.2363273060815796,0.20754054326458168,0.26305646322495624,-0.6195132851851769,영월군
2022-07-01,0.22849818991410953,0.19883502849487814,0.2555598778610375,-0.6208522973393007,영월군
2022-10-01,0.22578057291319376,0.19769828522127186,0.25405366953576464,-0.6222060239127006,영월군
2023-01-01,0.2254808141113267,0.19600968236366395,0.25410577644944093,-0.6235597504861006,영월군
2023-04-01,0.22943447273483553,0.2015956441350509,0.25974674209778625,-0.6248840482209485,영월군
2023-07-01,0.22056459146072516,0.1926847840591638,0.24756698671557087,-0.6262230603750722,영월군
2023-10-01,0.2149864646501849,0.18590769536562443,0.2442522659101438,-0.6275767869484724,영월군
2024-01-01,0.20720054202969562,0.1781446330044806,0.2349519936694953,-0.6289305135218723,영월군
2024-04-01,0.21874728400505805,0.18857802017225972,0.24710552895917293,-0.6302695256759961,영월군
2024-07-01,0.21965197611112364,0.19349990179458357,0.25074261004401094,-0.63160853783012,영월군
2024-10-01,0.21972535871014875,0.1898168684192729,0.2460289815560791,-0.63296226440352,영월군
2025-01-01,0.23373734002707014,0.20179065604449675,0.26087193245742524,-0.63431599097692,영월군
2025-04-01,0.21842904053323953,0.18897467806476856,0.24732500442425018,-0.6356402887117678,영월군
2025-07-01,0.21386110895502264,0.18540543135527046,0.24254725396556182,-0.6369793008658917,영월군
2025-10-01,0.21303044827548256,0.18510443122158782,0.24114683807110998,-0.6383330274392917,영월군
2026-01-01,0.22000234096321125,0.19370221892648568,0.2466762272743079,-0.6396867540126916,영월군
2026-04-01,0.21482953951918504,0.19095968054935236,0.24594956120640643,-0.6410110517475395,영월군
2026-07-01,0.2070004233519962,0.17812617911579204,0.23519878307990208,-0.6423500639016634,영월군
2026-10-01,0.20428280635076412,0.17569338822467348,0.2324487358135643,-0.6437037904750633,영월군
2027-01-01,0.2039830475488067,0.1745240981649521,0.2329211896606795,-0.6450575170484633,영월군
2027-04-01,0.20793670617249072,0.17812925430816545,0.234840117702619,-0.6463818147833111,영월군
2027-07-01,0.19906682489821104,0.1680923510032922,0.22723316280646608,-0.6477208269374349,영월군
2027-10-01,0.19348869808782498,0.16440166385148816,0.21904827791782955,-0.649074553510835,영월군
2028-01-01,0.18570277546736735,0.15656946026836052,0.21320579863291514,-0.6504282800842349,영월군
2028-04-01,0.19724951744261876,0.16861265659545216,0.2246465082032981,-0.6517672922383588,영월군
2028-07-01,0.198154209548843,0.1687307056153826,0.22909111834613957,-0.6531063043924826,영월군
2028-10-01,0.19822759214774233,0.1672577407476651,0.22537704900465994,-0.6544600309658826,영월군
2009-01-01,0.09002659689683454,0.058102734341119525,0.12218031796037093,0.05396161132806913,평창군
2009-04-01,0.09220626837693219,0.06086017615439947,0.12583812562562097,0.05744299320736422,평창군
2009-07-01,0.09246583969774502,0.06195061172889851,0.12570428202674655,0.060963057107540373,평창군
2009-10-01,0.10279819274387897,0.07187401954998712,0.13377214862688172,0.06452180301663214,평창군
2010-01-01,0.10574975800245767,0.07537631954698693,0.13612262181177534,0.06808054892572389,평창군
2010-04-01,0.11248778261904346,0.07931070390342673,0.14511434128673636,0.07156193078761294,평창군
2010-07-01,0.11404512267720084,0.08101238129194357,0.14321648443455884,0.07508199467018965,평창군
2010-10-01,0.11921547084496176,0.09029344368167433,0.15279402394645225,0.07864074058635485,평창군
2011-01-01,0.12170770987165339,0.08842670795679525,0.1529136199430749,0.08219948650252004,평창군
2011-04-01,0.13260124746726323,0.10050907404039565,0.16393395245855202,0.08568086838923684,평창군
2011-07-01,0.13539721596238624,0.10212767446382844,0.16818400608790846,0.08920093229691717,평창군
2011-10-01,0.1360756335779415,0.10396298083274096,0.16894932330248602,0.09275967822556098,평창군
2012-01-01,0.13790160207443947,0.10527553240961333,0.1709684645518262,0.0963184241554826,평창군
2012-04-01,0.12827383227833575,0.09521531452803308,0.1587344587710352,0.09983848806442679,평창군
2012-07-01,0.1271855202921628,0.0941850151668537,0.15987315651393602,0.10335855198009611,평창군
2012-10-01,0.1433429872184156,0.11130479046583357,0.17452941882062786,0.10691729791681671,평창군
2013-01-01,0.14654102942440272,0.11422273674255468,0.17790433797713948,0.11047604385565057,평창군
2013-04-01,0.14872070092187703,0.11634938805036867,0.18027959232714588,0.11395742575233588,평창군
2013-07-01,0.14898023252571171,0.1148748301741935,0.1810562866663294,0.11747744993560456,평창군
2013-10-01,0.15931254543058282,0.1267600975412787,0.1898340642991997,0.12103615570330478,평창군
2014-01-01,0.16226406342190997,0.12975683526556908,0.19359539278048704,0.1245948543451892,평창군
2014-04-01,0.1690020418044365,0.136489563947412,0.20037982531029738,0.12807618997311962,평창군
2014-07-01,0.17055706481648578,0.13875616598700255,0.20278592278776722,0.13159393680931813,평창군
2014-10-01,0.17572507046273078,0.14420556772578957,0.2076332528443805,0.13515034020415617,평창군
2015-01-01,0.17821124320175036,0.1456357027581531,0.21091414935498654,0.1387030198326161,평창군
2015-04-01,0.18909884637334767,0.15852339572769894,0.22124069664994492,0.14217846729523995,평창군
2015-07-01,0.19047971807280217,0.15729315300586805,0.22169489196279307,0.14428343440734268,평창군
2015-10-01,0.18972748837847253,0.15756296884685997,0.22372447525964165,0.14641153302617177,평창군
2016-01-01,0.19012280956400307,0.15762857257430538,0.22326699077999795,0.14853963164500092,평창군
2016-04-01,0.17907881302325054,0.14759409350794053,0.2116954720939959,0.15064346880928892,평창군
2016-07-01,0.17657427428569478,0.14510302345734755,0.2099913624801261,0.1527473059735769,평창군
2016-10-01,0.19129989080199694,0.1583250134150531,0.22154003038281625,0.15487420150038825,평창군
2017-01-01,0.19306608259590885,0.16398176404142828,0.2249180726772215,0.15700109702719958,평창군
2017-04-01,0.19384502125002973,0.16088426788344443,0.22648089613237327,0.1590817460804144,평창군
2017-07-01,0.19268829604656285,0.1599553328451271,0.22409127426077385,0.1611855134564427,평창군
2017-10-01,0.2015887888866319,0.1706830234266081,0.2314494516247026,0.16331239915936765,평창군
2018-01-01,0.20310849393898198,0.16928113938398143,0.23314168699848145,0.1654392848622926,평창군
2018-04-01,0.20844578574616268,0.17602491447883495,0.24071964361577036,0.16751993391483908,평창군
2018-07-01,0.20858682929735456,0.17685372438188735,0.24205005621827755,0.16962370129019164,평창군
2018-10-01,0.21232531724544443,0.17873558742612095,0.24494189367740946,0.17175058698680232,평창군
2019-01-01,0.21338569605251262,0.18204594802598031,0.24558902952980058,0.173877472683413,평창군
2019-04-01,0.22287850082636346,0.19139652687727318,0.2547877460787391,0.17595812174830633,평창군
2019-07-01,0.22425817280157592,0.19244823399177716,0.25595568789766154,0.17806188913614293,평창군
2019-10-01,0.22350473020836742,0.19122284226664346,0.25377414402184617,0.18018877485598989,평창군
2020-01-01,0.22389883849476064,0.18991881880224068,0.25601643345234515,0.18231566057583687,평창군
2020-04-01,0.21285477218656806,0.1814790347460694,0.24492377990872216,0.184419427972642,평창군
2020-07-01,0.210350163688508,0.17714050276624083,0.24230859208766387,0.18652319537627673,평창군
2020-10-01,0.22507577040464347,0.19269134402661062,0.25884070463904757,0.18865008110302836,평창군
2021-01-01,0.2268419550553189,0.19614283023395634,0.2609424406930729,0.19077696948658754,평창군
2021-04-01,0.22762089633576058,0.19473448159406606,0.25803810933828786,0.1928576211661563,평창군
2021-07-01,0.22646417380478367,0.1945303276614393,0.2593873697753103,0.1949613912148022,평창군
2021-10-01,0.23536466934284034,0.20277118143452244,0.268341745518704,0.19708827961563094,평창군
2022-01-01,0.23688437710919708,0.20661976066033938,0.27080575138191054,0.19921516803251166,평창군
2022-04-01,0.24222167157593877,0.20903291691900114,0.27658510993794877,0.20129581974467758,평창군
2022-07-01,0.24236272403031647,0.20965990121044617,0.27638292704600276,0.2033995960232168,평창군
2022-10-01,0.2461012209810226,0.21419785479400835,0.28084507512572465,0.2055264907223993,평창군
2023-01-01,0.24716160879078072,0.21473118167701358,0.28094686855764645,0.20765338542158188,평창군
2023-04-01,0.2566544223575471,0.22602986286494464,0.2895765091088855,0.2097340432794778,평창군
2023-07-01,0.25803410322352277,0.22573937385669976,0.29101997072627156,0.21183781955801706,평창군
2023-10-01,0.25728066960949825,0.22551359728251277,0.2912148769303864,0.21396471425719957,평창군
2024-01-01,0.25767478687526324,0.22543992782820288,0.291706976570233,0.2160916089563821,평창군
2024-04-01,0.24663072944885095,0.21482334935895303,0.27832546559703103,0.21819538523492135,평창군
2024-07-01,0.24412612982555165,0.211971855857945,0.2768788634791303,0.2202991615134606,평창군
2024-10-01,0.25885174551424134,0.22524872385609213,0.29100002233219524,0.22242605621264314,평창군
2025-01-01,0.26061793648055986,0.23000507748583185,0.2919312909543759,0.22455295091182562,평창군
2025-04-01,0.2613968839393477,0.22759743808516014,0.2941064125576302,0.2266336087697216,평창군
2025-07-01,0.26024016763835583,0.2280638410717203,0.2914807123908998,0.2287373850482608,평창군
2025-10-01,0.2691406694747097,0.23564001876001886,0.3016798000330678,0.23086427974744336,평창군
2026-01-01,0.2706603835233926,0.23712474639182263,0.3056001274185318,0.2329911744466259,평창군
2026-04-01,0.2759976841358079,0.24328794433666465,0.31032097978491796,0.23507183230452186,평창군
2026-07-01,0.27613873659022087,0.24455084317062187,0.3077061690833521,0.2371756085830611,평창군
2026-10-01,0.2798772335408996,0.24718216420141864,0.31093167148404405,0.23930250328224362,평창군
2027-01-01,0.28093762135052525,0.24678798602743143,0.3126105514776091,0.24142939798142612,평창군
2027-04-01,0.29043043491738296,0.259224805704903,0.3219716427765112,0.2435100558393221,평창군
2027-07-01,0.2918101157833628,0.25630822835175066,0.32663067652161826,0.24561383211786128,평창군
2027-10-01,0.2910566821693451,0.2605729896126623,0.32502675095563444,0.24774072681704384,평창군
2028-01-01,0.2914507994351834,0.2606359754198485,0.32551028308302704,0.24986762151622638,평창군
2028-04-01,0.2804067420087542,0.25020430187283976,0.3136176039596281,0.25197139779476563,평창군
2028-07-01,0.2779021423854634,0.24502412204557883,0.3084518718072141,0.2540751740733048,평창군
2028-10-01,0.2926277580740564,0.26279273802133984,0.32433439780455464,0.25620206877248736,평창군
2009-01-01,0.1411298612184299,0.11138691511980481,0.1694701750596257,0.11581539176488913,정선군
2009-04-01,0.1282870488542148,0.09867486773624361,0.1571820536476934,0.11705769666766752,정선군
2009-07-01,0.13688651742762561,0.10712247953579958,0.16796445293119922,0.11831380495825458,정선군
2009-10-01,0.13919901498734408,0.11040183073473038,0.16859220910821776,0.11958371663676762,정선군
2010-01-01,0.13900827466242022,0.11090958934470393,0.17002308612069775,0.12085362831528064,정선군
2010-04-01,0.14077896902581952,0.1108685444450075,0.17122784607962233,0.12209593321235872,정선군
2010-07-01,0.1412913599636946,0.11160018646260446,0.17178037920506853,0.12335204149718211,정선군
2010-10-01,0.14399535844447015,0.11484100298207447,0.1742842086446688,0.12462195316309158,정선군
2011-01-01,0.13645466537930115,0.10671227733835079,0.1664697708972921,0.125891864829001,정선군
2011-04-01,0.15407494004103692,0.12302304431567429,0.1807979830111352,0.12713416970944105,정선군
2011-07-01,0.1451840143040989,0.11571993218097514,0.17796300577292093,0.12839027797744154,정선군
2011-10-01,0.14983934226272072,0.12173598686352553,0.1800904261673534,0.1296601896330025,정선군
2012-01-01,0.1334774480999945,0.1061599165291413,0.1620943243686109,0.13093010129507685,정선군
2012-04-01,0.13677457456643502,0.10649089682972178,0.1659832744720782,0.13218620956951996,정선군
2012-07-01,0.15213370264063886,0.1231940139112776,0.1820324802205568,0.13344231784694646,정선군
2012-10-01,0.15561910882327273,0.12501243472392148,0.1850896029179289,0.134712229512037,정선군
2013-01-01,0.1612966106212529,0.1316251379774241,0.1932417858130972,0.13598214116774526,정선군
2013-04-01,0.14845379823484814,0.11956142642779524,0.17680976781595178,0.1372244460483294,정선군
2013-07-01,0.1570532667933412,0.12627283013347637,0.18523367807960886,0.13848055432401338,정선군
2013-10-01,0.1593657643379381,0.12991702714185352,0.18766629430437595,0.13975046598734223,정선군
2014-01-01,0.15917502399719213,0.12991488300612233,0.18874923679751618,0.1410203776500917,정선군
2014-04-01,0.1609457183509297,0.13293371499904028,0.1917798867841878,0.142262682537564,정선군
2014-07-01,0.16145810928183799,0.13042877836022487,0.19367536093473062,0.1435187908152994,정선군
2014-10-01,0.16416210776207982,0.1373767360393392,0.1926529101605387,0.1447887024807022,정선군
2015-01-01,0.15662140270983965,0.12981405459762194,0.1882884373793076,0.14605860215948757,정선군
2015-04-01,0.17424166565518287,0.14406645326636608,0.2030603525449984,0.14730089532351676,정선군
2015-07-01,0.165350010952306,0.13504143341027763,0.19481812636776524,0.14855627462570506,정선군
2015-10-01,0.17000460193457156,0.14071358475914006,0.1982219728913409,0.14982544930484049,정선군
2016-01-01,0.15364197078889816,0.12310106775706,0.18386824115242656,0.15109462398397588,정선군
2016-04-01,0.156938139697631,0.12753180162526306,0.1838418447474085,0.1523497747006799,정선군
2016-07-01,0.17229631021110484,0.14202347901531798,0.20267735321361918,0.1536049254173839,정선군
2016-10-01,0.17577840000169948,0.14646943450313227,0.20479682198665777,0.1548715206904336,정선군
2017-01-01,0.18145258541699819,0.15221962058987437,0.2122556101824392,0.1561381159634833,정선군
2017-04-01,0.16768332016382878,0.13752397166685099,0.19745088355939133,0.15645396797724653,정선군
2017-07-01,0.1753460419271511,0.14615678349608333,0.2042708419593788,0.15677332945782935,정선군
2017-10-01,0.17670872147652558,0.1464306469518935,0.20607674825114922,0.15709342312595004,정선군
2018-01-01,0.1755681631412046,0.1462847126516376,0.20410829553627227,0.15741351679407073,정선군
2018-04-01,0.17640898094267385,0.1489462368565949,0.2065379760050815,0.15772594512925014,정선군
2018-07-01,0.17598116335690844,0.14509096983316616,0.20531189532463553,0.15804184489037598,정선군
2018-10-01,0.17773361226584147,0.14777454722776284,0.207475518523703,0.15836020698446648,정선군
2019-01-01,0.1692413696288688,0.1390023762496673,0.19765661719170852,0.15867856907855699,정선군
2019-04-01,0.18593069482991914,0.1562174171522169,0.2136503968052491,0.15898992449826335,정선군
2019-07-01,0.17609847574922777,0.14441659139692878,0.20385134752865228,0.15930473942263312,정선군
2019-10-01,0.17980205256779608,0.15016015536998997,0.20860775690090205,0.15962289993805664,정선군
2020-01-01,0.16248840725837302,0.13147124340402147,0.19019256969258821,0.1599410604534802,정선군
2020-04-01,0.16484412769935688,0.1358766739811682,0.19292683971793317,0.1602557627024318,정선군
2020-07-01,0.1792618497368152,0.14997732928062182,0.2107511847221513,0.1605704649431007,정선군
2020-10-01,0.18179550476139333,0.1507451818632564,0.2115895618564865,0.16088862545015056,정선군
2021-01-01,0.18652125540333067,0.15708132349938425,0.2139672722710567,0.1612067859497934,정선군
2021-04-01,0.1727473821033768,0.14415652704046458,0.2012400790109649,0.1615180299168353,정선군
2021-07-01,0.18040544461601232,0.15155252309618378,0.21120703497815738,0.16183273214669572,정선군
2021-10-01,0.1817661909933876,0.15338461877897666,0.21175467812549603,0.16215089264281832,정선군
2022-01-01,0.18062369947697998,0.15186796196516827,0.21085278152210854,0.16246905312990897,정선군
2022-04-01,0.18146333289805014,0.15416009070701275,0.21049620340364772,0.1627802970846716,정선군
2022-07-01,0.18103431776456985,0.15227487981885016,0.21022778144687734,0.16309499929804386,정선군
2022-10-01,0.18278656505891383,0.15244931424948,0.21421866292321892,0.16341315977749712,정선군
2023-01-01,0.17429412080723186,0.14624085677682508,0.20478153990325204,0.16373132025695045,정선군
2023-04-01,0.19098333453587693,0.16217451028256494,0.22030431668536823,0.16404256420424168,정선군
2023-07-01,0.18115100274424223,0.1500997863319596,0.20845536299156026,0.16435726641761395,정선군
2023-10-01,0.18485457952676465,0.1572236340118235,0.2150028020613429,0.16467542689706724,정선군
2024-01-01,0.1675409341814828,0.13878459593832143,0.1980688614393907,0.16499358737652053,정선군
2024-04-01,0.1698966545868073,0.14110858609634816,0.1985684460040352,0.16530828958989277,정선군
2024-07-01,0.18431437659696778,0.1557949320571988,0.2134296499245531,0.16562299180326506,정선군
2024-10-01,0.18684803159397032,0.15750287975896543,0.2169368935684539,0.16594115228271836,정선군
2025-01-01,0.1915737822157008,0.16156221147908786,0.22006562870219376,0.16625931276217162,정선군
2025-04-01,0.1777999088960111,0.15023592123658808,0.20901890114692095,0.16657055670946289,정선군
2025-07-01,0.18545797139214065,0.1572734207568896,0.21403572888731856,0.16688525892283515,정선군
2025-10-01,0.18681871775286824,0.15685313177550794,0.21490130387643328,0.16720341940228844,정선군
2026-01-01,0.1856762262288994,0.15610782104108975,0.21266067125612048,0.1675215798817417,정선군
2026-04-01,0.18651585964242756,0.15805642989948296,0.21748109541017815,0.16783282382903297,정선군
2026-07-01,0.1860868445089601,0.1566483716794775,0.21489692749461303,0.16814752604240527,정선군
2026-10-01,0.18783909180325353,0.15900231865131315,0.2187787670781153,0.16846568652185853,정선군
2027-01-01,0.17934664755160953,0.1485345702523656,0.20893495573095747,0.16878384700131183,정선군
2027-04-01,0.1960358612802562,0.16773328145386435,0.22486780774310955,0.16909509094860306,정선군
2027-07-01,0.18620352948859994,0.15636519502260515,0.21562556389917323,0.16940979316197535,정선군
2027-10-01,0.1899071062711481,0.16075190170173542,0.2196842253175514,0.16972795364142862,정선군
2028-01-01,0.172593460925812,0.14282562755713954,0.2005212539290263,0.1700461141208819,정선군
2028-04-01,0.17494918133120313,0.14570649562653584,0.2037348400425572,0.17036081633425418,정선군
2028-07-01,0.18936690334135822,0.1600360151366462,0.21757610017420884,0.17067551854762644,정선군
2028-10-01,0.19190055833832836,0.1624632729523051,0.22333741069128638,0.17099367902707974,정선군
2009-01-01,0.19493624816129468,0.1622457718426043,0.22764821821914055,0.06693420560747664,철원군
2009-04-01,0.20515350848121372,0.17178628843532606,0.2360525973373773,0.06816037319500501,철원군
2009-07-01,0.2123518234594869,0.1806613918142565,0.24414541022905942,0.06940016486683923,철원군
2009-10-01,0.2118399721733921,0.1796058987806569,0.24417427987092677,0.07065358062340416,철원군
2010-01-01,0.2059641658608455,0.17591902074942123,0.2382657290088255,0.07190699637996906,철원군
2010-04-01,0.2169313038480143,0.18462416931137335,0.25007295372588734,0.07313316396864189,철원군
2010-07-01,0.22130615638135231,0.18873589344929065,0.2534842177645448,0.07437295564163329,철원군
2010-10-01,0.2142593958932532,0.18274271294960642,0.24909185729184471,0.07562636886523641,철원군
2011-01-01,0.21615234136369332,0.18544079357287813,0.24758031751471218,0.07687978208883954,철원군
2011-04-01,0.22895542752785053,0.19629877121270362,0.25950800151733805,0.07810591444880173,철원군
2011-07-01,0.22935385739273423,0.1969380034155241,0.2614855605218137,0.0793456705016524,철원군
2011-10-01,0.21814084455593555,0.18527714300872497,0.24996024977076917,0.0805990502473915,철원군
2012-01-01,0.22549912407236222,0.19186370651440884,0.25643220793605986,0.08185141413959966,철원군
2012-04-01,0.21353145835812787,0.18203944376582498,0.2448403559818752,0.08309016538080558,철원군
2012-07-01,0.22239555182782722,0.18799282655684849,0.255198336238619,0.08432159418097529,철원군
2012-10-01,0.23076570034296368,0.20028040495159474,0.26364035676573344,0.08556655516576225,철원군
2013-01-01,0.21481318136427202,0.18147368800019603,0.24943088927486753,0.08681113881046762,철원군
2013-04-01,0.22502180157516666,0.1905035260285139,0.2575886386369064,0.08802866628898375,철원군
2013-07-01,0.23066124314698144,0.1988298957212619,0.2614662610830415,0.0877095845545253,철원군
2013-10-01,0.22857338797740379,0.19795556128471659,0.2597128960552088,0.0873869964273805,철원군
2014-01-01,0.22111806127913317,0.1911224500209906,0.25476802249101194,0.08706089179828003,철원군
2014-04-01,0.2305400162795639,0.19646113833416115,0.2634062803210229,0.08674187640024694,철원군
2014-07-01,0.23334999025462438,0.19914834094500913,0.26464241162508123,0.08641678951467228,철원군
2014-10-01,0.22472115727375064,0.1922185077500033,0.2588254321618214,0.0860881302457397,철원군
2015-01-01,0.22503147035184418,0.1915122094108131,0.2562816264739108,0.08575891107697882,철원군
2015-04-01,0.23628636192577696,0.20506285566535987,0.26940316618000754,0.08543684884666927,철원군
2015-07-01,0.23511912889053305,0.2029531803527156,0.2697675570054577,0.0851109419995667,철원군
2015-10-01,0.222323248067049,0.18953138237111827,0.2544502913509701,0.08478145375853996,철원군
2016-01-01,0.22809967545031723,0.19883026156219896,0.26117143645894664,0.0844519655175132,철원군
2016-04-01,0.21456726828427028,0.18321814432348157,0.24546792123087596,0.08412597530688903,철원군
2016-07-01,0.22187394274316083,0.18797396584274606,0.2544010879950683,0.08379998509626485,철원군
2016-10-01,0.2286695330453764,0.19705414064960625,0.2620028012673725,0.08347038786815857,철원군
2017-01-01,0.21114283319375085,0.17834107237460226,0.24031792637815386,0.08314079064005231,철원군
2017-04-01,0.21981149144657283,0.18561269482644982,0.25233513978316535,0.08281835616035294,철원군
2017-07-01,0.22544399766781364,0.19318222137981267,0.25871973332383685,0.08249233907532356,철원군
2017-10-01,0.22334913093312497,0.1930208763916339,0.25365834791313807,0.08216273938314408,철원군
2018-01-01,0.21589030917173885,0.18443102859048313,0.24738484708005926,0.08183313969096463,철원군
2018-04-01,0.2253088450897499,0.19446523205008676,0.25976179261082183,0.08151070521042787,철원군
2018-07-01,0.22811788886444984,0.19347803630662921,0.25996573714754195,0.0811846881245518,철원군
2018-10-01,0.21948811546226987,0.18551035485444983,0.25332507345767596,0.08085508843423359,철원군
2019-01-01,0.21979804801868996,0.18967196410756026,0.25392622265196413,0.0805254887439154,철원군
2019-04-01,0.23105256734386642,0.19937870697405527,0.26317499974489844,0.08020305426477549,철원군
2019-07-01,0.2298852240712732,0.1997606938026283,0.2622071036415436,0.07987703718031179,철원군
2019-10-01,0.21708923180020057,0.18616727425508367,0.25133338694555635,0.0795474374916686,철원군
2020-01-01,0.22286554773573142,0.19268755599687706,0.2553782321598899,0.0792178378030254,철원군
2020-04-01,0.2093331136970816,0.1774071610560615,0.24156019537518525,0.07889182071969353,철원군
2020-07-01,0.21663976128358542,0.18495128570737907,0.24835321394141835,0.07856580363651947,철원군
2020-10-01,0.22343534912521923,0.1898871483201898,0.254571478623881,0.07823620394803579,철원군
2021-01-01,0.20590864681455118,0.17548178456746455,0.23822898608776139,0.07790660426073247,철원군
2021-04-01,0.21457730507022144,0.18114741968395326,0.2466933291349093,0.07758416978402267,철원군
2021-07-01,0.22020981129430958,0.18830492304176313,0.25046086787568783,0.07725815270202144,철원군
2021-10-01,0.2181149445646769,0.1855543762933904,0.24966877915535912,0.0769285530147235,철원군
2022-01-01,0.21065612280689927,0.17841943598681784,0.24340126470970325,0.07659895332610707,철원군
2022-04-01,0.22007465872740076,0.18613743255354398,0.2540587798653427,0.07627651884811273,철원군
2022-07-01,0.22288370250431266,0.1906213535410651,0.25708315685031863,0.07595050176449812,철원군
2022-10-01,0.21425392910359625,0.18060952131597133,0.24549961117617677,0.07562090207556907,철원군
2023-01-01,0.2145638616616128,0.18103309982836152,0.2459578118586653,0.07529130238664002,철원군
2023-04-01,0.22581838098743356,0.19243569836871574,0.25633291912607253,0.07496886790833986,철원군
2023-07-01,0.22465103771579525,0.19305574729577538,0.2587779523205001,0.07464285082472524,철원군
2023-10-01,0.21185504544430817,0.1793978103585483,0.24449106078989646,0.07431325113579619,철원군
2024-01-01,0.2176313613794715,0.18636044416837483,0.24953505141398996,0.07398365144686714,철원군
2024-04-01,0.204098927340631,0.17175300022203155,0.23746892805453135,0.07365763436325252,철원군
2024-07-01,0.21140557492649195,0.17935314127066088,0.24261153163835572,0.07333161727963791,철원군
2024-10-01,0.21820116276796775,0.18700109588514366,0.2503789319668297,0.07300201759070887,철원군
2025-01-01,0.20067446045549409,0.16762307369935434,0.2335871167923508,0.0726724179017798,철원군
2025-04-01,0.20934311870968758,0.17579332906243914,0.24124561419506205,0.07234998342347965,철원군
2025-07-01,0.2149756249323151,0.18488145822228336,0.24845482650691664,0.07202396633986503,철원군
2025-10-01,0.21288075820094596,0.18123115725126435,0.24633340481151852,0.07169436665093598,철원군
2026-01-01,0.2054219364429298,0.1728433364215016,0.23734173834251399,0.07136476696200694,철원군
2026-04-01,0.2148404723630179,0.18105262758266552,0.24669941387305164,0.07104233248370677,철원군
2026-07-01,0.21764951614008432,0.18695390867665745,0.24850253987029633,0.07071631540009217,철원군
2026-10-01,0.2090197427392138,0.17714042371011568,0.2419249057619065,0.0703867157111631,철원군
2027-01-01,0.209329675297023,0.17379833603942782,0.24047753093433047,0.07005711602223406,철원군
2027-04-01,0.22058419462300888,0.18908177569492526,0.2536586985124542,0.0697346815439339,철원군
2027-07-01,0.21941685135133637,0.1885096759264804,0.2548450808084471,0.06940866446031929,철원군
2027-10-01,0.20662085907990307,0.1739856563804677,0.23947166073073722,0.06907906477139023,철원군
2028-01-01,0.21239717501520533,0.17905567964362218,0.24436895635282696,0.06874946508246119,철원군
2028-04-01,0.19886474097625229,0.16675832539455437,0.23370553669042715,0.06842344799884657,철원군
2028-07-01,0.2061713885621693,0.17384468290759242,0.23667975968038474,0.06809743091523196,철원군
2028-10-01,0.21296697640356993,0.18063371209433934,0.24674024167931993,0.06776783122630291,철원군
2009-01-01,0.07085168497768068,0.00315580319969196,0.13099054625383252,0.03193571705443665,화천군
2009-04-01,0.08093949749701111,0.01856321179067832,0.1422866563682313,0.03469022288409988,화천군
2009-07-01,0.07649854781319576,0.01366430045151082,0.13888206791219856,0.03747533433409272,화천군
2009-10-01,0.08125620584525423,0.02213344056610944,0.14672557929770993,0.04029105140472365,화천군
2010-01-01,0.08031567447275952,0.020402515547483843,0.14598592131625712,0.043106768475354586,화천군
2010-04-01,0.07358256187693474,0.004565548898242031,0.13277424803588936,0.04586127430577772,화천군
2010-07-01,0.07235800029551467,0.011869661193623964,0.13185981154412926,0.04864638575653888,화천군
2010-10-01,0.07370888753064866,0.008630959996298409,0.1366226703784189,0.05146210282731887,화천군
2011-01-01,0.09225893129167936,0.0287611396169676,0.15719765777588518,0.05427781989809885,화천군
2011-04-01,0.0653009754539955,0.0012938476814422521,0.12222666056412425,0.05703232572838978,화천군
2011-07-01,0.06813018636967486,0.007234720749623059,0.1310027089319652,0.05981743717901726,화천군
2011-10-01,0.06489555752870212,0.0007202841274818807,0.12813137367822394,0.06263315424998131,화천군
2012-01-01,0.10667756551062567,0.04207621590632375,0.17321245311580458,0.06544887132054912,화천군
2012-04-01,0.13204488489017938,0.06792450639096138,0.1917530519539836,0.06823398277078468,화천군
2012-07-01,0.12525768530216858,0.0646329615474459,0.18901810890741927,0.07101909422140242,화천군
2012-10-01,0.1322448256054808,0.06896740167812745,0.19535759659092206,0.07383481129235664,화천군
2013-01-01,0.11556649628670862,0.05403651689238047,0.180276639581168,0.0766505283634937,화천군
2013-04-01,0.1256543088070128,0.06121588483371227,0.19108732367406556,0.07940503419395388,화천군
2013-07-01,0.12121335912352449,0.05471034092065089,0.18443857539910882,0.08219014564428857,화천군
2013-10-01,0.12597101715584336,0.06179729008917902,0.18393068635755294,0.08500586271495661,화천군
2014-01-01,0.12503048578351553,0.06221806573389006,0.19300580700513933,0.08782157978612329,화천군
2014-04-01,0.11829737318726309,0.057447815658685585,0.17684449526217316,0.09057608561661241,화천군
2014-07-01,0.11707281160591826,0.055006718875981124,0.18428115722504793,0.0933611970670839,화천군
2014-10-01,0.11842369884126612,0.0565770776847128,0.18121287510120446,0.09617691413789024,화천군
2015-01-01,0.1369737426021545,0.0731941153430416,0.203490336717639,0.09899263120855303,화천군
2015-04-01,0.11001578676422524,0.04688054285832948,0.17167210512621683,0.10174713703854923,화천군
2015-07-01,0.11284499767995884,0.04734789097446447,0.1753900575175503,0.10453224848925945,화천군
2015-10-01,0.1096103688388021,0.049461792659783274,0.178933766804642,0.10734796556030714,화천군
2016-01-01,0.1513923768213281,0.09134004531057818,0.21373325243402636,0.11016368263135486,화천군
2016-04-01,0.17675969620188553,0.10976741842310507,0.24411801513588374,0.11294879408255161,화천군
2016-07-01,0.16997249661431144,0.1068759578782068,0.23057511918594747,0.11573390553374834,화천군
2016-10-01,0.17695963691820452,0.1099287642234356,0.2414110410707555,0.11854962260486074,화천군
2017-01-01,0.16028130759922024,0.0978007360235846,0.22387750502705897,0.12136533967597313,화천군
2017-04-01,0.170369120119886,0.11059843723497739,0.23308617994466257,0.12411984550676822,화천군
2017-07-01,0.1659281704371988,0.10300827390252923,0.22503458571542684,0.12690495695790552,화천군
2017-10-01,0.17068582847083458,0.10873407862071198,0.23885442874237106,0.1297206740301943,화천군
2018-01-01,0.1697452970998742,0.1067094858153955,0.23421522096889186,0.13253639110248308,화천군
2018-04-01,0.16301218450583246,0.10229199836491332,0.23164521309547859,0.13529089693499355,화천군
2018-07-01,0.16178762292661641,0.10413073194295859,0.22776907345866956,0.13807600838786518,화천군
2018-10-01,0.1631385101651756,0.0920422855717875,0.23044462704839153,0.1408917254616541,화천군
2019-01-01,0.18168855392903135,0.11783083364658437,0.2460553448541047,0.143707442535443,화천군
2019-04-01,0.15473059923174678,0.09491190873144092,0.22229528923148523,0.1464619495060873,화천군
2019-07-01,0.15755981130059984,0.09194081582865322,0.21958749966439195,0.1492470621097388,화천군
2019-10-01,0.15432518391634334,0.09020530681544262,0.21672738211694417,0.1520627806376711,화천군
2020-01-01,0.1961071933556987,0.13362644754178749,0.26050666423211605,0.15487849916560337,화천군
2020-04-01,0.2214745141762406,0.15723411159314385,0.28420049242017015,0.15766361205736248,화천군
2020-07-01,0.21468930362008445,0.15262154220009214,0.27721297647379156,0.1604507125395382,화천군
2020-10-01,0.22167845481276488,0.15749318041801566,0.2839181195935673,0.16326844049954,화천군
2021-01-01,0.20500246520718124,0.1438087156440063,0.26945501793516397,0.16608649728383845,화천군
2021-04-01,0.21509256657751746,0.15325842213797664,0.28053588408188856,0.16884329196413042,화천군
2021-07-01,0.21065626413649916,0.14912841411525246,0.2735575257763908,0.1716330506571417,화천군
2021-10-01,0.21541862047965876,0.14964340389085107,0.28122714711501173,0.17445346603908718,화천군
2022-01-01,0.2144832934425806,0.15032981672387663,0.2758235319694844,0.1772743874451744,화천군
2022-04-01,0.20775527204368074,0.14978978924880113,0.27323530871272156,0.18003398447286847,화천군
2022-07-01,0.20653610513229828,0.14243453499986006,0.27408584847248446,0.18282449059348757,화천군
2022-10-01,0.20789244632012552,0.1469188741107918,0.27320546930940776,0.1856456616165311,화천군
2023-01-01,0.22644794403313287,0.16335425976310197,0.29093265364640103,0.18846683263957456,화천군
2023-04-01,0.19949532358325797,0.13766314077256878,0.2643075254568096,0.19122667385776926,화천군
2023-07-01,0.20232992916904305,0.14049242876130633,0.2676631736277214,0.19401717997838838,화천군
2023-10-01,0.1991007542799308,0.13044160973325689,0.26741813162686334,0.19683835100143188,화천군
2024-01-01,0.24088821621450046,0.17298507569118723,0.3026321524926501,0.1996595220244754,화천군
2024-04-01,0.26626093026426567,0.20111124866946573,0.33344945977609247,0.20245002814509447,화천군
2024-07-01,0.25947912534632933,0.19678471981146728,0.3219616129184783,0.20524053426571356,화천군
2024-10-01,0.2664717196019809,0.20083239026891944,0.3341279755518502,0.20806170528875703,화천군
2025-01-01,0.24979884423502452,0.18804495158896023,0.314495875742128,0.21088287631180055,화천군
2025-04-01,0.2598919921432286,0.1985282152124695,0.3222072171624302,0.21364271752999525,화천군
2025-07-01,0.25545643712996646,0.1929018841755184,0.31634985953182027,0.21643322365061432,화천군
2025-10-01,0.2602195491142421,0.19666683484637174,0.3213242338676402,0.21925439467365784,화천군
2026-01-01,0.2592844716940682,0.198982538450106,0.32323735354074956,0.22207556569670134,화천군
2026-04-01,0.2525566944855429,0.19036520075259306,0.31789700700542056,0.22483540691489606,화천군
2026-07-01,0.25133752757436273,0.18329832021326664,0.31586084008595927,0.22762591303551521,화천군
2026-10-01,0.25269386876209204,0.19052021028410498,0.3158238455280452,0.23044708405855863,화천군
2027-01-01,0.271249366475211,0.20989090143497968,0.33859625281087685,0.23326825508160215,화천군
2027-04-01,0.24429674602546564,0.18442692337326963,0.3055668323854026,0.23602809629979685,화천군
2027-07-01,0.24713135161098626,0.18145356457360431,0.30835241982984846,0.23881860242041592,화천군
2027-10-01,0.24390217672218134,0.18434324430347707,0.306630415260379,0.24163977344345944,화천군
2028-01-01,0.28568963865652514,0.2216006818425945,0.35358339180244014,0.24446094446650293,화천군
2028-04-01,0.3110623527063282,0.2462726013820308,0.37337377636880453,0.24725145058712208,화천군
2028-07-01,0.30428054778819186,0.2423093731036789,0.36247529570123527,0.25004195670774115,화천군
2028-10-01,0.3112731420440593,0.2517285997368782,0.375773143670482,0.2528631277307847,화천군
2009-01-01,0.26189574740813243,0.21132704256025914,0.3170843677904148,0.044783382634035855,양구군
2009-04-01,0.24279386380724827,0.18747211765506744,0.2983123563105714,0.04357882428520817,양구군
2009-07-01,0.24275529331885218,0.18796537874076352,0.2952957375402875,0.04236088195472685,양구군
2009-10-01,0.24109726184332367,0.1887724187419783,0.2930731051341637,0.04112955564212271,양구군
2010-01-01,0.2517973671473573,0.20085954986517543,0.3066743274213611,0.039898229329518566,양구군
2010-04-01,0.24384144439907687,0.18927527279647213,0.2954515617322996,0.03869367098048837,양구군
2010-07-01,0.2381344046702516,0.18284807686116406,0.2963533112165124,0.03747572864980228,양구군
2010-10-01,0.24064461135949272,0.1855430494201897,0.2921208574458729,0.03624440233556316,양구군
2011-01-01,0.2429495652364434,0.1889094424280712,0.29642712793630893,0.03501307602132404,양구군
2011-04-01,0.24430257444192033,0.1937183367465014,0.2972048845981534,0.03380851767149075,양구군
2011-07-01,0.2333610286750607,0.18472412578221092,0.29006852639784503,0.03259057533999264,양구군
2011-10-01,0.23925704278692303,0.1826687296303249,0.29405120818440506,0.03135924902682972,양구군
2012-01-01,0.23535609742641006,0.18342774080742766,0.2882993915991339,0.030127922711589688,양구군
2012-04-01,0.22160218937369489,0.1649811732120585,0.27389734851133973,0.02890998037803704,양구군
2012-07-01,0.22766902229562874,0.1754842763522217,0.2824467795069279,0.027692038042419074,양구군
2012-10-01,0.22107483682103823,0.16652555668768393,0.2746082517695245,0.026460711725091023,양구군
2013-01-01,0.24234175000977448,0.1851728459872459,0.2959779442986875,0.025229385235687317,양구군
2013-04-01,0.223239866235474,0.16925226381373126,0.2795026171827017,0.024024826713444563,양구군
2013-07-01,0.22320129556983348,0.16489514283396883,0.27202023350310706,0.022806884205619483,양구군
2013-10-01,0.2215432639154873,0.168871441500812,0.2779889033094686,0.021575557714191923,양구군
2014-01-01,0.23224335200293872,0.17722600369966127,0.2850483847085676,0.02034421418510146,양구군
2014-04-01,0.2242874124118529,0.17098135944758966,0.27488790253121403,0.019139638993599932,양구군
2014-07-01,0.21858035070894796,0.1691203616987415,0.2720473940655392,0.017921674688557022,양구군
2014-10-01,0.2210905351842649,0.16735830578429425,0.2754338837851269,0.01669032616038177,양구군
2015-01-01,0.22339436018393657,0.171321504769077,0.27588445008661533,0.0154578709688111,양구군
2015-04-01,0.22474626505198325,0.17111888444959747,0.2776138960967296,0.014252208281405008,양구군
2015-07-01,0.21380360267649984,0.15398672619285325,0.2686490324413524,0.013033149341361709,양구군
2015-10-01,0.219698487909188,0.1656469117626759,0.2722892230072102,0.011800694149230028,양구군
2016-01-01,0.21579641367193414,0.16663600916328178,0.2736128083594866,0.010568238957098342,양구군
2016-04-01,0.20204138901180668,0.14880770505060972,0.25714544936584677,0.009349180016098876,양구군
2016-07-01,0.2081071053283002,0.15495441157245426,0.2626296601179843,0.008130121075099396,양구군
2016-10-01,0.20151179097554986,0.1471832958759461,0.25464787391621435,0.006897665879538133,양구군
2017-01-01,0.2227775754581061,0.16895708955564634,0.2744278771996506,0.005665210683976871,양구군
2017-04-01,0.20367458751407236,0.15187197037268094,0.25658931016907405,0.004459547991882655,양구군
2017-07-01,0.203634900411822,0.15193321576119112,0.2558173245107387,0.003240489047654073,양구군
2017-10-01,0.20197574005020483,0.14790908568210945,0.254010893584177,0.0020080338489418623,양구군
2018-01-01,0.21267471646810862,0.15919863047514177,0.26427506392849387,0.0007755786502296609,양구군
2018-04-01,0.2047176893725637,0.1488619306342459,0.2566804316747231,-0.0004300840457873234,양구군
2018-07-01,0.19900953302644156,0.1381213053055294,0.2523729126860103,-0.0016491429939822755,양구군
2018-10-01,0.20151861082907813,0.14825446426355315,0.2559483566911435,-0.0028815981949288673,양구군
2019-01-01,0.2038224358192821,0.15073046258827688,0.2554348843042175,-0.00411405339587545,양구군
2019-04-01,0.20517434067943616,0.15080649458402,0.25948170306982027,-0.005319716091066572,양구군
2019-07-01,0.19423167829673005,0.1365501556190359,0.24618343865556044,-0.006538775038426495,양구군
2019-10-01,0.2001265635222887,0.14741976660240264,0.25417773587801346,-0.007771230237826321,양구군
2020-01-01,0.1962244892776007,0.14197196016845148,0.2510158198552217,-0.009003685437226166,양구군
2020-04-01,0.18246946461105779,0.12790709866640612,0.23559698669481471,-0.010222744384458608,양구군
2020-07-01,0.18853518092166865,0.137479145790276,0.24619244063764545,-0.011441803331505447,양구군
2020-10-01,0.1819398665653188,0.12998330922430104,0.2385685350678816,-0.012674258530717644,양구군
2021-01-01,0.20320565104625082,0.15163954677408426,0.2585913436939204,-0.01390671372779044,양구군
2021-04-01,0.1841026631016369,0.1288809518600732,0.23718134427870854,-0.015112376420579053,양구군
2021-07-01,0.18406297600052932,0.13153033644166864,0.23611608177315793,-0.016331435363683304,양구군
2021-10-01,0.182403815642257,0.12432808229352592,0.2408969742717101,-0.01756389055890957,양구군
2022-01-01,0.19310279206504288,0.13987433573530578,0.247492379386413,-0.01879634575279844,양구군
2022-04-01,0.18514576497576302,0.1301694784892869,0.24303743572542713,-0.020002008442472324,양구군
2022-07-01,0.17943760863775482,0.12346407760609371,0.23509142655746046,-0.021221067382668296,양구군
2022-10-01,0.18194668644908765,0.1297235764050823,0.2343348355675704,-0.022453522574954327,양구군
2023-01-01,0.1842505114478526,0.13131616546321928,0.24034183584926422,-0.02368597776724036,양구군
2023-04-01,0.18560241631511276,0.13029432173464275,0.2392445251776812,-0.024891640455346264,양구군
2023-07-01,0.17465975393956598,0.128116441329122,0.22754447281092102,-0.02611069939554223,양구군
2023-10-01,0.1805546391720881,0.12543889431761843,0.23679692405791564,-0.027343154587828267,양구군
2024-01-01,0.17665256493476986,0.12284738822852598,0.2329239123761754,-0.02857560978011431,양구군
2024-04-01,0.16289754027527759,0.10726629714212592,0.21771941233026,-0.02979466872031027,양구군
2024-07-01,0.1689632565927154,0.11513475518329974,0.22135236031588934,-0.031013727660506245,양구군
2024-10-01,0.1623679422431105,0.10875378334417972,0.21604236954558262,-0.03224618285279227,양구군
2025-01-01,0.1836337267290722,0.13150157706987625,0.23682303151540493,-0.03347863804507831,양구군
2025-04-01,0.16453073878903549,0.11178338666003,0.21812676271880294,-0.03468430073318421,양구군
2025-07-01,0.16449105169081166,0.10679252534853276,0.21656940245233752,-0.035903359673380174,양구군
2025-10-01,0.1628318913355558,0.11157541814888984,0.21719484669730613,-0.037135814865666215,양구군
2026-01-01,0.17353086775989485,0.12047625076216285,0.22515405434701824,-0.03836827005795224,양구군
2026-04-01,0.16557384067217176,0.11392565223364909,0.21997425280180793,-0.03957393274605814,양구군
2026-07-01,0.1598656843340901,0.10752071277591944,0.2141977917754421,-0.040792991686254124,양구군
2026-10-01,0.16237476214549648,0.10558747665544588,0.2120204713172119,-0.04202544687854015,양구군
2027-01-01,0.164678587144321,0.11058608321921683,0.21637032275101054,-0.043257902070826186,양구군
2027-04-01,0.16603049201158923,0.11234947064878004,0.2213940975263634,-0.044463564758932095,양구군
2027-07-01,0.15508782963601112,0.10170052751486089,0.203211180116367,-0.045682623699128046,양구군
2027-10-01,0.16098271486857463,0.1058378241272869,0.21489860540469943,-0.046915078891414094,양구군
2028-01-01,0.15708064063113727,0.1062042996192326,0.2099116422968622,-0.04814753408370012,양구군
2028-04-01,0.14332561597180493,0.08966538583651694,0.19886352876639662,-0.04936659302389611,양구군
2028-07-01,0.14939133228912232,0.09106104550339122,0.20094800551158384,-0.050585651964092065,양구군
2028-10-01,0.14279601793944682,0.0898831715072549,0.19566447109736204,-0.0518181071563781,양구군
2009-01-01,0.18394246764061017,0.148582640592129,0.21823612641972182,-0.25159660486933216,인제군
2009-04-01,0.1788246078209194,0.14701421259499614,0.21321764451902872,-0.25306405412744976,인제군
2009-07-01,0.17304917519080676,0.14032266682922317,0.20715017598737345,-0.25454780837732416,인제군
2009-10-01,0.17601143184221946,0.14309168192178667,0.210840426823596,-0.25604786762143417,인제군
2010-01-01,0.1779264019260789,0.14291850212793422,0.2118959614902307,-0.25754792686554406,인제군
2010-04-01,0.1764458014399532,0.14305609241455405,0.20938711709499672,-0.25901537612622355,인제군
2010-07-01,0.1698596490208678,0.1370882267511695,0.20409637165246944,-0.2604991303786884,인제군
2010-10-01,0.17049299098899773,0.13556995232242494,0.20699067441043764,-0.26199918962423363,인제군
2011-01-01,0.1714080087319073,0.13608128265920272,0.20577906360457576,-0.26349924886977893,인제군
2011-04-01,0.17211998470758538,0.13851607808170519,0.20880386326396352,-0.2649666981309429,인제군
2011-07-01,0.16600051808858574,0.13224128464047682,0.19706626667234145,-0.26645045238389764,인제군
2011-10-01,0.16415616073191247,0.13317092042793144,0.19775279302211804,-0.2679505116286431,인제군
2012-01-01,0.1643968499157507,0.13073922005284044,0.19487295688992928,-0.26945057087461594,인제군
2012-04-01,0.15543748842693506,0.12248706663209644,0.18902225568560085,-0.27093432512878474,인제군
2012-07-01,0.15175734981200067,0.1190586297870466,0.1870499542071055,-0.2724180793825793,인제군
2012-10-01,0.1568926270009533,0.12050329877943464,0.18898950600270628,-0.2739181386281738,인제군
2013-01-01,0.16012087463859104,0.12702217413863368,0.19490358063380075,-0.275418197871285,인제군
2013-04-01,0.15500301481750917,0.11916761195300914,0.19023690934805512,-0.2768856471308504,인제군
2013-07-01,0.14922758218795545,0.1171759183632788,0.18126334521907295,-0.2783694013799903,인제군
2013-10-01,0.1521898388427776,0.1169464443219666,0.18722125105434712,-0.2798694606208789,인제군
2014-01-01,0.1541048089283703,0.1210765893037442,0.18872558569165448,-0.2813695198631833,인제군
2014-04-01,0.1526242084441478,0.11963480900829708,0.18662846699078955,-0.28283696912195927,인제군
2014-07-01,0.14603805602625936,0.10904807837690993,0.17914475659119727,-0.2843207233735156,인제군
2014-10-01,0.1466713979963769,0.11344446729432067,0.1796981363851416,-0.28582078261684735,인제군
2015-01-01,0.1475864157395591,0.1149025171835876,0.18260563112910172,-0.2873208418621359,인제군
2015-04-01,0.14829839171471987,0.11498451329359037,0.18001040792295356,-0.2887882911238312,인제군
2015-07-01,0.14217892509570135,0.10813470186132161,0.1769049558613847,-0.29027204537667367,인제군
2015-10-01,0.14033456773922737,0.10661322871934438,0.17044802259259198,-0.2917721046213056,인제군
2016-01-01,0.14057525692448236,0.10803217990131364,0.174324742138838,-0.2932721638659375,인제군
2016-04-01,0.13161589543885727,0.09833155272158454,0.1653431762934865,-0.294755918116905,인제군
2016-07-01,0.12793575682675007,0.09627606120362515,0.16138975535929745,-0.29623967236787246,인제군
2016-10-01,0.1330710340163211,0.09973332457876914,0.16399459544422249,-0.2977397316128148,인제군
2017-01-01,0.13629928165209532,0.10368514483746882,0.16835583658765252,-0.29923979085775715,인제군
2017-04-01,0.13118142183128917,0.09837570285216868,0.16424737145908105,-0.3007072401171084,인제군
2017-07-01,0.1254059891997772,0.09260012844395278,0.15958541636115076,-0.30219099436823016,인제군
2017-10-01,0.12836824585113188,0.09594892303958,0.16215131872385843,-0.3036910536125158,인제군
2018-01-01,0.1302832159347409,0.09749395398994605,0.16202127517664092,-0.30519111285680145,인제군
2018-04-01,0.12880261545072336,0.09579471254100547,0.16275434434573102,-0.30665856211540676,인제군
2018-07-01,0.1222164630339223,0.08831901636283092,0.15715437529096205,-0.30814231636577427,인제군
2018-10-01,0.12284980500604176,0.08906966552346593,0.15948658312363365,-0.30964237560720514,인제군
2019-01-01,0.12376482275294054,0.09052077515622016,0.15776661554109775,-0.311142434848636,인제군
2019-04-01,0.1244767987322955,0.09038279812717202,0.15999180109820565,-0.31260988410625395,인제군
2019-07-01,0.11835733211677424,0.08531717361777706,0.1520321641271487,-0.3140936383556232,인제군
2019-10-01,0.11651297767470403,0.07827165469954199,0.15021122355129615,-0.3155936946858505,인제군
2020-01-01,0.11675366977423862,0.08158700285361628,0.150225671412693,-0.3170937510160778,인제군
2020-04-01,0.10779431116955002,0.07380464433311035,0.14138735989742,-0.3185775023861939,인제군
2020-07-01,0.10411417544154233,0.0702007503763845,0.13691118868619115,-0.3200612537532144,인제군
2020-10-01,0.10924945554884247,0.07661990324238911,0.14279844057009516,-0.3215613100803121,인제군
2021-01-01,0.11247770610496383,0.0784789042900572,0.14524561661574542,-0.3230613664049034,인제군
2021-04-01,0.10735984913899244,0.07251250060967838,0.14081497832855633,-0.324528812809395,인제군
2021-07-01,0.10158454115056326,0.0694299600790612,0.1330991107941188,-0.32601244241726374,인제군
2021-10-01,0.1045469238164185,0.07229819463970198,0.13854980423745575,-0.327512375647197,인제군
2022-01-01,0.10646201991449866,0.06931942454883243,0.1394510968922556,-0.3290123088770074,인제군
2022-04-01,0.10498154270342064,0.07238965404443456,0.1391591592244783,-0.33047963486269155,인제군
2022-07-01,0.09839551492756704,0.06534573823490439,0.13163244306740154,-0.33196326447207564,인제군
2022-10-01,0.09902898290972428,0.06557629607104962,0.13159311962434075,-0.333463197703541,인제군
2023-01-01,0.09994412666675584,0.06692650769752927,0.13481440242100934,-0.3349631309350063,인제군
2023-04-01,0.1006562259162202,0.06754710181545222,0.1334163308651041,-0.3364304569223092,인제군
2023-07-01,0.09453688394076953,0.06103749002839128,0.12782641133635914,-0.3379140865316934,인제군
2023-10-01,0.09269265259736437,0.05692515801724717,0.12526659003224727,-0.33941401976315866,인제군
2024-01-01,0.09293346779564948,0.06056139653312661,0.12393490536879448,-0.34091395299462396,인제군
2024-04-01,0.08397423095174,0.05319961809378721,0.11591917619248536,-0.3423975826040081,인제군
2024-07-01,0.08029421698118311,0.04613486605327671,0.11126056912049637,-0.34388121221339224,인제군
2024-10-01,0.08542962018429212,0.05220768971771104,0.11678090144022495,-0.34538114544485754,인제군
2025-01-01,0.0886579938335782,0.055356011847808535,0.12374196505831457,-0.3468810786763228,인제군
2025-04-01,0.08354025728476655,0.050195528929524814,0.11852861648669419,-0.3483484046636258,인제군
2025-07-01,0.07776494929494954,0.04286118900222993,0.11140957686715236,-0.3498320342730099,인제군
2025-10-01,0.08072733195918508,0.04623642022387377,0.11533907155197701,-0.3513319675044752,인제군
2026-01-01,0.0826424280557505,0.04990670857147652,0.11792267965150979,-0.3528319007359405,인제군
2026-04-01,0.08116195084286609,0.04814496519649492,0.1129994662891739,-0.3542992267232435,인제군
2026-07-01,0.0745759230671974,0.042847510339131346,0.10875570152917628,-0.3557828563326277,인제군
2026-10-01,0.07520939104916552,0.043767358537754084,0.11067845220492117,-0.35728278956409293,인제군
2027-01-01,0.0761245348060276,0.042776965878290336,0.10775496821767555,-0.3587827227955582,인제군
2027-04-01,0.0768366340556828,0.04293211356432201,0.10984214809769158,-0.3602500487828612,인제군
2027-07-01,0.07071729208013167,0.03774223946976318,0.10543825944000969,-0.36173367839224535,인제군
2027-10-01,0.06887306073683086,0.035410694714864716,0.10104505841119575,-0.3632336116237106,인제군
2028-01-01,0.06911387593519591,0.0344797847513814,0.10591574764681534,-0.3647335448551759,인제군
2028-04-01,0.06015463909120944,0.02500117429663294,0.09379478034588491,-0.3662171744645601,인제군
2028-07-01,0.056474625120706945,0.024102510963172254,0.08883710234760563,-0.3677008040739442,인제군
2028-10-01,0.061610028323687505,0.027287030274064025,0.09443679572984187,-0.3692007373054095,인제군
2009-01-01,0.08056958314913776,0.06505521354550467,0.09583216264044982,-0.08806442381054438,고성군
2009-04-01,0.07639307960600555,0.061765493863955065,0.09228504557138223,-0.08931402631243196,고성군
2009-07-01,0.07873611021441572,0.06328497663743372,0.09416763408838641,-0.09057751328656273,고성군
2009-10-01,0.07790632666242073,0.06321909722798416,0.09363494705026189,-0.09185488473181574,고성군
2010-01-01,0.07587445879189654,0.061657094695215194,0.09175955842367789,-0.09313225617706876,고성군
2010-04-01,0.07057250017206139,0.05606737399046612,0.08629857735072607,-0.09438185867871231,고성군
2010-07-01,0.0720758029854157,0.05679990760793839,0.08755268388369968,-0.09564534565259632,고성군
2010-10-01,0.07136983753771058,0.05466011231752786,0.08649505631153168,-0.0969227170990327,고성군
2011-01-01,0.0705708340063586,0.054337440516429095,0.08695819454426068,-0.09820008854546909,고성군
2011-04-01,0.0647092770268925,0.04964582969840815,0.08090033129243478,-0.09944969104642032,고성군
2011-07-01,0.06490798172283717,0.04984479358591839,0.07951244665325097,-0.10071317801960435,고성군
2011-10-01,0.06457726480434513,0.04833602769146783,0.08119750088675262,-0.10199054946502116,고성군
2012-01-01,0.06465714891053852,0.049064441770049275,0.07931686947400239,-0.10326792091004332,고성군
2012-04-01,0.06188604698923633,0.04629285422891393,0.07813279499394357,-0.10453140788283702,고성군
2012-07-01,0.06460003801092656,0.049235207977414354,0.08029282087724968,-0.10579489485458554,고성군
2012-10-01,0.06389957290072192,0.047869623355364335,0.07925385050374677,-0.10707226629855106,고성군
2013-01-01,0.06028436921699899,0.04445714374573231,0.0766350393671331,-0.10834963774270871,고성군
2013-04-01,0.0561078656760164,0.039621889150671,0.07157904770910441,-0.10959924024242816,고성군
2013-07-01,0.05845090083478527,0.04357128310645964,0.07385780614435496,-0.11086272266621325,고성군
2013-10-01,0.05762112188199861,0.042900830325410345,0.0732971257296695,-0.11214008951223772,고성군
2014-01-01,0.055589259314908435,0.03901339080019632,0.07122008890376666,-0.11341745565407771,고성군
2014-04-01,0.05028730588403754,0.034514926014656964,0.06673192767862328,-0.11466705296674726,고성군
2014-07-01,0.051790654165939615,0.036234420966952105,0.0666251368871057,-0.11593049447202086,고성군
2014-10-01,0.051084734686874675,0.035304018648156583,0.06657134585654843,-0.11720781994987987,고성군
2015-01-01,0.0502858091885548,0.0348959473587144,0.06503354849237915,-0.11848511336326806,고성군
2015-04-01,0.04442432854475799,0.029544429761095253,0.05924991170780741,-0.11973463952853909,고성군
2015-07-01,0.04462337904662035,0.02871561066702723,0.06091945112259177,-0.12099778069581389,고성군
2015-10-01,0.04429301173413133,0.028256773217749293,0.058321002222484535,-0.12227480253525655,고성군
2016-01-01,0.04437324544587863,0.02946185204230261,0.061643036154924495,-0.12355182437469923,고성군
2016-04-01,0.04160365867996406,0.026218291541816357,0.057378987983541956,-0.12481379619210424,고성군
2016-07-01,0.04431916485600601,0.028519061968052623,0.06067623685022109,-0.1260757680095093,고성군
2016-10-01,0.044730091191924004,0.02883518840447605,0.059799746037717844,-0.12624174800734855,고성군
2017-01-01,0.04222627895451486,0.02729583421889344,0.057975918306789664,-0.1264077280051878,고성군
2017-04-01,0.03913776281556938,0.022428254995364653,0.05379468951274075,-0.1265693431028601,고성군
2017-07-01,0.042580869577162395,0.026789218253991973,0.05846556909498007,-0.1267327539238399,고성군
2017-10-01,0.04286448699662973,0.026526881866182166,0.05812639131870075,-0.1268967243976008,고성군
2018-01-01,0.04194602009762008,0.027284449088980662,0.057366794048664176,-0.1270606948713617,고성군
2018-04-01,0.03773390369732352,0.023285646468087708,0.05210757432255951,-0.12722045515347116,고성군
2018-07-01,0.04033915808813651,0.02506612893021722,0.057177569128334035,-0.12738199054982624,고성군
2018-10-01,0.04074828843411574,0.024440865252963306,0.05679460210992416,-0.12754426620262221,고성군
2019-01-01,0.041064380696436864,0.025329728237236795,0.05624022656397239,-0.1277065418554182,고성군
2019-04-01,0.03629434175763277,0.020662687896836562,0.05236674603648715,-0.12786462631568707,고성군
2019-07-01,0.03759669247247671,0.022990087617990176,0.053618804786273545,-0.1280244672699589,고성군
2019-10-01,0.0383824890671523,0.023345554007191596,0.05352731602298984,-0.12818532520221332,고성군
2020-01-01,0.039578886686119696,0.02375124554670286,0.05559457845034659,-0.12834618313446772,고성군
2020-04-01,0.03791216226113708,0.022344393954835843,0.05317425715918265,-0.12850529261093677,고성군
2020-07-01,0.041730557749038305,0.026132792777221688,0.05695169098914692,-0.1286643751164336,고성군
2020-10-01,0.04214663341793479,0.026992462459540213,0.05703368965516805,-0.1288252057813315,고성군
2021-01-01,0.039648254570893354,0.023384401856401935,0.05625829301775208,-0.12898575238879678,고성군
2021-04-01,0.03656429706581049,0.021612116636652703,0.05119507781917925,-0.12914280885262153,고성군
2021-07-01,0.04001203078915597,0.023918672181783437,0.055151915304548986,-0.12930159271189332,고성군
2021-10-01,0.04029908994550116,0.024346219380461016,0.056022983583994955,-0.1294621214487395,고성군
2022-01-01,0.03938406485331508,0.025202513575236115,0.05534384274213842,-0.12962265011567625,고성군
2022-04-01,0.03517466982182643,0.019599773103912577,0.05143447204912265,-0.12977968902898399,고성군
2022-07-01,0.03778267581887623,0.022468893482952574,0.05402386459994806,-0.12993847281911422,고성군
2022-10-01,0.03819355315068937,0.022653100947021474,0.05360440646166664,-0.13009900148605907,고성군
2023-01-01,0.03851139239880583,0.024413907673654294,0.054159754742801915,-0.13025953015300393,고성군
2023-04-01,0.03374239900698264,0.018474763977398997,0.04878305252444155,-0.13041656906631957,고성군
2023-07-01,0.035045806885968006,0.018289121127932743,0.05163640423624679,-0.1305753528564498,고성군
2023-10-01,0.035831932745990364,0.019909193593727458,0.05126934898387693,-0.13073588152339466,고성군
2024-01-01,0.037028659630264554,0.021504142535188276,0.052377865293178325,-0.1308964101903395,고성군
2024-04-01,0.035362260891605324,0.02010006145857277,0.05123348227034529,-0.13105519398046975,고성군
2024-07-01,0.03918095509491465,0.022391108021398886,0.054510417050357036,-0.13121397777059998,고성군
2024-10-01,0.03959733276173688,0.025086835001819744,0.05633511406350446,-0.13137450643754486,고성군
2025-01-01,0.03709897185521399,0.02223376721369118,0.05325427639699747,-0.13153503510448972,고성군
2025-04-01,0.03401503190061775,0.017708689605572245,0.050601059822068264,-0.13169207401780533,고성군
2025-07-01,0.037462765693066113,0.021034797620787037,0.052635517266586926,-0.13185085780793557,고성군
2025-10-01,0.03774982491935455,0.021987106204531336,0.054635246934060695,-0.13201138647488045,고성군
2026-01-01,0.03683479982712204,0.021994020876977983,0.0524211673009487,-0.1321719151418253,고성군
2026-04-01,0.03262540479565948,0.016708833815897724,0.04903705444696283,-0.13232895405514092,고성군
2026-07-01,0.03523341079269776,0.018660903231667213,0.05052145069232558,-0.13248773784527115,고성군
2026-10-01,0.035644288124521334,0.0212612802838002,0.051317643569219695,-0.132648266512216,고성군
2027-01-01,0.035962127372678815,0.0205019986954052,0.050819129428893245,-0.13280879517916086,고성군
2027-04-01,0.031193133980833787,0.015652714726295248,0.04582728205523047,-0.13296583409247648,고성군
2027-07-01,0.0324965418598111,0.017063099302991467,0.04873416219074833,-0.1331246178826067,고성군
2027-10-01,0.03328266771984173,0.018882205113746296,0.04914519633156941,-0.13328514654955156,고성군
2028-01-01,0.03447939460408944,0.020023318793989026,0.050163382011958975,-0.13344567521649642,고성군
2028-04-01,0.032812995865435096,0.01711408151637905,0.048092459152263935,-0.13360445900662668,고성군
2028-07-01,0.03663169006874706,0.02153358108544735,0.05257514399560477,-0.13376324279675691,고성군
2028-10-01,0.03704806773558825,0.021244978167761205,0.05279950927925742,-0.13392377146370177,고성군
2009-01-01,0.07973561468508737,0.044570479532088716,0.1112315049559254,0.009282854216877651,양양군
2009-04-01,0.08459085345478212,0.05141526114539918,0.11963795345318572,0.008639463995950879,양양군
2009-07-01,0.08464338148867304,0.05245087894745518,0.11810175916590515,0.007988924994791589,양양군
2009-10-01,0.08469599989819575,0.04960795973602645,0.1156288145640973,0.007331237212508057,양양군
2010-01-01,0.08089620995503641,0.04514463770813088,0.11282998455248616,0.0066735494302245235,양양군
2010-04-01,0.08242624397815282,0.04854555322750408,0.11267989487411319,0.0060301592095674105,양양군
2010-07-01,0.0824851512492654,0.04883595635117126,0.11582703594967801,0.005379620208680775,양양군
2010-10-01,0.0824967088665081,0.04713653568023019,0.11485145581625328,0.004721932427327971,양양군
2011-01-01,0.08188409562921252,0.04825672090933613,0.11499665173628026,0.004064244645975166,양양군
2011-04-01,0.08028112620667814,0.04605389210570258,0.11396871105357928,0.003420854426922881,양양군
2011-07-01,0.08025119820726481,0.04338985808103653,0.11459652858220697,0.0027703154276589024,양양군
2011-10-01,0.08029865407820322,0.04630628874745608,0.11375214660183094,0.002112627648183232,양양군
2012-01-01,0.08269511687201883,0.0497042274043353,0.11722121636869472,0.0014549398697317145,양양군
2012-04-01,0.07633156321188524,0.04195052354439946,0.10838490572175595,0.0008044008714807559,양양군
2012-07-01,0.07628205891477467,0.03953640077190845,0.10811994653523224,0.00015386187236184526,양양군
2012-10-01,0.07645159608652416,0.03777939202099647,0.1110686127015409,-0.000503825906967164,양양군
2013-01-01,0.06929124678225702,0.03555079892278085,0.10464741725178155,-0.0011615136859762286,양양군
2013-04-01,0.07414648555425397,0.03934467722864835,0.10632108934736881,-0.0018049039045720538,양양군
2013-07-01,0.07419901300407511,0.04234052533068403,0.10724740494725306,-0.0024554434898116217,양양군
2013-10-01,0.07425163082397464,0.038496436159106674,0.1102769107521362,-0.003113131861702175,양양군
2014-01-01,0.07045183993151202,0.03588435812210197,0.10461380501157765,-0.003770820593322191,양양군
2014-04-01,0.07198187302479511,0.03733633133483874,0.10845718102254986,-0.0044142117438200285,양양군
2014-07-01,0.07204077464677376,0.037476146590968366,0.10544653899867153,-0.0050647563938110126,양양군
2014-10-01,0.07205232655306712,0.037660805753329536,0.1090034083313402,-0.005722449886109586,양양군
2015-01-01,0.07143949123947095,0.039131074075849405,0.1072783998824917,-0.006380359743748893,양양군
2015-04-01,0.06983630456656974,0.03853390343965523,0.1041686731548754,-0.00702396721317865,양양군
2015-07-01,0.06980543211651564,0.034388403560302185,0.10378118464101527,-0.007675450663095832,양양군
2015-10-01,0.06985193315821536,0.03555308528153743,0.10424688947447142,-0.008334093271803312,양양군
2016-01-01,0.07224744112178176,0.03972288189208166,0.10770540337265616,-0.008992735880510793,양양군
2016-04-01,0.06588265498789647,0.03202603846008012,0.10034832508379783,-0.009644507352512946,양양군
2016-07-01,0.06583191821789801,0.03141361298388791,0.10046305625392143,-0.010296278824515101,양양군
2016-10-01,0.065999913098691,0.03054217009168653,0.09980552818812366,-0.010955508894786728,양양군
2017-01-01,0.058838021503152114,0.024031221151379602,0.09425495763380098,-0.011614738965058359,양양군
2017-04-01,0.06369092361698045,0.029726329608026472,0.09533876694624402,-0.012260465841837312,양양군
2017-07-01,0.06374108903218567,0.03258782600173261,0.09920598718269269,-0.01291336746169158,양양군
2017-10-01,0.06379098192105037,0.0308829062001375,0.0998144594536381,-0.013573780764633466,양양군
2018-01-01,0.05998846645723455,0.02831460173186181,0.09137904884860251,-0.014234194067575345,양양군
2018-04-01,0.0615158327812111,0.027174598981149062,0.09804977522688398,-0.014880251987385313,양양군
2018-07-01,0.061572042712065074,0.027434220685923574,0.09569261225568364,-0.015533488328526503,양양군
2018-10-01,0.06158087226269724,0.02914874302849981,0.09254902626188792,-0.016193904176479736,양양군
2019-01-01,0.06096553095880432,0.028821176797919172,0.09820870028369101,-0.016854320024432972,양양군
2019-04-01,0.05935988941467789,0.025958118444506864,0.09742338310152716,-0.017500382365071173,양양군
2019-07-01,0.059327259603446675,0.022185560690650648,0.09326730827907968,-0.018153623176160927,양양군
2019-10-01,0.05937198397347287,0.026302990643386256,0.0955737556247305,-0.01881404245654176,양양군
2020-01-01,0.06176571526536902,0.026959646947236963,0.0942837376208226,-0.01947446173692259,양양군
2020-04-01,0.05539945979356897,0.02126451054092463,0.0908649069405171,-0.020127702546864506,양양군
2020-07-01,0.05534725368657438,0.020777587487670297,0.09094835839549921,-0.020780943355848278,양양군
2020-10-01,0.055514059358221554,0.02090483099278965,0.08934327956785036,-0.02144136263526045,양양군
2021-01-01,0.04835097855446037,0.01721468007736018,0.08064263615946304,-0.0221017819137509,양양군
2021-04-01,0.053203545207407485,0.017594906488059472,0.08916274807061056,-0.022747844251404595,양양군
2021-07-01,0.05325337143145625,0.019288263618863474,0.08727697035682969,-0.0234010850624171,양양군
2021-10-01,0.053303258341802245,0.01857260835412311,0.08821559761461821,-0.024061504343880293,양양군
2022-01-01,0.049500736897222834,0.015028051328092361,0.08353562385898833,-0.02472192362761596,양양군
2022-04-01,0.05102809879820057,0.016703557867199396,0.08406365765396627,-0.025367985970400853,양양군
2022-07-01,0.051084304257333665,0.016073032349717496,0.08368435371387407,-0.026021226783251698,양양군
2022-10-01,0.05109313037258862,0.01698512956915283,0.08424128659315351,-0.026681646066573438,양양군
2023-01-01,0.05047778563336132,0.019279304896029106,0.08475599499005967,-0.027342065349895167,양양군
2023-04-01,0.04887214408748464,0.015717615799453598,0.08423319585443635,-0.027988127692275128,양양군
2023-07-01,0.04883951427448541,0.012719798341715929,0.08063613337299891,-0.028641368505125973,양양군
2023-10-01,0.048884238641579786,0.013882818272815135,0.07962703571991185,-0.029301787788447706,양양군
2024-01-01,0.051277969930494105,0.01606292772036465,0.08518864272917598,-0.029962207071769442,양양군
2024-04-01,0.04491171445580151,0.011088072136879493,0.07966865614385286,-0.030615447884620287,양양군
2024-07-01,0.04485950834494679,0.010469841046944704,0.07656133126213614,-0.03126868869747113,양양군
2024-10-01,0.04502631401269735,0.010063075846466336,0.0788150041345262,-0.03192910798079287,양양군
2025-01-01,0.03786323320408857,0.00563809260973778,0.0752419481953904,-0.032589527264114605,양양군
2025-04-01,0.04271579985232349,0.007380884226538145,0.0758098590126654,-0.03323558960649456,양양군
2025-07-01,0.04276562607453639,0.008015097959281629,0.07537031646254705,-0.0338888304193454,양양군
2025-10-01,0.042815512983022094,0.0076125938366856955,0.07410108465851244,-0.03454924970266714,양양군
2026-01-01,0.03901299153881897,0.0069213417063125815,0.07136462587710768,-0.03520966898598887,양양군
2026-04-01,0.04054035344023904,0.005042052560491307,0.07108852719220837,-0.035855731328368834,양양군
2026-07-01,0.04059655889936002,0.009378617884387052,0.07817633807324939,-0.036508972141219675,양양군
2026-10-01,0.04060538501463372,0.007887746579140589,0.07532867447722248,-0.03716939142454141,양양군
2027-01-01,0.0399900402753794,0.009035618283367252,0.07542411050434028,-0.03782981070786314,양양군
2027-04-01,0.038384398729502826,0.0046120684327476125,0.07445217137854519,-0.0384758730502431,양양군
2027-07-01,0.03835176891652387,0.0036316159218348796,0.0719251880063632,-0.039129113863093944,양양군
2027-10-01,0.03839649328359889,0.004068999701237861,0.07379421546892179,-0.03978953314641568,양양군
2028-01-01,0.04079022457254552,0.006119539763005733,0.0732667856489231,-0.04044995242973742,양양군
2028-04-01,0.03442396909783178,0.0015094474975072916,0.0693698547746228,-0.041103193242588265,양양군
2028-07-01,0.034371762986980664,-0.00030426406541416714,0.06868082964776613,-0.04175643405543911,양양군
2028-10-01,0.034538568654730914,-0.0004083034271399945,0.06941525137668406,-0.04241685333876084,양양군
